Profile,seed,random_fold
560,20260725,0
2743,20260725,0
2862,20260725,0
1655,20260725,0
1593,20260725,0
4845,20260725,0
2237,20260725,0
1669,20260725,0
528,20260725,0
2839,20260725,0
246,20260725,0
5832,20260725,0
3207,20260725,0
3445,20260725,0
125,20260725,0
4810,20260725,0
2393,20260725,0
3076,20260725,0
830,20260725,0
4468,20260725,0
2189,20260725,0
4177,20260725,0
5538,20260725,0
1468,20260725,0
5613,20260725,0
5305,20260725,0
2250,20260725,0
3850,20260725,0
3456,20260725,0
1849,20260725,0
166,20260725,0
592,20260725,0
1171,20260725,0
21,20260725,0
2136,20260725,0
1509,20260725,0
5054,20260725,0
2050,20260725,0
3623,20260725,0
4329,20260725,0
2749,20260725,0
4690,20260725,0
2484,20260725,0
65,20260725,0
4365,20260725,0
5578,20260725,0
3708,20260725,0
5142,20260725,0
1399,20260725,0
5667,20260725,0
5721,20260725,0
2552,20260725,0
3911,20260725,0
962,20260725,0
3722,20260725,0
5034,20260725,0
1634,20260725,0
1490,20260725,0
2991,20260725,0
758,20260725,0
817,20260725,0
2528,20260725,0
435,20260725,0
3133,20260725,0
3995,20260725,0
3922,20260725,0
5251,20260725,0
3075,20260725,0
510,20260725,0
2648,20260725,0
3285,20260725,0
5294,20260725,0
3348,20260725,0
193,20260725,0
2925,20260725,0
1482,20260725,0
4747,20260725,0
4440,20260725,0
2505,20260725,0
1189,20260725,0
911,20260725,0
2413,20260725,0
5486,20260725,0
105,20260725,0
2207,20260725,0
1647,20260725,0
5368,20260725,0
750,20260725,0
766,20260725,0
443,20260725,0
5090,20260725,0
1555,20260725,0
1736,20260725,0
4004,20260725,0
3221,20260725,0
229,20260725,0
3646,20260725,0
1513,20260725,0
5220,20260725,0
3587,20260725,0
1404,20260725,0
3501,20260725,0
2405,20260725,0
3565,20260725,0
3756,20260725,0
5357,20260725,0
1618,20260725,0
3178,20260725,0
2095,20260725,0
3117,20260725,0
4556,20260725,0
5610,20260725,0
3291,20260725,0
3328,20260725,0
1354,20260725,0
5698,20260725,0
5032,20260725,0
2913,20260725,0
5766,20260725,0
3375,20260725,0
1813,20260725,0
575,20260725,0
4063,20260725,0
2345,20260725,0
2362,20260725,0
4980,20260725,0
1165,20260725,0
3038,20260725,0
5559,20260725,0
3666,20260725,0
2108,20260725,0
5519,20260725,0
395,20260725,0
4305,20260725,0
609,20260725,0
143,20260725,0
4557,20260725,0
5375,20260725,0
673,20260725,0
714,20260725,0
1732,20260725,0
4572,20260725,0
5759,20260725,0
4356,20260725,0
1053,20260725,0
5104,20260725,0
1950,20260725,0
3710,20260725,0
3157,20260725,0
3423,20260725,0
3543,20260725,0
839,20260725,0
2483,20260725,0
1467,20260725,0
4221,20260725,0
1863,20260725,0
449,20260725,0
4270,20260725,0
3931,20260725,0
2803,20260725,0
5210,20260725,0
3446,20260725,0
5308,20260725,0
3599,20260725,0
400,20260725,0
4153,20260725,0
1695,20260725,0
5283,20260725,0
4006,20260725,0
4378,20260725,0
2608,20260725,0
2651,20260725,0
4249,20260725,0
1438,20260725,0
3962,20260725,0
4940,20260725,0
1275,20260725,0
4675,20260725,0
5416,20260725,0
2400,20260725,0
439,20260725,0
5383,20260725,0
2078,20260725,0
4102,20260725,0
5674,20260725,0
2306,20260725,0
3653,20260725,0
507,20260725,0
4998,20260725,0
2688,20260725,0
4518,20260725,0
512,20260725,0
359,20260725,0
2970,20260725,0
4227,20260725,0
3761,20260725,0
4393,20260725,0
1730,20260725,0
2662,20260725,0
977,20260725,0
3634,20260725,0
4243,20260725,0
2640,20260725,0
1663,20260725,0
3690,20260725,0
1027,20260725,0
2716,20260725,0
1040,20260725,0
4635,20260725,0
2520,20260725,0
1504,20260725,0
2369,20260725,0
732,20260725,0
3200,20260725,0
3429,20260725,0
527,20260725,0
648,20260725,0
93,20260725,0
624,20260725,0
824,20260725,0
4049,20260725,0
4874,20260725,0
4761,20260725,0
5605,20260725,0
4977,20260725,0
2247,20260725,0
918,20260725,0
197,20260725,0
5085,20260725,0
2124,20260725,0
4606,20260725,0
4119,20260725,0
1855,20260725,0
5762,20260725,0
5837,20260725,0
1300,20260725,0
1927,20260725,0
2894,20260725,0
2630,20260725,0
5543,20260725,0
4812,20260725,0
378,20260725,0
2577,20260725,0
590,20260725,0
2178,20260725,0
5091,20260725,0
5429,20260725,0
5839,20260725,0
3988,20260725,0
837,20260725,0
4615,20260725,0
1103,20260725,0
2930,20260725,0
2365,20260725,0
869,20260725,0
5646,20260725,0
3763,20260725,0
5504,20260725,0
3852,20260725,0
3863,20260725,0
1557,20260725,0
4590,20260725,0
913,20260725,0
4058,20260725,0
324,20260725,0
149,20260725,0
3788,20260725,0
4059,20260725,0
6,20260725,0
3009,20260725,0
3449,20260725,0
1431,20260725,0
4844,20260725,0
4161,20260725,0
4841,20260725,0
4142,20260725,0
2109,20260725,0
5213,20260725,0
1072,20260725,0
3340,20260725,0
187,20260725,0
5704,20260725,0
1770,20260725,0
4659,20260725,0
4471,20260725,0
3313,20260725,0
365,20260725,0
5866,20260725,0
4732,20260725,0
3205,20260725,0
4750,20260725,0
1694,20260725,0
2047,20260725,0
2281,20260725,0
4103,20260725,0
2622,20260725,0
4929,20260725,0
4308,20260725,0
2276,20260725,0
5008,20260725,0
3859,20260725,0
3046,20260725,0
4171,20260725,0
4067,20260725,0
2616,20260725,0
4547,20260725,0
2628,20260725,0
511,20260725,0
3478,20260725,0
4008,20260725,0
4170,20260725,0
1982,20260725,0
2163,20260725,0
2284,20260725,0
1003,20260725,0
5081,20260725,0
1901,20260725,0
1544,20260725,0
45,20260725,0
2154,20260725,0
5845,20260725,0
4826,20260725,0
1869,20260725,0
4381,20260725,0
1045,20260725,0
1769,20260725,0
2545,20260725,0
3279,20260725,0
3899,20260725,0
1173,20260725,0
2531,20260725,0
2904,20260725,0
5322,20260725,0
3480,20260725,0
5548,20260725,0
5037,20260725,0
2034,20260725,0
5662,20260725,0
4202,20260725,0
4668,20260725,0
2686,20260725,0
4544,20260725,0
568,20260725,0
1212,20260725,0
4529,20260725,0
5479,20260725,0
72,20260725,0
1443,20260725,0
444,20260725,0
5512,20260725,0
3769,20260725,0
4108,20260725,0
3730,20260725,0
1851,20260725,0
4725,20260725,0
2256,20260725,0
1320,20260725,0
2089,20260725,0
5348,20260725,0
5215,20260725,0
5464,20260725,0
3385,20260725,0
5381,20260725,0
1916,20260725,0
3332,20260725,0
1497,20260725,0
2308,20260725,0
3219,20260725,0
4032,20260725,0
5676,20260725,0
3752,20260725,0
4090,20260725,0
2933,20260725,0
5507,20260725,0
3881,20260725,0
4905,20260725,0
4832,20260725,0
3100,20260725,0
5716,20260725,0
5859,20260725,0
4751,20260725,0
5306,20260725,0
3932,20260725,0
4193,20260725,0
4330,20260725,0
1503,20260725,0
5132,20260725,0
2701,20260725,0
2549,20260725,0
2788,20260725,0
1005,20260725,0
3288,20260725,0
2443,20260725,0
3735,20260725,0
3190,20260725,0
1294,20260725,0
4899,20260725,0
401,20260725,0
113,20260725,0
4780,20260725,0
5226,20260725,0
3357,20260725,0
1700,20260725,0
5466,20260725,0
219,20260725,0
383,20260725,0
3142,20260725,0
5824,20260725,0
28,20260725,0
1008,20260725,0
1913,20260725,0
2340,20260725,0
5873,20260725,0
4148,20260725,0
5496,20260725,0
3141,20260725,0
857,20260725,0
5016,20260725,0
3697,20260725,0
2939,20260725,0
4617,20260725,0
487,20260725,0
5848,20260725,0
1679,20260725,0
2084,20260725,0
526,20260725,0
4539,20260725,0
3994,20260725,0
3930,20260725,0
1818,20260725,0
3797,20260725,0
930,20260725,0
1661,20260725,0
1613,20260725,0
850,20260725,0
5658,20260725,0
3377,20260725,0
3163,20260725,0
1047,20260725,0
3139,20260725,0
3701,20260725,0
2355,20260725,0
491,20260725,0
3422,20260725,0
1893,20260725,0
4075,20260725,0
4674,20260725,0
77,20260725,0
4593,20260725,0
2056,20260725,0
2983,20260725,0
722,20260725,0
4095,20260725,0
4719,20260725,0
3374,20260725,0
2912,20260725,0
5441,20260725,0
2200,20260725,0
530,20260725,0
4692,20260725,0
3971,20260725,0
1920,20260725,0
5361,20260725,0
1763,20260725,0
412,20260725,0
506,20260725,0
1038,20260725,0
5525,20260725,0
3273,20260725,0
5100,20260725,0
3344,20260725,0
5302,20260725,0
1812,20260725,0
939,20260725,0
1405,20260725,0
3438,20260725,0
2052,20260725,0
1934,20260725,0
3578,20260725,0
3555,20260725,0
3232,20260725,0
4601,20260725,0
100,20260725,0
1296,20260725,0
1761,20260725,0
234,20260725,0
5103,20260725,0
1840,20260725,0
2825,20260725,0
5244,20260725,0
5109,20260725,0
2719,20260725,0
2846,20260725,0
1432,20260725,0
1619,20260725,0
431,20260725,0
4394,20260725,0
1135,20260725,0
3764,20260725,0
5227,20260725,0
5080,20260725,0
1771,20260725,0
124,20260725,0
5141,20260725,0
5499,20260725,0
1068,20260725,0
5804,20260725,0
3069,20260725,0
2844,20260725,0
2471,20260725,0
1169,20260725,0
5262,20260725,0
2677,20260725,0
1492,20260725,0
5050,20260725,0
2142,20260725,0
2450,20260725,0
2527,20260725,0
2975,20260725,0
4134,20260725,0
3766,20260725,0
875,20260725,0
5505,20260725,0
222,20260725,0
5586,20260725,0
4470,20260725,0
5393,20260725,0
5816,20260725,0
730,20260725,0
1702,20260725,0
2524,20260725,0
1942,20260725,0
316,20260725,0
3496,20260725,0
3392,20260725,0
4896,20260725,0
1582,20260725,0
2038,20260725,0
1079,20260725,0
3497,20260725,0
2297,20260725,0
5754,20260725,0
180,20260725,0
2452,20260725,0
5574,20260725,0
126,20260725,0
4971,20260725,0
4515,20260725,0
4438,20260725,0
1257,20260725,0
1046,20260725,0
290,20260725,0
986,20260725,0
1559,20260725,0
1792,20260725,0
394,20260725,0
5773,20260725,0
482,20260725,0
1866,20260725,0
2475,20260725,0
251,20260725,0
5601,20260725,0
1187,20260725,0
4194,20260725,0
5854,20260725,0
5595,20260725,0
4987,20260725,0
4909,20260725,0
3685,20260725,0
2649,20260725,0
601,20260725,0
5297,20260725,0
1498,20260725,0
1177,20260725,0
1801,20260725,0
5623,20260725,0
2987,20260725,0
1493,20260725,0
1190,20260725,0
549,20260725,0
4123,20260725,0
3776,20260725,0
1707,20260725,0
4405,20260725,0
686,20260725,0
3897,20260725,0
5316,20260725,0
1126,20260725,0
2695,20260725,0
415,20260725,0
2843,20260725,0
3901,20260725,0
92,20260725,0
551,20260725,0
4697,20260725,0
4269,20260725,0
1712,20260725,0
4769,20260725,0
3180,20260725,0
4336,20260725,0
720,20260725,0
283,20260725,0
1870,20260725,0
2934,20260725,0
4714,20260725,0
1172,20260725,0
5138,20260725,0
5108,20260725,0
3317,20260725,0
1782,20260725,0
3864,20260725,0
3650,20260725,0
4184,20260725,0
4636,20260725,0
1929,20260725,0
1479,20260725,0
1170,20260725,0
1993,20260725,0
5165,20260725,0
1684,20260725,0
1368,20260725,0
3959,20260725,0
2188,20260725,0
3968,20260725,0
3792,20260725,0
4054,20260725,0
5007,20260725,0
130,20260725,0
4744,20260725,0
4982,20260725,0
1882,20260725,0
5401,20260725,0
4037,20260725,0
1847,20260725,0
4821,20260725,0
3834,20260725,0
3605,20260725,0
2757,20260725,0
463,20260725,0
4066,20260725,0
2759,20260725,0
3964,20260725,0
3244,20260725,0
3165,20260725,0
3893,20260725,0
4912,20260725,0
854,20260725,0
5239,20260725,0
4689,20260725,0
5206,20260725,0
3028,20260725,0
3347,20260725,0
1423,20260725,0
1080,20260725,0
2451,20260725,0
1552,20260725,0
3843,20260725,0
5261,20260725,0
2594,20260725,0
4798,20260725,0
4676,20260725,0
5853,20260725,0
4358,20260725,0
4705,20260725,0
1063,20260725,0
4575,20260725,0
3500,20260725,0
4650,20260725,0
5279,20260725,0
2717,20260725,0
1113,20260725,0
1036,20260725,0
4042,20260725,0
3329,20260725,0
4190,20260725,0
2510,20260725,0
950,20260725,0
3562,20260725,0
430,20260725,0
4081,20260725,0
5784,20260725,0
5689,20260725,0
3528,20260725,0
2539,20260725,0
75,20260725,0
3588,20260725,0
3627,20260725,0
3202,20260725,0
5205,20260725,0
1273,20260725,0
2891,20260725,0
2007,20260725,0
1448,20260725,0
2874,20260725,0
4098,20260725,0
104,20260725,0
3933,20260725,0
1157,20260725,0
4016,20260725,0
3853,20260725,0
3189,20260725,0
865,20260725,0
3402,20260725,0
4827,20260725,0
129,20260725,0
315,20260725,0
1542,20260725,0
2083,20260725,0
3183,20260725,0
2951,20260725,0
1375,20260725,0
2020,20260725,0
3158,20260725,0
4653,20260725,0
5140,20260725,0
4024,20260725,0
5552,20260725,0
921,20260725,0
2604,20260725,0
1925,20260725,0
1439,20260725,0
5546,20260725,0
3551,20260725,0
982,20260725,0
1701,20260725,0
4377,20260725,0
3147,20260725,0
2712,20260725,0
5799,20260725,0
2229,20260725,0
4956,20260725,0
1410,20260725,0
270,20260725,0
917,20260725,0
4222,20260725,0
499,20260725,0
5467,20260725,0
1762,20260725,0
205,20260725,0
3350,20260725,0
4121,20260725,0
2025,20260725,0
1549,20260725,0
4261,20260725,0
2384,20260725,0
5735,20260725,0
1815,20260725,0
4182,20260725,0
13,20260725,0
2214,20260725,0
1069,20260725,0
4100,20260725,0
5838,20260725,0
1230,20260725,0
5271,20260725,0
3805,20260725,0
3074,20260725,0
1478,20260725,0
5072,20260725,0
1810,20260725,0
3607,20260725,0
1932,20260725,0
1666,20260725,0
3678,20260725,0
233,20260725,0
2519,20260725,0
3542,20260725,0
266,20260725,0
2,20260725,0
3608,20260725,0
29,20260725,0
4239,20260725,0
310,20260725,0
445,20260725,0
2343,20260725,0
3521,20260725,0
5570,20260725,0
934,20260725,0
486,20260725,0
256,20260725,0
2082,20260725,0
1548,20260725,0
687,20260725,0
984,20260725,0
3406,20260725,0
3472,20260725,0
2852,20260725,0
384,20260725,0
3719,20260725,0
5051,20260725,0
1450,20260725,0
2764,20260725,0
4373,20260725,0
3307,20260725,0
288,20260725,0
923,20260725,0
209,20260725,0
1245,20260725,0
1221,20260725,0
5355,20260725,0
3469,20260725,0
3334,20260725,0
2304,20260725,0
5807,20260725,0
5726,20260725,0
3413,20260725,0
3378,20260725,0
789,20260725,0
3098,20260725,0
3197,20260725,0
1745,20260725,0
1616,20260725,0
421,20260725,0
2457,20260725,0
5180,20260725,0
5214,20260725,0
4420,20260725,0
1919,20260725,0
1733,20260725,0
5583,20260725,0
3514,20260725,0
1023,20260725,0
1629,20260725,0
1951,20260725,0
4560,20260725,0
1444,20260725,0
539,20260725,0
5333,20260725,0
2386,20260725,0
4816,20260725,0
4846,20260725,0
1718,20260725,0
2999,20260725,0
474,20260725,0
1910,20260725,0
2619,20260725,0
4786,20260725,0
5629,20260725,0
5161,20260725,0
1729,20260725,0
1397,20260725,0
2419,20260725,0
4482,20260725,0
5558,20260725,0
1004,20260725,0
492,20260725,0
5146,20260725,0
3961,20260725,0
5198,20260725,0
4641,20260725,0
3008,20260725,0
2381,20260725,0
3573,20260725,0
1002,20260725,0
4570,20260725,0
1560,20260725,0
4503,20260725,0
122,20260725,0
1644,20260725,0
1058,20260725,0
3535,20260725,0
3366,20260725,0
74,20260725,0
4431,20260725,0
2840,20260725,0
848,20260725,0
4621,20260725,0
4260,20260725,0
5531,20260725,0
2815,20260725,0
3888,20260725,0
2008,20260725,0
368,20260725,0
419,20260725,0
1978,20260725,0
272,20260725,0
644,20260725,0
5158,20260725,0
965,20260725,0
2390,20260725,0
4626,20260725,0
5644,20260725,0
4711,20260725,0
838,20260725,0
3362,20260725,0
3198,20260725,0
1935,20260725,0
1787,20260725,0
2830,20260725,0
2164,20260725,0
188,20260725,0
182,20260725,0
304,20260725,0
4025,20260725,0
299,20260725,0
4472,20260725,0
2509,20260725,0
1794,20260725,0
5767,20260725,0
4337,20260725,0
728,20260725,0
2580,20260725,0
701,20260725,0
5159,20260725,0
2889,20260725,0
4637,20260725,0
3667,20260725,0
3572,20260725,0
2148,20260725,0
263,20260725,0
287,20260725,0
24,20260725,0
4596,20260725,0
5362,20260725,0
3976,20260725,0
5697,20260725,0
5657,20260725,0
273,20260725,0
5107,20260725,0
3043,20260725,0
4256,20260725,0
4999,20260725,0
2114,20260725,0
4508,20260725,0
3303,20260725,0
5374,20260725,0
4677,20260725,0
5714,20260725,0
1025,20260725,0
3211,20260725,0
2707,20260725,0
1798,20260725,0
1489,20260725,0
636,20260725,0
5444,20260725,0
2555,20260725,0
3245,20260725,0
1908,20260725,0
4280,20260725,0
3262,20260725,0
1603,20260725,0
4384,20260725,0
1873,20260725,0
517,20260725,0
2589,20260725,0
442,20260725,0
4335,20260725,0
5102,20260725,0
4496,20260725,0
3809,20260725,0
1496,20260725,0
195,20260725,0
3736,20260725,0
2235,20260725,0
693,20260725,0
1945,20260725,0
2655,20260725,0
3531,20260725,0
1028,20260725,0
4886,20260725,0
3249,20260725,0
3580,20260725,0
2246,20260725,0
5443,20260725,0
2581,20260725,0
3241,20260725,0
5765,20260725,0
1943,20260725,0
389,20260725,0
2821,20260725,0
5234,20260725,0
5344,20260725,0
1912,20260725,0
3105,20260725,0
5860,20260725,0
1540,20260725,0
5456,20260725,0
1999,20260725,0
3395,20260725,0
318,20260725,0
2210,20260725,0
243,20260725,0
2697,20260725,0
3892,20260725,0
5764,20260725,0
3866,20260725,0
1067,20260725,0
2203,20260725,0
3419,20260725,0
1043,20260725,0
4736,20260725,0
3958,20260725,0
1000,20260725,0
1371,20260725,0
1331,20260725,0
2575,20260725,0
5600,20260725,0
2478,20260725,0
3655,20260725,0
2090,20260725,0
3474,20260725,0
3259,20260725,0
5278,20260725,0
1064,20260725,0
3266,20260725,0
3986,20260725,0
2431,20260725,0
1876,20260725,0
2464,20260725,0
5435,20260725,0
4226,20260725,0
4966,20260725,0
3015,20260725,0
2537,20260725,0
4789,20260725,0
3596,20260725,0
3526,20260725,0
2495,20260725,0
5651,20260725,0
2671,20260725,0
5458,20260725,0
620,20260725,0
554,20260725,0
851,20260725,0
2466,20260725,0
3884,20260725,0
2251,20260725,0
1948,20260725,0
2632,20260725,0
964,20260725,0
4031,20260725,0
2060,20260725,0
903,20260725,0
471,20260725,0
545,20260725,0
4871,20260725,0
5042,20260725,0
1393,20260725,0
634,20260725,0
2135,20260725,0
1499,20260725,0
4339,20260725,0
4669,20260725,0
3593,20260725,0
5290,20260725,0
2715,20260725,0
2183,20260725,0
4807,20260725,0
1200,20260725,0
5571,20260725,0
2168,20260725,0
2621,20260725,0
3819,20260725,0
3519,20260725,0
974,20260725,0
2962,20260725,0
4742,20260725,0
1369,20260725,0
5857,20260725,0
1309,20260725,0
4491,20260725,0
5779,20260725,0
5040,20260725,0
5235,20260725,0
2660,20260725,0
3815,20260725,0
910,20260725,0
4568,20260725,0
1543,20260725,0
4925,20260725,0
5174,20260725,0
2432,20260725,0
3789,20260725,0
3614,20260725,0
220,20260725,0
1142,20260725,0
2547,20260725,0
3310,20260725,0
2347,20260725,0
1779,20260725,0
1185,20260725,0
5841,20260725,0
1154,20260725,0
2387,20260725,0
3032,20260725,0
57,20260725,0
1325,20260725,0
5194,20260725,0
5551,20260725,0
1750,20260725,0
2291,20260725,0
5411,20260725,0
1159,20260725,0
928,20260725,0
5642,20260725,0
3536,20260725,0
5114,20260725,0
1110,20260725,0
3765,20260725,0
2901,20260725,0
1738,20260725,0
3539,20260725,0
4781,20260725,0
5407,20260725,0
3283,20260725,0
114,20260725,0
2996,20260725,0
1515,20260725,0
2211,20260725,0
3335,20260725,0
692,20260725,0
1507,20260725,0
2669,20260725,0
993,20260725,0
3801,20260725,0
4752,20260725,0
5653,20260725,0
427,20260725,0
1264,20260725,0
1578,20260725,0
1408,20260725,0
4010,20260725,0
4738,20260725,0
334,20260725,0
2899,20260725,0
2116,20260725,0
1250,20260725,0
2727,20260725,0
5371,20260725,0
5268,20260725,0
5494,20260725,0
5666,20260725,0
1087,20260725,0
1713,20260725,0
3726,20260725,0
5478,20260725,0
3527,20260725,0
5778,20260725,0
5451,20260725,0
1220,20260725,0
15,20260725,0
3164,20260725,0
4290,20260725,0
4701,20260725,0
4817,20260725,0
5248,20260725,0
1447,20260725,0
4833,20260725,0
1078,20260725,0
5628,20260725,0
33,20260725,0
3835,20260725,0
4097,20260725,0
3430,20260725,0
4762,20260725,0
2682,20260725,0
4350,20260725,0
4571,20260725,0
102,20260725,0
902,20260725,0
5263,20260725,0
2720,20260725,0
4327,20260725,0
5257,20260725,0
4643,20260725,0
3010,20260725,0
1327,20260725,0
4709,20260725,0
5052,20260725,0
694,20260725,0
1001,20260725,0
4071,20260725,0
2646,20260725,0
164,20260725,0
5818,20260725,0
3867,20260725,0
240,20260725,1
3984,20260725,1
3705,20260725,1
2570,20260725,1
5163,20260725,1
3683,20260725,1
626,20260725,1
3725,20260725,1
1446,20260725,1
98,20260725,1
2120,20260725,1
622,20260725,1
4887,20260725,1
95,20260725,1
280,20260725,1
753,20260725,1
4619,20260725,1
3250,20260725,1
1963,20260725,1
4027,20260725,1
4818,20260725,1
3037,20260725,1
2654,20260725,1
1667,20260725,1
404,20260725,1
5631,20260725,1
3229,20260725,1
3579,20260725,1
5270,20260725,1
1825,20260725,1
5351,20260725,1
3302,20260725,1
2609,20260725,1
2031,20260725,1
755,20260725,1
4144,20260725,1
2955,20260725,1
4199,20260725,1
1385,20260725,1
1322,20260725,1
5547,20260725,1
1128,20260725,1
961,20260725,1
261,20260725,1
374,20260725,1
3940,20260725,1
5722,20260725,1
959,20260725,1
199,20260725,1
1096,20260725,1
1024,20260725,1
497,20260725,1
4342,20260725,1
5627,20260725,1
3517,20260725,1
2606,20260725,1
3873,20260725,1
3979,20260725,1
4076,20260725,1
3014,20260725,1
2117,20260725,1
5284,20260725,1
4983,20260725,1
484,20260725,1
566,20260725,1
4851,20260725,1
2421,20260725,1
4900,20260725,1
3845,20260725,1
4793,20260725,1
286,20260725,1
5830,20260725,1
1107,20260725,1
2629,20260725,1
3615,20260725,1
5822,20260725,1
2201,20260725,1
4829,20260725,1
2533,20260725,1
2354,20260725,1
2339,20260725,1
1657,20260725,1
867,20260725,1
2015,20260725,1
1316,20260725,1
425,20260725,1
2130,20260725,1
5626,20260725,1
3224,20260725,1
1194,20260725,1
776,20260725,1
3254,20260725,1
2859,20260725,1
2134,20260725,1
976,20260725,1
4509,20260725,1
5301,20260725,1
2529,20260725,1
2935,20260725,1
1118,20260725,1
5498,20260725,1
800,20260725,1
2755,20260725,1
4332,20260725,1
3775,20260725,1
5474,20260725,1
4592,20260725,1
5252,20260725,1
683,20260725,1
5868,20260725,1
322,20260725,1
4944,20260725,1
2786,20260725,1
1871,20260725,1
2036,20260725,1
2093,20260725,1
1724,20260725,1
1312,20260725,1
1780,20260725,1
3257,20260725,1
2713,20260725,1
2299,20260725,1
1377,20260725,1
5137,20260725,1
4188,20260725,1
5095,20260725,1
4700,20260725,1
4879,20260725,1
4149,20260725,1
5711,20260725,1
5266,20260725,1
372,20260725,1
53,20260725,1
2736,20260725,1
4586,20260725,1
269,20260725,1
40,20260725,1
4374,20260725,1
1720,20260725,1
2086,20260725,1
2139,20260725,1
2197,20260725,1
1786,20260725,1
4415,20260725,1
4794,20260725,1
4205,20260725,1
4656,20260725,1
4070,20260725,1
2826,20260725,1
3421,20260725,1
5517,20260725,1
1226,20260725,1
1018,20260725,1
5793,20260725,1
3800,20260725,1
5059,20260725,1
4391,20260725,1
2449,20260725,1
3401,20260725,1
183,20260725,1
3400,20260725,1
3980,20260725,1
4553,20260725,1
3569,20260725,1
691,20260725,1
2893,20260725,1
4213,20260725,1
2437,20260725,1
989,20260725,1
3150,20260725,1
5734,20260725,1
3479,20260725,1
2209,20260725,1
4493,20260725,1
759,20260725,1
3704,20260725,1
4764,20260725,1
4930,20260725,1
4046,20260725,1
1601,20260725,1
386,20260725,1
157,20260725,1
1082,20260725,1
2543,20260725,1
1209,20260725,1
4248,20260725,1
5533,20260725,1
2017,20260725,1
1252,20260725,1
678,20260725,1
4289,20260725,1
1837,20260725,1
1589,20260725,1
5480,20260725,1
5740,20260725,1
239,20260725,1
2569,20260725,1
381,20260725,1
2113,20260725,1
1520,20260725,1
4061,20260725,1
1678,20260725,1
1997,20260725,1
3950,20260725,1
4433,20260725,1
3616,20260725,1
5387,20260725,1
953,20260725,1
2548,20260725,1
2309,20260725,1
4168,20260725,1
2598,20260725,1
727,20260725,1
3068,20260725,1
3878,20260725,1
2910,20260725,1
5597,20260725,1
1363,20260725,1
3556,20260725,1
1153,20260725,1
4273,20260725,1
2014,20260725,1
5580,20260725,1
2626,20260725,1
2526,20260725,1
2992,20260725,1
2963,20260725,1
3603,20260725,1
5112,20260725,1
1946,20260725,1
5005,20260725,1
5292,20260725,1
96,20260725,1
314,20260725,1
5686,20260725,1
1134,20260725,1
121,20260725,1
1853,20260725,1
3297,20260725,1
4770,20260725,1
1361,20260725,1
282,20260725,1
1060,20260725,1
1077,20260725,1
4957,20260725,1
3567,20260725,1
5115,20260725,1
3831,20260725,1
3715,20260725,1
1366,20260725,1
43,20260725,1
660,20260725,1
371,20260725,1
1776,20260725,1
2159,20260725,1
5497,20260725,1
4729,20260725,1
699,20260725,1
454,20260725,1
1301,20260725,1
1151,20260725,1
3025,20260725,1
5063,20260725,1
2729,20260725,1
2675,20260725,1
1011,20260725,1
3275,20260725,1
2562,20260725,1
1476,20260725,1
5741,20260725,1
926,20260725,1
3152,20260725,1
379,20260725,1
631,20260725,1
4164,20260725,1
5523,20260725,1
2883,20260725,1
2244,20260725,1
1295,20260725,1
5399,20260725,1
1585,20260725,1
3191,20260725,1
1307,20260725,1
2942,20260725,1
1282,20260725,1
3080,20260725,1
3059,20260725,1
441,20260725,1
4400,20260725,1
5843,20260725,1
52,20260725,1
5240,20260725,1
1859,20260725,1
2132,20260725,1
4962,20260725,1
3115,20260725,1
4985,20260725,1
2922,20260725,1
5544,20260725,1
1940,20260725,1
2774,20260725,1
2125,20260725,1
859,20260725,1
4138,20260725,1
3367,20260725,1
5347,20260725,1
533,20260725,1
1463,20260725,1
3001,20260725,1
5699,20260725,1
3905,20260725,1
1352,20260725,1
1451,20260725,1
949,20260725,1
3482,20260725,1
2902,20260725,1
2792,20260725,1
1454,20260725,1
5656,20260725,1
1380,20260725,1
5150,20260725,1
8,20260725,1
356,20260725,1
542,20260725,1
3749,20260725,1
3684,20260725,1
5724,20260725,1
3237,20260725,1
5370,20260725,1
3948,20260725,1
5014,20260725,1
997,20260725,1
4263,20260725,1
4922,20260725,1
4864,20260725,1
5516,20260725,1
4288,20260725,1
1388,20260725,1
2798,20260725,1
2147,20260725,1
4993,20260725,1
152,20260725,1
1184,20260725,1
330,20260725,1
4398,20260725,1
3173,20260725,1
2030,20260725,1
4052,20260725,1
768,20260725,1
213,20260725,1
3895,20260725,1
5604,20260725,1
1328,20260725,1
2502,20260725,1
2633,20260725,1
4242,20260725,1
805,20260725,1
3296,20260725,1
4891,20260725,1
3003,20260725,1
1598,20260725,1
2542,20260725,1
244,20260725,1
705,20260725,1
5664,20260725,1
3024,20260725,1
5408,20260725,1
1206,20260725,1
3507,20260725,1
3597,20260725,1
5398,20260725,1
2643,20260725,1
3966,20260725,1
5812,20260725,1
3286,20260725,1
1306,20260725,1
4488,20260725,1
4534,20260725,1
3083,20260725,1
151,20260725,1
2816,20260725,1
4017,20260725,1
19,20260725,1
3305,20260725,1
3996,20260725,1
2174,20260725,1
885,20260725,1
4292,20260725,1
1778,20260725,1
1911,20260725,1
173,20260725,1
4577,20260725,1
5455,20260725,1
681,20260725,1
4768,20260725,1
3095,20260725,1
5303,20260725,1
795,20260725,1
317,20260725,1
1829,20260725,1
4620,20260725,1
5231,20260725,1
376,20260725,1
5011,20260725,1
1403,20260725,1
5330,20260725,1
3144,20260725,1
4678,20260725,1
1285,20260725,1
2493,20260725,1
1636,20260725,1
555,20260725,1
3316,20260725,1
277,20260725,1
1062,20260725,1
3902,20260725,1
2424,20260725,1
4569,20260725,1
5366,20260725,1
1124,20260725,1
488,20260725,1
4859,20260725,1
780,20260725,1
1691,20260725,1
3174,20260725,1
5225,20260725,1
2976,20260725,1
1313,20260725,1
825,20260725,1
3898,20260725,1
2479,20260725,1
414,20260725,1
2385,20260725,1
2145,20260725,1
2418,20260725,1
418,20260725,1
3824,20260725,1
3239,20260725,1
5167,20260725,1
1070,20260725,1
301,20260725,1
2823,20260725,1
3563,20260725,1
5162,20260725,1
764,20260725,1
5705,20260725,1
1460,20260725,1
2705,20260725,1
1074,20260725,1
4035,20260725,1
1477,20260725,1
3301,20260725,1
2732,20260725,1
4834,20260725,1
2257,20260725,1
4244,20260725,1
5707,20260725,1
297,20260725,1
1091,20260725,1
752,20260725,1
138,20260725,1
3272,20260725,1
598,20260725,1
2341,20260725,1
4749,20260725,1
48,20260725,1
3553,20260725,1
1094,20260725,1
2762,20260725,1
467,20260725,1
4443,20260725,1
952,20260725,1
3664,20260725,1
2877,20260725,1
3838,20260725,1
872,20260725,1
5086,20260725,1
144,20260725,1
2808,20260725,1
5127,20260725,1
4554,20260725,1
4693,20260725,1
4536,20260725,1
4033,20260725,1
3633,20260725,1
4130,20260725,1
2886,20260725,1
5675,20260725,1
3584,20260725,1
466,20260725,1
4598,20260725,1
521,20260725,1
2888,20260725,1
1541,20260725,1
1140,20260725,1
4251,20260725,1
868,20260725,1
3054,20260725,1
2489,20260725,1
1231,20260725,1
544,20260725,1
5139,20260725,1
3520,20260725,1
3196,20260725,1
5073,20260725,1
4284,20260725,1
2057,20260725,1
3126,20260725,1
2487,20260725,1
3342,20260725,1
1217,20260725,1
5380,20260725,1
3716,20260725,1
2796,20260725,1
2307,20260725,1
1686,20260725,1
5746,20260725,1
802,20260725,1
719,20260725,1
4787,20260725,1
4842,20260725,1
3747,20260725,1
5825,20260725,1
5300,20260725,1
3176,20260725,1
4608,20260725,1
3712,20260725,1
1034,20260725,1
3246,20260725,1
2092,20260725,1
162,20260725,1
3120,20260725,1
1419,20260725,1
4530,20260725,1
547,20260725,1
1842,20260725,1
1682,20260725,1
4163,20260725,1
5659,20260725,1
5715,20260725,1
3546,20260725,1
5872,20260725,1
4055,20260725,1
3885,20260725,1
3382,20260725,1
1402,20260725,1
5452,20260725,1
4939,20260725,1
2494,20260725,1
1030,20260725,1
5367,20260725,1
1609,20260725,1
1292,20260725,1
2696,20260725,1
475,20260725,1
3849,20260725,1
3304,20260725,1
4831,20260725,1
2380,20260725,1
5196,20260725,1
2639,20260725,1
4657,20260725,1
2005,20260725,1
2336,20260725,1
4937,20260725,1
5791,20260725,1
3689,20260725,1
2233,20260725,1
3574,20260725,1
502,20260725,1
3122,20260725,1
534,20260725,1
2215,20260725,1
826,20260725,1
1599,20260725,1
275,20260725,1
1690,20260725,1
3575,20260725,1
4671,20260725,1
4427,20260725,1
3263,20260725,1
4898,20260725,1
3738,20260725,1
612,20260725,1
3941,20260725,1
5245,20260725,1
1441,20260725,1
1349,20260725,1
1089,20260725,1
2980,20260725,1
4662,20260725,1
514,20260725,1
4574,20260725,1
241,20260725,1
3447,20260725,1
1164,20260725,1
1522,20260725,1
4034,20260725,1
4363,20260725,1
5733,20260725,1
1201,20260725,1
1785,20260725,1
4463,20260725,1
3322,20260725,1
1263,20260725,1
2809,20260725,1
3210,20260725,1
4005,20260725,1
559,20260725,1
185,20260725,1
3166,20260725,1
3390,20260725,1
1452,20260725,1
2723,20260725,1
657,20260725,1
2590,20260725,1
5460,20260725,1
3798,20260725,1
1222,20260725,1
767,20260725,1
1215,20260725,1
347,20260725,1
3916,20260725,1
208,20260725,1
2305,20260725,1
813,20260725,1
855,20260725,1
782,20260725,1
2447,20260725,1
619,20260725,1
4743,20260725,1
1248,20260725,1
3510,20260725,1
1983,20260725,1
320,20260725,1
2152,20260725,1
3112,20260725,1
513,20260725,1
312,20260725,1
5157,20260725,1
564,20260725,1
3225,20260725,1
4790,20260725,1
5404,20260725,1
2085,20260725,1
5576,20260725,1
894,20260725,1
2319,20260725,1
4954,20260725,1
4533,20260725,1
4907,20260725,1
3312,20260725,1
2802,20260725,1
1336,20260725,1
189,20260725,1
118,20260725,1
3021,20260725,1
2349,20260725,1
5218,20260725,1
1739,20260725,1
1372,20260725,1
3454,20260725,1
5489,20260725,1
5650,20260725,1
340,20260725,1
5122,20260725,1
1881,20260725,1
1161,20260725,1
407,20260725,1
1664,20260725,1
5739,20260725,1
4543,20260725,1
1255,20260725,1
741,20260725,1
546,20260725,1
2945,20260725,1
2822,20260725,1
3499,20260725,1
3137,20260725,1
1955,20260725,1
4597,20260725,1
3613,20260725,1
2433,20260725,1
762,20260725,1
1115,20260725,1
1685,20260725,1
4310,20260725,1
1400,20260725,1
1875,20260725,1
3786,20260725,1
4375,20260725,1
2968,20260725,1
5752,20260725,1
2064,20260725,1
451,20260725,1
5415,20260725,1
3016,20260725,1
1677,20260725,1
1198,20260725,1
4281,20260725,1
5390,20260725,1
2137,20260725,1
1243,20260725,1
3732,20260725,1
1381,20260725,1
576,20260725,1
2287,20260725,1
1805,20260725,1
863,20260725,1
3282,20260725,1
4072,20260725,1
3729,20260725,1
1223,20260725,1
3000,20260725,1
4132,20260725,1
2665,20260725,1
3858,20260725,1
3195,20260725,1
4486,20260725,1
5688,20260725,1
4407,20260725,1
3096,20260725,1
3387,20260725,1
4206,20260725,1
4432,20260725,1
3967,20260725,1
2567,20260725,1
2948,20260725,1
5038,20260725,1
1698,20260725,1
4655,20260725,1
3292,20260725,1
3675,20260725,1
999,20260725,1
4979,20260725,1
3592,20260725,1
522,20260725,1
2313,20260725,1
2605,20260725,1
858,20260725,1
2182,20260725,1
3544,20260725,1
4445,20260725,1
3290,20260725,1
344,20260725,1
1485,20260725,1
3909,20260725,1
5596,20260725,1
3504,20260725,1
5265,20260725,1
4080,20260725,1
348,20260725,1
5287,20260725,1
4774,20260725,1
3713,20260725,1
792,20260725,1
5203,20260725,1
417,20260725,1
3876,20260725,1
3870,20260725,1
84,20260725,1
783,20260725,1
2156,20260725,1
5064,20260725,1
1090,20260725,1
706,20260725,1
570,20260725,1
2828,20260725,1
4815,20260725,1
3694,20260725,1
1838,20260725,1
1120,20260725,1
1774,20260725,1
2067,20260725,1
4056,20260725,1
3540,20260725,1
58,20260725,1
4228,20260725,1
133,20260725,1
2753,20260725,1
819,20260725,1
4238,20260725,1
2807,20260725,1
2112,20260725,1
5385,20260725,1
408,20260725,1
4406,20260725,1
4963,20260725,1
3687,20260725,1
3090,20260725,1
1791,20260725,1
4409,20260725,1
4757,20260725,1
2882,20260725,1
2398,20260725,1
2275,20260725,1
3549,20260725,1
5359,20260725,1
196,20260725,1
1564,20260725,1
2392,20260725,1
3823,20260725,1
4172,20260725,1
761,20260725,1
319,20260725,1
4086,20260725,1
4910,20260725,1
2438,20260725,1
4858,20260725,1
2496,20260725,1
1026,20260725,1
4380,20260725,1
5566,20260725,1
5687,20260725,1
73,20260725,1
4030,20260725,1
2316,20260725,1
2876,20260725,1
3364,20260725,1
3104,20260725,1
5267,20260725,1
4104,20260725,1
4007,20260725,1
1676,20260725,1
1650,20260725,1
5640,20260725,1
1014,20260725,1
4050,20260725,1
4951,20260725,1
1095,20260725,1
5750,20260725,1
1195,20260725,1
3997,20260725,1
2784,20260725,1
2303,20260725,1
18,20260725,1
3651,20260725,1
1317,20260725,1
4652,20260725,1
2010,20260725,1
900,20260725,1
4639,20260725,1
1795,20260725,1
2750,20260725,1
5412,20260725,1
881,20260725,1
4165,20260725,1
3103,20260725,1
1645,20260725,1
5317,20260725,1
4961,20260725,1
458,20260725,1
4220,20260725,1
64,20260725,1
5594,20260725,1
264,20260725,1
4716,20260725,1
3533,20260725,1
1800,20260725,1
3464,20260725,1
1506,20260725,1
5171,20260725,1
4880,20260725,1
2572,20260725,1
2766,20260725,1
3804,20260725,1
4990,20260725,1
3261,20260725,1
1167,20260725,1
2779,20260725,1
2022,20260725,1
3552,20260725,1
4127,20260725,1
1343,20260725,1
536,20260725,1
786,20260725,1
5500,20260725,1
3440,20260725,1
1976,20260725,1
5378,20260725,1
462,20260725,1
2062,20260725,1
3771,20260725,1
834,20260725,1
2270,20260725,1
4456,20260725,1
2763,20260725,1
651,20260725,1
4741,20260725,1
4064,20260725,1
2225,20260725,1
4989,20260725,1
2681,20260725,1
3952,20260725,1
4423,20260725,1
3182,20260725,1
3924,20260725,1
2568,20260725,1
4195,20260725,1
3913,20260725,1
2100,20260725,1
230,20260725,1
632,20260725,1
821,20260725,1
4710,20260725,1
1424,20260725,1
5334,20260725,1
890,20260725,1
3759,20260725,1
3381,20260725,1
3226,20260725,1
1612,20260725,1
3355,20260725,1
4157,20260725,1
2016,20260725,1
1889,20260725,1
2631,20260725,1
1723,20260725,1
524,20260725,1
4198,20260725,1
4441,20260725,1
505,20260725,1
3488,20260725,1
2121,20260725,1
4324,20260725,1
791,20260725,1
1651,20260725,1
1590,20260725,1
2157,20260725,1
7,20260725,1
4303,20260725,1
4444,20260725,1
4481,20260725,1
399,20260725,1
5564,20260725,1
267,20260725,1
4908,20260725,1
5369,20260725,1
231,20260725,1
5560,20260725,1
227,20260725,1
3602,20260725,1
3053,20260725,1
2388,20260725,1
5057,20260725,1
1867,20260725,1
2245,20260725,1
4229,20260725,1
2149,20260725,1
56,20260725,1
912,20260725,1
5207,20260725,1
1021,20260725,1
933,20260725,1
2610,20260725,1
71,20260725,1
2627,20260725,1
3295,20260725,1
915,20260725,1
2521,20260725,1
688,20260725,1
2196,20260725,1
571,20260725,1
250,20260725,1
5567,20260725,1
1671,20260725,1
5356,20260725,1
2966,20260725,1
3947,20260725,1
1836,20260725,1
5755,20260725,1
490,20260725,1
1119,20260725,1
5634,20260725,1
713,20260725,1
2445,20260725,1
4519,20260725,1
4695,20260725,1
1351,20260725,1
1158,20260725,1
1834,20260725,1
1465,20260725,1
3844,20260725,1
4302,20260725,1
2194,20260725,1
3912,20260725,1
390,20260725,1
3751,20260725,1
1961,20260725,1
2845,20260725,1
1985,20260725,1
54,20260725,1
784,20260725,1
3742,20260725,1
4114,20260725,1
4520,20260725,1
3891,20260725,1
5101,20260725,1
391,20260725,1
60,20260725,1
3201,20260725,1
908,20260725,1
12,20260725,1
207,20260725,1
3560,20260725,1
2151,20260725,1
3502,20260725,1
4370,20260725,1
4959,20260725,1
4873,20260725,1
2004,20260725,1
5394,20260725,1
4525,20260725,1
765,20260725,1
2312,20260725,1
4051,20260725,1
5581,20260725,1
572,20260725,1
5743,20260725,1
259,20260725,1
5692,20260725,1
1514,20260725,1
4706,20260725,1
4265,20260725,1
1708,20260725,1
5591,20260725,1
1602,20260725,1
4950,20260725,1
1193,20260725,1
2097,20260725,1
1606,20260725,1
954,20260725,1
2657,20260725,1
5156,20260725,1
3177,20260725,1
3910,20260725,1
5858,20260725,1
3720,20260725,1
5345,20260725,1
5272,20260725,1
172,20260725,1
919,20260725,1
2265,20260725,1
4396,20260725,1
1886,20260725,1
4274,20260725,1
5819,20260725,1
1022,20260725,1
3816,20260725,1
3900,20260725,1
1530,20260725,1
447,20260725,1
1931,20260725,1
5035,20260725,1
2467,20260725,1
991,20260725,1
3896,20260725,1
2972,20260725,1
5045,20260725,1
3594,20260725,1
1551,20260725,1
4942,20260725,1
155,20260725,1
4974,20260725,1
4885,20260725,1
4992,20260725,1
88,20260725,1
2002,20260725,1
4849,20260725,1
5338,20260725,1
311,20260725,1
5846,20260725,1
3658,20260725,1
4758,20260725,1
3577,20260725,1
2177,20260725,1
5562,20260725,1
925,20260725,1
2498,20260725,1
2377,20260725,1
5563,20260725,1
1406,20260725,1
2415,20260725,1
4517,20260725,1
4345,20260725,1
3078,20260725,1
1330,20260725,1
2408,20260725,1
1835,20260725,1
2836,20260725,1
3673,20260725,1
5844,20260725,1
2618,20260725,1
4275,20260725,1
4459,20260725,1
2810,20260725,1
2795,20260725,1
1939,20260725,1
5414,20260725,1
2477,20260725,1
5275,20260725,1
5717,20260725,1
4941,20260725,1
774,20260725,1
2601,20260725,1
1607,20260725,1
666,20260725,1
1237,20260725,1
5342,20260725,1
300,20260725,1
5867,20260725,1
2357,20260725,1
3762,20260725,1
1971,20260725,1
3013,20260725,1
2169,20260725,1
2790,20260725,1
2780,20260725,1
4175,20260725,1
236,20260725,1
3453,20260725,1
2995,20260725,1
4328,20260725,1
4494,20260725,1
403,20260725,1
5572,20260725,1
115,20260725,1
4624,20260725,1
1225,20260725,1
3874,20260725,1
1480,20260725,1
3509,20260725,1
2328,20260725,1
5022,20260725,1
3222,20260725,1
5469,20260725,1
5111,20260725,1
4452,20260725,1
3951,20260725,1
2171,20260725,1
4489,20260725,1
2289,20260725,1
4487,20260725,1
2550,20260725,1
3214,20260725,1
4338,20260725,1
535,20260725,1
4527,20260725,1
739,20260725,1
3012,20260725,1
4935,20260725,1
5611,20260725,1
2395,20260725,1
2965,20260725,1
775,20260725,1
2150,20260725,1
3679,20260725,1
1521,20260725,1
1152,20260725,1
866,20260725,1
2444,20260725,1
242,20260725,1
2783,20260725,1
671,20260725,1
3169,20260725,1
2175,20260725,1
1247,20260725,1
2329,20260725,1
2334,20260725,1
3538,20260725,1
4218,20260725,1
2285,20260725,1
3070,20260725,1
2389,20260725,1
1981,20260725,1
5808,20260725,1
1162,20260725,2
1156,20260725,2
1860,20260725,2
3970,20260725,2
583,20260725,2
3159,20260725,2
940,20260725,2
5836,20260725,2
3733,20260725,2
5184,20260725,2
4181,20260725,2
4141,20260725,2
4745,20260725,2
23,20260725,2
91,20260725,2
4207,20260725,2
4073,20260725,2
2110,20260725,2
5117,20260725,2
3983,20260725,2
3216,20260725,2
1356,20260725,2
2363,20260725,2
119,20260725,2
186,20260725,2
4848,20260725,2
87,20260725,2
1175,20260725,2
1630,20260725,2
820,20260725,2
2076,20260725,2
1957,20260725,2
4430,20260725,2
296,20260725,2
3160,20260725,2
285,20260725,2
432,20260725,2
2158,20260725,2
3055,20260725,2
5433,20260725,2
4682,20260725,2
4091,20260725,2
3033,20260725,2
2187,20260725,2
1903,20260725,2
3847,20260725,2
4357,20260725,2
4497,20260725,2
5309,20260725,2
5777,20260725,2
1440,20260725,2
4771,20260725,2
4823,20260725,2
3194,20260725,2
3625,20260725,2
5017,20260725,2
1334,20260725,2
5136,20260725,2
2522,20260725,2
1378,20260725,2
4840,20260725,2
3473,20260725,2
3842,20260725,2
2958,20260725,2
1731,20260725,2
862,20260725,2
2032,20260725,2
2523,20260725,2
2726,20260725,2
5134,20260725,2
3293,20260725,2
3280,20260725,2
4713,20260725,2
2260,20260725,2
3877,20260725,2
2364,20260725,2
3714,20260725,2
5694,20260725,2
3230,20260725,2
712,20260725,2
5392,20260725,2
1753,20260725,2
5135,20260725,2
271,20260725,2
1563,20260725,2
4014,20260725,2
5637,20260725,2
2259,20260725,2
3108,20260725,2
2700,20260725,2
1233,20260725,2
1525,20260725,2
1491,20260725,2
3944,20260725,2
1013,20260725,2
4455,20260725,2
3281,20260725,2
1179,20260725,2
4867,20260725,2
2551,20260725,2
3175,20260725,2
5826,20260725,2
1057,20260725,2
2283,20260725,2
2051,20260725,2
2332,20260725,2
2295,20260725,2
3807,20260725,2
1797,20260725,2
3777,20260725,2
3040,20260725,2
5514,20260725,2
985,20260725,2
5241,20260725,2
4359,20260725,2
3920,20260725,2
1566,20260725,2
1390,20260725,2
1384,20260725,2
4143,20260725,2
4854,20260725,2
364,20260725,2
1464,20260725,2
3352,20260725,2
4664,20260725,2
841,20260725,2
4576,20260725,2
751,20260725,2
4110,20260725,2
3155,20260725,2
4295,20260725,2
4760,20260725,2
4820,20260725,2
3050,20260725,2
2946,20260725,2
3855,20260725,2
1037,20260725,2
3111,20260725,2
4233,20260725,2
2740,20260725,2
1132,20260725,2
2668,20260725,2
504,20260725,2
3321,20260725,2
393,20260725,2
3992,20260725,2
1953,20260725,2
3827,20260725,2
2269,20260725,2
665,20260725,2
1166,20260725,2
4480,20260725,2
4613,20260725,2
5028,20260725,2
2081,20260725,2
3649,20260725,2
5212,20260725,2
2104,20260725,2
85,20260725,2
341,20260725,2
1885,20260725,2
2952,20260725,2
4106,20260725,2
670,20260725,2
4150,20260725,2
2896,20260725,2
563,20260725,2
4408,20260725,2
255,20260725,2
562,20260725,2
2973,20260725,2
3236,20260725,2
1623,20260725,2
676,20260725,2
520,20260725,2
2871,20260725,2
5173,20260725,2
5449,20260725,2
519,20260725,2
616,20260725,2
4277,20260725,2
4928,20260725,2
943,20260725,2
3660,20260725,2
948,20260725,2
2473,20260725,2
998,20260725,2
1015,20260725,2
1303,20260725,2
2860,20260725,2
4002,20260725,2
3998,20260725,2
2350,20260725,2
1868,20260725,2
4583,20260725,2
1182,20260725,2
5680,20260725,2
653,20260725,2
67,20260725,2
3693,20260725,2
2023,20260725,2
2908,20260725,2
167,20260725,2
835,20260725,2
3471,20260725,2
5615,20260725,2
3915,20260725,2
3185,20260725,2
605,20260725,2
3495,20260725,2
3415,20260725,2
5219,20260725,2
2832,20260725,2
2463,20260725,2
1425,20260725,2
963,20260725,2
958,20260725,2
5055,20260725,2
4715,20260725,2
3060,20260725,2
3814,20260725,2
2488,20260725,2
3851,20260725,2
4696,20260725,2
1581,20260725,2
3151,20260725,2
4889,20260725,2
4366,20260725,2
1374,20260725,2
49,20260725,2
4803,20260725,2
4390,20260725,2
1820,20260725,2
2725,20260725,2
1362,20260725,2
909,20260725,2
4018,20260725,2
1348,20260725,2
5255,20260725,2
5593,20260725,2
4646,20260725,2
2812,20260725,2
4876,20260725,2
5083,20260725,2
1449,20260725,2
2000,20260725,2
1846,20260725,2
1897,20260725,2
4410,20260725,2
343,20260725,2
132,20260725,2
5216,20260725,2
453,20260725,2
3063,20260725,2
4382,20260725,2
3179,20260725,2
62,20260725,2
5084,20260725,2
5025,20260725,2
652,20260725,2
659,20260725,2
5428,20260725,2
160,20260725,2
4933,20260725,2
1427,20260725,2
2664,20260725,2
3960,20260725,2
5798,20260725,2
4484,20260725,2
216,20260725,2
836,20260725,2
1546,20260725,2
1323,20260725,2
3346,20260725,2
4906,20260725,2
1918,20260725,2
278,20260725,2
2781,20260725,2
1066,20260725,2
1304,20260725,2
2370,20260725,2
2337,20260725,2
1009,20260725,2
5619,20260725,2
168,20260725,2
1345,20260725,2
3629,20260725,2
5719,20260725,2
827,20260725,2
5195,20260725,2
608,20260725,2
1395,20260725,2
5821,20260725,2
3921,20260725,2
3595,20260725,2
2180,20260725,2
200,20260725,2
3311,20260725,2
4649,20260725,2
5060,20260725,2
1117,20260725,2
1146,20260725,2
4485,20260725,2
1210,20260725,2
1709,20260725,2
2767,20260725,2
3611,20260725,2
5876,20260725,2
749,20260725,2
1341,20260725,2
3550,20260725,2
1727,20260725,2
493,20260725,2
2831,20260725,2
1453,20260725,2
5462,20260725,2
235,20260725,2
3274,20260725,2
2264,20260725,2
4402,20260725,2
5417,20260725,2
4125,20260725,2
135,20260725,2
2714,20260725,2
4872,20260725,2
254,20260725,2
163,20260725,2
4776,20260725,2
861,20260725,2
3632,20260725,2
4003,20260725,2
5506,20260725,2
3837,20260725,2
4145,20260725,2
740,20260725,2
2491,20260725,2
3812,20260725,2
2941,20260725,2
994,20260725,2
4279,20260725,2
303,20260725,2
4684,20260725,2
2028,20260725,2
1781,20260725,2
3386,20260725,2
4173,20260725,2
1892,20260725,2
2678,20260725,2
5148,20260725,2
1199,20260725,2
1116,20260725,2
1614,20260725,2
4813,20260725,2
3306,20260725,2
2994,20260725,2
5647,20260725,2
2770,20260725,2
1433,20260725,2
843,20260725,2
5229,20260725,2
4795,20260725,2
2722,20260725,2
2923,20260725,2
468,20260725,2
4936,20260725,2
3956,20260725,2
5454,20260725,2
891,20260725,2
1625,20260725,2
5046,20260725,2
4078,20260725,2
831,20260725,2
2724,20260725,2
5475,20260725,2
735,20260725,2
1236,20260725,2
2858,20260725,2
3268,20260725,2
37,20260725,2
4185,20260725,2
4660,20260725,2
5199,20260725,2
4975,20260725,2
924,20260725,2
416,20260725,2
5788,20260725,2
2772,20260725,2
5727,20260725,2
3626,20260725,2
971,20260725,2
5710,20260725,2
1714,20260725,2
599,20260725,2
3044,20260725,2
1784,20260725,2
4763,20260725,2
10,20260725,2
5609,20260725,2
279,20260725,2
4552,20260725,2
5384,20260725,2
1469,20260725,2
284,20260725,2
4026,20260725,2
2044,20260725,2
1048,20260725,2
5768,20260725,2
1262,20260725,2
5191,20260725,2
2021,20260725,2
147,20260725,2
3882,20260725,2
3203,20260725,2
3698,20260725,2
2870,20260725,2
4245,20260725,2
4765,20260725,2
3466,20260725,2
5598,20260725,2
5096,20260725,2
2897,20260725,2
4779,20260725,2
5852,20260725,2
5041,20260725,2
2653,20260725,2
3393,20260725,2
5691,20260725,2
5377,20260725,2
1519,20260725,2
3204,20260725,2
5774,20260725,2
1608,20260725,2
2448,20260725,2
1895,20260725,2
5817,20260725,2
3973,20260725,2
5337,20260725,2
2325,20260725,2
1076,20260725,2
293,20260725,2
1305,20260725,2
31,20260725,2
3242,20260725,2
3318,20260725,2
1833,20260725,2
2613,20260725,2
4796,20260725,2
1821,20260725,2
1254,20260725,2
629,20260725,2
4633,20260725,2
3448,20260725,2
5113,20260725,2
2063,20260725,2
5639,20260725,2
4595,20260725,2
870,20260725,2
4118,20260725,2
781,20260725,2
2866,20260725,2
4235,20260725,2
972,20260725,2
2344,20260725,2
2940,20260725,2
2330,20260725,2
5026,20260725,2
4538,20260725,2
2204,20260725,2
5119,20260725,2
396,20260725,2
4644,20260725,2
2107,20260725,2
4953,20260725,2
4112,20260725,2
2428,20260725,2
4191,20260725,2
5066,20260725,2
5616,20260725,2
4919,20260725,2
2916,20260725,2
2667,20260725,2
1061,20260725,2
4505,20260725,2
3919,20260725,2
1864,20260725,2
2226,20260725,2
5632,20260725,2
1344,20260725,2
2895,20260725,2
4151,20260725,2
628,20260725,2
1523,20260725,2
5728,20260725,2
1073,20260725,2
2921,20260725,2
3184,20260725,2
4836,20260725,2
1098,20260725,2
4326,20260725,2
3251,20260725,2
3148,20260725,2
5677,20260725,2
1807,20260725,2
2765,20260725,2
1852,20260725,2
1966,20260725,2
46,20260725,2
2760,20260725,2
5409,20260725,2
2834,20260725,2
2703,20260725,2
1959,20260725,2
5048,20260725,2
3071,20260725,2
574,20260725,2
405,20260725,2
4351,20260725,2
4860,20260725,2
1550,20260725,2
2691,20260725,2
3309,20260725,2
4162,20260725,2
4028,20260725,2
3642,20260725,2
3515,20260725,2
3903,20260725,2
5144,20260725,2
5021,20260725,2
804,20260725,2
4146,20260725,2
1804,20260725,2
3011,20260725,2
525,20260725,2
4116,20260725,2
1814,20260725,2
3571,20260725,2
2919,20260725,2
1768,20260725,2
4231,20260725,2
5079,20260725,2
4901,20260725,2
2702,20260725,2
1938,20260725,2
3643,20260725,2
2559,20260725,2
4311,20260725,2
5093,20260725,2
1430,20260725,2
5197,20260725,2
981,20260725,2
2184,20260725,2
3408,20260725,2
716,20260725,2
3233,20260725,2
4809,20260725,2
4371,20260725,2
5286,20260725,2
3353,20260725,2
4291,20260725,2
3240,20260725,2
2950,20260725,2
633,20260725,2
61,20260725,2
5282,20260725,2
2761,20260725,2
5170,20260725,2
4806,20260725,2
4325,20260725,2
5862,20260725,2
4777,20260725,2
1192,20260725,2
4528,20260725,2
4473,20260725,2
2536,20260725,2
2501,20260725,2
4792,20260725,2
177,20260725,2
1353,20260725,2
3702,20260725,2
4264,20260725,2
737,20260725,2
816,20260725,2
1006,20260725,2
2730,20260725,2
5849,20260725,2
1907,20260725,2
4082,20260725,2
4352,20260725,2
3564,20260725,2
2006,20260725,2
5565,20260725,2
5776,20260725,2
5795,20260725,2
2964,20260725,2
3208,20260725,2
3110,20260725,2
3209,20260725,2
3954,20260725,2
2706,20260725,2
883,20260725,2
1877,20260725,2
537,20260725,2
3585,20260725,2
5636,20260725,2
2323,20260725,2
1474,20260725,2
2236,20260725,2
2603,20260725,2
2069,20260725,2
1041,20260725,2
1576,20260725,2
1459,20260725,2
82,20260725,2
1633,20260725,2
3271,20260725,2
2869,20260725,2
5508,20260725,2
1083,20260725,2
771,20260725,2
3934,20260725,2
2273,20260725,2
2850,20260725,2
5188,20260725,2
3935,20260725,2
2061,20260725,2
4542,20260725,2
469,20260725,2
4467,20260725,2
3300,20260725,2
4131,20260725,2
5071,20260725,2
5258,20260725,2
4271,20260725,2
1573,20260725,2
3770,20260725,2
3532,20260725,2
931,20260725,2
951,20260725,2
4726,20260725,2
5625,20260725,2
36,20260725,2
2126,20260725,2
2793,20260725,2
329,20260725,2
4642,20260725,2
777,20260725,2
4991,20260725,2
2849,20260725,2
4923,20260725,2
3566,20260725,2
496,20260725,2
3129,20260725,2
3612,20260725,2
3889,20260725,2
5877,20260725,2
5542,20260725,2
2255,20260725,2
2240,20260725,2
5568,20260725,2
3822,20260725,2
5318,20260725,2
3056,20260725,2
5131,20260725,2
1705,20260725,2
680,20260725,2
413,20260725,2
3963,20260725,2
4587,20260725,2
5465,20260725,2
1019,20260725,2
2979,20260725,2
2231,20260725,2
2599,20260725,2
3768,20260725,2
5400,20260725,2
5472,20260725,2
1710,20260725,2
16,20260725,2
2356,20260725,2
3773,20260725,2
1224,20260725,2
4862,20260725,2
4060,20260725,2
3084,20260725,2
3077,20260725,2
3652,20260725,2
5665,20260725,2
1528,20260725,2
361,20260725,2
3039,20260725,2
1494,20260725,2
5709,20260725,2
2024,20260725,2
3260,20260725,2
2890,20260725,2
5321,20260725,2
4638,20260725,2
2274,20260725,2
3036,20260725,2
5621,20260725,2
4735,20260725,2
4348,20260725,2
561,20260725,2
1342,20260725,2
2938,20260725,2
5461,20260725,2
3398,20260725,2
1297,20260725,2
325,20260725,2
5164,20260725,2
1937,20260725,2
1547,20260725,2
873,20260725,2
2698,20260725,2
2420,20260725,2
354,20260725,2
1462,20260725,2
2033,20260725,2
5537,20260725,2
481,20260725,2
2614,20260725,2
829,20260725,2
4559,20260725,2
5695,20260725,2
4730,20260725,2
2094,20260725,2
1759,20260725,2
5273,20260725,2
5861,20260725,2
2833,20260725,2
3138,20260725,2
4632,20260725,2
2865,20260725,2
1481,20260725,2
2644,20260725,2
1055,20260725,2
3384,20260725,2
874,20260725,2
5553,20260725,2
4065,20260725,2
4272,20260725,2
3928,20260725,2
2407,20260725,2
3628,20260725,2
2153,20260725,2
4882,20260725,2
1288,20260725,2
1531,20260725,2
1383,20260725,2
1716,20260725,2
1105,20260725,2
4516,20260725,2
3116,20260725,2
615,20260725,2
5192,20260725,2
103,20260725,2
2399,20260725,2
5607,20260725,2
5145,20260725,2
452,20260725,2
603,20260725,2
1207,20260725,2
3907,20260725,2
351,20260725,2
3758,20260725,2
645,20260725,2
1337,20260725,2
281,20260725,2
1767,20260725,2
2773,20260725,2
2129,20260725,2
4276,20260725,2
3432,20260725,2
3243,20260725,2
3828,20260725,2
1137,20260725,2
457,20260725,2
2917,20260725,2
4266,20260725,2
3506,20260725,2
3989,20260725,2
2708,20260725,2
3512,20260725,2
5730,20260725,2
2848,20260725,2
876,20260725,2
2367,20260725,2
5763,20260725,2
2687,20260725,2
689,20260725,2
2873,20260725,2
853,20260725,2
2585,20260725,2
932,20260725,2
5520,20260725,2
3581,20260725,2
5618,20260725,2
2854,20260725,2
55,20260725,2
4214,20260725,2
643,20260725,2
635,20260725,2
4158,20260725,2
992,20260725,2
2410,20260725,2
4001,20260725,2
2119,20260725,2
3648,20260725,2
3477,20260725,2
3631,20260725,2
1150,20260725,2
3397,20260725,2
1085,20260725,2
2232,20260725,2
4558,20260725,2
3518,20260725,2
30,20260725,2
3057,20260725,2
5540,20260725,2
5493,20260725,2
2851,20260725,2
4424,20260725,2
2769,20260725,2
3146,20260725,2
22,20260725,2
4811,20260725,2
4555,20260725,2
2558,20260725,2
258,20260725,2
3676,20260725,2
4323,20260725,2
2741,20260725,2
191,20260725,2
757,20260725,2
5796,20260725,2
4187,20260725,2
5756,20260725,2
3743,20260725,2
2122,20260725,2
1765,20260725,2
899,20260725,2
1584,20260725,2
120,20260725,2
3411,20260725,2
4349,20260725,2
1398,20260725,2
3252,20260725,2
5422,20260725,2
1391,20260725,2
4419,20260725,2
2172,20260725,2
4313,20260725,2
1106,20260725,2
2239,20260725,2
4180,20260725,2
3750,20260725,2
647,20260725,2
2296,20260725,2
4822,20260725,2
4212,20260725,2
5193,20260725,2
5485,20260725,2
4246,20260725,2
2074,20260725,2
1488,20260725,2
4535,20260725,2
1649,20260725,2
2254,20260725,2
2293,20260725,2
5856,20260725,2
3396,20260725,2
3102,20260725,2
2300,20260725,2
4629,20260725,2
509,20260725,2
3287,20260725,2
4307,20260725,2
1659,20260725,2
1992,20260725,2
5097,20260725,2
2217,20260725,2
3826,20260725,2
1234,20260725,2
4565,20260725,2
3779,20260725,2
718,20260725,2
5185,20260725,2
4309,20260725,2
4837,20260725,2
1704,20260725,2
377,20260725,2
4893,20260725,2
4418,20260725,2
369,20260725,2
3231,20260725,2
5430,20260725,2
1081,20260725,2
5744,20260725,2
5701,20260725,2
3045,20260725,2
175,20260725,2
3339,20260725,2
1822,20260725,2
274,20260725,2
4166,20260725,2
3557,20260725,2
4541,20260725,2
1675,20260725,2
1979,20260725,2
2043,20260725,2
5482,20260725,2
4087,20260725,2
3452,20260725,2
4477,20260725,2
5682,20260725,2
3109,20260725,2
4105,20260725,2
538,20260725,2
5419,20260725,2
2813,20260725,2
1880,20260725,2
1742,20260725,2
1973,20260725,2
1894,20260725,2
3256,20260725,2
2981,20260725,2
4128,20260725,2
3128,20260725,2
355,20260725,2
3706,20260725,2
411,20260725,2
1980,20260725,2
358,20260725,2
3324,20260725,2
904,20260725,2
5781,20260725,2
2258,20260725,2
3405,20260725,2
1180,20260725,2
4478,20260725,2
2794,20260725,2
5343,20260725,2
3337,20260725,2
5202,20260725,2
1533,20260725,2
5129,20260725,2
1914,20260725,2
4548,20260725,2
3414,20260725,2
2111,20260725,2
1879,20260725,2
4084,20260725,2
5526,20260725,2
1387,20260725,2
3965,20260725,2
1754,20260725,2
1775,20260725,2
1188,20260725,2
201,20260725,2
1280,20260725,2
3937,20260725,2
540,20260725,2
2003,20260725,2
5313,20260725,2
4507,20260725,2
1129,20260725,2
2261,20260725,2
3529,20260725,2
5663,20260725,2
2470,20260725,2
4360,20260725,2
4582,20260725,2
1674,20260725,2
4159,20260725,2
5056,20260725,2
5431,20260725,2
3537,20260725,2
5820,20260725,2
2098,20260725,2
4211,20260725,2
658,20260725,2
4322,20260725,2
1346,20260725,2
306,20260725,2
552,20260725,2
2742,20260725,2
2468,20260725,2
2885,20260725,2
1259,20260725,2
3,20260725,2
1235,20260725,2
3368,20260725,2
975,20260725,2
1512,20260725,2
1597,20260725,2
5058,20260725,2
1554,20260725,2
1364,20260725,2
4451,20260725,2
5577,20260725,2
2065,20260725,2
5747,20260725,2
3470,20260725,2
2785,20260725,2
1844,20260725,2
4723,20260725,2
2564,20260725,2
4791,20260725,2
498,20260725,2
3674,20260725,2
3780,20260725,2
3167,20260725,2
593,20260725,2
5053,20260725,2
3978,20260725,2
1365,20260725,2
1266,20260725,2
1689,20260725,2
697,20260725,2
1653,20260725,2
3187,20260725,2
704,20260725,2
2538,20260725,2
3265,20260725,2
565,20260725,2
3757,20260725,2
5584,20260725,2
349,20260725,2
2423,20260725,2
743,20260725,2
944,20260725,2
1392,20260725,2
1944,20260725,2
588,20260725,2
2333,20260725,2
3767,20260725,2
446,20260725,2
116,20260725,2
1617,20260725,2
5403,20260725,2
4892,20260725,2
5869,20260725,2
2534,20260725,2
5668,20260725,2
4687,20260725,2
4861,20260725,2
1059,20260725,2
5725,20260725,2
3691,20260725,2
3638,20260725,2
1214,20260725,2
4186,20260725,2
4890,20260725,2
5168,20260725,2
424,20260725,2
3192,20260725,2
292,20260725,2
3343,20260725,2
2492,20260725,2
210,20260725,2
2465,20260725,2
4924,20260725,2
4667,20260725,2
2918,20260725,2
3570,20260725,2
4436,20260725,2
4385,20260725,2
217,20260725,2
4727,20260725,2
2731,20260725,2
3383,20260725,2
1819,20260725,2
3171,20260725,2
2861,20260725,2
4224,20260725,2
882,20260725,2
5487,20260725,2
483,20260725,2
4333,20260725,2
4414,20260725,2
3093,20260725,2
1638,20260725,2
2553,20260725,2
2744,20260725,2
4967,20260725,2
2745,20260725,2
1887,20260725,2
4731,20260725,2
3277,20260725,2
5187,20260725,2
1160,20260725,2
3957,20260725,2
1127,20260725,2
772,20260725,2
747,20260725,2
3955,20260725,2
2310,20260725,2
956,20260725,2
3795,20260725,2
366,20260725,2
3637,20260725,2
734,20260725,2
4319,20260725,2
4074,20260725,2
4312,20260725,2
4945,20260725,2
1163,20260725,2
760,20260725,2
1379,20260725,2
5175,20260725,2
4429,20260725,2
4915,20260725,2
4019,20260725,2
1595,20260725,2
4785,20260725,2
2583,20260725,2
83,20260725,2
3700,20260725,2
3065,20260725,2
2435,20260725,2
3943,20260725,2
1510,20260725,2
3325,20260725,2
2637,20260725,2
232,20260725,2
1587,20260725,2
3609,20260725,2
684,20260725,2
461,20260725,2
5151,20260725,2
3412,20260725,2
2127,20260725,2
4589,20260725,2
3035,20260725,2
846,20260725,2
2353,20260725,2
3097,20260725,2
3284,20260725,2
573,20260725,2
1099,20260725,2
69,20260725,2
4847,20260725,2
4916,20260725,2
2049,20260725,2
2710,20260725,2
409,20260725,2
2676,20260725,2
4196,20260725,2
309,20260725,2
4888,20260725,2
3228,20260725,2
3657,20260725,2
331,20260725,2
3047,20260725,2
2638,20260725,2
707,20260725,2
2054,20260725,2
1839,20260725,2
3936,20260725,2
1856,20260725,2
685,20260725,2
489,20260725,2
370,20260725,2
3451,20260725,2
1858,20260725,2
4447,20260725,2
2009,20260725,2
1114,20260725,2
5453,20260725,2
2929,20260725,2
4286,20260725,2
2199,20260725,2
4299,20260725,2
5190,20260725,2
1975,20260725,2
4622,20260725,3
5217,20260725,3
5810,20260725,3
779,20260725,3
3360,20260725,3
4573,20260725,3
3253,20260725,3
1571,20260725,3
1208,20260725,3
5630,20260725,3
4176,20260725,3
4012,20260725,3
4079,20260725,3
3220,20260725,3
1310,20260725,3
203,20260725,3
3007,20260725,3
558,20260725,3
2507,20260725,3
5423,20260725,3
4866,20260725,3
5555,20260725,3
1592,20260725,3
3433,20260725,3
224,20260725,3
3617,20260725,3
4448,20260725,3
2103,20260725,3
2338,20260725,3
2853,20260725,3
5589,20260725,3
3132,20260725,3
5696,20260725,3
1138,20260725,3
2666,20260725,3
128,20260725,3
3727,20260725,3
5363,20260725,3
4361,20260725,3
5783,20260725,3
4805,20260725,3
338,20260725,3
4683,20260725,3
2230,20260725,3
5476,20260725,3
4767,20260725,3
1806,20260725,3
226,20260725,3
4069,20260725,3
1933,20260725,3
2623,20260725,3
3875,20260725,3
2249,20260725,3
3793,20260725,3
2920,20260725,3
1290,20260725,3
1570,20260725,3
1673,20260725,3
579,20260725,3
253,20260725,3
2429,20260725,3
212,20260725,3
5154,20260725,3
5515,20260725,3
529,20260725,3
1535,20260725,3
2656,20260725,3
595,20260725,3
1749,20260725,3
4129,20260725,3
5748,20260725,3
5224,20260725,3
5556,20260725,3
1748,20260725,3
1466,20260725,3
1139,20260725,3
711,20260725,3
1205,20260725,3
5222,20260725,3
2266,20260725,3
4294,20260725,3
4490,20260725,3
3696,20260725,3
4702,20260725,3
5439,20260725,3
5130,20260725,3
5874,20260725,3
5044,20260725,3
5620,20260725,3
4707,20260725,3
770,20260725,3
2446,20260725,3
1757,20260725,3
4856,20260725,3
3799,20260725,3
675,20260725,3
1029,20260725,3
814,20260725,3
1747,20260725,3
2456,20260725,3
4454,20260725,3
5406,20260725,3
1662,20260725,3
5757,20260725,3
1621,20260725,3
3215,20260725,3
5299,20260725,3
2642,20260725,3
1990,20260725,3
4819,20260725,3
5169,20260725,3
5535,20260725,3
2573,20260725,3
1743,20260725,3
3349,20260725,3
131,20260725,3
3125,20260725,3
2455,20260725,3
387,20260725,3
596,20260725,3
5521,20260725,3
1654,20260725,3
5420,20260725,3
4475,20260725,3
2797,20260725,3
2286,20260725,3
3113,20260725,3
2416,20260725,3
3172,20260725,3
1561,20260725,3
3135,20260725,3
4009,20260725,3
2576,20260725,3
3508,20260725,3
2263,20260725,3
360,20260725,3
1828,20260725,3
2932,20260725,3
1899,20260725,3
3833,20260725,3
2335,20260725,3
3370,20260725,3
5437,20260725,3
4210,20260725,3
1050,20260725,3
5181,20260725,3
4341,20260725,3
1517,20260725,3
5087,20260725,3
3170,20260725,3
2143,20260725,3
3548,20260725,3
3662,20260725,3
5450,20260725,3
2587,20260725,3
4623,20260725,3
3782,20260725,3
5864,20260725,3
1293,20260725,3
1715,20260725,3
2756,20260725,3
3481,20260725,3
3082,20260725,3
3493,20260725,3
1639,20260725,3
1421,20260725,3
2053,20260725,3
4461,20260725,3
3856,20260725,3
1572,20260725,3
289,20260725,3
5792,20260725,3
5809,20260725,3
742,20260725,3
602,20260725,3
3840,20260725,3
1699,20260725,3
2430,20260725,3
3079,20260725,3
5827,20260725,3
2635,20260725,3
3034,20260725,3
1407,20260725,3
4804,20260725,3
5326,20260725,3
4561,20260725,3
2811,20260725,3
5736,20260725,3
3865,20260725,3
2167,20260725,3
2984,20260725,3
1228,20260725,3
5870,20260725,3
5438,20260725,3
5671,20260725,3
2956,20260725,3
2376,20260725,3
4296,20260725,3
4122,20260725,3
5208,20260725,3
440,20260725,3
2563,20260725,3
2789,20260725,3
3862,20260725,3
5749,20260725,3
2801,20260725,3
4753,20260725,3
4648,20260725,3
1251,20260725,3
1,20260725,3
1610,20260725,3
1147,20260725,3
4986,20260725,3
1258,20260725,3
2485,20260725,3
1042,20260725,3
2155,20260725,3
459,20260725,3
1415,20260725,3
5012,20260725,3
345,20260725,3
1987,20260725,3
4631,20260725,3
1287,20260725,3
2827,20260725,3
2937,20260725,3
190,20260725,3
3002,20260725,3
5557,20260725,3
3085,20260725,3
2879,20260725,3
1596,20260725,3
1470,20260725,3
2782,20260725,3
1896,20260725,3
4088,20260725,3
5153,20260725,3
3426,20260725,3
2453,20260725,3
127,20260725,3
5001,20260725,3
1600,20260725,3
2208,20260725,3
1121,20260725,3
5683,20260725,3
2680,20260725,3
3699,20260725,3
4604,20260725,3
2949,20260725,3
3787,20260725,3
1579,20260725,3
4563,20260725,3
2213,20260725,3
3917,20260725,3
2427,20260725,3
268,20260725,3
1261,20260725,3
2532,20260725,3
4204,20260725,3
2905,20260725,3
59,20260725,3
2268,20260725,3
1367,20260725,3
3677,20260725,3
745,20260725,3
2556,20260725,3
4994,20260725,3
2685,20260725,3
1472,20260725,3
5242,20260725,3
5315,20260725,3
3442,20260725,3
2290,20260725,3
294,20260725,3
4,20260725,3
709,20260725,3
5769,20260725,3
4863,20260725,3
4647,20260725,3
5732,20260725,3
5118,20260725,3
1359,20260725,3
4610,20260725,3
3491,20260725,3
3460,20260725,3
3106,20260725,3
4437,20260725,3
3124,20260725,3
746,20260725,3
4331,20260725,3
3299,20260725,3
86,20260725,3
5603,20260725,3
41,20260725,3
2993,20260725,3
2804,20260725,3
4721,20260725,3
2123,20260725,3
4868,20260725,3
2959,20260725,3
2314,20260725,3
5426,20260725,3
4984,20260725,3
1830,20260725,3
1640,20260725,3
794,20260725,3
2690,20260725,3
938,20260725,3
1075,20260725,3
4618,20260725,3
3665,20260725,3
5440,20260725,3
1389,20260725,3
5013,20260725,3
3467,20260725,3
3420,20260725,3
1660,20260725,3
3121,20260725,3
1832,20260725,3
106,20260725,3
4775,20260725,3
4156,20260725,3
613,20260725,3
373,20260725,3
4628,20260725,3
5831,20260725,3
3524,20260725,3
1141,20260725,3
1268,20260725,3
2663,20260725,3
5850,20260725,3
154,20260725,3
3908,20260725,3
4258,20260725,3
5010,20260725,3
4850,20260725,3
5389,20260725,3
5410,20260725,3
5829,20260725,3
2733,20260725,3
20,20260725,3
4483,20260725,3
2162,20260725,3
3939,20260725,3
2735,20260725,3
907,20260725,3
4609,20260725,3
840,20260725,3
5277,20260725,3
5264,20260725,3
3841,20260725,3
2206,20260725,3
5503,20260725,3
5427,20260725,3
1790,20260725,3
818,20260725,3
2279,20260725,3
3062,20260725,3
604,20260725,3
5310,20260725,3
464,20260725,3
842,20260725,3
4611,20260725,3
1817,20260725,3
3361,20260725,3
5806,20260725,3
3418,20260725,3
4462,20260725,3
1854,20260725,3
380,20260725,3
4658,20260725,3
4927,20260725,3
4531,20260725,3
260,20260725,3
1831,20260725,3
1764,20260725,3
3659,20260725,3
428,20260725,3
3583,20260725,3
1457,20260725,3
5027,20260725,3
3358,20260725,3
4147,20260725,3
333,20260725,3
5794,20260725,3
4367,20260725,3
3341,20260725,3
1756,20260725,3
5797,20260725,3
2977,20260725,3
2898,20260725,3
3005,20260725,3
4043,20260725,3
3376,20260725,3
5670,20260725,3
5802,20260725,3
1191,20260725,3
501,20260725,3
1793,20260725,3
2383,20260725,3
2480,20260725,3
4797,20260725,3
906,20260725,3
1176,20260725,3
5527,20260725,3
4259,20260725,3
5851,20260725,3
2517,20260725,3
4189,20260725,3
1347,20260725,3
2881,20260725,3
3086,20260725,3
3444,20260725,3
5413,20260725,3
584,20260725,3
4155,20260725,3
4699,20260725,3
3985,20260725,3
1056,20260725,3
877,20260725,3
5761,20260725,3
5532,20260725,3
667,20260725,3
1569,20260725,3
3624,20260725,3
4865,20260725,3
3270,20260725,3
223,20260725,3
4718,20260725,3
4314,20260725,3
5249,20260725,3
1455,20260725,3
97,20260725,3
2518,20260725,3
1186,20260725,3
5880,20260725,3
4814,20260725,3
3745,20260725,3
5522,20260725,3
1299,20260725,3
4011,20260725,3
4877,20260725,3
1357,20260725,3
1760,20260725,3
2071,20260725,3
4306,20260725,3
5372,20260725,3
3101,20260725,3
5328,20260725,3
5635,20260725,3
980,20260725,3
4179,20260725,3
3746,20260725,3
942,20260725,3
5246,20260725,3
611,20260725,3
4094,20260725,3
717,20260725,3
5587,20260725,3
4996,20260725,3
674,20260725,3
2841,20260725,3
2042,20260725,3
4964,20260725,3
3483,20260725,3
4442,20260725,3
3058,20260725,3
3686,20260725,3
4230,20260725,3
668,20260725,3
4828,20260725,3
3975,20260725,3
3409,20260725,3
3606,20260725,3
4386,20260725,3
3783,20260725,3
2829,20260725,3
2292,20260725,3
2593,20260725,3
5062,20260725,3
3181,20260725,3
1376,20260725,3
1049,20260725,3
5324,20260725,3
5828,20260725,3
4343,20260725,3
5468,20260725,3
5373,20260725,3
3639,20260725,3
3041,20260725,3
4466,20260725,3
3248,20260725,3
5785,20260725,3
3107,20260725,3
5254,20260725,3
849,20260725,3
2692,20260725,3
1033,20260725,3
3723,20260725,3
5737,20260725,3
5176,20260725,3
211,20260725,3
3498,20260725,3
2561,20260725,3
4372,20260725,3
5312,20260725,3
966,20260725,3
326,20260725,3
1656,20260725,3
5758,20260725,3
5729,20260725,3
5274,20260725,3
2298,20260725,3
1289,20260725,3
34,20260725,3
1143,20260725,3
4015,20260725,3
2515,20260725,3
2752,20260725,3
5432,20260725,3
4724,20260725,3
215,20260725,3
3298,20260725,3
4513,20260725,3
4203,20260725,3
4232,20260725,3
9,20260725,3
4167,20260725,3
5590,20260725,3
4997,20260725,3
3695,20260725,3
1475,20260725,3
591,20260725,3
3064,20260725,3
4354,20260725,3
3977,20260725,3
4564,20260725,3
3434,20260725,3
3680,20260725,3
5434,20260725,3
1766,20260725,3
879,20260725,3
3682,20260725,3
35,20260725,3
4839,20260725,3
5649,20260725,3
3887,20260725,3
3739,20260725,3
1965,20260725,3
4460,20260725,3
577,20260725,3
178,20260725,3
4139,20260725,3
5298,20260725,3
1218,20260725,3
3487,20260725,3
5803,20260725,3
1883,20260725,3
1131,20260725,3
367,20260725,3
968,20260725,3
2406,20260725,3
153,20260725,3
4612,20260725,3
5811,20260725,3
2516,20260725,3
456,20260725,3
4852,20260725,3
2253,20260725,3
5352,20260725,3
2535,20260725,3
2728,20260725,3
3020,20260725,3
4446,20260725,3
4253,20260725,3
1101,20260725,3
5002,20260725,3
2382,20260725,3
1202,20260725,3
4096,20260725,3
4970,20260725,3
4465,20260725,3
618,20260725,3
3351,20260725,3
5346,20260725,3
249,20260725,3
397,20260725,3
2417,20260725,3
1501,20260725,3
3972,20260725,3
2982,20260725,3
4943,20260725,3
1324,20260725,3
1802,20260725,3
1458,20260725,3
2088,20260725,3
1627,20260725,3
161,20260725,3
2272,20260725,3
4109,20260725,3
1086,20260725,3
5742,20260725,3
1329,20260725,3
5304,20260725,3
3857,20260725,3
5082,20260725,3
3188,20260725,3
5502,20260725,3
245,20260725,3
4605,20260725,3
2414,20260725,3
920,20260725,3
2271,20260725,3
2721,20260725,3
856,20260725,3
145,20260725,3
2659,20260725,3
2223,20260725,3
3193,20260725,3
5702,20260725,3
3825,20260725,3
996,20260725,3
1527,20260725,3
1711,20260725,3
4136,20260725,3
3707,20260725,3
5323,20260725,3
2195,20260725,3
4411,20260725,3
3369,20260725,3
4878,20260725,3
3485,20260725,3
5120,20260725,3
5585,20260725,3
4772,20260725,3
4315,20260725,3
4368,20260725,3
1574,20260725,3
2322,20260725,3
1112,20260725,3
548,20260725,3
2738,20260725,3
5840,20260725,3
4581,20260725,3
3042,20260725,3
2624,20260725,3
2105,20260725,3
5285,20260725,3
4739,20260725,3
1435,20260725,3
437,20260725,3
2734,20260725,3
3143,20260725,3
2460,20260725,3
3670,20260725,3
2212,20260725,3
257,20260725,3
2513,20260725,3
3802,20260725,3
5228,20260725,3
26,20260725,3
5878,20260725,3
1746,20260725,3
4421,20260725,3
4932,20260725,3
1145,20260725,3
886,20260725,3
4476,20260725,3
5353,20260725,3
90,20260725,3
3946,20260725,3
1984,20260725,3
1758,20260725,3
2625,20260725,3
2588,20260725,3
3880,20260725,3
3753,20260725,3
2486,20260725,3
4773,20260725,3
3372,20260725,3
1898,20260725,3
4645,20260725,3
4208,20260725,3
3336,20260725,3
1824,20260725,3
2887,20260725,3
973,20260725,3
845,20260725,3
1995,20260725,3
321,20260725,3
1350,20260725,3
1906,20260725,3
2099,20260725,3
5397,20260725,3
5402,20260725,3
1471,20260725,3
3087,20260725,3
3942,20260725,3
4316,20260725,3
2402,20260725,3
2709,20260725,3
3217,20260725,3
3541,20260725,3
2138,20260725,3
2855,20260725,3
5110,20260725,3
5760,20260725,3
1725,20260725,3
460,20260725,3
5445,20260725,3
3886,20260725,3
1373,20260725,3
594,20260725,3
2461,20260725,3
4039,20260725,3
1648,20260725,3
3314,20260725,3
5643,20260725,3
4287,20260725,3
1611,20260725,3
3072,20260725,3
4317,20260725,3
1416,20260725,3
5770,20260725,3
798,20260725,3
1265,20260725,3
2055,20260725,3
4976,20260725,3
76,20260725,3
3868,20260725,3
5536,20260725,3
3860,20260725,3
1144,20260725,3
4825,20260725,3
169,20260725,3
4934,20260725,3
4666,20260725,3
99,20260725,3
5209,20260725,3
1321,20260725,3
3711,20260725,3
637,20260725,3
1111,20260725,3
5358,20260725,3
1545,20260725,3
5425,20260725,3
4665,20260725,3
2878,20260725,3
4524,20260725,3
3379,20260725,3
3457,20260725,3
5177,20260725,3
724,20260725,3
5289,20260725,3
4511,20260725,3
1246,20260725,3
448,20260725,3
3927,20260725,3
353,20260725,3
2198,20260725,3
2375,20260725,3
1637,20260725,3
4241,20260725,3
2140,20260725,3
3741,20260725,3
4654,20260725,3
639,20260725,3
2998,20260725,3
2857,20260725,3
5575,20260725,3
5327,20260725,3
2458,20260725,3
3323,20260725,3
170,20260725,3
3436,20260725,3
4439,20260725,3
1962,20260725,3
5524,20260725,3
979,20260725,3
5713,20260725,3
3218,20260725,3
5230,20260725,3
1865,20260725,3
1857,20260725,3
2326,20260725,3
3417,20260725,3
4685,20260725,3
553,20260725,3
4364,20260725,3
5350,20260725,3
5391,20260725,3
465,20260725,3
1516,20260725,3
3354,20260725,3
3264,20260725,3
3619,20260725,3
4464,20260725,3
1986,20260725,3
4630,20260725,3
218,20260725,3
3734,20260725,3
672,20260725,3
5178,20260725,3
2026,20260725,3
1811,20260725,3
5339,20260725,3
1751,20260725,3
4591,20260725,3
2974,20260725,3
1670,20260725,3
2358,20260725,3
2075,20260725,3
4522,20260725,3
4914,20260725,3
1211,20260725,3
578,20260725,3
5360,20260725,3
1696,20260725,3
4047,20260725,3
237,20260725,3
2835,20260725,3
4766,20260725,3
3530,20260725,3
1269,20260725,3
4733,20260725,3
494,20260725,3
585,20260725,3
5530,20260725,3
1568,20260725,3
1315,20260725,3
44,20260725,3
812,20260725,3
969,20260725,3
5395,20260725,3
806,20260725,3
1652,20260725,3
4057,20260725,3
2019,20260725,3
5076,20260725,3
5019,20260725,3
5545,20260725,3
2768,20260725,3
1722,20260725,3
433,20260725,3
214,20260725,3
2670,20260725,3
39,20260725,3
1930,20260725,3
5311,20260725,3
3356,20260725,3
181,20260725,3
4344,20260725,3
2346,20260725,3
5672,20260725,3
2818,20260725,3
4412,20260725,3
5023,20260725,3
2280,20260725,3
11,20260725,3
4474,20260725,3
3458,20260725,3
1302,20260725,3
1922,20260725,3
3333,20260725,3
695,20260725,3
4902,20260725,3
228,20260725,3
3630,20260725,3
1752,20260725,3
1505,20260725,3
3772,20260725,3
1412,20260725,3
532,20260725,3
1411,20260725,3
2525,20260725,3
1588,20260725,3
2331,20260725,3
4918,20260725,3
3315,20260725,3
4625,20260725,3
2205,20260725,3
1658,20260725,3
663,20260725,3
295,20260725,3
4099,20260725,3
5786,20260725,3
787,20260725,3
2880,20260725,3
3018,20260725,3
5088,20260725,3
4708,20260725,3
480,20260725,3
2751,20260725,3
3926,20260725,3
4254,20260725,3
1967,20260725,3
3118,20260725,3
5256,20260725,3
970,20260725,3
2988,20260725,3
27,20260725,3
2058,20260725,3
2474,20260725,3
2160,20260725,3
893,20260725,3
5260,20260725,3
3213,20260725,3
4588,20260725,3
988,20260725,3
518,20260725,3
4585,20260725,3
2582,20260725,3
2186,20260725,3
5065,20260725,3
2176,20260725,3
4225,20260725,3
5569,20260725,3
1326,20260725,3
4734,20260725,3
184,20260725,3
5446,20260725,3
4022,20260725,3
650,20260725,3
1693,20260725,3
5550,20260725,3
2068,20260725,3
1988,20260725,3
4947,20260725,3
3781,20260725,3
4449,20260725,3
3081,20260725,3
4802,20260725,3
2352,20260725,3
5484,20260725,3
1970,20260725,3
4904,20260725,3
3441,20260725,3
4578,20260725,3
807,20260725,3
4355,20260725,3
4703,20260725,3
4215,20260725,3
1905,20260725,3
1537,20260725,3
5599,20260725,3
142,20260725,3
4044,20260725,3
5528,20260725,3
5043,20260725,3
336,20260725,3
1084,20260725,3
5247,20260725,3
4397,20260725,3
5473,20260725,3
4680,20260725,3
946,20260725,3
543,20260725,3
967,20260725,3
2070,20260725,3
754,20260725,3
4283,20260725,3
1904,20260725,3
78,20260725,3
3688,20260725,3
2372,20260725,3
2361,20260725,3
2403,20260725,3
4600,20260725,3
2800,20260725,3
1216,20260725,3
1242,20260725,3
3140,20260725,3
1734,20260725,3
3022,20260725,3
2087,20260725,3
1960,20260725,3
4083,20260725,3
5554,20260725,3
3490,20260725,3
3462,20260725,3
844,20260725,3
2394,20260725,3
2401,20260725,3
42,20260725,3
5622,20260725,3
2541,20260725,3
4401,20260725,3
2252,20260725,3
1298,20260725,3
4782,20260725,3
4717,20260725,3
1884,20260725,3
5782,20260725,3
1567,20260725,3
1816,20260725,3
2436,20260725,3
362,20260725,3
1241,20260725,3
89,20260725,3
2872,20260725,3
1130,20260725,3
5365,20260725,3
2046,20260725,3
1972,20260725,3
107,20260725,3
3554,20260725,3
2101,20260725,3
248,20260725,3
2969,20260725,3
2106,20260725,3
2218,20260725,3
2504,20260725,3
796,20260725,3
2425,20260725,3
4479,20260725,3
2777,20260725,3
3999,20260725,3
4126,20260725,3
4640,20260725,3
5147,20260725,3
822,20260725,3
4634,20260725,3
935,20260725,3
4948,20260725,3
4838,20260725,3
1279,20260725,3
5723,20260725,3
1338,20260725,3
2202,20260725,3
3494,20260725,3
4362,20260725,3
101,20260725,3
4857,20260725,3
1996,20260725,3
5573,20260725,3
937,20260725,3
2173,20260725,3
112,20260725,3
4931,20260725,3
5612,20260725,3
4545,20260725,3
2900,20260725,3
4616,20260725,3
3154,20260725,3
550,20260725,3
3427,20260725,3
2512,20260725,3
3235,20260725,3
1308,20260725,3
3319,20260725,3
3331,20260725,3
2368,20260725,3
2128,20260725,3
3830,20260725,3
2571,20260725,3
1196,20260725,3
3817,20260725,3
2317,20260725,3
556,20260725,3
2620,20260725,3
5588,20260725,3
785,20260725,3
763,20260725,3
2267,20260725,3
541,20260725,3
4293,20260725,3
1536,20260725,3
2754,20260725,3
2554,20260725,3
4201,20260725,3
896,20260725,3
5061,20260725,3
4389,20260725,3
3308,20260725,3
141,20260725,3
884,20260725,3
4532,20260725,3
5789,20260725,3
914,20260725,3
2228,20260725,3
2441,20260725,3
5331,20260725,3
4425,20260725,3
5801,20260725,3
2320,20260725,3
3794,20260725,3
1772,20260725,3
4376,20260725,3
3622,20260725,3
4422,20260725,3
3848,20260725,3
4965,20260725,3
4881,20260725,3
5003,20260725,3
1136,20260725,3
1773,20260725,3
5614,20260725,3
5092,20260725,3
1917,20260725,3
1706,20260725,3
5488,20260725,3
3525,20260725,3
5633,20260725,3
638,20260725,3
696,20260725,3
2907,20260725,3
4101,20260725,3
3326,20260725,3
1841,20260725,3
4502,20260725,3
871,20260725,3
5706,20260725,3
4688,20260725,3
702,20260725,3
4801,20260725,3
1952,20260725,3
1281,20260725,3
1284,20260725,3
2221,20260725,3
3475,20260725,3
4115,20260725,3
2048,20260725,3
2360,20260725,3
5842,20260725,3
1203,20260725,3
5237,20260725,3
3721,20260725,3
2791,20260725,3
3492,20260725,3
2262,20260725,3
1534,20260725,3
5720,20260725,3
1010,20260725,3
1862,20260725,3
1253,20260725,3
1628,20260725,3
3636,20260725,3
1783,20260725,3
4388,20260725,3
2161,20260725,3
2072,20260725,3
2185,20260725,3
3212,20260725,3
901,20260725,3
1484,20260725,3
5024,20260725,3
916,20260725,3
3925,20260725,3
3818,20260725,3
3644,20260725,3
2011,20260725,3
4353,20260725,3
3621,20260725,3
1260,20260725,3
987,20260725,3
2928,20260725,3
385,20260725,3
2379,20260725,3
3692,20260725,3
2546,20260725,3
4499,20260725,3
3004,20260725,3
4778,20260725,3
4107,20260725,3
2118,20260725,3
5442,20260725,3
698,20260725,3
4169,20260725,3
2679,20260725,3
1339,20260725,3
4506,20260725,3
5,20260725,3
2931,20260725,3
80,20260725,3
1878,20260725,3
5447,20260725,4
5009,20260725,4
788,20260725,4
5200,20260725,4
5098,20260725,4
3425,20260725,4
5160,20260725,4
1947,20260725,4
1071,20260725,4
1888,20260725,4
929,20260725,4
1418,20260725,4
1149,20260725,4
1941,20260725,4
4300,20260725,4
3906,20260725,4
2327,20260725,4
4835,20260725,4
2248,20260725,4
1100,20260725,4
4346,20260725,4
4036,20260725,4
4946,20260725,4
723,20260725,4
500,20260725,4
3134,20260725,4
860,20260725,4
744,20260725,4
3803,20260725,4
1789,20260725,4
2947,20260725,4
3238,20260725,4
1777,20260725,4
4737,20260725,4
2584,20260725,4
1311,20260725,4
5490,20260725,4
5834,20260725,4
3661,20260725,4
2511,20260725,4
2868,20260725,4
2216,20260725,4
3918,20260725,4
5579,20260725,4
4160,20260725,4
3023,20260725,4
5879,20260725,4
3099,20260725,4
4614,20260725,4
123,20260725,4
1719,20260725,4
5340,20260725,4
580,20260725,4
1445,20260725,4
1370,20260725,4
4712,20260725,4
4045,20260725,4
1355,20260725,4
4526,20260725,4
5223,20260725,4
2673,20260725,4
5233,20260725,4
337,20260725,4
1641,20260725,4
2961,20260725,4
4627,20260725,4
5259,20260725,4
1508,20260725,4
1518,20260725,4
797,20260725,4
682,20260725,4
2373,20260725,4
569,20260725,4
4603,20260725,4
5004,20260725,4
5513,20260725,4
2650,20260725,4
2892,20260725,4
4297,20260725,4
4152,20260725,4
2699,20260725,4
2799,20260725,4
410,20260725,4
1227,20260725,4
2001,20260725,4
2311,20260725,4
2652,20260725,4
3394,20260725,4
1318,20260725,4
2592,20260725,4
1665,20260725,4
2040,20260725,4
1314,20260725,4
1382,20260725,4
2842,20260725,4
3829,20260725,4
4938,20260725,4
5772,20260725,4
485,20260725,4
4268,20260725,4
5143,20260725,4
606,20260725,4
1717,20260725,4
2027,20260725,4
2915,20260725,4
94,20260725,4
623,20260725,4
801,20260725,4
32,20260725,4
1632,20260725,4
4209,20260725,4
4219,20260725,4
864,20260725,4
642,20260725,4
5875,20260725,4
3654,20260725,4
3681,20260725,4
2758,20260725,4
3443,20260725,4
2739,20260725,4
614,20260725,4
14,20260725,4
3890,20260725,4
4551,20260725,4
5495,20260725,4
3938,20260725,4
3703,20260725,4
495,20260725,4
627,20260725,4
2234,20260725,4
3066,20260725,4
2366,20260725,4
4843,20260725,4
5291,20260725,4
4537,20260725,4
305,20260725,4
2131,20260725,4
5703,20260725,4
3820,20260725,4
3511,20260725,4
5124,20260725,4
1256,20260725,4
5624,20260725,4
4068,20260725,4
352,20260725,4
2096,20260725,4
2476,20260725,4
5123,20260725,4
3123,20260725,4
3199,20260725,4
1586,20260725,4
4183,20260725,4
4580,20260725,4
2578,20260725,4
1108,20260725,4
5405,20260725,4
1133,20260725,4
4698,20260725,4
888,20260725,4
3669,20260725,4
3403,20260725,4
2440,20260725,4
4255,20260725,4
3153,20260725,4
2903,20260725,4
2190,20260725,4
3774,20260725,4
2838,20260725,4
3247,20260725,4
4523,20260725,4
5094,20260725,4
3808,20260725,4
1958,20260725,4
4679,20260725,4
3558,20260725,4
1271,20260725,4
3338,20260725,4
307,20260725,4
5539,20260725,4
2411,20260725,4
323,20260725,4
1409,20260725,4
5787,20260725,4
1278,20260725,4
4404,20260725,4
5049,20260725,4
2503,20260725,4
1092,20260725,4
5069,20260725,4
4920,20260725,4
5718,20260725,4
375,20260725,4
4117,20260725,4
715,20260725,4
5678,20260725,4
5815,20260725,4
4830,20260725,4
625,20260725,4
4392,20260725,4
1923,20260725,4
567,20260725,4
276,20260725,4
3161,20260725,4
2396,20260725,4
1429,20260725,4
4579,20260725,4
2277,20260725,4
2661,20260725,4
5295,20260725,4
640,20260725,4
4029,20260725,4
2037,20260725,4
1924,20260725,4
3019,20260725,4
5204,20260725,4
887,20260725,4
3255,20260725,4
3380,20260725,4
5712,20260725,4
5847,20260725,4
2820,20260725,4
2597,20260725,4
947,20260725,4
5483,20260725,4
2911,20260725,4
5518,20260725,4
252,20260725,4
2278,20260725,4
3806,20260725,4
5388,20260725,4
2684,20260725,4
1104,20260725,4
5679,20260725,4
2294,20260725,4
265,20260725,4
2615,20260725,4
1319,20260725,4
815,20260725,4
729,20260725,4
4670,20260725,4
3547,20260725,4
339,20260725,4
5693,20260725,4
179,20260725,4
4584,20260725,4
2557,20260725,4
5823,20260725,4
109,20260725,4
2647,20260725,4
5652,20260725,4
656,20260725,4
4262,20260725,4
2378,20260725,4
3061,20260725,4
1928,20260725,4
2133,20260725,4
2077,20260725,4
5068,20260725,4
880,20260725,4
388,20260725,4
3127,20260725,4
2837,20260725,4
2409,20260725,4
5690,20260725,4
3534,20260725,4
4740,20260725,4
2997,20260725,4
649,20260725,4
2746,20260725,4
809,20260725,4
3748,20260725,4
1358,20260725,4
5077,20260725,4
4395,20260725,4
4278,20260725,4
5654,20260725,4
2091,20260725,4
5602,20260725,4
3953,20260725,4
5470,20260725,4
1532,20260725,4
5835,20260725,4
4197,20260725,4
1565,20260725,4
1703,20260725,4
4399,20260725,4
4661,20260725,4
1968,20260725,4
2018,20260725,4
4968,20260725,4
4318,20260725,4
3006,20260725,4
3559,20260725,4
2566,20260725,4
2611,20260725,4
5800,20260725,4
736,20260725,4
2953,20260725,4
1335,20260725,4
2469,20260725,4
4200,20260725,4
4921,20260725,4
4720,20260725,4
3294,20260725,4
847,20260725,4
1803,20260725,4
1183,20260725,4
1283,20260725,4
3974,20260725,4
3269,20260725,4
4799,20260725,4
2166,20260725,4
3223,20260725,4
5436,20260725,4
156,20260725,4
476,20260725,4
3389,20260725,4
1097,20260725,4
5335,20260725,4
4426,20260725,4
332,20260725,4
5471,20260725,4
5047,20260725,4
3839,20260725,4
2324,20260725,4
2711,20260725,4
420,20260725,4
1340,20260725,4
2045,20260725,4
731,20260725,4
1626,20260725,4
1181,20260725,4
927,20260725,4
3461,20260725,4
5186,20260725,4
1486,20260725,4
2514,20260725,4
5036,20260725,4
3407,20260725,4
3923,20260725,4
5491,20260725,4
2778,20260725,4
5354,20260725,4
1553,20260725,4
1442,20260725,4
769,20260725,4
3663,20260725,4
4853,20260725,4
4995,20260725,4
1845,20260725,4
1487,20260725,4
1615,20260725,4
1239,20260725,4
4755,20260725,4
1562,20260725,4
582,20260725,4
3618,20260725,4
703,20260725,4
4040,20260725,4
2674,20260725,4
5855,20260725,4
4566,20260725,4
1915,20260725,4
1413,20260725,4
2957,20260725,4
810,20260725,4
137,20260725,4
2482,20260725,4
1642,20260725,4
2565,20260725,4
1276,20260725,4
1125,20260725,4
202,20260725,4
4321,20260725,4
1936,20260725,4
4894,20260725,4
291,20260725,4
1672,20260725,4
516,20260725,4
146,20260725,4
2944,20260725,4
5501,20260725,4
2242,20260725,4
3505,20260725,4
2426,20260725,4
350,20260725,4
4672,20260725,4
5116,20260725,4
3092,20260725,4
3811,20260725,4
1998,20260725,4
159,20260725,4
799,20260725,4
3871,20260725,4
470,20260725,4
2672,20260725,4
3635,20260725,4
298,20260725,4
3813,20260725,4
3861,20260725,4
5448,20260725,4
5128,20260725,4
2863,20260725,4
3731,20260725,4
4510,20260725,4
478,20260725,4
3522,20260725,4
3388,20260725,4
4651,20260725,4
3778,20260725,4
4903,20260725,4
5813,20260725,4
3431,20260725,4
4041,20260725,4
1605,20260725,4
5561,20260725,4
1456,20260725,4
3410,20260725,4
1401,20260725,4
3796,20260725,4
3051,20260725,4
2990,20260725,4
4413,20260725,4
5386,20260725,4
4120,20260725,4
4252,20260725,4
1244,20260725,4
4681,20260725,4
5320,20260725,4
3836,20260725,4
4602,20260725,4
721,20260725,4
3718,20260725,4
1539,20260725,4
1054,20260725,4
3031,20260725,4
2397,20260725,4
1577,20260725,4
630,20260725,4
5067,20260725,4
79,20260725,4
957,20260725,4
2544,20260725,4
5039,20260725,4
1788,20260725,4
897,20260725,4
3894,20260725,4
1620,20260725,4
4728,20260725,4
3345,20260725,4
5681,20260725,4
4298,20260725,4
3883,20260725,4
5033,20260725,4
878,20260725,4
4955,20260725,4
5731,20260725,4
773,20260725,4
778,20260725,4
1426,20260725,4
2586,20260725,4
1994,20260725,4
726,20260725,4
117,20260725,4
5307,20260725,4
597,20260725,4
1122,20260725,4
5341,20260725,4
3026,20260725,4
4387,20260725,4
3586,20260725,4
4285,20260725,4
5534,20260725,4
1155,20260725,4
5364,20260725,4
4855,20260725,4
898,20260725,4
2301,20260725,4
2073,20260725,4
2856,20260725,4
5738,20260725,4
2490,20260725,4
3168,20260725,4
3258,20260725,4
3234,20260725,4
2617,20260725,4
4085,20260725,4
4521,20260725,4
1872,20260725,4
4501,20260725,4
4981,20260725,4
1594,20260725,4
1808,20260725,4
5105,20260725,4
5250,20260725,4
621,20260725,4
5089,20260725,4
2927,20260725,4
607,20260725,4
5106,20260725,4
1102,20260725,4
3987,20260725,4
3468,20260725,4
3740,20260725,4
3399,20260725,4
1422,20260725,4
247,20260725,4
523,20260725,4
1500,20260725,4
1949,20260725,4
171,20260725,4
4089,20260725,4
1219,20260725,4
1861,20260725,4
4514,20260725,4
1360,20260725,4
4124,20260725,4
5276,20260725,4
2704,20260725,4
47,20260725,4
3993,20260725,4
5780,20260725,4
4137,20260725,4
1687,20260725,4
4379,20260725,4
3589,20260725,4
176,20260725,4
4257,20260725,4
4895,20260725,4
5865,20260725,4
2864,20260725,4
5382,20260725,4
2012,20260725,4
3463,20260725,4
5332,20260725,4
2179,20260725,4
1093,20260725,4
1031,20260725,4
3545,20260725,4
1434,20260725,4
2560,20260725,4
5155,20260725,4
3810,20260725,4
3672,20260725,4
434,20260725,4
2971,20260725,4
3591,20260725,4
4250,20260725,4
1495,20260725,4
700,20260725,4
2243,20260725,4
4870,20260725,4
2181,20260725,4
515,20260725,4
5775,20260725,4
472,20260725,4
136,20260725,4
4092,20260725,4
2747,20260725,4
5099,20260725,4
823,20260725,4
3981,20260725,4
983,20260725,4
1473,20260725,4
402,20260725,4
3523,20260725,4
4694,20260725,4
2391,20260725,4
1826,20260725,4
4111,20260725,4
455,20260725,4
134,20260725,4
3119,20260725,4
1065,20260725,4
4450,20260725,4
3604,20260725,4
3576,20260725,4
3131,20260725,4
4021,20260725,4
4403,20260725,4
3136,20260725,4
1556,20260725,4
4428,20260725,4
3484,20260725,4
4000,20260725,4
1016,20260725,4
2574,20260725,4
335,20260725,4
1529,20260725,4
4013,20260725,4
4340,20260725,4
5232,20260725,4
4913,20260725,4
1604,20260725,4
3785,20260725,4
5269,20260725,4
238,20260725,4
150,20260725,4
4988,20260725,4
4369,20260725,4
2359,20260725,4
5189,20260725,4
4549,20260725,4
2035,20260725,4
2960,20260725,4
5753,20260725,4
1204,20260725,4
5201,20260725,4
4113,20260725,4
1526,20260725,4
2824,20260725,4
4748,20260725,4
1964,20260725,4
2462,20260725,4
4216,20260725,4
1580,20260725,4
2867,20260725,4
1991,20260725,4
2847,20260725,4
473,20260725,4
1538,20260725,4
2737,20260725,4
262,20260725,4
398,20260725,4
610,20260725,4
641,20260725,4
3969,20260725,4
2936,20260725,4
5325,20260725,4
5582,20260725,4
4247,20260725,4
1622,20260725,4
198,20260725,4
5549,20260725,4
2220,20260725,4
2422,20260725,4
1524,20260725,4
738,20260725,4
2080,20260725,4
1891,20260725,4
3091,20260725,4
2141,20260725,4
2227,20260725,4
2412,20260725,4
2059,20260725,4
2600,20260725,4
3067,20260725,4
1394,20260725,4
664,20260725,4
4550,20260725,4
4434,20260725,4
2775,20260725,4
3130,20260725,4
3929,20260725,4
4495,20260725,4
4949,20260725,4
1799,20260725,4
1039,20260725,4
1270,20260725,4
4788,20260725,4
1823,20260725,4
2497,20260725,4
4883,20260725,4
1558,20260725,4
4808,20260725,4
3640,20260725,4
3503,20260725,4
936,20260725,4
357,20260725,4
2967,20260725,4
4223,20260725,4
3590,20260725,4
4416,20260725,4
793,20260725,4
3755,20260725,4
1286,20260725,4
2115,20260725,4
5149,20260725,4
3089,20260725,4
4240,20260725,4
5152,20260725,4
5336,20260725,4
2634,20260725,4
2718,20260725,4
1726,20260725,4
5685,20260725,4
3486,20260725,4
1052,20260725,4
1272,20260725,4
3365,20260725,4
2694,20260725,4
1755,20260725,4
4958,20260725,4
3017,20260725,4
429,20260725,4
3790,20260725,4
5000,20260725,4
1267,20260725,4
1744,20260725,4
1291,20260725,4
1436,20260725,4
4020,20260725,4
5281,20260725,4
3359,20260725,4
3656,20260725,4
1956,20260725,4
4038,20260725,4
4453,20260725,4
68,20260725,4
5133,20260725,4
110,20260725,4
3990,20260725,4
1735,20260725,4
5805,20260725,4
3391,20260725,4
158,20260725,4
3717,20260725,4
2224,20260725,4
1178,20260725,4
1123,20260725,4
1688,20260725,4
450,20260725,4
2689,20260725,4
2165,20260725,4
4911,20260725,4
4960,20260725,4
4334,20260725,4
5376,20260725,4
5617,20260725,4
508,20260725,4
5477,20260725,4
3647,20260725,4
5078,20260725,4
1274,20260725,4
1511,20260725,4
2241,20260725,4
165,20260725,4
2146,20260725,4
2989,20260725,4
3945,20260725,4
3854,20260725,4
5031,20260725,4
4178,20260725,4
995,20260725,4
25,20260725,4
1740,20260725,4
438,20260725,4
3754,20260725,4
3610,20260725,4
5221,20260725,4
2636,20260725,4
5125,20260725,4
1232,20260725,4
3668,20260725,4
4952,20260725,4
3728,20260725,4
3330,20260725,4
1020,20260725,4
2906,20260725,4
38,20260725,4
4546,20260725,4
2579,20260725,4
2875,20260725,4
4301,20260725,4
192,20260725,4
3145,20260725,4
4783,20260725,4
4217,20260725,4
51,20260725,4
1420,20260725,4
5238,20260725,4
479,20260725,4
3645,20260725,4
2926,20260725,4
5379,20260725,4
833,20260725,4
5243,20260725,4
2315,20260725,4
5606,20260725,4
2814,20260725,4
3869,20260725,4
2914,20260725,4
225,20260725,4
2771,20260725,4
2591,20260725,4
1728,20260725,4
905,20260725,4
2819,20260725,4
4320,20260725,4
5074,20260725,4
832,20260725,4
4192,20260725,4
5529,20260725,4
3465,20260725,4
5182,20260725,4
733,20260725,4
1502,20260725,4
677,20260725,4
2029,20260725,4
5314,20260725,4
3904,20260725,4
4599,20260725,4
3598,20260725,4
895,20260725,4
3029,20260725,4
5592,20260725,4
2499,20260725,4
1483,20260725,4
4869,20260725,4
3327,20260725,4
5253,20260725,4
4417,20260725,4
140,20260725,4
4304,20260725,4
2645,20260725,4
4897,20260725,4
3416,20260725,4
690,20260725,4
531,20260725,4
3162,20260725,4
2806,20260725,4
945,20260725,4
2540,20260725,4
1809,20260725,4
2219,20260725,4
4754,20260725,4
4746,20260725,4
3791,20260725,4
811,20260725,4
2985,20260725,4
2508,20260725,4
2282,20260725,4
1017,20260725,4
725,20260725,4
4498,20260725,4
2321,20260725,4
2459,20260725,4
4267,20260725,4
4704,20260725,4
5492,20260725,4
2506,20260725,4
1643,20260725,4
5608,20260725,4
221,20260725,4
5481,20260725,4
4759,20260725,4
646,20260725,4
4926,20260725,4
4673,20260725,4
5684,20260725,4
3832,20260725,4
5673,20260725,4
3276,20260725,4
3048,20260725,4
1635,20260725,4
111,20260725,4
5329,20260725,4
148,20260725,4
2596,20260725,4
2454,20260725,4
587,20260725,4
3149,20260725,4
4607,20260725,4
1088,20260725,4
5511,20260725,4
5655,20260725,4
4077,20260725,4
4469,20260725,4
4093,20260725,4
66,20260725,4
5457,20260725,4
1012,20260725,4
2500,20260725,4
1035,20260725,4
3949,20260725,4
5126,20260725,4
3278,20260725,4
3156,20260725,4
1197,20260725,4
1229,20260725,4
5645,20260725,4
1900,20260725,4
679,20260725,4
2102,20260725,4
5708,20260725,4
406,20260725,4
3073,20260725,4
3052,20260725,4
3601,20260725,4
2144,20260725,4
655,20260725,4
5745,20260725,4
4282,20260725,4
4053,20260725,4
2817,20260725,4
1827,20260725,4
2530,20260725,4
3821,20260725,4
50,20260725,4
654,20260725,4
5814,20260725,4
2348,20260725,4
2066,20260725,4
4663,20260725,4
2371,20260725,4
1721,20260725,4
1396,20260725,4
1277,20260725,4
3450,20260725,4
4062,20260725,4
3641,20260725,4
978,20260725,4
3476,20260725,4
4458,20260725,4
2607,20260725,4
1007,20260725,4
5641,20260725,4
3094,20260725,4
206,20260725,4
3879,20260725,4
1213,20260725,4
4135,20260725,4
4567,20260725,4
557,20260725,4
5296,20260725,4
710,20260725,4
3428,20260725,4
3737,20260725,4
3620,20260725,4
342,20260725,4
5424,20260725,4
3568,20260725,4
1591,20260725,4
4884,20260725,4
4154,20260725,4
1848,20260725,4
4756,20260725,4
4457,20260725,4
2693,20260725,4
2943,20260725,4
990,20260725,4
1697,20260725,4
2191,20260725,4
63,20260725,4
81,20260725,4
1461,20260725,4
661,20260725,4
4048,20260725,4
2238,20260725,4
4133,20260725,4
1044,20260725,4
1032,20260725,4
589,20260725,4
194,20260725,4
204,20260725,4
2288,20260725,4
1624,20260725,4
3435,20260725,4
2041,20260725,4
382,20260725,4
4594,20260725,4
1583,20260725,4
108,20260725,4
5790,20260725,4
1148,20260725,4
2884,20260725,4
1333,20260725,4
4784,20260725,4
3582,20260725,4
3027,20260725,4
1240,20260725,4
5700,20260725,4
1051,20260725,4
436,20260725,4
5669,20260725,4
5029,20260725,4
1683,20260725,4
3186,20260725,4
5463,20260725,4
5833,20260725,4
1680,20260725,4
5541,20260725,4
2404,20260725,4
2602,20260725,4
5349,20260725,4
3267,20260725,4
1692,20260725,4
1977,20260725,4
2192,20260725,4
423,20260725,4
5421,20260725,4
1989,20260725,4
2351,20260725,4
808,20260725,4
1249,20260725,4
3760,20260725,4
3363,20260725,4
5280,20260725,4
1890,20260725,4
1168,20260725,4
4722,20260725,4
3991,20260725,4
1174,20260725,4
2805,20260725,4
892,20260725,4
1646,20260725,4
2439,20260725,4
2434,20260725,4
2374,20260725,4
3784,20260725,4
3561,20260725,4
600,20260725,4
3371,20260725,4
803,20260725,4
2595,20260725,4
1681,20260725,4
1668,20260725,4
1414,20260725,4
828,20260725,4
662,20260725,4
5648,20260725,4
5510,20260725,4
1843,20260725,4
4140,20260725,4
328,20260725,4
1737,20260725,4
3914,20260725,4
4562,20260725,4
2302,20260725,4
581,20260725,4
2193,20260725,4
3459,20260725,4
4234,20260725,4
1921,20260725,4
1386,20260725,4
852,20260725,4
4875,20260725,4
2612,20260725,4
1926,20260725,4
5660,20260725,4
2658,20260725,4
1741,20260725,4
1974,20260725,4
955,20260725,4
748,20260725,4
5751,20260725,4
5015,20260725,4
586,20260725,4
4504,20260725,4
5018,20260725,4
941,20260725,4
889,20260725,4
3455,20260725,4
4500,20260725,4
2013,20260725,4
477,20260725,4
5661,20260725,4
392,20260725,4
5179,20260725,4
4236,20260725,4
756,20260725,4
4686,20260725,4
3489,20260725,4
3513,20260725,4
2909,20260725,4
4973,20260725,4
3206,20260725,4
3424,20260725,4
1969,20260725,4
2342,20260725,4
4824,20260725,4
1954,20260725,4
5319,20260725,4
1109,20260725,4
1902,20260725,4
3516,20260725,4
4972,20260725,4
2222,20260725,4
5030,20260725,4
669,20260725,4
2442,20260725,4
4174,20260725,4
346,20260725,4
1332,20260725,4
5172,20260725,4
2481,20260725,4
313,20260725,4
1796,20260725,4
4492,20260725,4
3030,20260725,4
17,20260725,4
3227,20260725,4
5293,20260725,4
4691,20260725,4
1437,20260725,4
503,20260725,4
2641,20260725,4
4917,20260725,4
4237,20260725,4
1428,20260725,4
174,20260725,4
5211,20260725,4
3671,20260725,4
708,20260725,4
2170,20260725,4
5070,20260725,4
790,20260725,4
3744,20260725,4
4800,20260725,4
5288,20260725,4
1575,20260725,4
5871,20260725,4
2318,20260725,4
1909,20260725,4
5020,20260725,4
3049,20260725,4
5771,20260725,4
2748,20260725,4
4347,20260725,4
2472,20260725,4
3439,20260725,4
2954,20260725,4
922,20260725,4
2039,20260725,4
3709,20260725,4
426,20260725,4
3872,20260725,4
5459,20260725,4
5183,20260725,4
2683,20260725,4
3437,20260725,4
363,20260725,4
3373,20260725,4
5166,20260725,4
960,20260725,4
3982,20260725,4
617,20260725,4
3289,20260725,4
5418,20260725,4
1874,20260725,4
302,20260725,4
139,20260725,4
3846,20260725,4
5863,20260725,4
4383,20260725,4
2776,20260725,4
4969,20260725,4
5236,20260725,4
4540,20260725,4
5396,20260725,4
2924,20260725,4
70,20260725,4
3600,20260725,4
2079,20260725,4
3404,20260725,4
327,20260725,4
4978,20260725,4
3320,20260725,4
1238,20260725,4
1850,20260725,4
2787,20260725,4
5006,20260725,4
5509,20260725,4
2978,20260725,4
4023,20260725,4
5121,20260725,4
5075,20260725,4
3114,20260725,4
1631,20260725,4
3088,20260725,4
308,20260725,4
2986,20260725,4
3724,20260725,4
422,20260725,4
1417,20260725,4
3522,20260726,0
5830,20260726,0
5429,20260726,0
5490,20260726,0
2427,20260726,0
3191,20260726,0
780,20260726,0
3033,20260726,0
3634,20260726,0
1152,20260726,0
909,20260726,0
8,20260726,0
2842,20260726,0
1346,20260726,0
3315,20260726,0
1984,20260726,0
3045,20260726,0
2416,20260726,0
2150,20260726,0
5253,20260726,0
2850,20260726,0
3888,20260726,0
2987,20260726,0
2718,20260726,0
2141,20260726,0
946,20260726,0
188,20260726,0
596,20260726,0
4536,20260726,0
660,20260726,0
1217,20260726,0
3447,20260726,0
146,20260726,0
1760,20260726,0
1136,20260726,0
691,20260726,0
380,20260726,0
4292,20260726,0
2823,20260726,0
4447,20260726,0
3417,20260726,0
1030,20260726,0
3162,20260726,0
1476,20260726,0
423,20260726,0
715,20260726,0
4205,20260726,0
3755,20260726,0
1151,20260726,0
4018,20260726,0
2569,20260726,0
2380,20260726,0
4476,20260726,0
4006,20260726,0
2782,20260726,0
4087,20260726,0
1470,20260726,0
3820,20260726,0
1872,20260726,0
4475,20260726,0
5712,20260726,0
2243,20260726,0
5421,20260726,0
816,20260726,0
2794,20260726,0
5062,20260726,0
2600,20260726,0
3968,20260726,0
1181,20260726,0
4383,20260726,0
2528,20260726,0
2500,20260726,0
192,20260726,0
2501,20260726,0
2303,20260726,0
830,20260726,0
4105,20260726,0
638,20260726,0
320,20260726,0
2112,20260726,0
2412,20260726,0
5342,20260726,0
3650,20260726,0
5167,20260726,0
3484,20260726,0
5365,20260726,0
4149,20260726,0
4120,20260726,0
579,20260726,0
3880,20260726,0
2069,20260726,0
2785,20260726,0
5866,20260726,0
5578,20260726,0
2483,20260726,0
1466,20260726,0
4885,20260726,0
4249,20260726,0
1302,20260726,0
2666,20260726,0
849,20260726,0
2474,20260726,0
3394,20260726,0
2346,20260726,0
5732,20260726,0
1137,20260726,0
3909,20260726,0
2191,20260726,0
5688,20260726,0
2667,20260726,0
890,20260726,0
4331,20260726,0
3442,20260726,0
2442,20260726,0
1740,20260726,0
2476,20260726,0
572,20260726,0
1548,20260726,0
1188,20260726,0
1765,20260726,0
3068,20260726,0
891,20260726,0
3450,20260726,0
2041,20260726,0
2586,20260726,0
4170,20260726,0
2963,20260726,0
5507,20260726,0
5586,20260726,0
1964,20260726,0
5832,20260726,0
4328,20260726,0
5255,20260726,0
5262,20260726,0
1246,20260726,0
3679,20260726,0
3473,20260726,0
3372,20260726,0
2976,20260726,0
1065,20260726,0
3500,20260726,0
5187,20260726,0
4757,20260726,0
977,20260726,0
5525,20260726,0
4021,20260726,0
49,20260726,0
4019,20260726,0
1413,20260726,0
5145,20260726,0
4708,20260726,0
461,20260726,0
4050,20260726,0
1307,20260726,0
330,20260726,0
1610,20260726,0
2159,20260726,0
657,20260726,0
1383,20260726,0
3292,20260726,0
1499,20260726,0
5373,20260726,0
2937,20260726,0
702,20260726,0
2897,20260726,0
4417,20260726,0
2193,20260726,0
4916,20260726,0
2278,20260726,0
4624,20260726,0
70,20260726,0
614,20260726,0
63,20260726,0
1323,20260726,0
67,20260726,0
2073,20260726,0
3215,20260726,0
5834,20260726,0
250,20260726,0
5577,20260726,0
4321,20260726,0
5774,20260726,0
5439,20260726,0
3719,20260726,0
4814,20260726,0
428,20260726,0
3151,20260726,0
40,20260726,0
4492,20260726,0
1445,20260726,0
3615,20260726,0
4895,20260726,0
1035,20260726,0
635,20260726,0
4628,20260726,0
4451,20260726,0
931,20260726,0
2315,20260726,0
5875,20260726,0
5865,20260726,0
3116,20260726,0
4034,20260726,0
3900,20260726,0
4305,20260726,0
1025,20260726,0
342,20260726,0
900,20260726,0
1034,20260726,0
1286,20260726,0
4893,20260726,0
5358,20260726,0
5171,20260726,0
334,20260726,0
3287,20260726,0
1355,20260726,0
5870,20260726,0
1840,20260726,0
4043,20260726,0
2859,20260726,0
622,20260726,0
1482,20260726,0
4310,20260726,0
2686,20260726,0
5330,20260726,0
1308,20260726,0
3257,20260726,0
2622,20260726,0
1245,20260726,0
4022,20260726,0
2316,20260726,0
3613,20260726,0
4203,20260726,0
399,20260726,0
2498,20260726,0
905,20260726,0
475,20260726,0
193,20260726,0
1835,20260726,0
4665,20260726,0
675,20260726,0
2765,20260726,0
2975,20260726,0
4428,20260726,0
3058,20260726,0
495,20260726,0
2668,20260726,0
1145,20260726,0
3810,20260726,0
5582,20260726,0
4408,20260726,0
3102,20260726,0
5763,20260726,0
4473,20260726,0
3521,20260726,0
3905,20260726,0
1665,20260726,0
4793,20260726,0
2893,20260726,0
36,20260726,0
2162,20260726,0
5845,20260726,0
4550,20260726,0
1694,20260726,0
3212,20260726,0
2661,20260726,0
5348,20260726,0
1508,20260726,0
2832,20260726,0
4978,20260726,0
3094,20260726,0
1125,20260726,0
4911,20260726,0
3715,20260726,0
2487,20260726,0
3360,20260726,0
951,20260726,0
1379,20260726,0
626,20260726,0
5088,20260726,0
2445,20260726,0
3285,20260726,0
5532,20260726,0
5791,20260726,0
2125,20260726,0
3352,20260726,0
4235,20260726,0
3179,20260726,0
3188,20260726,0
4197,20260726,0
5573,20260726,0
671,20260726,0
726,20260726,0
1431,20260726,0
1199,20260726,0
5798,20260726,0
1934,20260726,0
3565,20260726,0
2743,20260726,0
168,20260726,0
409,20260726,0
2404,20260726,0
1651,20260726,0
4127,20260726,0
1420,20260726,0
5684,20260726,0
4413,20260726,0
1987,20260726,0
610,20260726,0
1639,20260726,0
1452,20260726,0
2596,20260726,0
4883,20260726,0
3930,20260726,0
4118,20260726,0
5015,20260726,0
4805,20260726,0
1602,20260726,0
371,20260726,0
4273,20260726,0
5116,20260726,0
3666,20260726,0
2322,20260726,0
4489,20260726,0
35,20260726,0
2398,20260726,0
5595,20260726,0
2411,20260726,0
285,20260726,0
2515,20260726,0
1362,20260726,0
2681,20260726,0
2447,20260726,0
3407,20260726,0
895,20260726,0
2208,20260726,0
3935,20260726,0
1187,20260726,0
4250,20260726,0
2008,20260726,0
5755,20260726,0
1408,20260726,0
2709,20260726,0
2244,20260726,0
3265,20260726,0
1430,20260726,0
1343,20260726,0
4540,20260726,0
5414,20260726,0
3348,20260726,0
2582,20260726,0
1822,20260726,0
1977,20260726,0
2610,20260726,0
3138,20260726,0
2039,20260726,0
4715,20260726,0
4813,20260726,0
277,20260726,0
2699,20260726,0
5259,20260726,0
3825,20260726,0
4325,20260726,0
2057,20260726,0
2324,20260726,0
2121,20260726,0
3578,20260726,0
2604,20260726,0
2430,20260726,0
1048,20260726,0
2429,20260726,0
2635,20260726,0
1122,20260726,0
3575,20260726,0
2462,20260726,0
1089,20260726,0
2166,20260726,0
3914,20260726,0
5878,20260726,0
5047,20260726,0
1566,20260726,0
1969,20260726,0
2203,20260726,0
2684,20260726,0
4404,20260726,0
5821,20260726,0
3184,20260726,0
1997,20260726,0
4272,20260726,0
3459,20260726,0
2231,20260726,0
2195,20260726,0
2215,20260726,0
81,20260726,0
5220,20260726,0
3170,20260726,0
2002,20260726,0
1401,20260726,0
2025,20260726,0
5334,20260726,0
210,20260726,0
5854,20260726,0
5091,20260726,0
5075,20260726,0
2129,20260726,0
1166,20260726,0
4392,20260726,0
4246,20260726,0
5483,20260726,0
1358,20260726,0
2116,20260726,0
5165,20260726,0
1171,20260726,0
4705,20260726,0
5770,20260726,0
2994,20260726,0
5766,20260726,0
964,20260726,0
5627,20260726,0
4375,20260726,0
5826,20260726,0
1868,20260726,0
5828,20260726,0
3101,20260726,0
3958,20260726,0
37,20260726,0
4558,20260726,0
2395,20260726,0
2283,20260726,0
3709,20260726,0
5035,20260726,0
5256,20260726,0
326,20260726,0
1071,20260726,0
959,20260726,0
1133,20260726,0
1763,20260726,0
2270,20260726,0
4396,20260726,0
2561,20260726,0
4722,20260726,0
415,20260726,0
1803,20260726,0
2449,20260726,0
5672,20260726,0
2,20260726,0
2327,20260726,0
2464,20260726,0
563,20260726,0
5383,20260726,0
1053,20260726,0
3628,20260726,0
1559,20260726,0
465,20260726,0
4840,20260726,0
2752,20260726,0
3763,20260726,0
550,20260726,0
2784,20260726,0
2028,20260726,0
854,20260726,0
1280,20260726,0
1359,20260726,0
4044,20260726,0
3502,20260726,0
5043,20260726,0
3073,20260726,0
386,20260726,0
5636,20260726,0
615,20260726,0
2511,20260726,0
5298,20260726,0
2713,20260726,0
3027,20260726,0
986,20260726,0
2110,20260726,0
4461,20260726,0
5511,20260726,0
1044,20260726,0
3777,20260726,0
973,20260726,0
5843,20260726,0
2555,20260726,0
2566,20260726,0
34,20260726,0
4367,20260726,0
4470,20260726,0
5861,20260726,0
71,20260726,0
547,20260726,0
3199,20260726,0
3710,20260726,0
1232,20260726,0
2400,20260726,0
967,20260726,0
4991,20260726,0
1521,20260726,0
3604,20260726,0
3083,20260726,0
358,20260726,0
518,20260726,0
911,20260726,0
1497,20260726,0
3703,20260726,0
400,20260726,0
1364,20260726,0
2648,20260726,0
821,20260726,0
4356,20260726,0
809,20260726,0
5846,20260726,0
355,20260726,0
376,20260726,0
1733,20260726,0
215,20260726,0
1164,20260726,0
3596,20260726,0
5180,20260726,0
560,20260726,0
4129,20260726,0
5611,20260726,0
2155,20260726,0
1284,20260726,0
1704,20260726,0
2133,20260726,0
620,20260726,0
5465,20260726,0
4016,20260726,0
4163,20260726,0
4201,20260726,0
961,20260726,0
927,20260726,0
5028,20260726,0
4169,20260726,0
5668,20260726,0
5773,20260726,0
1047,20260726,0
418,20260726,0
1849,20260726,0
3906,20260726,0
462,20260726,0
2254,20260726,0
4333,20260726,0
4097,20260726,0
943,20260726,0
5403,20260726,0
3334,20260726,0
5303,20260726,0
3401,20260726,0
209,20260726,0
225,20260726,0
4047,20260726,0
5498,20260726,0
1692,20260726,0
5401,20260726,0
261,20260726,0
2266,20260726,0
301,20260726,0
4766,20260726,0
375,20260726,0
3278,20260726,0
877,20260726,0
150,20260726,0
2982,20260726,0
1491,20260726,0
5769,20260726,0
673,20260726,0
381,20260726,0
4884,20260726,0
536,20260726,0
3988,20260726,0
533,20260726,0
4010,20260726,0
4952,20260726,0
5052,20260726,0
3733,20260726,0
1933,20260726,0
1010,20260726,0
4768,20260726,0
1857,20260726,0
5082,20260726,0
3363,20260726,0
2234,20260726,0
4974,20260726,0
1249,20260726,0
751,20260726,0
2423,20260726,0
3674,20260726,0
3690,20260726,0
2645,20260726,0
5233,20260726,0
1185,20260726,0
4208,20260726,0
3714,20260726,0
4362,20260726,0
4613,20260726,0
617,20260726,0
896,20260726,0
2131,20260726,0
3284,20260726,0
5293,20260726,0
3398,20260726,0
3732,20260726,0
5564,20260726,0
1502,20260726,0
2926,20260726,0
3630,20260726,0
2245,20260726,0
4559,20260726,0
5473,20260726,0
1965,20260726,0
3857,20260726,0
5114,20260726,0
4931,20260726,0
5725,20260726,0
2318,20260726,0
3258,20260726,0
3756,20260726,0
1395,20260726,0
324,20260726,0
5471,20260726,0
549,20260726,0
3588,20260726,0
1714,20260726,0
2574,20260726,0
2225,20260726,0
2011,20260726,0
5017,20260726,0
763,20260726,0
2800,20260726,0
4668,20260726,0
5308,20260726,0
2537,20260726,0
3046,20260726,0
2488,20260726,0
1925,20260726,0
3157,20260726,0
5070,20260726,0
99,20260726,0
5825,20260726,0
3915,20260726,0
2616,20260726,0
2463,20260726,0
200,20260726,0
729,20260726,0
640,20260726,0
4122,20260726,0
2226,20260726,0
2532,20260726,0
4761,20260726,0
5721,20260726,0
2375,20260726,0
360,20260726,0
1262,20260726,0
5494,20260726,0
1546,20260726,0
4913,20260726,0
1351,20260726,0
2438,20260726,0
4057,20260726,0
1486,20260726,0
5235,20260726,0
1398,20260726,0
1886,20260726,0
394,20260726,0
2148,20260726,0
341,20260726,0
3946,20260726,0
2811,20260726,0
3337,20260726,0
3610,20260726,0
4697,20260726,0
3153,20260726,0
3897,20260726,0
1666,20260726,0
5777,20260726,0
1729,20260726,0
1194,20260726,0
522,20260726,0
558,20260726,0
915,20260726,0
3590,20260726,0
2909,20260726,0
1838,20260726,0
1962,20260726,0
41,20260726,0
3025,20260726,0
5331,20260726,0
5206,20260726,0
1681,20260726,0
4332,20260726,0
1797,20260726,0
2629,20260726,0
5113,20260726,0
3231,20260726,0
1702,20260726,0
5022,20260726,0
755,20260726,0
1488,20260726,0
1923,20260726,0
4337,20260726,0
1005,20260726,0
420,20260726,0
2989,20260726,0
2524,20260726,0
5565,20260726,0
3253,20260726,0
3244,20260726,0
1061,20260726,0
176,20260726,0
2097,20260726,0
104,20260726,0
1621,20260726,0
5186,20260726,0
3455,20260726,0
2285,20260726,0
4281,20260726,0
287,20260726,0
1341,20260726,0
3546,20260726,0
3197,20260726,0
5749,20260726,0
3822,20260726,0
2873,20260726,0
3976,20260726,0
5715,20260726,0
2393,20260726,0
866,20260726,0
4268,20260726,0
4460,20260726,0
573,20260726,0
80,20260726,0
1503,20260726,0
5144,20260726,0
3346,20260726,0
1046,20260726,0
59,20260726,0
5462,20260726,0
2061,20260726,0
5016,20260726,0
5677,20260726,0
4635,20260726,0
3039,20260726,0
4738,20260726,0
4980,20260726,0
1649,20260726,0
2323,20260726,0
4951,20260726,0
4198,20260726,0
5838,20260726,0
1085,20260726,0
3155,20260726,0
5227,20260726,0
2237,20260726,0
1198,20260726,0
2240,20260726,0
3947,20260726,0
4935,20260726,0
1634,20260726,0
4238,20260726,0
1713,20260726,0
4721,20260726,0
2179,20260726,0
5228,20260726,0
2047,20260726,0
612,20260726,0
1800,20260726,0
3378,20260726,0
3107,20260726,0
4845,20260726,0
565,20260726,0
5120,20260726,0
1330,20260726,0
3070,20260726,0
803,20260726,0
538,20260726,0
3845,20260726,0
148,20260726,0
700,20260726,0
913,20260726,0
3314,20260726,0
391,20260726,0
1273,20260726,0
2156,20260726,0
5005,20260726,0
4225,20260726,0
5270,20260726,0
3593,20260726,0
1727,20260726,0
5304,20260726,0
4072,20260726,0
5822,20260726,0
3419,20260726,0
1619,20260726,0
2456,20260726,0
2881,20260726,0
5652,20260726,0
4126,20260726,0
451,20260726,0
3221,20260726,0
4055,20260726,0
4080,20260726,0
2662,20260726,0
3182,20260726,0
3478,20260726,0
4720,20260726,0
5176,20260726,0
1956,20260726,0
2381,20260726,0
4875,20260726,0
926,20260726,0
2233,20260726,0
1363,20260726,0
2993,20260726,0
5092,20260726,0
4871,20260726,0
3004,20260726,0
4585,20260726,0
1529,20260726,0
4232,20260726,0
1550,20260726,0
382,20260726,0
3975,20260726,0
3987,20260726,0
1229,20260726,0
2551,20260726,0
5764,20260726,0
650,20260726,0
5391,20260726,0
4905,20260726,0
4077,20260726,0
562,20260726,0
758,20260726,0
5733,20260726,0
4810,20260726,0
5877,20260726,0
4291,20260726,0
4508,20260726,0
4578,20260726,0
3203,20260726,0
1182,20260726,0
1013,20260726,0
4890,20260726,0
2695,20260726,0
1222,20260726,0
5561,20260726,0
1860,20260726,0
645,20260726,0
4860,20260726,0
2567,20260726,0
4939,20260726,0
4463,20260726,0
2693,20260726,0
109,20260726,0
2512,20260726,0
3786,20260726,0
5626,20260726,0
449,20260726,0
4510,20260726,0
1753,20260726,0
3919,20260726,0
3080,20260726,0
1060,20260726,0
1396,20260726,0
247,20260726,0
5020,20260726,0
4700,20260726,0
16,20260726,0
5128,20260726,0
1299,20260726,0
2262,20260726,0
5802,20260726,0
2376,20260726,0
2007,20260726,0
3644,20260726,0
806,20260726,0
1019,20260726,0
5750,20260726,0
3362,20260726,0
4501,20260726,0
145,20260726,0
1290,20260726,0
4056,20260726,0
3817,20260726,0
5163,20260726,0
5624,20260726,0
3311,20260726,0
1866,20260726,0
3934,20260726,0
5320,20260726,0
487,20260726,0
2611,20260726,0
1863,20260726,0
637,20260726,0
4499,20260726,0
3532,20260726,0
4161,20260726,0
568,20260726,0
2299,20260726,0
3840,20260726,0
4882,20260726,0
4772,20260726,0
5050,20260726,0
4625,20260726,0
2308,20260726,0
5784,20260726,0
5036,20260726,0
4954,20260726,0
1616,20260726,0
1084,20260726,0
2810,20260726,0
4664,20260726,0
5722,20260726,0
3078,20260726,0
2104,20260726,0
2912,20260726,0
1039,20260726,0
4521,20260726,0
3939,20260726,0
1468,20260726,0
1087,20260726,0
1298,20260726,0
1115,20260726,0
3183,20260726,0
2443,20260726,0
1522,20260726,0
3444,20260726,0
1378,20260726,0
2186,20260726,0
1473,20260726,0
1968,20260726,0
1638,20260726,0
1303,20260726,0
1710,20260726,0
631,20260726,0
2653,20260726,0
1386,20260726,0
3990,20260726,0
807,20260726,0
2390,20260726,0
1062,20260726,0
4032,20260726,0
1312,20260726,0
1006,20260726,0
4902,20260726,0
4759,20260726,0
343,20260726,0
5622,20260726,0
2659,20260726,0
897,20260726,0
574,20260726,0
4088,20260726,0
4398,20260726,0
2726,20260726,0
1190,20260726,0
581,20260726,0
258,20260726,0
3734,20260726,0
5556,20260726,0
2899,20260726,0
1786,20260726,0
3616,20260726,0
3457,20260726,0
5316,20260726,0
853,20260726,0
1698,20260726,0
2379,20260726,0
4327,20260726,0
828,20260726,0
3379,20260726,0
3507,20260726,0
3218,20260726,0
1388,20260726,0
4689,20260726,0
5450,20260726,0
4124,20260726,0
4644,20260726,0
863,20260726,0
1593,20260726,0
5587,20260726,0
348,20260726,0
4583,20260726,0
3955,20260726,0
3924,20260726,0
5576,20260726,0
2180,20260726,0
92,20260726,0
137,20260726,0
455,20260726,0
2519,20260726,0
4621,20260726,0
4135,20260726,0
1808,20260726,0
5724,20260726,0
546,20260726,0
2337,20260726,0
3271,20260726,0
4949,20260726,0
4833,20260726,0
1138,20260726,0
1130,20260726,0
5628,20260726,0
4263,20260726,0
4427,20260726,0
4295,20260726,0
2877,20260726,0
4861,20260726,0
5537,20260726,0
2228,20260726,0
185,20260726,0
698,20260726,0
3309,20260726,0
2817,20260726,0
2705,20260726,0
3121,20260726,0
838,20260726,0
4095,20260726,0
4078,20260726,0
4573,20260726,0
4855,20260726,0
5728,20260726,0
5174,20260726,0
3658,20260726,0
3517,20260726,0
3677,20260726,0
3585,20260726,0
175,20260726,0
5132,20260726,0
3402,20260726,0
1372,20260726,0
4449,20260726,0
4180,20260726,0
274,20260726,0
1419,20260726,0
4560,20260726,0
2696,20260726,0
3842,20260726,0
5234,20260726,0
2209,20260726,0
3490,20260726,0
2968,20260726,0
1506,20260726,0
5502,20260726,0
561,20260726,0
685,20260726,0
5361,20260726,0
2119,20260726,0
5430,20260726,0
1707,20260726,0
4527,20260726,0
1781,20260726,0
4986,20260726,0
3640,20260726,0
1155,20260726,0
3413,20260726,0
4196,20260726,0
254,20260726,0
2665,20260726,0
5782,20260726,0
4552,20260726,0
1696,20260726,0
3350,20260726,0
2780,20260726,0
3942,20260726,0
3544,20260726,0
679,20260726,0
2894,20260726,0
393,20260726,0
5842,20260726,0
4799,20260726,0
2737,20260726,0
3694,20260726,0
3627,20260726,0
1366,20260726,0
1562,20260726,0
1589,20260726,0
4926,20260726,0
2246,20260726,0
761,20260726,0
2619,20260726,0
1795,20260726,0
2264,20260726,0
4897,20260726,0
937,20260726,0
1265,20260726,0
942,20260726,0
4082,20260726,0
2835,20260726,0
2957,20260726,0
3075,20260726,0
169,20260726,0
4576,20260726,0
3003,20260726,0
117,20260726,0
5663,20260726,0
2482,20260726,0
2674,20260726,0
1154,20260726,0
1741,20260726,0
2911,20260726,0
236,20260726,0
1675,20260726,0
62,20260726,0
453,20260726,0
5560,20260726,0
923,20260726,0
3092,20260726,0
3466,20260726,0
1357,20260726,0
4716,20260726,0
3525,20260726,0
390,20260726,0
2577,20260726,0
988,20260726,0
4903,20260726,0
2084,20260726,0
742,20260726,0
3163,20260726,0
3009,20260726,0
4353,20260726,0
2432,20260726,0
5790,20260726,0
2556,20260726,0
3706,20260726,0
3661,20260726,0
548,20260726,0
5778,20260726,0
3158,20260726,0
4014,20260726,0
4889,20260726,0
2863,20260726,0
3112,20260726,0
4659,20260726,0
1578,20260726,0
1839,20260726,0
1693,20260726,0
1043,20260726,0
1472,20260726,0
1574,20260726,0
5850,20260726,0
4128,20260726,0
4471,20260726,0
3832,20260726,0
2738,20260726,0
4688,20260726,0
3725,20260726,0
288,20260726,0
3229,20260726,0
1897,20260726,0
3700,20260726,0
424,20260726,0
5788,20260726,0
3925,20260726,0
2358,20260726,0
243,20260726,0
5111,20260726,0
1382,20260726,0
33,20260726,0
3324,20260726,0
2286,20260726,0
2247,20260726,0
5345,20260726,0
1253,20260726,0
5203,20260726,0
996,20260726,0
2173,20260726,0
1717,20260726,0
2211,20260726,0
1186,20260726,0
2510,20260726,0
357,20260726,0
1169,20260726,0
627,20260726,0
3954,20260726,0
2547,20260726,0
934,20260726,0
2746,20260726,0
4115,20260726,1
4880,20260726,1
5742,20260726,1
1730,20260726,1
5486,20260726,1
5336,20260726,1
189,20260726,1
575,20260726,1
4787,20260726,1
4314,20260726,1
5204,20260726,1
1426,20260726,1
5040,20260726,1
3109,20260726,1
653,20260726,1
4007,20260726,1
2941,20260726,1
589,20260726,1
1830,20260726,1
5819,20260726,1
5547,20260726,1
5101,20260726,1
1251,20260726,1
2732,20260726,1
4494,20260726,1
2924,20260726,1
1523,20260726,1
3750,20260726,1
3349,20260726,1
5370,20260726,1
5604,20260726,1
4143,20260726,1
1267,20260726,1
889,20260726,1
4862,20260726,1
4338,20260726,1
160,20260726,1
3036,20260726,1
5647,20260726,1
497,20260726,1
1603,20260726,1
3260,20260726,1
1640,20260726,1
3639,20260726,1
2597,20260726,1
938,20260726,1
663,20260726,1
1082,20260726,1
5254,20260726,1
512,20260726,1
2491,20260726,1
3884,20260726,1
2692,20260726,1
3904,20260726,1
2750,20260726,1
3049,20260726,1
3783,20260726,1
3746,20260726,1
1009,20260726,1
5049,20260726,1
5598,20260726,1
5319,20260726,1
4984,20260726,1
15,20260726,1
4342,20260726,1
3540,20260726,1
4542,20260726,1
2891,20260726,1
5475,20260726,1
4483,20260726,1
1805,20260726,1
4094,20260726,1
1709,20260726,1
1833,20260726,1
294,20260726,1
2643,20260726,1
4899,20260726,1
4921,20260726,1
962,20260726,1
3512,20260726,1
3467,20260726,1
1918,20260726,1
2490,20260726,1
4844,20260726,1
5157,20260726,1
417,20260726,1
3758,20260726,1
2973,20260726,1
1301,20260726,1
1235,20260726,1
5529,20260726,1
5524,20260726,1
5410,20260726,1
567,20260726,1
5851,20260726,1
1418,20260726,1
3793,20260726,1
3245,20260726,1
5612,20260726,1
435,20260726,1
3296,20260726,1
1900,20260726,1
1776,20260726,1
966,20260726,1
5085,20260726,1
1752,20260726,1
2503,20260726,1
5226,20260726,1
5580,20260726,1
4710,20260726,1
5514,20260726,1
4187,20260726,1
4570,20260726,1
2071,20260726,1
4076,20260726,1
1926,20260726,1
894,20260726,1
1345,20260726,1
3633,20260726,1
540,20260726,1
432,20260726,1
5076,20260726,1
4936,20260726,1
1576,20260726,1
672,20260726,1
941,20260726,1
1655,20260726,1
1659,20260726,1
1320,20260726,1
4794,20260726,1
1853,20260726,1
5393,20260726,1
5509,20260726,1
4839,20260726,1
4965,20260726,1
434,20260726,1
2565,20260726,1
2292,20260726,1
4481,20260726,1
5519,20260726,1
5544,20260726,1
5554,20260726,1
3962,20260726,1
3536,20260726,1
4646,20260726,1
5073,20260726,1
1135,20260726,1
5408,20260726,1
3751,20260726,1
2421,20260726,1
3895,20260726,1
1784,20260726,1
5198,20260726,1
1221,20260726,1
1587,20260726,1
1939,20260726,1
4992,20260726,1
5761,20260726,1
3970,20260726,1
3712,20260726,1
4038,20260726,1
4539,20260726,1
4134,20260726,1
338,20260726,1
4073,20260726,1
473,20260726,1
1757,20260726,1
3635,20260726,1
876,20260726,1
29,20260726,1
5855,20260726,1
3985,20260726,1
4301,20260726,1
2606,20260726,1
2347,20260726,1
3035,20260726,1
4602,20260726,1
3543,20260726,1
4612,20260726,1
4513,20260726,1
2970,20260726,1
411,20260726,1
582,20260726,1
955,20260726,1
2742,20260726,1
5311,20260726,1
2070,20260726,1
1424,20260726,1
1887,20260726,1
3290,20260726,1
2508,20260726,1
5044,20260726,1
2473,20260726,1
4803,20260726,1
2329,20260726,1
2795,20260726,1
4618,20260726,1
576,20260726,1
4709,20260726,1
885,20260726,1
3156,20260726,1
3831,20260726,1
2826,20260726,1
2857,20260726,1
3740,20260726,1
3767,20260726,1
2605,20260726,1
4200,20260726,1
651,20260726,1
1400,20260726,1
3482,20260726,1
5442,20260726,1
3659,20260726,1
530,20260726,1
4210,20260726,1
3886,20260726,1
2741,20260726,1
3403,20260726,1
1748,20260726,1
156,20260726,1
4746,20260726,1
5055,20260726,1
4212,20260726,1
2261,20260726,1
25,20260726,1
1721,20260726,1
2658,20260726,1
3013,20260726,1
2940,20260726,1
5601,20260726,1
32,20260726,1
4797,20260726,1
3764,20260726,1
5603,20260726,1
3808,20260726,1
1812,20260726,1
1831,20260726,1
1691,20260726,1
3373,20260726,1
5060,20260726,1
2026,20260726,1
4059,20260726,1
77,20260726,1
2971,20260726,1
1828,20260726,1
3167,20260726,1
1604,20260726,1
2652,20260726,1
5312,20260726,1
2219,20260726,1
5505,20260726,1
2590,20260726,1
3559,20260726,1
3129,20260726,1
2392,20260726,1
4604,20260726,1
5697,20260726,1
2808,20260726,1
5295,20260726,1
2050,20260726,1
2902,20260726,1
5212,20260726,1
5681,20260726,1
2095,20260726,1
1167,20260726,1
2871,20260726,1
3960,20260726,1
850,20260726,1
659,20260726,1
2829,20260726,1
3301,20260726,1
4701,20260726,1
2766,20260726,1
1023,20260726,1
1819,20260726,1
2259,20260726,1
794,20260726,1
3310,20260726,1
4060,20260726,1
5609,20260726,1
1051,20260726,1
256,20260726,1
1067,20260726,1
4789,20260726,1
5696,20260726,1
2935,20260726,1
2325,20260726,1
4407,20260726,1
2864,20260726,1
594,20260726,1
408,20260726,1
2001,20260726,1
2115,20260726,1
5272,20260726,1
3186,20260726,1
1770,20260726,1
805,20260726,1
4696,20260726,1
1161,20260726,1
5743,20260726,1
1471,20260726,1
717,20260726,1
2553,20260726,1
2516,20260726,1
2872,20260726,1
1227,20260726,1
103,20260726,1
4872,20260726,1
1700,20260726,1
3620,20260726,1
3106,20260726,1
2961,20260726,1
4763,20260726,1
4611,20260726,1
524,20260726,1
860,20260726,1
3430,20260726,1
5590,20260726,1
4309,20260726,1
2984,20260726,1
1728,20260726,1
3130,20260726,1
5541,20260726,1
19,20260726,1
4415,20260726,1
3801,20260726,1
93,20260726,1
3389,20260726,1
1599,20260726,1
5194,20260726,1
3152,20260726,1
2979,20260726,1
5138,20260726,1
419,20260726,1
920,20260726,1
1049,20260726,1
1328,20260726,1
901,20260726,1
4213,20260726,1
834,20260726,1
4425,20260726,1
2475,20260726,1
3365,20260726,1
4075,20260726,1
3211,20260726,1
5162,20260726,1
1002,20260726,1
1348,20260726,1
3496,20260726,1
3776,20260726,1
2101,20260726,1
3064,20260726,1
5375,20260726,1
4306,20260726,1
195,20260726,1
2107,20260726,1
826,20260726,1
4782,20260726,1
844,20260726,1
4753,20260726,1
5868,20260726,1
3142,20260726,1
5349,20260726,1
1538,20260726,1
5146,20260726,1
4426,20260726,1
3480,20260726,1
2946,20260726,1
4065,20260726,1
3353,20260726,1
5634,20260726,1
1129,20260726,1
4100,20260726,1
79,20260726,1
4025,20260726,1
1423,20260726,1
1340,20260726,1
1412,20260726,1
2806,20260726,1
1919,20260726,1
1453,20260726,1
904,20260726,1
3708,20260726,1
1563,20260726,1
5368,20260726,1
3874,20260726,1
3312,20260726,1
4148,20260726,1
4877,20260726,1
3891,20260726,1
12,20260726,1
2637,20260726,1
5126,20260726,1
5149,20260726,1
4993,20260726,1
124,20260726,1
1041,20260726,1
2573,20260726,1
4686,20260726,1
4155,20260726,1
5640,20260726,1
757,20260726,1
1256,20260726,1
5161,20260726,1
4977,20260726,1
5637,20260726,1
5340,20260726,1
1960,20260726,1
128,20260726,1
4523,20260726,1
4349,20260726,1
3236,20260726,1
69,20260726,1
2276,20260726,1
446,20260726,1
3742,20260726,1
3689,20260726,1
2920,20260726,1
1818,20260726,1
1458,20260726,1
1539,20260726,1
5758,20260726,1
1012,20260726,1
2383,20260726,1
3329,20260726,1
2075,20260726,1
1192,20260726,1
5271,20260726,1
2981,20260726,1
888,20260726,1
1614,20260726,1
1157,20260726,1
1778,20260726,1
5738,20260726,1
2700,20260726,1
1783,20260726,1
4117,20260726,1
4403,20260726,1
4364,20260726,1
4579,20260726,1
514,20260726,1
114,20260726,1
1206,20260726,1
2192,20260726,1
2860,20260726,1
352,20260726,1
4661,20260726,1
2969,20260726,1
1101,20260726,1
4487,20260726,1
5172,20260726,1
5667,20260726,1
3931,20260726,1
5701,20260726,1
2486,20260726,1
738,20260726,1
1988,20260726,1
2062,20260726,1
2670,20260726,1
703,20260726,1
1981,20260726,1
3918,20260726,1
1244,20260726,1
4858,20260726,1
4444,20260726,1
5170,20260726,1
5119,20260726,1
2138,20260726,1
3574,20260726,1
1630,20260726,1
3524,20260726,1
5545,20260726,1
51,20260726,1
2617,20260726,1
4388,20260726,1
4917,20260726,1
2349,20260726,1
1068,20260726,1
5746,20260726,1
557,20260726,1
30,20260726,1
3736,20260726,1
4,20260726,1
1411,20260726,1
163,20260726,1
1935,20260726,1
4175,20260726,1
1425,20260726,1
554,20260726,1
226,20260726,1
4734,20260726,1
3813,20260726,1
5692,20260726,1
2274,20260726,1
2020,20260726,1
4925,20260726,1
1518,20260726,1
233,20260726,1
5406,20260726,1
2304,20260726,1
4642,20260726,1
4355,20260726,1
1093,20260726,1
5364,20260726,1
4987,20260726,1
5695,20260726,1
2869,20260726,1
870,20260726,1
5154,20260726,1
331,20260726,1
1233,20260726,1
302,20260726,1
4758,20260726,1
1813,20260726,1
1114,20260726,1
1657,20260726,1
3498,20260726,1
3984,20260726,1
4474,20260726,1
2450,20260726,1
143,20260726,1
1394,20260726,1
427,20260726,1
3768,20260726,1
3681,20260726,1
2786,20260726,1
1287,20260726,1
4533,20260726,1
1877,20260726,1
3082,20260726,1
5566,20260726,1
1266,20260726,1
1201,20260726,1
4439,20260726,1
125,20260726,1
3771,20260726,1
3063,20260726,1
3804,20260726,1
2840,20260726,1
3327,20260726,1
4907,20260726,1
5470,20260726,1
5265,20260726,1
5001,20260726,1
4808,20260726,1
5173,20260726,1
1437,20260726,1
303,20260726,1
2898,20260726,1
1020,20260726,1
1676,20260726,1
5630,20260726,1
3780,20260726,1
489,20260726,1
307,20260726,1
843,20260726,1
3723,20260726,1
354,20260726,1
5736,20260726,1
2730,20260726,1
4790,20260726,1
586,20260726,1
2505,20260726,1
4466,20260726,1
765,20260726,1
2502,20260726,1
1688,20260726,1
5618,20260726,1
106,20260726,1
1706,20260726,1
97,20260726,1
206,20260726,1
4669,20260726,1
5860,20260726,1
2992,20260726,1
3901,20260726,1
2760,20260726,1
5286,20260726,1
4924,20260726,1
2714,20260726,1
3861,20260726,1
1134,20260726,1
789,20260726,1
981,20260726,1
1365,20260726,1
3261,20260726,1
3023,20260726,1
1446,20260726,1
2428,20260726,1
4571,20260726,1
2664,20260726,1
5431,20260726,1
2105,20260726,1
4099,20260726,1
286,20260726,1
4546,20260726,1
2845,20260726,1
5550,20260726,1
2820,20260726,1
5569,20260726,1
4051,20260726,1
4506,20260726,1
3791,20260726,1
3460,20260726,1
5260,20260726,1
5607,20260726,1
3550,20260726,1
74,20260726,1
1288,20260726,1
2548,20260726,1
3739,20260726,1
4255,20260726,1
273,20260726,1
2335,20260726,1
4438,20260726,1
5133,20260726,1
760,20260726,1
5026,20260726,1
3745,20260726,1
2880,20260726,1
3411,20260726,1
2716,20260726,1
5208,20260726,1
2216,20260726,1
5621,20260726,1
2995,20260726,1
3637,20260726,1
5820,20260726,1
4248,20260726,1
5380,20260726,1
3823,20260726,1
3374,20260726,1
1264,20260726,1
2761,20260726,1
5321,20260726,1
4359,20260726,1
1971,20260726,1
369,20260726,1
1440,20260726,1
4147,20260726,1
505,20260726,1
3050,20260726,1
3581,20260726,1
1660,20260726,1
98,20260726,1
646,20260726,1
5645,20260726,1
4450,20260726,1
359,20260726,1
609,20260726,1
2966,20260726,1
5863,20260726,1
4096,20260726,1
3042,20260726,1
46,20260726,1
4202,20260726,1
2740,20260726,1
1257,20260726,1
4453,20260726,1
5705,20260726,1
4240,20260726,1
683,20260726,1
847,20260726,1
4809,20260726,1
2518,20260726,1
235,20260726,1
2113,20260726,1
2269,20260726,1
454,20260726,1
4416,20260726,1
467,20260726,1
1683,20260726,1
4822,20260726,1
3483,20260726,1
3059,20260726,1
1985,20260726,1
3992,20260726,1
1970,20260726,1
3799,20260726,1
3118,20260726,1
5445,20260726,1
1353,20260726,1
3193,20260726,1
5078,20260726,1
410,20260726,1
3920,20260726,1
2632,20260726,1
5464,20260726,1
5485,20260726,1
2641,20260726,1
3386,20260726,1
2802,20260726,1
1632,20260726,1
4207,20260726,1
5491,20260726,1
1894,20260726,1
2781,20260726,1
3005,20260726,1
1954,20260726,1
1173,20260726,1
316,20260726,1
1309,20260726,1
3698,20260726,1
5243,20260726,1
4638,20260726,1
5395,20260726,1
2628,20260726,1
4606,20260726,1
5069,20260726,1
5592,20260726,1
1743,20260726,1
4828,20260726,1
1525,20260726,1
4245,20260726,1
5426,20260726,1
2090,20260726,1
2734,20260726,1
464,20260726,1
4389,20260726,1
2868,20260726,1
2333,20260726,1
1759,20260726,1
5641,20260726,1
762,20260726,1
3065,20260726,1
4581,20260726,1
1054,20260726,1
3114,20260726,1
3458,20260726,1
3074,20260726,1
3853,20260726,1
1380,20260726,1
869,20260726,1
5374,20260726,1
337,20260726,1
2212,20260726,1
3867,20260726,1
4363,20260726,1
1884,20260726,1
2471,20260726,1
2922,20260726,1
4596,20260726,1
2708,20260726,1
5858,20260726,1
45,20260726,1
1429,20260726,1
930,20260726,1
1492,20260726,1
2650,20260726,1
593,20260726,1
2813,20260726,1
4282,20260726,1
3870,20260726,1
458,20260726,1
5142,20260726,1
1911,20260726,1
3577,20260726,1
983,20260726,1
1465,20260726,1
2142,20260726,1
3603,20260726,1
1847,20260726,1
3807,20260726,1
865,20260726,1
3060,20260726,1
266,20260726,1
3150,20260726,1
1475,20260726,1
89,20260726,1
7,20260726,1
2032,20260726,1
2439,20260726,1
363,20260726,1
1289,20260726,1
978,20260726,1
3125,20260726,1
4859,20260726,1
4168,20260726,1
3406,20260726,1
785,20260726,1
3456,20260726,1
2827,20260726,1
2279,20260726,1
2804,20260726,1
708,20260726,1
3147,20260726,1
283,20260726,1
2770,20260726,1
244,20260726,1
5141,20260726,1
2066,20260726,1
4823,20260726,1
3281,20260726,1
3345,20260726,1
4009,20260726,1
5687,20260726,1
2415,20260726,1
2158,20260726,1
4627,20260726,1
2080,20260726,1
2004,20260726,1
4214,20260726,1
1460,20260726,1
5526,20260726,1
4443,20260726,1
5,20260726,1
1865,20260726,1
3376,20260726,1
1038,20260726,1
1674,20260726,1
172,20260726,1
1436,20260726,1
164,20260726,1
1095,20260726,1
4994,20260726,1
26,20260726,1
4074,20260726,1
3663,20260726,1
3368,20260726,1
5613,20260726,1
5552,20260726,1
5799,20260726,1
5497,20260726,1
5387,20260726,1
3991,20260726,1
958,20260726,1
5257,20260726,1
3583,20260726,1
2367,20260726,1
2621,20260726,1
2489,20260726,1
5288,20260726,1
3907,20260726,1
2374,20260726,1
2202,20260726,1
655,20260726,1
3020,20260726,1
872,20260726,1
2747,20260726,1
5089,20260726,1
3175,20260726,1
1852,20260726,1
3233,20260726,1
2733,20260726,1
5300,20260726,1
4251,20260726,1
4351,20260726,1
1077,20260726,1
2651,20260726,1
4630,20260726,1
1076,20260726,1
90,20260726,1
5427,20260726,1
1647,20260726,1
601,20260726,1
5281,20260726,1
3357,20260726,1
4112,20260726,1
82,20260726,1
2599,20260726,1
3964,20260726,1
5056,20260726,1
4865,20260726,1
5425,20260726,1
1278,20260726,1
4334,20260726,1
5376,20260726,1
5352,20260726,1
3509,20260726,1
4528,20260726,1
881,20260726,1
4320,20260726,1
5098,20260726,1
3269,20260726,1
314,20260726,1
972,20260726,1
2598,20260726,1
1679,20260726,1
1272,20260726,1
2836,20260726,1
204,20260726,1
5237,20260726,1
1377,20260726,1
2309,20260726,1
1725,20260726,1
442,20260726,1
4953,20260726,1
5673,20260726,1
4853,20260726,1
2134,20260726,1
3248,20260726,1
4671,20260726,1
5840,20260726,1
5355,20260726,1
3828,20260726,1
5649,20260726,1
1195,20260726,1
4029,20260726,1
4493,20260726,1
1516,20260726,1
3979,20260726,1
4730,20260726,1
3331,20260726,1
720,20260726,1
728,20260726,1
2523,20260726,1
2759,20260726,1
5335,20260726,1
2468,20260726,1
1633,20260726,1
2821,20260726,1
2455,20260726,1
3470,20260726,1
2493,20260726,1
5574,20260726,1
3479,20260726,1
1369,20260726,1
3200,20260726,1
1680,20260726,1
2887,20260726,1
173,20260726,1
4344,20260726,1
2722,20260726,1
3655,20260726,1
3971,20260726,1
5503,20260726,1
3110,20260726,1
2451,20260726,1
5382,20260726,1
365,20260726,1
528,20260726,1
1607,20260726,1
107,20260726,1
4153,20260726,1
1927,20260726,1
2882,20260726,1
1123,20260726,1
688,20260726,1
5639,20260726,1
3852,20260726,1
4185,20260726,1
4748,20260726,1
2136,20260726,1
340,20260726,1
4244,20260726,1
57,20260726,1
5813,20260726,1
2065,20260726,1
4747,20260726,1
2592,20260726,1
2250,20260726,1
4745,20260726,1
483,20260726,1
3034,20260726,1
796,20260726,1
4704,20260726,1
1103,20260726,1
1627,20260726,1
2721,20260726,1
149,20260726,1
4737,20260726,1
2063,20260726,1
949,20260726,1
3691,20260726,1
22,20260726,1
1673,20260726,1
4012,20260726,1
3072,20260726,1
1236,20260726,1
1045,20260726,1
452,20260726,1
5363,20260726,1
4714,20260726,1
2803,20260726,1
2356,20260726,1
5651,20260726,1
3824,20260726,1
2420,20260726,1
328,20260726,1
202,20260726,1
1485,20260726,1
5602,20260726,1
1880,20260726,1
5869,20260726,1
4626,20260726,1
2801,20260726,1
2540,20260726,1
1940,20260726,1
5063,20260726,1
1571,20260726,1
3297,20260726,1
3889,20260726,1
4182,20260726,1
5835,20260726,1
2506,20260726,1
4636,20260726,1
3294,20260726,1
3844,20260726,1
1449,20260726,1
5792,20260726,1
211,20260726,1
827,20260726,1
5833,20260726,1
5090,20260726,1
1402,20260726,1
711,20260726,1
4468,20260726,1
1531,20260726,1
5150,20260726,1
3881,20260726,1
825,20260726,1
5002,20260726,1
2588,20260726,1
2151,20260726,1
608,20260726,1
3441,20260726,1
1127,20260726,1
4004,20260726,1
1252,20260726,1
4577,20260726,1
2397,20260726,1
654,20260726,1
4269,20260726,1
2224,20260726,1
906,20260726,1
1319,20260726,1
136,20260726,1
2889,20260726,1
1141,20260726,1
1078,20260726,1
3062,20260726,1
60,20260726,1
3169,20260726,1
3493,20260726,1
3724,20260726,1
5369,20260726,1
1153,20260726,1
5776,20260726,1
3855,20260726,1
502,20260726,1
1986,20260726,1
5831,20260726,1
2594,20260726,1
5744,20260726,1
2341,20260726,1
1498,20260726,1
1079,20260726,1
3623,20260726,1
2956,20260726,1
3343,20260726,1
5343,20260726,1
5591,20260726,1
396,20260726,1
750,20260726,1
5175,20260726,1
5074,20260726,1
5492,20260726,1
5808,20260726,1
4234,20260726,1
5454,20260726,1
952,20260726,1
1489,20260726,1
1524,20260726,1
436,20260726,1
1879,20260726,1
2763,20260726,1
4983,20260726,1
5315,20260726,1
201,20260726,1
5805,20260726,1
4469,20260726,1
693,20260726,1
5124,20260726,1
771,20260726,1
5428,20260726,1
3523,20260726,1
678,20260726,1
5661,20260726,1
2345,20260726,1
3113,20260726,1
4989,20260726,1
5158,20260726,1
5717,20260726,1
2702,20260726,1
879,20260726,1
2017,20260726,1
1938,20260726,1
4945,20260726,1
2875,20260726,1
4982,20260726,1
3721,20260726,1
3131,20260726,1
4218,20260726,1
4431,20260726,1
4929,20260726,1
3139,20260726,1
2015,20260726,1
1203,20260726,1
2723,20260726,1
1871,20260726,1
4981,20260726,1
2461,20260726,1
1761,20260726,1
2575,20260726,1
3235,20260726,1
4079,20260726,1
2954,20260726,1
4209,20260726,1
5815,20260726,1
3098,20260726,1
5394,20260726,1
1409,20260726,1
5134,20260726,1
4421,20260726,1
2431,20260726,1
840,20260726,1
4257,20260726,1
2027,20260726,1
1339,20260726,1
4369,20260726,1
1755,20260726,1
1904,20260726,1
5297,20260726,1
4593,20260726,1
401,20260726,1
4283,20260726,1
1111,20260726,1
4946,20260726,1
4503,20260726,1
1360,20260726,1
3161,20260726,1
2991,20260726,1
5597,20260726,1
5555,20260726,1
88,20260726,1
4592,20260726,1
2707,20260726,1
3695,20260726,1
5030,20260726,1
2944,20260726,1
2847,20260726,1
1837,20260726,1
2990,20260726,1
3135,20260726,1
3961,20260726,1
4452,20260726,1
309,20260726,1
1117,20260726,1
1758,20260726,1
2534,20260726,1
592,20260726,1
618,20260726,1
2094,20260726,1
2453,20260726,1
3426,20260726,1
1510,20260726,1
4956,20260726,1
3533,20260726,1
1975,20260726,1
1597,20260726,1
503,20260726,1
4514,20260726,1
3242,20260726,1
1170,20260726,1
2825,20260726,1
4726,20260726,1
1142,20260726,1
882,20260726,1
670,20260726,1
971,20260726,1
2607,20260726,1
3834,20260726,1
3134,20260726,1
815,20260726,1
2657,20260726,1
3894,20260726,1
1586,20260726,2
4411,20260726,2
5867,20260726,2
665,20260726,2
4681,20260726,2
2372,20260726,2
5130,20260726,2
3497,20260726,2
2035,20260726,2
2917,20260726,2
4658,20260726,2
4064,20260726,2
2355,20260726,2
4672,20260726,2
231,20260726,2
1512,20260726,2
5751,20260726,2
2529,20260726,2
170,20260726,2
701,20260726,2
687,20260726,2
2677,20260726,2
2841,20260726,2
3611,20260726,2
5066,20260726,2
3676,20260726,2
3443,20260726,2
2745,20260726,2
4374,20260726,2
197,20260726,2
5720,20260726,2
3775,20260726,2
1146,20260726,2
5329,20260726,2
311,20260726,2
5224,20260726,2
2301,20260726,2
3213,20260726,2
842,20260726,2
1504,20260726,2
722,20260726,2
4545,20260726,2
2717,20260726,2
329,20260726,2
1734,20260726,2
5209,20260726,2
3280,20260726,2
2583,20260726,2
3325,20260726,2
4922,20260726,2
4511,20260726,2
837,20260726,2
1066,20260726,2
3249,20260726,2
42,20260726,2
1172,20260726,2
1772,20260726,2
3341,20260726,2
3180,20260726,2
3506,20260726,2
1670,20260726,2
5250,20260726,2
374,20260726,2
3693,20260726,2
517,20260726,2
1570,20260726,2
1329,20260726,2
3928,20260726,2
4192,20260726,2
292,20260726,2
5862,20260726,2
5313,20260726,2
1913,20260726,2
1724,20260726,2
4001,20260726,2
3021,20260726,2
2983,20260726,2
23,20260726,2
1477,20260726,2
4930,20260726,2
4586,20260726,2
4707,20260726,2
1478,20260726,2
5416,20260726,2
604,20260726,2
4610,20260726,2
2387,20260726,2
1617,20260726,2
1422,20260726,2
1210,20260726,2
403,20260726,2
3508,20260726,2
3821,20260726,2
378,20260726,2
13,20260726,2
3856,20260726,2
5793,20260726,2
2407,20260726,2
477,20260726,2
3735,20260726,2
5675,20260726,2
5354,20260726,2
3557,20260726,2
4420,20260726,2
2772,20260726,2
1928,20260726,2
4675,20260726,2
459,20260726,2
4323,20260726,2
4376,20260726,2
1561,20260726,2
208,20260726,2
1891,20260726,2
1528,20260726,2
2480,20260726,2
5183,20260726,2
5588,20260726,2
3469,20260726,2
5217,20260726,2
1885,20260726,2
4313,20260726,2
1083,20260726,2
5797,20260726,2
203,20260726,2
5197,20260726,2
3811,20260726,2
2378,20260726,2
811,20260726,2
2856,20260726,2
2023,20260726,2
3397,20260726,2
3302,20260726,2
1032,20260726,2
2689,20260726,2
4515,20260726,2
5247,20260726,2
3916,20260726,2
836,20260726,2
5553,20260726,2
2236,20260726,2
3876,20260726,2
2060,20260726,2
5506,20260726,2
2289,20260726,2
697,20260726,2
3781,20260726,2
791,20260726,2
984,20260726,2
1952,20260726,2
3434,20260726,2
4767,20260726,2
3943,20260726,2
1742,20260726,2
2122,20260726,2
1376,20260726,2
1224,20260726,2
4456,20260726,2
642,20260726,2
2361,20260726,2
3687,20260726,2
5121,20260726,2
4177,20260726,2
1211,20260726,2
883,20260726,2
4152,20260726,2
3839,20260726,2
1124,20260726,2
3164,20260726,2
4650,20260726,2
4171,20260726,2
4702,20260726,2
4335,20260726,2
86,20260726,2
4372,20260726,2
5164,20260726,2
289,20260726,2
3122,20260726,2
4620,20260726,2
4459,20260726,2
4247,20260726,2
2332,20260726,2
5118,20260726,2
2585,20260726,2
1433,20260726,2
5274,20260726,2
5223,20260726,2
1180,20260726,2
322,20260726,2
2907,20260726,2
3178,20260726,2
3887,20260726,2
5664,20260726,2
3388,20260726,2
5768,20260726,2
4302,20260726,2
3154,20260726,2
526,20260726,2
3173,20260726,2
4850,20260726,2
466,20260726,2
859,20260726,2
2654,20260726,2
3481,20260726,2
1205,20260726,2
2422,20260726,2
3198,20260726,2
2311,20260726,2
3648,20260726,2
2939,20260726,2
3380,20260726,2
4674,20260726,2
3977,20260726,2
3093,20260726,2
3923,20260726,2
4432,20260726,2
5110,20260726,2
368,20260726,2
1802,20260726,2
2256,20260726,2
407,20260726,2
985,20260726,2
4286,20260726,2
2312,20260726,2
1601,20260726,2
1567,20260726,2
1798,20260726,2
5606,20260726,2
3670,20260726,2
2328,20260726,2
4582,20260726,2
4717,20260726,2
317,20260726,2
1011,20260726,2
965,20260726,2
532,20260726,2
142,20260726,2
846,20260726,2
3396,20260726,2
1042,20260726,2
4069,20260726,2
3973,20260726,2
2199,20260726,2
4847,20260726,2
918,20260726,2
1990,20260726,2
4289,20260726,2
544,20260726,2
5325,20260726,2
4712,20260726,2
2092,20260726,2
3514,20260726,2
1037,20260726,2
2948,20260726,2
3144,20260726,2
3495,20260726,2
5072,20260726,2
3731,20260726,2
321,20260726,2
1794,20260726,2
1274,20260726,2
3320,20260726,2
4524,20260726,2
3643,20260726,2
508,20260726,2
1421,20260726,2
994,20260726,2
3414,20260726,2
4760,20260726,2
5289,20260726,2
1663,20260726,2
318,20260726,2
3836,20260726,2
2729,20260726,2
426,20260726,2
4834,20260726,2
950,20260726,2
3364,20260726,2
4619,20260726,2
525,20260726,2
470,20260726,2
413,20260726,2
3558,20260726,2
2055,20260726,2
5680,20260726,2
5249,20260726,2
2530,20260726,2
4181,20260726,2
1966,20260726,2
974,20260726,2
5468,20260726,2
662,20260726,2
174,20260726,2
633,20260726,2
745,20260726,2
3784,20260726,2
4682,20260726,2
1326,20260726,2
1628,20260726,2
2377,20260726,2
4093,20260726,2
2418,20260726,2
4394,20260726,2
4654,20260726,2
2170,20260726,2
1417,20260726,2
4972,20260726,2
2949,20260726,2
4496,20260726,2
2792,20260726,2
1397,20260726,2
3805,20260726,2
4970,20260726,2
4347,20260726,2
5804,20260726,2
2068,20260726,2
3089,20260726,2
2731,20260726,2
5534,20260726,2
1766,20260726,2
3537,20260726,2
2014,20260726,2
5196,20260726,2
4042,20260726,2
2024,20260726,2
4547,20260726,2
3607,20260726,2
1515,20260726,2
4462,20260726,2
1810,20260726,2
1686,20260726,2
4580,20260726,2
3504,20260726,2
5812,20260726,2
4220,20260726,2
4312,20260726,2
2631,20260726,2
96,20260726,2
3945,20260726,2
4339,20260726,2
1648,20260726,2
116,20260726,2
5734,20260726,2
798,20260726,2
3618,20260726,2
5619,20260726,2
282,20260726,2
4385,20260726,2
5723,20260726,2
5657,20260726,2
3439,20260726,2
5332,20260726,2
2749,20260726,2
5707,20260726,2
2589,20260726,2
4236,20260726,2
3576,20260726,2
1537,20260726,2
5202,20260726,2
94,20260726,2
3778,20260726,2
5487,20260726,2
2340,20260726,2
2728,20260726,2
481,20260726,2
5631,20260726,2
496,20260726,2
3222,20260726,2
3757,20260726,2
2507,20260726,2
4535,20260726,2
3339,20260726,2
2350,20260726,2
4252,20260726,2
3819,20260726,2
4891,20260726,2
284,20260726,2
5710,20260726,2
3626,20260726,2
1113,20260726,2
5314,20260726,2
4458,20260726,2
4947,20260726,2
298,20260726,2
5615,20260726,2
2876,20260726,2
3664,20260726,2
4960,20260726,2
4912,20260726,2
5007,20260726,2
1063,20260726,2
4657,20260726,2
602,20260726,2
2642,20260726,2
3295,20260726,2
1930,20260726,2
1626,20260726,2
4324,20260726,2
864,20260726,2
3940,20260726,2
1629,20260726,2
223,20260726,2
3765,20260726,2
3516,20260726,2
5814,20260726,2
39,20260726,2
5096,20260726,2
4680,20260726,2
1072,20260726,2
5034,20260726,2
2229,20260726,2
4614,20260726,2
4599,20260726,2
1444,20260726,2
2618,20260726,2
1850,20260726,2
4892,20260726,2
4142,20260726,2
2549,20260726,2
350,20260726,2
4183,20260726,2
3119,20260726,2
3882,20260726,2
3566,20260726,2
2542,20260726,2
472,20260726,2
3847,20260726,2
3978,20260726,2
603,20260726,2
3262,20260726,2
1507,20260726,2
4036,20260726,2
5379,20260726,2
5131,20260726,2
511,20260726,2
652,20260726,2
2818,20260726,2
5151,20260726,2
3754,20260726,2
669,20260726,2
479,20260726,2
4293,20260726,2
5326,20260726,2
2338,20260726,2
2317,20260726,2
3996,20260726,2
227,20260726,2
559,20260726,2
327,20260726,2
2748,20260726,2
3534,20260726,2
4381,20260726,2
1606,20260726,2
3123,20260726,2
3316,20260726,2
3937,20260726,2
4641,20260726,2
3395,20260726,2
1620,20260726,2
1806,20260726,2
5795,20260726,2
2098,20260726,2
4864,20260726,2
3099,20260726,2
773,20260726,2
1624,20260726,2
1699,20260726,2
238,20260726,2
2929,20260726,2
5109,20260726,2
5106,20260726,2
2396,20260726,2
2791,20260726,2
1387,20260726,2
3238,20260726,2
5159,20260726,2
1148,20260726,2
3429,20260726,2
4430,20260726,2
249,20260726,2
5042,20260726,2
4132,20260726,2
801,20260726,2
3451,20260726,2
2230,20260726,2
2196,20260726,2
873,20260726,2
516,20260726,2
1982,20260726,2
4663,20260726,2
5086,20260726,2
5010,20260726,2
5294,20260726,2
2527,20260726,2
1494,20260726,2
5398,20260726,2
3143,20260726,2
2703,20260726,2
3727,20260726,2
4788,20260726,2
3471,20260726,2
3206,20260726,2
5023,20260726,2
3359,20260726,2
5115,20260726,2
3858,20260726,2
998,20260726,2
388,20260726,2
1313,20260726,2
4607,20260726,2
379,20260726,2
5245,20260726,2
4176,20260726,2
315,20260726,2
4651,20260726,2
2465,20260726,2
4472,20260726,2
4495,20260726,2
1996,20260726,2
606,20260726,2
2470,20260726,2
2526,20260726,2
4729,20260726,2
862,20260726,2
3237,20260726,2
5589,20260726,2
4101,20260726,2
1735,20260726,2
4887,20260726,2
5291,20260726,2
4024,20260726,2
4736,20260726,2
1585,20260726,2
3608,20260726,2
224,20260726,2
1791,20260726,2
2168,20260726,2
4482,20260726,2
2704,20260726,2
2013,20260726,2
5397,20260726,2
5469,20260726,2
2663,20260726,2
406,20260726,2
4569,20260726,2
3044,20260726,2
4786,20260726,2
177,20260726,2
499,20260726,2
4520,20260726,2
5859,20260726,2
636,20260726,2
2986,20260726,2
2571,20260726,2
4849,20260726,2
2546,20260726,2
3084,20260726,2
793,20260726,2
1432,20260726,2
2572,20260726,2
5646,20260726,2
2967,20260726,2
1716,20260726,2
133,20260726,2
3863,20260726,2
5302,20260726,2
5581,20260726,2
2452,20260726,2
4898,20260726,2
198,20260726,2
108,20260726,2
1944,20260726,2
1352,20260726,2
3103,20260726,2
4186,20260726,2
595,20260726,2
2268,20260726,2
855,20260726,2
242,20260726,2
730,20260726,2
1292,20260726,2
570,20260726,2
713,20260726,2
980,20260726,2
5844,20260726,2
1754,20260726,2
130,20260726,2
1907,20260726,2
993,20260726,2
3067,20260726,2
945,20260726,2
2152,20260726,2
519,20260726,2
5571,20260726,2
4796,20260726,2
4678,20260726,2
2725,20260726,2
3300,20260726,2
4484,20260726,2
2382,20260726,2
312,20260726,2
960,20260726,2
3491,20260726,2
1644,20260726,2
1276,20260726,2
4605,20260726,2
3001,20260726,2
4769,20260726,2
2634,20260726,2
2232,20260726,2
1116,20260726,2
1407,20260726,2
217,20260726,2
4505,20260726,2
4656,20260726,2
1989,20260726,2
4879,20260726,2
2171,20260726,2
2149,20260726,2
3868,20260726,2
2815,20260726,2
5160,20260726,2
4341,20260726,2
5741,20260726,2
1132,20260726,2
1718,20260726,2
947,20260726,2
3519,20260726,2
2814,20260726,2
3656,20260726,2
1906,20260726,2
2712,20260726,2
1483,20260726,2
661,20260726,2
1517,20260726,2
4414,20260726,2
4837,20260726,2
1175,20260726,2
1384,20260726,2
155,20260726,2
3829,20260726,2
3606,20260726,2
5371,20260726,2
2184,20260726,2
1611,20260726,2
4698,20260726,2
5839,20260726,2
5008,20260726,2
2284,20260726,2
1118,20260726,2
58,20260726,2
2223,20260726,2
1896,20260726,2
4835,20260726,2
1024,20260726,2
3026,20260726,2
180,20260726,2
723,20260726,2
1404,20260726,2
1305,20260726,2
85,20260726,2
1311,20260726,2
3383,20260726,2
1780,20260726,2
387,20260726,2
3159,20260726,2
5656,20260726,2
4836,20260726,2
4237,20260726,2
4023,20260726,2
4194,20260726,2
196,20260726,2
2977,20260726,2
2874,20260726,2
4296,20260726,2
5392,20260726,2
2853,20260726,2
5642,20260726,2
4136,20260726,2
749,20260726,2
754,20260726,2
1434,20260726,2
4713,20260726,2
3333,20260726,2
2943,20260726,2
5328,20260726,2
5021,20260726,2
3,20260726,2
3145,20260726,2
1022,20260726,2
72,20260726,2
5548,20260726,2
4151,20260726,2
2409,20260726,2
486,20260726,2
2497,20260726,2
3423,20260726,2
1374,20260726,2
1669,20260726,2
4336,20260726,2
2384,20260726,2
2830,20260726,2
1092,20260726,2
607,20260726,2
2878,20260726,2
4230,20260726,2
2093,20260726,2
1297,20260726,2
4553,20260726,2
5466,20260726,2
3095,20260726,2
38,20260726,2
3704,20260726,2
3892,20260726,2
2239,20260726,2
3963,20260726,2
1942,20260726,2
1099,20260726,2
1247,20260726,2
1399,20260726,2
2768,20260726,2
3195,20260726,2
416,20260726,2
4422,20260726,2
1677,20260726,2
3713,20260726,2
813,20260726,2
3174,20260726,2
1255,20260726,2
4780,20260726,2
4141,20260726,2
5324,20260726,2
2096,20260726,2
5301,20260726,2
5499,20260726,2
5350,20260726,2
4534,20260726,2
4940,20260726,2
5823,20260726,2
3384,20260726,2
157,20260726,2
5809,20260726,2
4765,20260726,2
3749,20260726,2
1832,20260726,2
2106,20260726,2
3816,20260726,2
5181,20260726,2
5136,20260726,2
4532,20260726,2
4934,20260726,2
5417,20260726,2
2931,20260726,2
1577,20260726,2
2334,20260726,2
3277,20260726,2
735,20260726,2
1976,20260726,2
3108,20260726,2
1895,20260726,2
1226,20260726,2
4485,20260726,2
4280,20260726,2
2720,20260726,2
1243,20260726,2
5476,20260726,2
4086,20260726,2
4660,20260726,2
5536,20260726,2
2888,20260726,2
4107,20260726,2
2799,20260726,2
2031,20260726,2
4478,20260726,2
753,20260726,2
3953,20260726,2
2391,20260726,2
2314,20260726,2
4531,20260726,2
1215,20260726,2
1094,20260726,2
162,20260726,2
3696,20260726,2
2834,20260726,2
3812,20260726,2
5268,20260726,2
2672,20260726,2
4497,20260726,2
1929,20260726,2
4017,20260726,2
2320,20260726,2
1403,20260726,2
4119,20260726,2
336,20260726,2
5188,20260726,2
3014,20260726,2
5559,20260726,2
5338,20260726,2
3584,20260726,2
5386,20260726,2
1017,20260726,2
990,20260726,2
898,20260726,2
4178,20260726,2
412,20260726,2
3619,20260726,2
4191,20260726,2
3234,20260726,2
2144,20260726,2
3657,20260726,2
718,20260726,2
3433,20260726,2
4276,20260726,2
2330,20260726,2
5517,20260726,2
3323,20260726,2
3016,20260726,2
3416,20260726,2
3769,20260726,2
3205,20260726,2
2402,20260726,2
2198,20260726,2
4752,20260726,2
5200,20260726,2
4588,20260726,2
5246,20260726,2
4465,20260726,2
3896,20260726,2
5562,20260726,2
3561,20260726,2
5669,20260726,2
5067,20260726,2
3802,20260726,2
1350,20260726,2
1842,20260726,2
3956,20260726,2
4557,20260726,2
183,20260726,2
4549,20260726,2
1098,20260726,2
3654,20260726,2
2602,20260726,2
3859,20260726,2
599,20260726,2
356,20260726,2
4498,20260726,2
398,20260726,2
4692,20260726,2
5143,20260726,2
2895,20260726,2
3438,20260726,2
1685,20260726,2
3032,20260726,2
3399,20260726,2
3057,20260726,2
367,20260726,2
5441,20260726,2
2757,20260726,2
4052,20260726,2
4798,20260726,2
1208,20260726,2
2913,20260726,2
4802,20260726,2
1882,20260726,2
5780,20260726,2
3412,20260726,2
3243,20260726,2
3000,20260726,2
3069,20260726,2
5127,20260726,2
3053,20260726,2
3326,20260726,2
5856,20260726,2
1590,20260726,2
2273,20260726,2
916,20260726,2
1219,20260726,2
448,20260726,2
1809,20260726,2
5879,20260726,2
4166,20260726,2
2458,20260726,2
2739,20260726,2
2901,20260726,2
4397,20260726,2
1950,20260726,2
1715,20260726,2
1814,20260726,2
56,20260726,2
2425,20260726,2
2675,20260726,2
4490,20260726,2
219,20260726,2
2896,20260726,2
1317,20260726,2
3573,20260726,2
234,20260726,2
1560,20260726,2
5477,20260726,2
1081,20260726,2
4537,20260726,2
1304,20260726,2
3115,20260726,2
1993,20260726,2
5650,20260726,2
1143,20260726,2
3338,20260726,2
605,20260726,2
5456,20260726,2
3385,20260726,2
699,20260726,2
1555,20260726,2
1367,20260726,2
5184,20260726,2
4851,20260726,2
1915,20260726,2
4616,20260726,2
3239,20260726,2
5039,20260726,2
3967,20260726,2
1337,20260726,2
2472,20260726,2
979,20260726,2
3595,20260726,2
1241,20260726,2
1821,20260726,2
3660,20260726,2
4274,20260726,2
443,20260726,2
4735,20260726,2
2124,20260726,2
4529,20260726,2
1785,20260726,2
3846,20260726,2
2297,20260726,2
2587,20260726,2
704,20260726,2
584,20260726,2
1921,20260726,2
4066,20260726,2
5756,20260726,2
3869,20260726,2
2541,20260726,2
5620,20260726,2
4003,20260726,2
5122,20260726,2
1338,20260726,2
3779,20260726,2
4361,20260726,2
3375,20260726,2
3275,20260726,2
3944,20260726,2
2862,20260726,2
858,20260726,2
3798,20260726,2
2009,20260726,2
3354,20260726,2
1056,20260726,2
1858,20260726,2
5616,20260726,2
11,20260726,2
800,20260726,2
5229,20260726,2
1332,20260726,2
2892,20260726,2
5807,20260726,2
868,20260726,2
2074,20260726,2
4777,20260726,2
709,20260726,2
3477,20260726,2
2934,20260726,2
2440,20260726,2
4013,20260726,2
5709,20260726,2
3029,20260726,2
5594,20260726,2
5803,20260726,2
3077,20260726,2
2287,20260726,2
1836,20260726,2
2167,20260726,2
1029,20260726,2
772,20260726,2
2838,20260726,2
1197,20260726,2
2762,20260726,2
2855,20260726,2
2012,20260726,2
3800,20260726,2
457,20260726,2
1549,20260726,2
1316,20260726,2
1908,20260726,2
2879,20260726,2
534,20260726,2
4732,20260726,2
690,20260726,2
5501,20260726,2
705,20260726,2
5232,20260726,2
4927,20260726,2
4608,20260726,2
2277,20260726,2
1435,20260726,2
2570,20260726,2
643,20260726,2
4841,20260726,2
2735,20260726,2
3282,20260726,2
1454,20260726,2
4750,20260726,2
3126,20260726,2
3303,20260726,2
3591,20260726,2
333,20260726,2
3054,20260726,2
1874,20260726,2
3319,20260726,2
2545,20260726,2
1544,20260726,2
2145,20260726,2
4346,20260726,2
3580,20260726,2
4300,20260726,2
1070,20260726,2
2214,20260726,2
2778,20260726,2
129,20260726,2
2608,20260726,2
4888,20260726,2
2544,20260726,2
3452,20260726,2
4827,20260726,2
159,20260726,2
3899,20260726,2
2469,20260726,2
1193,20260726,2
3254,20260726,2
3552,20260726,2
3645,20260726,2
4061,20260726,2
5495,20260726,2
4776,20260726,2
4419,20260726,2
5444,20260726,2
1920,20260726,2
4648,20260726,2
4906,20260726,2
1495,20260726,2
1230,20260726,2
4133,20260726,2
1974,20260726,2
1108,20260726,2
4206,20260726,2
5218,20260726,2
2870,20260726,2
2176,20260726,2
2053,20260726,2
808,20260726,2
577,20260726,2
1672,20260726,2
2769,20260726,2
2568,20260726,2
281,20260726,2
3140,20260726,2
2280,20260726,2
3541,20260726,2
2220,20260726,2
4966,20260726,2
4727,20260726,2
5679,20260726,2
5422,20260726,2
1140,20260726,2
3753,20260726,2
469,20260726,2
2359,20260726,2
3056,20260726,2
4441,20260726,2
975,20260726,2
2018,20260726,2
2296,20260726,2
4566,20260726,2
3707,20260726,2
43,20260726,2
2885,20260726,2
255,20260726,2
1160,20260726,2
4457,20260726,2
1300,20260726,2
2559,20260726,2
3851,20260726,2
2160,20260726,2
3528,20260726,2
1373,20260726,2
144,20260726,2
3675,20260726,2
4856,20260726,2
4603,20260726,2
712,20260726,2
251,20260726,2
4241,20260726,2
4400,20260726,2
2265,20260726,2
5177,20260726,2
2560,20260726,2
1462,20260726,2
3597,20260726,2
2103,20260726,2
501,20260726,2
2221,20260726,2
1881,20260726,2
2164,20260726,2
4030,20260726,2
1493,20260726,2
1958,20260726,2
3632,20260726,2
940,20260726,2
4358,20260726,2
5852,20260726,2
3589,20260726,2
1637,20260726,2
2339,20260726,2
1892,20260726,2
2291,20260726,2
3592,20260726,2
1389,20260726,2
5105,20260726,2
2249,20260726,2
4863,20260726,2
3665,20260726,2
1967,20260726,2
5000,20260726,2
5264,20260726,2
4222,20260726,2
5584,20260726,2
1664,20260726,2
4287,20260726,2
4878,20260726,2
3929,20260726,2
5716,20260726,2
5841,20260726,2
3355,20260726,2
956,20260726,2
1333,20260726,2
3872,20260726,2
4049,20260726,2
3485,20260726,2
229,20260726,2
3547,20260726,2
2927,20260726,2
2942,20260726,2
1147,20260726,2
641,20260726,2
5662,20260726,2
112,20260726,2
402,20260726,2
2854,20260726,2
3702,20260726,2
3208,20260726,2
304,20260726,2
3688,20260726,2
3449,20260726,2
4410,20260726,2
1596,20260726,2
3957,20260726,2
310,20260726,2
2777,20260726,2
747,20260726,2
4973,20260726,2
5873,20260726,2
833,20260726,2
1248,20260726,2
2564,20260726,2
970,20260726,2
4261,20260726,2
1031,20260726,3
2701,20260726,3
759,20260726,3
5455,20260726,3
5806,20260726,3
5309,20260726,3
4446,20260726,3
4322,20260726,3
4846,20260726,3
795,20260726,3
4211,20260726,3
2213,20260726,3
212,20260726,3
4233,20260726,3
3833,20260726,3
3377,20260726,3
5242,20260726,3
2241,20260726,3
3571,20260726,3
4368,20260726,3
5572,20260726,3
4820,20260726,3
4303,20260726,3
5745,20260726,3
4522,20260726,3
2036,20260726,3
2005,20260726,3
4162,20260726,3
366,20260726,3
2593,20260726,3
4574,20260726,3
4242,20260726,3
395,20260726,3
5653,20260726,3
4941,20260726,3
1848,20260726,3
2962,20260726,3
323,20260726,3
3081,20260726,3
3219,20260726,3
4703,20260726,3
3579,20260726,3
4195,20260726,3
3185,20260726,3
756,20260726,3
5140,20260726,3
5729,20260726,3
1583,20260726,3
1451,20260726,3
4045,20260726,3
4572,20260726,3
1250,20260726,3
5827,20260726,3
1530,20260726,3
3214,20260726,3
1875,20260726,3
3132,20260726,3
2348,20260726,3
4384,20260726,3
3717,20260726,3
587,20260726,3
4500,20260726,3
3232,20260726,3
5482,20260726,3
2466,20260726,3
5467,20260726,3
2457,20260726,3
120,20260726,3
5789,20260726,3
3085,20260726,3
5530,20260726,3
2964,20260726,3
1924,20260726,3
2481,20260726,3
4357,20260726,3
3563,20260726,3
4039,20260726,3
4058,20260726,3
1325,20260726,3
2251,20260726,3
5337,20260726,3
1916,20260726,3
1870,20260726,3
694,20260726,3
3276,20260726,3
5686,20260726,3
4000,20260726,3
3699,20260726,3
1112,20260726,3
2584,20260726,3
3492,20260726,3
933,20260726,3
1021,20260726,3
2165,20260726,3
892,20260726,3
733,20260726,3
2016,20260726,3
252,20260726,3
3910,20260726,3
1484,20260726,3
3794,20260726,3
2945,20260726,3
1533,20260726,3
1270,20260726,3
5037,20260726,3
87,20260726,3
1575,20260726,3
1762,20260726,3
1726,20260726,3
824,20260726,3
1684,20260726,3
5703,20260726,3
2933,20260726,3
257,20260726,3
1569,20260726,3
3913,20260726,3
3586,20260726,3
1712,20260726,3
3192,20260726,3
2238,20260726,3
682,20260726,3
1474,20260726,3
2175,20260726,3
1811,20260726,3
5713,20260726,3
783,20260726,3
1519,20260726,3
2258,20260726,3
5811,20260726,3
1768,20260726,3
2288,20260726,3
4870,20260726,3
4806,20260726,3
1119,20260726,3
438,20260726,3
5567,20260726,3
293,20260726,3
552,20260726,3
3505,20260726,3
831,20260726,3
4785,20260726,3
4964,20260726,3
3752,20260726,3
2298,20260726,3
1801,20260726,3
3827,20260726,3
3410,20260726,3
4164,20260726,3
3782,20260726,3
5413,20260726,3
1526,20260726,3
3737,20260726,3
3933,20260726,3
3465,20260726,3
5699,20260726,3
1899,20260726,3
1953,20260726,3
4778,20260726,3
5458,20260726,3
4121,20260726,3
300,20260726,3
743,20260726,3
3949,20260726,3
377,20260726,3
4048,20260726,3
2965,20260726,3
190,20260726,3
4345,20260726,3
5683,20260726,3
214,20260726,3
153,20260726,3
2579,20260726,3
4775,20260726,3
4377,20260726,3
4711,20260726,3
2633,20260726,3
4442,20260726,3
628,20260726,3
3555,20260726,3
1342,20260726,3
139,20260726,3
2904,20260726,3
4784,20260726,3
5381,20260726,3
1973,20260726,3
3207,20260726,3
5241,20260726,3
2091,20260726,3
3995,20260726,3
123,20260726,3
3652,20260726,3
5702,20260726,3
5540,20260726,3
47,20260726,3
639,20260726,3
1501,20260726,3
1994,20260726,3
4825,20260726,3
2365,20260726,3
5285,20260726,3
110,20260726,3
485,20260726,3
76,20260726,3
5423,20260726,3
5510,20260726,3
1799,20260726,3
5333,20260726,3
2844,20260726,3
1228,20260726,3
5783,20260726,3
2848,20260726,3
4728,20260726,3
1656,20260726,3
3997,20260726,3
5389,20260726,3
4399,20260726,3
5191,20260726,3
5418,20260726,3
5463,20260726,3
3759,20260726,3
4725,20260726,3
578,20260726,3
3787,20260726,3
4011,20260726,3
648,20260726,3
819,20260726,3
3999,20260726,3
1623,20260726,3
2181,20260726,3
5563,20260726,3
4031,20260726,3
1381,20260726,3
2357,20260726,3
1040,20260726,3
1678,20260726,3
4918,20260726,3
2636,20260726,3
2157,20260726,3
856,20260726,3
5341,20260726,3
3100,20260726,3
3202,20260726,3
2669,20260726,3
1775,20260726,3
5658,20260726,3
5767,20260726,3
5484,20260726,3
1844,20260726,3
5415,20260726,3
5083,20260726,3
5457,20260726,3
83,20260726,3
5367,20260726,3
1845,20260726,3
1931,20260726,3
100,20260726,3
3549,20260726,3
179,20260726,3
5605,20260726,3
4109,20260726,3
2406,20260726,3
1756,20260726,3
1242,20260726,3
3216,20260726,3
2521,20260726,3
5292,20260726,3
5448,20260726,3
5409,20260726,3
3247,20260726,3
20,20260726,3
4957,20260726,3
4172,20260726,3
954,20260726,3
5434,20260726,3
3367,20260726,3
493,20260726,3
5829,20260726,3
3344,20260726,3
5596,20260726,3
4479,20260726,3
4886,20260726,3
232,20260726,3
1615,20260726,3
4084,20260726,3
5849,20260726,3
3560,20260726,3
3149,20260726,3
1200,20260726,3
5261,20260726,3
4271,20260726,3
3668,20260726,3
2143,20260726,3
3487,20260726,3
1212,20260726,3
3814,20260726,3
817,20260726,3
1080,20260726,3
5538,20260726,3
6,20260726,3
1816,20260726,3
299,20260726,3
476,20260726,3
3104,20260726,3
598,20260726,3
1505,20260726,3
1744,20260726,3
228,20260726,3
553,20260726,3
1856,20260726,3
2178,20260726,3
3875,20260726,3
5568,20260726,3
2163,20260726,3
5104,20260726,3
3741,20260726,3
5461,20260726,3
5400,20260726,3
1258,20260726,3
907,20260726,3
5362,20260726,3
4938,20260726,3
3520,20260726,3
4085,20260726,3
3638,20260726,3
5493,20260726,3
2678,20260726,3
1824,20260726,3
5460,20260726,3
3263,20260726,3
3980,20260726,3
1873,20260726,3
936,20260726,3
3744,20260726,3
4015,20260726,3
2831,20260726,3
5489,20260726,3
5800,20260726,3
3133,20260726,3
5097,20260726,3
3683,20260726,3
2293,20260726,3
4645,20260726,3
3432,20260726,3
3998,20260726,3
792,20260726,3
4267,20260726,3
3568,20260726,3
1556,20260726,3
1774,20260726,3
4445,20260726,3
3515,20260726,3
3792,20260726,3
4587,20260726,3
4544,20260726,3
1902,20260726,3
3530,20260726,3
4751,20260726,3
280,20260726,3
2267,20260726,3
4329,20260726,3
3361,20260726,3
4744,20260726,3
2828,20260726,3
353,20260726,3
3526,20260726,3
5420,20260726,3
5608,20260726,3
740,20260726,3
5678,20260726,3
3672,20260726,3
5053,20260726,3
3038,20260726,3
3047,20260726,3
4157,20260726,3
507,20260726,3
3165,20260726,3
3124,20260726,3
21,20260726,3
91,20260726,3
4258,20260726,3
2900,20260726,3
1086,20260726,3
2109,20260726,3
5660,20260726,3
776,20260726,3
3328,20260726,3
184,20260726,3
1834,20260726,3
1653,20260726,3
1893,20260726,3
1745,20260726,3
264,20260726,3
3728,20260726,3
3902,20260726,3
2525,20260726,3
2890,20260726,3
3322,20260726,3
1126,20260726,3
4998,20260726,3
3511,20260726,3
5185,20260726,3
1536,20260726,3
270,20260726,3
4653,20260726,3
4815,20260726,3
3826,20260726,3
4340,20260726,3
3474,20260726,3
1747,20260726,3
781,20260726,3
3356,20260726,3
3117,20260726,3
3972,20260726,3
3848,20260726,3
2906,20260726,3
3246,20260726,3
4609,20260726,3
3268,20260726,3
1282,20260726,3
4243,20260726,3
3217,20260726,3
439,20260726,3
1642,20260726,3
2437,20260726,3
5084,20260726,3
3969,20260726,3
126,20260726,3
4791,20260726,3
1520,20260726,3
1370,20260726,3
2386,20260726,3
3181,20260726,3
4622,20260726,3
4563,20260726,3
5169,20260726,3
3006,20260726,3
5515,20260726,3
111,20260726,3
2960,20260726,3
5698,20260726,3
268,20260726,3
2682,20260726,3
5801,20260726,3
1861,20260726,3
2360,20260726,3
1293,20260726,3
5435,20260726,3
4145,20260726,3
2040,20260726,3
4319,20260726,3
1777,20260726,3
835,20260726,3
2049,20260726,3
5266,20260726,3
3838,20260726,3
404,20260726,3
649,20260726,3
2235,20260726,3
1334,20260726,3
5765,20260726,3
1405,20260726,3
1790,20260726,3
4123,20260726,3
3446,20260726,3
1903,20260726,3
2558,20260726,3
3166,20260726,3
1631,20260726,3
2793,20260726,3
1234,20260726,3
1295,20260726,3
2194,20260726,3
308,20260726,3
721,20260726,3
1179,20260726,3
4260,20260726,3
4519,20260726,3
2424,20260726,3
344,20260726,3
118,20260726,3
3405,20260726,3
2302,20260726,3
4486,20260726,3
296,20260726,3
912,20260726,3
995,20260726,3
4683,20260726,3
4590,20260726,3
5135,20260726,3
4643,20260726,3
5516,20260726,3
1481,20260726,3
2037,20260726,3
3877,20260726,3
4975,20260726,3
5676,20260726,3
3952,20260726,3
4440,20260726,3
44,20260726,3
3602,20260726,3
2951,20260726,3
4591,20260726,3
5757,20260726,3
2408,20260726,3
1318,20260726,3
1701,20260726,3
437,20260726,3
3427,20260726,3
1490,20260726,3
2839,20260726,3
4969,20260726,3
5447,20260726,3
5258,20260726,3
430,20260726,3
1650,20260726,3
1207,20260726,3
2222,20260726,3
2495,20260726,3
397,20260726,3
5190,20260726,3
4637,20260726,3
1609,20260726,3
812,20260726,3
271,20260726,3
2638,20260726,3
347,20260726,3
4755,20260726,3
4159,20260726,3
893,20260726,3
5752,20260726,3
4756,20260726,3
1428,20260726,3
769,20260726,3
4098,20260726,3
4279,20260726,3
5558,20260726,3
1109,20260726,3
1356,20260726,3
5411,20260726,3
4226,20260726,3
802,20260726,3
3649,20260726,3
752,20260726,3
2344,20260726,3
4081,20260726,3
3382,20260726,3
5635,20260726,3
2146,20260726,3
5794,20260726,3
4434,20260726,3
1306,20260726,3
4830,20260726,3
3071,20260726,3
3313,20260726,3
4852,20260726,3
4054,20260726,3
2908,20260726,3
4386,20260726,3
2867,20260726,3
3551,20260726,3
1999,20260726,3
4104,20260726,3
2281,20260726,3
5512,20260726,3
3404,20260726,3
2846,20260726,3
345,20260726,3
468,20260726,3
3137,20260726,3
4932,20260726,3
245,20260726,3
5496,20260726,3
5327,20260726,3
2649,20260726,3
4330,20260726,3
3425,20260726,3
5322,20260726,3
1951,20260726,3
5781,20260726,3
1254,20260726,3
5282,20260726,3
460,20260726,3
4904,20260726,3
1514,20260726,3
3641,20260726,3
5864,20260726,3
2517,20260726,3
2656,20260726,3
5385,20260726,3
3472,20260726,3
121,20260726,3
1937,20260726,3
2918,20260726,3
2640,20260726,3
989,20260726,3
131,20260726,3
5065,20260726,3
4950,20260726,3
5280,20260726,3
724,20260726,3
3885,20260726,3
2764,20260726,3
4894,20260726,3
3176,20260726,3
10,20260726,3
4387,20260726,3
5100,20260726,3
3609,20260726,3
1385,20260726,3
305,20260726,3
787,20260726,3
4140,20260726,3
4103,20260726,3
2691,20260726,3
1310,20260726,3
2625,20260726,3
2861,20260726,3
1995,20260726,3
3738,20260726,3
3878,20260726,3
1787,20260726,3
1992,20260726,3
535,20260726,3
545,20260726,3
1565,20260726,3
2697,20260726,3
4567,20260726,3
4652,20260726,3
4948,20260726,3
3335,20260726,3
1843,20260726,3
4565,20260726,3
957,20260726,3
1406,20260726,3
2851,20260726,3
3424,20260726,3
1131,20260726,3
4114,20260726,3
1100,20260726,3
306,20260726,3
2403,20260726,3
4831,20260726,3
1268,20260726,3
5528,20260726,3
613,20260726,3
3841,20260726,3
3614,20260726,3
1979,20260726,3
1168,20260726,3
2660,20260726,3
5031,20260726,3
2370,20260726,3
4937,20260726,3
1912,20260726,3
480,20260726,3
3051,20260726,3
5024,20260726,3
914,20260726,3
1283,20260726,3
4959,20260726,3
4724,20260726,3
2369,20260726,3
2218,20260726,3
4555,20260726,3
5625,20260726,3
1652,20260726,3
3228,20260726,3
1177,20260726,3
2045,20260726,3
1487,20260726,3
2313,20260726,3
969,20260726,3
166,20260726,3
3647,20260726,3
4294,20260726,3
4167,20260726,3
647,20260726,3
2988,20260726,3
2758,20260726,3
3854,20260726,3
5754,20260726,3
3256,20260726,3
392,20260726,3
2003,20260726,3
5478,20260726,3
3667,20260726,3
1598,20260726,3
4373,20260726,3
4739,20260726,3
963,20260726,3
492,20260726,3
4067,20260726,3
566,20260726,3
1883,20260726,3
494,20260726,3
3272,20260726,3
4623,20260726,3
680,20260726,3
555,20260726,3
4062,20260726,3
5438,20260726,3
5378,20260726,3
3476,20260726,3
4365,20260726,3
5276,20260726,3
5837,20260726,3
3010,20260726,3
5600,20260726,3
3225,20260726,3
3266,20260726,3
3617,20260726,3
2578,20260726,3
2972,20260726,3
667,20260726,3
5305,20260726,3
4530,20260726,3
1720,20260726,3
768,20260726,3
1749,20260726,3
2102,20260726,3
2351,20260726,3
5708,20260726,3
1450,20260726,3
1980,20260726,3
1189,20260726,3
2683,20260726,3
3160,20260726,3
1914,20260726,3
569,20260726,3
2822,20260726,3
2054,20260726,3
2932,20260726,3
154,20260726,3
2852,20260726,3
2051,20260726,3
4962,20260726,3
102,20260726,3
4041,20260726,3
4963,20260726,3
1645,20260726,3
899,20260726,3
2603,20260726,3
4801,20260726,3
2123,20260726,3
3127,20260726,3
3342,20260726,3
2816,20260726,3
5654,20260726,3
4594,20260726,3
178,20260726,3
2257,20260726,3
2496,20260726,3
115,20260726,3
3582,20260726,3
1769,20260726,3
4102,20260726,3
4507,20260726,3
3864,20260726,3
3938,20260726,3
5356,20260726,3
2038,20260726,3
3381,20260726,3
1443,20260726,3
220,20260726,3
4955,20260726,3
290,20260726,3
4999,20260726,3
2413,20260726,3
5351,20260726,3
1739,20260726,3
2067,20260726,3
5786,20260726,3
1156,20260726,3
2306,20260726,3
4595,20260726,3
4854,20260726,3
474,20260726,3
4919,20260726,3
2354,20260726,3
5648,20260726,3
4150,20260726,3
1121,20260726,3
999,20260726,3
3190,20260726,3
5278,20260726,3
5011,20260726,3
4190,20260726,3
4504,20260726,3
3599,20260726,3
2099,20260726,3
2959,20260726,3
2783,20260726,3
1336,20260726,3
1324,20260726,3
4568,20260726,3
3279,20260726,3
644,20260726,3
2591,20260726,3
3391,20260726,3
908,20260726,3
205,20260726,3
4600,20260726,3
4360,20260726,3
5064,20260726,3
1240,20260726,3
1746,20260726,3
5179,20260726,3
3538,20260726,3
845,20260726,3
4139,20260726,3
2790,20260726,3
3705,20260726,3
1204,20260726,3
1128,20260726,3
3806,20260726,3
2139,20260726,3
3983,20260726,3
4380,20260726,3
2554,20260726,3
484,20260726,3
1479,20260726,3
2601,20260726,3
910,20260726,3
4881,20260726,3
3318,20260726,3
5737,20260726,3
2797,20260726,3
5213,20260726,3
5546,20260726,3
3223,20260726,3
2132,20260726,3
4026,20260726,3
2478,20260726,3
3866,20260726,3
1869,20260726,3
2188,20260726,3
4693,20260726,3
3535,20260726,3
5872,20260726,3
590,20260726,3
619,20260726,3
389,20260726,3
3090,20260726,3
3299,20260726,3
922,20260726,3
3096,20260726,3
968,20260726,3
4811,20260726,3
3289,20260726,3
1174,20260726,3
1231,20260726,3
3531,20260726,3
5166,20260726,3
509,20260726,3
5740,20260726,3
263,20260726,3
5290,20260726,3
1682,20260726,3
5694,20260726,3
3306,20260726,3
239,20260726,3
9,20260726,3
167,20260726,3
278,20260726,3
2127,20260726,3
5689,20260726,3
4348,20260726,3
4315,20260726,3
5080,20260726,3
1793,20260726,3
3893,20260726,3
3464,20260726,3
383,20260726,3
2371,20260726,3
4517,20260726,3
141,20260726,3
506,20260726,3
2021,20260726,3
1584,20260726,3
3818,20260726,3
5095,20260726,3
5704,20260726,3
1789,20260726,3
4005,20260726,3
152,20260726,3
3390,20260726,3
2460,20260726,3
3788,20260726,3
3371,20260726,3
3965,20260726,3
2056,20260726,3
527,20260726,3
674,20260726,3
5542,20260726,3
5189,20260726,3
3209,20260726,3
1004,20260726,3
4920,20260726,3
105,20260726,3
2319,20260726,3
1572,20260726,3
2955,20260726,3
4092,20260726,3
1581,20260726,3
2997,20260726,3
2444,20260726,3
764,20260726,3
4262,20260726,3
1223,20260726,3
782,20260726,3
4733,20260726,3
2137,20260726,3
3682,20260726,3
5633,20260726,3
3267,20260726,3
5267,20260726,3
4584,20260726,3
3055,20260726,3
4676,20260726,3
5231,20260726,3
1643,20260726,3
5614,20260726,3
1618,20260726,3
5248,20260726,3
3849,20260726,3
1542,20260726,3
1015,20260726,3
531,20260726,3
372,20260726,3
113,20260726,3
921,20260726,3
4774,20260726,3
3172,20260726,3
4215,20260726,3
4304,20260726,3
4429,20260726,3
523,20260726,3
748,20260726,3
3770,20260726,3
2394,20260726,3
5230,20260726,3
4958,20260726,3
2715,20260726,3
3226,20260726,3
1392,20260726,3
2774,20260726,3
3830,20260726,3
5748,20260726,3
1945,20260726,3
5424,20260726,3
2754,20260726,3
2187,20260726,3
880,20260726,3
4277,20260726,3
1000,20260726,3
1779,20260726,3
5810,20260726,3
2174,20260726,3
3572,20260726,3
3774,20260726,3
3308,20260726,3
2085,20260726,3
4723,20260726,3
1344,20260726,3
1026,20260726,3
1055,20260726,3
4254,20260726,3
4455,20260726,3
3542,20260726,3
5284,20260726,3
3860,20260726,3
5659,20260726,3
68,20260726,3
4901,20260726,3
186,20260726,3
3669,20260726,3
5093,20260726,3
2767,20260726,3
4264,20260726,3
73,20260726,3
4800,20260726,3
4679,20260726,3
4869,20260726,3
625,20260726,3
444,20260726,3
2117,20260726,3
122,20260726,3
1139,20260726,3
556,20260726,3
1259,20260726,3
2655,20260726,3
433,20260726,3
677,20260726,3
5018,20260726,3
3766,20260726,3
818,20260726,3
4873,20260726,3
335,20260726,3
2676,20260726,3
5412,20260726,3
4997,20260726,3
4424,20260726,3
1554,20260726,3
1091,20260726,3
2694,20260726,3
2612,20260726,3
1448,20260726,3
5508,20260726,3
3501,20260726,3
4795,20260726,3
875,20260726,3
3393,20260726,3
2938,20260726,3
5239,20260726,3
1817,20260726,3
4402,20260726,3
767,20260726,3
2082,20260726,3
2736,20260726,3
5099,20260726,3
1736,20260726,3
2044,20260726,3
1277,20260726,3
2295,20260726,3
5102,20260726,3
3587,20260726,3
3761,20260726,3
3204,20260726,3
2936,20260726,3
1613,20260726,3
5523,20260726,3
5318,20260726,3
4824,20260726,3
4002,20260726,3
5459,20260726,3
4655,20260726,3
1959,20260726,3
4694,20260726,3
2609,20260726,3
976,20260726,3
429,20260726,3
1846,20260726,3
5623,20260726,3
3662,20260726,3
3529,20260726,3
4868,20260726,3
2581,20260726,3
1796,20260726,3
887,20260726,3
2260,20260726,3
2290,20260726,3
4224,20260726,3
5210,20260726,3
5372,20260726,3
3043,20260726,3
4106,20260726,3
1285,20260726,3
3993,20260726,3
3189,20260726,3
3743,20260726,3
1771,20260726,3
2615,20260726,3
259,20260726,3
2788,20260726,3
2744,20260726,3
3091,20260726,3
2620,20260726,3
1463,20260726,3
5396,20260726,3
1579,20260726,3
3684,20260726,3
5817,20260726,3
2614,20260726,3
917,20260726,3
2147,20260726,3
5079,20260726,3
1393,20260726,3
5449,20260726,3
5575,20260726,3
5691,20260726,3
2169,20260726,3
1427,20260726,3
4253,20260726,3
1178,20260726,3
5059,20260726,3
2154,20260726,3
5012,20260726,3
3088,20260726,3
4670,20260726,3
5719,20260726,3
2100,20260726,3
3685,20260726,3
2671,20260726,3
5522,20260726,3
119,20260726,3
1361,20260726,3
4740,20260726,3
5451,20260726,3
2089,20260726,3
529,20260726,3
737,20260726,3
2130,20260726,3
3351,20260726,3
4278,20260726,3
1534,20260726,3
5360,20260726,3
482,20260726,3
75,20260726,3
551,20260726,3
5275,20260726,3
2646,20260726,3
240,20260726,3
275,20260726,3
1547,20260726,3
3196,20260726,3
4125,20260726,3
1314,20260726,3
5711,20260726,3
4597,20260726,3
5521,20260726,3
2627,20260726,3
3795,20260726,3
2282,20260726,3
4308,20260726,3
1541,20260726,3
611,20260726,3
5346,20260726,3
2414,20260726,3
4561,20260726,3
1096,20260726,3
2373,20260726,3
2183,20260726,3
4130,20260726,3
1410,20260726,3
1722,20260726,3
3298,20260726,3
5025,20260726,3
5847,20260726,3
3651,20260726,3
370,20260726,3
1889,20260726,3
4227,20260726,3
3462,20260726,3
777,20260726,3
3136,20260726,3
1003,20260726,3
4111,20260726,3
2580,20260726,3
3499,20260726,3
5273,20260726,3
3031,20260726,3
2974,20260726,3
1605,20260726,3
3461,20260726,3
5347,20260726,3
297,20260726,3
1107,20260726,3
1271,20260726,3
571,20260726,3
4390,20260726,3
2078,20260726,3
5068,20260726,3
4173,20260726,3
5108,20260726,3
431,20260726,3
3076,20260726,3
987,20260726,3
1442,20260726,3
500,20260726,3
766,20260726,3
5753,20260726,3
5853,20260726,3
2201,20260726,3
2623,20260726,3
4393,20260726,3
2520,20260726,4
2401,20260726,4
4352,20260726,4
3307,20260726,4
5731,20260726,4
3622,20260726,4
1018,20260726,4
3436,20260726,4
272,20260726,4
2858,20260726,4
4554,20260726,4
218,20260726,4
4228,20260726,4
3890,20260726,4
3028,20260726,4
2275,20260726,4
3569,20260726,4
1662,20260726,4
5046,20260726,4
5244,20260726,4
2538,20260726,4
1854,20260726,4
4256,20260726,4
1220,20260726,4
4379,20260726,4
2343,20260726,4
5632,20260726,4
4223,20260726,4
339,20260726,4
4933,20260726,4
4589,20260726,4
3420,20260726,4
1750,20260726,4
213,20260726,4
1540,20260726,4
515,20260726,4
2775,20260726,4
2434,20260726,4
54,20260726,4
521,20260726,4
4754,20260726,4
3061,20260726,4
1825,20260726,4
5366,20260726,4
2557,20260726,4
384,20260726,4
2910,20260726,4
932,20260726,4
362,20260726,4
3785,20260726,4
364,20260726,4
1932,20260726,4
3387,20260726,4
5593,20260726,4
1792,20260726,4
3040,20260726,4
4464,20260726,4
1905,20260726,4
1331,20260726,4
804,20260726,4
2310,20260726,4
5785,20260726,4
5610,20260726,4
2189,20260726,4
4216,20260726,4
260,20260726,4
1552,20260726,4
5006,20260726,4
3600,20260726,4
5599,20260726,4
2711,20260726,4
4961,20260726,4
1511,20260726,4
1102,20260726,4
4219,20260726,4
2771,20260726,4
4770,20260726,4
147,20260726,4
101,20260726,4
1955,20260726,4
1158,20260726,4
4804,20260726,4
5155,20260726,4
2252,20260726,4
5779,20260726,4
1007,20260726,4
3415,20260726,4
746,20260726,4
3210,20260726,4
1322,20260726,4
3545,20260726,4
1600,20260726,4
1088,20260726,4
1149,20260726,4
1573,20260726,4
820,20260726,4
2362,20260726,4
5205,20260726,4
2543,20260726,4
207,20260726,4
1948,20260726,4
982,20260726,4
3921,20260726,4
1823,20260726,4
405,20260726,4
4718,20260726,4
3730,20260726,4
5153,20260726,4
5152,20260726,4
2263,20260726,4
3556,20260726,4
5238,20260726,4
4307,20260726,4
5216,20260726,4
2595,20260726,4
1732,20260726,4
4526,20260726,4
3194,20260726,4
1764,20260726,4
440,20260726,4
1457,20260726,4
3015,20260726,4
4640,20260726,4
4189,20260726,4
4556,20260726,4
3366,20260726,4
1509,20260726,4
5299,20260726,4
707,20260726,4
867,20260726,4
4900,20260726,4
28,20260726,4
5549,20260726,4
3011,20260726,4
1371,20260726,4
17,20260726,4
664,20260726,4
1447,20260726,4
2364,20260726,4
4971,20260726,4
4158,20260726,4
3932,20260726,4
1469,20260726,4
786,20260726,4
799,20260726,4
1036,20260726,4
2058,20260726,4
861,20260726,4
4677,20260726,4
4423,20260726,4
5535,20260726,4
5147,20260726,4
2849,20260726,4
5306,20260726,4
2342,20260726,4
4071,20260726,4
2930,20260726,4
1635,20260726,4
871,20260726,4
4617,20260726,4
2485,20260726,4
580,20260726,4
5665,20260726,4
884,20260726,4
681,20260726,4
2064,20260726,4
5666,20260726,4
5718,20260726,4
1636,20260726,4
4985,20260726,4
2022,20260726,4
4231,20260726,4
5058,20260726,4
2787,20260726,4
2928,20260726,4
5481,20260726,4
5390,20260726,4
1354,20260726,4
4436,20260726,4
441,20260726,4
373,20260726,4
3128,20260726,4
4199,20260726,4
5061,20260726,4
2531,20260726,4
2477,20260726,4
3966,20260726,4
4433,20260726,4
902,20260726,4
2552,20260726,4
3951,20260726,4
1946,20260726,4
4275,20260726,4
4083,20260726,4
2048,20260726,4
1608,20260726,4
3255,20260726,4
2217,20260726,4
50,20260726,4
2837,20260726,4
790,20260726,4
874,20260726,4
2034,20260726,4
5644,20260726,4
4477,20260726,4
944,20260726,4
3022,20260726,4
4667,20260726,4
2182,20260726,4
3539,20260726,4
78,20260726,4
445,20260726,4
1545,20260726,4
1723,20260726,4
490,20260726,4
3291,20260726,4
4204,20260726,4
4502,20260726,4
4771,20260726,4
5419,20260726,4
1269,20260726,4
5775,20260726,4
4217,20260726,4
4631,20260726,4
1551,20260726,4
2980,20260726,4
491,20260726,4
1807,20260726,4
2072,20260726,4
2336,20260726,4
2755,20260726,4
2046,20260726,4
2756,20260726,4
2353,20260726,4
5874,20260726,4
1110,20260726,4
2535,20260726,4
2079,20260726,4
3418,20260726,4
1001,20260726,4
5472,20260726,4
4538,20260726,4
246,20260726,4
4874,20260726,4
3494,20260726,4
216,20260726,4
1708,20260726,4
3428,20260726,4
1957,20260726,4
5225,20260726,4
2410,20260726,4
1441,20260726,4
3332,20260726,4
2724,20260726,4
2177,20260726,4
2812,20260726,4
2454,20260726,4
295,20260726,4
3293,20260726,4
924,20260726,4
27,20260726,4
2824,20260726,4
248,20260726,4
1214,20260726,4
1864,20260726,4
3959,20260726,4
1827,20260726,4
5117,20260726,4
3612,20260726,4
2509,20260726,4
1949,20260726,4
349,20260726,4
3871,20260726,4
2985,20260726,4
4896,20260726,4
194,20260726,4
744,20260726,4
5452,20260726,4
5192,20260726,4
1719,20260726,4
5051,20260726,4
5533,20260726,4
2042,20260726,4
3168,20260726,4
2903,20260726,4
4781,20260726,4
1815,20260726,4
1263,20260726,4
2484,20260726,4
3286,20260726,4
5214,20260726,4
2059,20260726,4
3989,20260726,4
591,20260726,4
5824,20260726,4
1296,20260726,4
3019,20260726,4
784,20260726,4
5629,20260726,4
5735,20260726,4
1820,20260726,4
1074,20260726,4
2953,20260726,4
2576,20260726,4
135,20260726,4
3171,20260726,4
903,20260726,4
3686,20260726,4
4221,20260726,4
132,20260726,4
3510,20260726,4
1705,20260726,4
2884,20260726,4
5107,20260726,4
4509,20260726,4
4405,20260726,4
3722,20260726,4
2613,20260726,4
3835,20260726,4
1535,20260726,4
1327,20260726,4
3692,20260726,4
5579,20260726,4
2294,20260726,4
4942,20260726,4
4988,20260726,4
3288,20260726,4
134,20260726,4
3865,20260726,4
5014,20260726,4
2331,20260726,4
4259,20260726,4
5432,20260726,4
2639,20260726,4
5399,20260726,4
1075,20260726,4
4184,20260726,4
992,20260726,4
1917,20260726,4
385,20260726,4
4229,20260726,4
4454,20260726,4
1237,20260726,4
3837,20260726,4
2562,20260726,4
2958,20260726,4
5384,20260726,4
5480,20260726,4
3409,20260726,4
1826,20260726,4
1500,20260726,4
1841,20260726,4
597,20260726,4
4832,20260726,4
2305,20260726,4
53,20260726,4
2833,20260726,4
624,20260726,4
543,20260726,4
3252,20260726,4
55,20260726,4
4110,20260726,4
230,20260726,4
3489,20260726,4
2326,20260726,4
4914,20260726,4
4741,20260726,4
1218,20260726,4
3270,20260726,4
3468,20260726,4
5003,20260726,4
939,20260726,4
2919,20260726,4
823,20260726,4
2999,20260726,4
478,20260726,4
3305,20260726,4
1213,20260726,4
4146,20260726,4
3440,20260726,4
1901,20260726,4
5388,20260726,4
2135,20260726,4
2185,20260726,4
5876,20260726,4
2368,20260726,4
2719,20260726,4
5446,20260726,4
5182,20260726,4
520,20260726,4
621,20260726,4
696,20260726,4
542,20260726,4
5323,20260726,4
1703,20260726,4
5103,20260726,4
1415,20260726,4
3340,20260726,4
1480,20260726,4
4673,20260726,4
4027,20260726,4
1568,20260726,4
5402,20260726,4
1592,20260726,4
4842,20260726,4
2086,20260726,4
3453,20260726,4
5283,20260726,4
3570,20260726,4
1876,20260726,4
3653,20260726,4
4764,20260726,4
1459,20260726,4
2417,20260726,4
2433,20260726,4
2706,20260726,4
5359,20260726,4
5816,20260726,4
3726,20260726,4
5013,20260726,4
4409,20260726,4
3079,20260726,4
4516,20260726,4
1687,20260726,4
2914,20260726,4
629,20260726,4
3201,20260726,4
1455,20260726,4
4695,20260726,4
5317,20260726,4
2883,20260726,4
3986,20260726,4
668,20260726,4
1922,20260726,4
4909,20260726,4
3883,20260726,4
2307,20260726,4
779,20260726,4
3421,20260726,4
1275,20260726,4
5848,20260726,4
84,20260726,4
3729,20260726,4
422,20260726,4
291,20260726,4
52,20260726,4
5674,20260726,4
2161,20260726,4
2916,20260726,4
4548,20260726,4
4070,20260726,4
5048,20260726,4
1961,20260726,4
1855,20260726,4
332,20260726,4
1862,20260726,4
3718,20260726,4
3898,20260726,4
1991,20260726,4
1,20260726,4
4908,20260726,4
3803,20260726,4
3562,20260726,4
3105,20260726,4
695,20260726,4
5437,20260726,4
2385,20260726,4
3230,20260726,4
4090,20260726,4
1588,20260726,4
4783,20260726,4
4976,20260726,4
2077,20260726,4
5156,20260726,4
463,20260726,4
2300,20260726,4
1646,20260726,4
1176,20260726,4
5488,20260726,4
5706,20260726,4
5726,20260726,4
1027,20260726,4
1910,20260726,4
5527,20260726,4
4821,20260726,4
5027,20260726,4
1689,20260726,4
1543,20260726,4
770,20260726,4
2207,20260726,4
4818,20260726,4
3981,20260726,4
4370,20260726,4
1105,20260726,4
2687,20260726,4
3241,20260726,4
3148,20260726,4
3066,20260726,4
5796,20260726,4
3567,20260726,4
1238,20260726,4
171,20260726,4
3087,20260726,4
3598,20260726,4
1595,20260726,4
3879,20260726,4
5671,20260726,4
2690,20260726,4
4326,20260726,4
1375,20260726,4
1106,20260726,4
3747,20260726,4
1553,20260726,4
2459,20260726,4
1261,20260726,4
3815,20260726,4
3936,20260726,4
4137,20260726,4
3772,20260726,4
4990,20260726,4
3636,20260726,4
2644,20260726,4
4629,20260726,4
2886,20260726,4
919,20260726,4
4687,20260726,4
4819,20260726,4
2448,20260726,4
1690,20260726,4
1943,20260726,4
2426,20260726,4
1711,20260726,4
3030,20260726,4
736,20260726,4
5041,20260726,4
4634,20260726,4
1941,20260726,4
5693,20260726,4
2272,20260726,4
3370,20260726,4
3475,20260726,4
3097,20260726,4
775,20260726,4
1859,20260726,4
5307,20260726,4
4366,20260726,4
5112,20260726,4
5199,20260726,4
3224,20260726,4
4008,20260726,4
2446,20260726,4
1998,20260726,4
1064,20260726,4
2925,20260726,4
4792,20260726,4
1773,20260726,4
5029,20260726,4
1963,20260726,4
5818,20260726,4
2388,20260726,4
1731,20260726,4
4299,20260726,4
3748,20260726,4
2242,20260726,4
3625,20260726,4
3486,20260726,4
3400,20260726,4
4239,20260726,4
3264,20260726,4
5771,20260726,4
3120,20260726,4
5054,20260726,4
1804,20260726,4
276,20260726,4
1416,20260726,4
539,20260726,4
878,20260726,4
634,20260726,4
1788,20260726,4
3908,20260726,4
5504,20260726,4
5759,20260726,4
1667,20260726,4
182,20260726,4
4491,20260726,4
4040,20260726,4
3642,20260726,4
1947,20260726,4
1073,20260726,4
1661,20260726,4
822,20260726,4
2227,20260726,4
5585,20260726,4
4288,20260726,4
583,20260726,4
2118,20260726,4
3018,20260726,4
4979,20260726,4
4053,20260726,4
5139,20260726,4
1014,20260726,4
1097,20260726,4
127,20260726,4
4144,20260726,4
5211,20260726,4
886,20260726,4
5518,20260726,4
4193,20260726,4
2204,20260726,4
2905,20260726,4
3392,20260726,4
3716,20260726,4
4350,20260726,4
3518,20260726,4
4684,20260726,4
3251,20260726,4
5033,20260726,4
2352,20260726,4
1390,20260726,4
158,20260726,4
3553,20260726,4
187,20260726,4
1461,20260726,4
2539,20260726,4
2205,20260726,4
5787,20260726,4
2789,20260726,4
3994,20260726,4
237,20260726,4
4829,20260726,4
3796,20260726,4
4020,20260726,4
2030,20260726,4
3422,20260726,4
686,20260726,4
325,20260726,4
4285,20260726,4
1898,20260726,4
2776,20260726,4
2688,20260726,4
5479,20260726,4
2321,20260726,4
1890,20260726,4
4382,20260726,4
3912,20260726,4
4270,20260726,4
2010,20260726,4
2779,20260726,4
5193,20260726,4
5513,20260726,4
4995,20260726,4
692,20260726,4
4928,20260726,4
2172,20260726,4
3797,20260726,4
3982,20260726,4
14,20260726,4
3926,20260726,4
181,20260726,4
4091,20260726,4
4749,20260726,4
3086,20260726,4
829,20260726,4
3527,20260726,4
623,20260726,4
1464,20260726,4
5730,20260726,4
3048,20260726,4
4632,20260726,4
1209,20260726,4
935,20260726,4
3720,20260726,4
241,20260726,4
719,20260726,4
2514,20260726,4
5700,20260726,4
658,20260726,4
4706,20260726,4
2563,20260726,4
3435,20260726,4
3548,20260726,4
5714,20260726,4
4395,20260726,4
3227,20260726,4
788,20260726,4
5269,20260726,4
4371,20260726,4
666,20260726,4
4812,20260726,4
4838,20260726,4
1697,20260726,4
4113,20260726,4
140,20260726,4
4685,20260726,4
3002,20260726,4
2710,20260726,4
1612,20260726,4
1016,20260726,4
4028,20260726,4
5310,20260726,4
3437,20260726,4
714,20260726,4
2685,20260726,4
3671,20260726,4
5772,20260726,4
265,20260726,4
1591,20260726,4
2405,20260726,4
1438,20260726,4
48,20260726,4
4848,20260726,4
5436,20260726,4
1580,20260726,4
3773,20260726,4
65,20260726,4
4174,20260726,4
2389,20260726,4
1751,20260726,4
1279,20260726,4
4165,20260726,4
3646,20260726,4
1641,20260726,4
4639,20260726,4
739,20260726,4
2197,20260726,4
2271,20260726,4
1294,20260726,4
2504,20260726,4
1239,20260726,4
774,20260726,4
1467,20260726,4
4401,20260726,4
2866,20260726,4
1557,20260726,4
5178,20260726,4
2630,20260726,4
3843,20260726,4
953,20260726,4
716,20260726,4
588,20260726,4
3678,20260726,4
4316,20260726,4
5500,20260726,4
676,20260726,4
4266,20260726,4
2087,20260726,4
2673,20260726,4
3024,20260726,4
2363,20260726,4
3304,20260726,4
2467,20260726,4
1654,20260726,4
4923,20260726,4
2626,20260726,4
3273,20260726,4
5690,20260726,4
138,20260726,4
2419,20260726,4
4691,20260726,4
262,20260726,4
5296,20260726,4
2114,20260726,4
3240,20260726,4
4033,20260726,4
4743,20260726,4
2248,20260726,4
199,20260726,4
471,20260726,4
221,20260726,4
5279,20260726,4
2043,20260726,4
2751,20260726,4
2052,20260726,4
1513,20260726,4
5168,20260726,4
1196,20260726,4
4391,20260726,4
3012,20260726,4
5094,20260726,4
1978,20260726,4
5195,20260726,4
3274,20260726,4
1695,20260726,4
3697,20260726,4
3701,20260726,4
5727,20260726,4
3317,20260726,4
1315,20260726,4
3358,20260726,4
1159,20260726,4
267,20260726,4
5125,20260726,4
2798,20260726,4
279,20260726,4
4488,20260726,4
1335,20260726,4
1582,20260726,4
4816,20260726,4
5287,20260726,4
2190,20260726,4
5263,20260726,4
684,20260726,4
585,20260726,4
1008,20260726,4
3760,20260726,4
414,20260726,4
4179,20260726,4
4826,20260726,4
2647,20260726,4
2522,20260726,4
4467,20260726,4
61,20260726,4
1033,20260726,4
3503,20260726,4
734,20260726,4
5339,20260726,4
537,20260726,4
4063,20260726,4
4719,20260726,4
4297,20260726,4
191,20260726,4
5207,20260726,4
450,20260726,4
814,20260726,4
5148,20260726,4
3336,20260726,4
2996,20260726,4
3007,20260726,4
2140,20260726,4
2533,20260726,4
4575,20260726,4
4525,20260726,4
4742,20260726,4
2492,20260726,4
5251,20260726,4
541,20260726,4
848,20260726,4
4910,20260726,4
2923,20260726,4
1090,20260726,4
5252,20260726,4
4311,20260726,4
361,20260726,4
4154,20260726,4
151,20260726,4
3463,20260726,4
3922,20260726,4
5344,20260726,4
725,20260726,4
4551,20260726,4
1625,20260726,4
3187,20260726,4
741,20260726,4
3862,20260726,4
5440,20260726,4
3283,20260726,4
1050,20260726,4
4318,20260726,4
991,20260726,4
3554,20260726,4
2809,20260726,4
852,20260726,4
4690,20260726,4
5520,20260726,4
2680,20260726,4
3250,20260726,4
4156,20260726,4
4108,20260726,4
732,20260726,4
2108,20260726,4
948,20260726,4
1851,20260726,4
2550,20260726,4
2255,20260726,4
616,20260726,4
4068,20260726,4
456,20260726,4
4633,20260726,4
4649,20260726,4
4378,20260726,4
5583,20260726,4
5240,20260726,4
3369,20260726,4
2950,20260726,4
4160,20260726,4
997,20260726,4
2435,20260726,4
706,20260726,4
5045,20260726,4
4615,20260726,4
1150,20260726,4
1867,20260726,4
4037,20260726,4
3941,20260726,4
4543,20260726,4
857,20260726,4
269,20260726,4
1163,20260726,4
5087,20260726,4
1225,20260726,4
2076,20260726,4
4343,20260726,4
2436,20260726,4
5221,20260726,4
3041,20260726,4
4116,20260726,4
5377,20260726,4
1058,20260726,4
2952,20260726,4
3259,20260726,4
4354,20260726,4
4317,20260726,4
5670,20260726,4
4662,20260726,4
3513,20260726,4
3624,20260726,4
851,20260726,4
5137,20260726,4
1162,20260726,4
5543,20260726,4
488,20260726,4
2479,20260726,4
5760,20260726,4
2128,20260726,4
5762,20260726,4
2441,20260726,4
1368,20260726,4
925,20260726,4
4866,20260726,4
3321,20260726,4
4857,20260726,4
4779,20260726,4
5551,20260726,4
3680,20260726,4
3790,20260726,4
504,20260726,4
2753,20260726,4
4807,20260726,4
4598,20260726,4
1972,20260726,4
778,20260726,4
2624,20260726,4
630,20260726,4
510,20260726,4
1671,20260726,4
4541,20260726,4
1658,20260726,4
2083,20260726,4
447,20260726,4
4265,20260726,4
3448,20260726,4
3850,20260726,4
4762,20260726,4
1184,20260726,4
5038,20260726,4
319,20260726,4
4290,20260726,4
1564,20260726,4
2253,20260726,4
4089,20260726,4
928,20260726,4
3408,20260726,4
2773,20260726,4
66,20260726,4
3948,20260726,4
3711,20260726,4
3631,20260726,4
1191,20260726,4
1414,20260726,4
832,20260726,4
5077,20260726,4
1767,20260726,4
2029,20260726,4
1909,20260726,4
2120,20260726,4
727,20260726,4
1622,20260726,4
2819,20260726,4
1069,20260726,4
3017,20260726,4
3594,20260726,4
1439,20260726,4
2536,20260726,4
4843,20260726,4
1165,20260726,4
5081,20260726,4
2865,20260726,4
1059,20260726,4
2153,20260726,4
600,20260726,4
3974,20260726,4
3330,20260726,4
3347,20260726,4
1936,20260726,4
1057,20260726,4
2088,20260726,4
1527,20260726,4
2111,20260726,4
3789,20260726,4
4480,20260726,4
1281,20260726,4
5357,20260726,4
4996,20260726,4
4046,20260726,4
4131,20260726,4
1347,20260726,4
5747,20260726,4
2200,20260726,4
841,20260726,4
2019,20260726,4
498,20260726,4
2499,20260726,4
731,20260726,4
632,20260726,4
351,20260726,4
2915,20260726,4
689,20260726,4
5071,20260726,4
95,20260726,4
1532,20260726,4
3950,20260726,4
5236,20260726,4
1668,20260726,4
1104,20260726,4
4298,20260726,4
4562,20260726,4
1144,20260726,4
3809,20260726,4
2513,20260726,4
222,20260726,4
5405,20260726,4
839,20260726,4
1456,20260726,4
3008,20260726,4
18,20260726,4
5739,20260726,4
2843,20260726,4
3911,20260726,4
2081,20260726,4
810,20260726,4
3762,20260726,4
5871,20260726,4
797,20260726,4
4406,20260726,4
5019,20260726,4
3621,20260726,4
346,20260726,4
2698,20260726,4
4699,20260726,4
5539,20260726,4
564,20260726,4
5407,20260726,4
4943,20260726,4
4968,20260726,4
4876,20260726,4
1738,20260726,4
3431,20260726,4
5685,20260726,4
5836,20260726,4
1202,20260726,4
710,20260726,4
425,20260726,4
3052,20260726,4
5880,20260726,4
313,20260726,4
2366,20260726,4
3454,20260726,4
5531,20260726,4
2210,20260726,4
513,20260726,4
5443,20260726,4
5201,20260726,4
1829,20260726,4
4731,20260726,4
1983,20260726,4
3111,20260726,4
4967,20260726,4
3629,20260726,4
2033,20260726,4
4284,20260726,4
3564,20260726,4
3917,20260726,4
3488,20260726,4
5215,20260726,4
1558,20260726,4
24,20260726,4
5617,20260726,4
4035,20260726,4
3037,20260726,4
5643,20260726,4
64,20260726,4
1216,20260726,4
1737,20260726,4
1878,20260726,4
31,20260726,4
4817,20260726,4
2947,20260726,4
4601,20260726,4
5219,20260726,4
4437,20260726,4
3673,20260726,4
4564,20260726,4
5129,20260726,4
5857,20260726,4
4138,20260726,4
1052,20260726,4
165,20260726,4
3873,20260726,4
929,20260726,4
1782,20260726,4
2000,20260726,4
5404,20260726,4
1888,20260726,4
4448,20260726,4
4188,20260726,4
2807,20260726,4
5123,20260726,4
2399,20260726,4
2727,20260726,4
5557,20260726,4
1594,20260726,4
161,20260726,4
1321,20260726,4
2206,20260726,4
2796,20260726,4
4412,20260726,4
1183,20260726,4
3927,20260726,4
1260,20260726,4
2998,20260726,4
2006,20260726,4
4944,20260726,4
5433,20260726,4
4518,20260726,4
1120,20260726,4
3220,20260726,4
4666,20260726,4
3177,20260726,4
5277,20260726,4
1496,20260726,4
5682,20260726,4
1349,20260726,4
1028,20260726,4
4773,20260726,4
2921,20260726,4
2679,20260726,4
5004,20260726,4
5057,20260726,4
3903,20260726,4
5353,20260726,4
2126,20260726,4
5570,20260726,4
4915,20260726,4
3141,20260726,4
3605,20260726,4
4418,20260726,4
1291,20260726,4
4647,20260726,4
656,20260726,4
2494,20260726,4
4867,20260726,4
5222,20260726,4
253,20260726,4
2805,20260726,4
5032,20260726,4
5453,20260726,4
1391,20260726,4
3601,20260726,4
5009,20260726,4
3445,20260726,4
421,20260726,4
3146,20260726,4
2978,20260726,4
5474,20260726,4
5655,20260726,4
3771,20260727,0
4769,20260727,0
5782,20260727,0
3902,20260727,0
5341,20260727,0
4075,20260727,0
922,20260727,0
1907,20260727,0
4353,20260727,0
2777,20260727,0
5619,20260727,0
1026,20260727,0
3185,20260727,0
2252,20260727,0
4635,20260727,0
653,20260727,0
5365,20260727,0
5603,20260727,0
4548,20260727,0
4669,20260727,0
2308,20260727,0
3716,20260727,0
4609,20260727,0
4066,20260727,0
680,20260727,0
3527,20260727,0
2399,20260727,0
3298,20260727,0
1731,20260727,0
61,20260727,0
2971,20260727,0
2433,20260727,0
2030,20260727,0
2483,20260727,0
5015,20260727,0
1872,20260727,0
1144,20260727,0
4098,20260727,0
3711,20260727,0
2848,20260727,0
5797,20260727,0
1655,20260727,0
1103,20260727,0
4455,20260727,0
250,20260727,0
2651,20260727,0
2105,20260727,0
4086,20260727,0
1930,20260727,0
4199,20260727,0
1844,20260727,0
5441,20260727,0
1765,20260727,0
5310,20260727,0
4381,20260727,0
5418,20260727,0
5044,20260727,0
5021,20260727,0
2997,20260727,0
2201,20260727,0
3667,20260727,0
4496,20260727,0
1119,20260727,0
478,20260727,0
5299,20260727,0
4193,20260727,0
5154,20260727,0
216,20260727,0
4237,20260727,0
4111,20260727,0
1647,20260727,0
3912,20260727,0
4936,20260727,0
1753,20260727,0
934,20260727,0
800,20260727,0
3351,20260727,0
434,20260727,0
1036,20260727,0
3604,20260727,0
4128,20260727,0
5443,20260727,0
3063,20260727,0
3970,20260727,0
3381,20260727,0
4567,20260727,0
1220,20260727,0
2032,20260727,0
5630,20260727,0
2223,20260727,0
758,20260727,0
5438,20260727,0
2815,20260727,0
4014,20260727,0
3321,20260727,0
3080,20260727,0
4448,20260727,0
2501,20260727,0
4228,20260727,0
3525,20260727,0
2742,20260727,0
3324,20260727,0
2956,20260727,0
4278,20260727,0
2459,20260727,0
5861,20260727,0
3777,20260727,0
4670,20260727,0
4688,20260727,0
104,20260727,0
3870,20260727,0
4147,20260727,0
5830,20260727,0
2933,20260727,0
2332,20260727,0
21,20260727,0
1829,20260727,0
821,20260727,0
358,20260727,0
3213,20260727,0
4960,20260727,0
1894,20260727,0
4586,20260727,0
5817,20260727,0
829,20260727,0
5622,20260727,0
3496,20260727,0
2521,20260727,0
4483,20260727,0
3217,20260727,0
5077,20260727,0
2016,20260727,0
35,20260727,0
1033,20260727,0
1783,20260727,0
3136,20260727,0
5454,20260727,0
557,20260727,0
3115,20260727,0
4001,20260727,0
1294,20260727,0
3238,20260727,0
3158,20260727,0
3439,20260727,0
5134,20260727,0
2610,20260727,0
3190,20260727,0
3757,20260727,0
3852,20260727,0
4684,20260727,0
340,20260727,0
4165,20260727,0
1308,20260727,0
2743,20260727,0
1755,20260727,0
1880,20260727,0
5098,20260727,0
975,20260727,0
1319,20260727,0
1920,20260727,0
5314,20260727,0
198,20260727,0
3009,20260727,0
625,20260727,0
5300,20260727,0
309,20260727,0
70,20260727,0
5564,20260727,0
1058,20260727,0
887,20260727,0
5331,20260727,0
5471,20260727,0
1431,20260727,0
4010,20260727,0
1363,20260727,0
1855,20260727,0
4465,20260727,0
4223,20260727,0
2177,20260727,0
1611,20260727,0
2573,20260727,0
5751,20260727,0
4347,20260727,0
5358,20260727,0
5356,20260727,0
4569,20260727,0
454,20260727,0
382,20260727,0
2457,20260727,0
1021,20260727,0
405,20260727,0
5033,20260727,0
2710,20260727,0
725,20260727,0
5250,20260727,0
1054,20260727,0
4365,20260727,0
2558,20260727,0
5848,20260727,0
3460,20260727,0
3106,20260727,0
401,20260727,0
111,20260727,0
2565,20260727,0
2968,20260727,0
3317,20260727,0
1014,20260727,0
233,20260727,0
5769,20260727,0
4123,20260727,0
2062,20260727,0
1057,20260727,0
3423,20260727,0
4042,20260727,0
2756,20260727,0
2490,20260727,0
4267,20260727,0
5824,20260727,0
4289,20260727,0
4235,20260727,0
2263,20260727,0
1149,20260727,0
5799,20260727,0
3599,20260727,0
5496,20260727,0
4665,20260727,0
4135,20260727,0
1827,20260727,0
4283,20260727,0
190,20260727,0
3719,20260727,0
1396,20260727,0
3049,20260727,0
5050,20260727,0
1013,20260727,0
497,20260727,0
1358,20260727,0
2068,20260727,0
4079,20260727,0
703,20260727,0
1395,20260727,0
5693,20260727,0
1704,20260727,0
3253,20260727,0
1465,20260727,0
3140,20260727,0
1835,20260727,0
4887,20260727,0
2778,20260727,0
5632,20260727,0
3684,20260727,0
987,20260727,0
4831,20260727,0
3621,20260727,0
1148,20260727,0
5138,20260727,0
3035,20260727,0
4129,20260727,0
3052,20260727,0
2919,20260727,0
408,20260727,0
4457,20260727,0
5151,20260727,0
859,20260727,0
3880,20260727,0
4048,20260727,0
4006,20260727,0
3615,20260727,0
4783,20260727,0
3050,20260727,0
3627,20260727,0
4735,20260727,0
2403,20260727,0
2811,20260727,0
5635,20260727,0
2955,20260727,0
2033,20260727,0
4656,20260727,0
2819,20260727,0
5244,20260727,0
87,20260727,0
1821,20260727,0
230,20260727,0
4733,20260727,0
432,20260727,0
2650,20260727,0
1653,20260727,0
1130,20260727,0
3862,20260727,0
2366,20260727,0
3256,20260727,0
2812,20260727,0
1489,20260727,0
2527,20260727,0
40,20260727,0
978,20260727,0
271,20260727,0
1748,20260727,0
2806,20260727,0
4032,20260727,0
4522,20260727,0
4924,20260727,0
4895,20260727,0
5120,20260727,0
3485,20260727,0
2905,20260727,0
3874,20260727,0
2126,20260727,0
3714,20260727,0
5511,20260727,0
5226,20260727,0
2111,20260727,0
2199,20260727,0
1925,20260727,0
756,20260727,0
4949,20260727,0
1056,20260727,0
5293,20260727,0
1466,20260727,0
4082,20260727,0
4102,20260727,0
1391,20260727,0
1392,20260727,0
3997,20260727,0
949,20260727,0
108,20260727,0
512,20260727,0
4554,20260727,0
3131,20260727,0
3343,20260727,0
3994,20260727,0
5484,20260727,0
5407,20260727,0
3249,20260727,0
5283,20260727,0
2157,20260727,0
2312,20260727,0
3038,20260727,0
5428,20260727,0
560,20260727,0
3187,20260727,0
1650,20260727,0
3626,20260727,0
597,20260727,0
1878,20260727,0
3534,20260727,0
2372,20260727,0
3123,20260727,0
1987,20260727,0
3499,20260727,0
1678,20260727,0
538,20260727,0
1874,20260727,0
1172,20260727,0
1259,20260727,0
3977,20260727,0
1024,20260727,0
4747,20260727,0
5698,20260727,0
4824,20260727,0
3195,20260727,0
4033,20260727,0
4015,20260727,0
4660,20260727,0
3468,20260727,0
1162,20260727,0
5224,20260727,0
4728,20260727,0
3981,20260727,0
3403,20260727,0
5223,20260727,0
4150,20260727,0
2750,20260727,0
2886,20260727,0
4850,20260727,0
5670,20260727,0
5537,20260727,0
1322,20260727,0
4939,20260727,0
3596,20260727,0
3082,20260727,0
5749,20260727,0
4558,20260727,0
3250,20260727,0
3008,20260727,0
5810,20260727,0
4409,20260727,0
4156,20260727,0
5739,20260727,0
56,20260727,0
3511,20260727,0
5445,20260727,0
4692,20260727,0
942,20260727,0
4890,20260727,0
1445,20260727,0
2163,20260727,0
2307,20260727,0
3962,20260727,0
412,20260727,0
5524,20260727,0
3484,20260727,0
2487,20260727,0
3370,20260727,0
2053,20260727,0
5541,20260727,0
4648,20260727,0
2310,20260727,0
5815,20260727,0
1025,20260727,0
903,20260727,0
5515,20260727,0
4203,20260727,0
3685,20260727,0
4623,20260727,0
3389,20260727,0
2864,20260727,0
1198,20260727,0
1191,20260727,0
3126,20260727,0
4881,20260727,0
1695,20260727,0
4641,20260727,0
5596,20260727,0
1968,20260727,0
2514,20260727,0
3205,20260727,0
3247,20260727,0
753,20260727,0
1586,20260727,0
546,20260727,0
3478,20260727,0
5405,20260727,0
4163,20260727,0
5377,20260727,0
797,20260727,0
5590,20260727,0
3728,20260727,0
2823,20260727,0
4513,20260727,0
3644,20260727,0
638,20260727,0
4242,20260727,0
687,20260727,0
4706,20260727,0
262,20260727,0
3173,20260727,0
5380,20260727,0
3620,20260727,0
1207,20260727,0
5745,20260727,0
74,20260727,0
4378,20260727,0
3607,20260727,0
3163,20260727,0
2498,20260727,0
3932,20260727,0
2736,20260727,0
1157,20260727,0
990,20260727,0
264,20260727,0
4552,20260727,0
2802,20260727,0
5606,20260727,0
1277,20260727,0
3877,20260727,0
3154,20260727,0
1152,20260727,0
3107,20260727,0
415,20260727,0
2059,20260727,0
654,20260727,0
5482,20260727,0
555,20260727,0
5783,20260727,0
379,20260727,0
3378,20260727,0
5759,20260727,0
5777,20260727,0
3377,20260727,0
3642,20260727,0
3233,20260727,0
5529,20260727,0
871,20260727,0
49,20260727,0
2764,20260727,0
5010,20260727,0
3919,20260727,0
58,20260727,0
2986,20260727,0
4271,20260727,0
247,20260727,0
3906,20260727,0
4707,20260727,0
5072,20260727,0
2409,20260727,0
4750,20260727,0
3093,20260727,0
670,20260727,0
1913,20260727,0
134,20260727,0
4256,20260727,0
606,20260727,0
5785,20260727,0
2880,20260727,0
3145,20260727,0
3059,20260727,0
5183,20260727,0
2975,20260727,0
4661,20260727,0
3155,20260727,0
1959,20260727,0
2392,20260727,0
4130,20260727,0
2637,20260727,0
4557,20260727,0
248,20260727,0
430,20260727,0
3318,20260727,0
1785,20260727,0
5803,20260727,0
4172,20260727,0
3855,20260727,0
3635,20260727,0
3178,20260727,0
5012,20260727,0
4182,20260727,0
3385,20260727,0
4083,20260727,0
4474,20260727,0
3487,20260727,0
1150,20260727,0
1398,20260727,0
4046,20260727,0
1215,20260727,0
1353,20260727,0
5843,20260727,0
3669,20260727,0
4820,20260727,0
4356,20260727,0
2321,20260727,0
533,20260727,0
5180,20260727,0
2084,20260727,0
413,20260727,0
4408,20260727,0
2901,20260727,0
4876,20260727,0
2947,20260727,0
3763,20260727,0
2678,20260727,0
2862,20260727,0
1516,20260727,0
2761,20260727,0
2931,20260727,0
5289,20260727,0
1281,20260727,0
3003,20260727,0
5251,20260727,0
1553,20260727,0
3088,20260727,0
1585,20260727,0
5846,20260727,0
1270,20260727,0
5294,20260727,0
771,20260727,0
4848,20260727,0
5069,20260727,0
4519,20260727,0
1897,20260727,0
4780,20260727,0
4860,20260727,0
1406,20260727,0
3565,20260727,0
1226,20260727,0
4852,20260727,0
2515,20260727,0
148,20260727,0
221,20260727,0
5105,20260727,0
4410,20260727,0
1351,20260727,0
562,20260727,0
2671,20260727,0
4157,20260727,0
3019,20260727,0
909,20260727,0
858,20260727,0
2563,20260727,0
4634,20260727,0
4040,20260727,0
524,20260727,0
2091,20260727,0
551,20260727,0
2972,20260727,0
3569,20260727,0
2447,20260727,0
825,20260727,0
281,20260727,0
1083,20260727,0
4043,20260727,0
4818,20260727,0
4940,20260727,0
3554,20260727,0
2257,20260727,0
3844,20260727,0
29,20260727,0
2837,20260727,0
2085,20260727,0
4380,20260727,0
364,20260727,0
3451,20260727,0
2444,20260727,0
2749,20260727,0
5875,20260727,0
4737,20260727,0
1511,20260727,0
4216,20260727,0
2541,20260727,0
2696,20260727,0
227,20260727,0
437,20260727,0
351,20260727,0
2924,20260727,0
3296,20260727,0
3830,20260727,0
416,20260727,0
3004,20260727,0
4246,20260727,0
3563,20260727,0
4541,20260727,0
3814,20260727,0
3938,20260727,0
2089,20260727,0
4580,20260727,0
735,20260727,0
4207,20260727,0
2888,20260727,0
3951,20260727,0
1499,20260727,0
3581,20260727,0
5473,20260727,0
2528,20260727,0
693,20260727,0
1105,20260727,0
2578,20260727,0
1552,20260727,0
3070,20260727,0
4865,20260727,0
4810,20260727,0
2227,20260727,0
1560,20260727,0
4804,20260727,0
3509,20260727,0
2375,20260727,0
514,20260727,0
197,20260727,0
4464,20260727,0
2377,20260727,0
5680,20260727,0
3401,20260727,0
2654,20260727,0
5266,20260727,0
2300,20260727,0
973,20260727,0
30,20260727,0
4667,20260727,0
4173,20260727,0
1272,20260727,0
5116,20260727,0
5228,20260727,0
2072,20260727,0
2656,20260727,0
5442,20260727,0
776,20260727,0
4592,20260727,0
2023,20260727,0
2225,20260727,0
5031,20260727,0
1262,20260727,0
4576,20260727,0
3647,20260727,0
1267,20260727,0
2500,20260727,0
1756,20260727,0
256,20260727,0
5119,20260727,0
1940,20260727,0
3760,20260727,0
2855,20260727,0
261,20260727,0
3998,20260727,0
5317,20260727,0
5827,20260727,0
5199,20260727,0
4214,20260727,0
55,20260727,0
4593,20260727,0
1367,20260727,0
1053,20260727,0
269,20260727,0
5636,20260727,0
1992,20260727,0
762,20260727,0
2865,20260727,0
2467,20260727,0
2276,20260727,0
2445,20260727,0
1986,20260727,0
5350,20260727,0
2299,20260727,0
496,20260727,0
1677,20260727,0
4951,20260727,0
5552,20260727,0
795,20260727,0
2774,20260727,0
545,20260727,0
3999,20260727,0
1962,20260727,0
3242,20260727,0
1676,20260727,0
1614,20260727,0
5181,20260727,0
1834,20260727,0
3746,20260727,0
5330,20260727,0
1691,20260727,0
1330,20260727,0
5352,20260727,0
5392,20260727,0
495,20260727,0
4680,20260727,0
772,20260727,0
4201,20260727,0
2360,20260727,0
4972,20260727,0
5506,20260727,0
4217,20260727,0
3116,20260727,0
4721,20260727,0
3519,20260727,0
5637,20260727,0
4537,20260727,0
899,20260727,0
1715,20260727,0
1509,20260727,0
4880,20260727,0
2396,20260727,0
3934,20260727,0
1554,20260727,0
4159,20260727,0
5686,20260727,0
1597,20260727,0
5579,20260727,0
5141,20260727,0
3454,20260727,0
2121,20260727,0
3001,20260727,0
961,20260727,0
5004,20260727,0
4100,20260727,0
3220,20260727,0
1528,20260727,0
5528,20260727,0
2879,20260727,0
4122,20260727,0
2277,20260727,0
3400,20260727,0
4305,20260727,0
5808,20260727,0
3717,20260727,0
4401,20260727,0
5556,20260727,0
1673,20260727,0
1529,20260727,0
4794,20260727,0
4478,20260727,0
3179,20260727,0
782,20260727,0
1542,20260727,0
3908,20260727,0
2237,20260727,0
180,20260727,0
4149,20260727,0
1475,20260727,0
3610,20260727,0
1140,20260727,0
3444,20260727,0
5150,20260727,0
2495,20260727,0
5644,20260727,0
5090,20260727,0
3689,20260727,0
4463,20260727,0
1993,20260727,0
2599,20260727,0
2074,20260727,0
2412,20260727,0
2938,20260727,0
1871,20260727,0
5295,20260727,0
4686,20260727,0
3653,20260727,0
3209,20260727,0
5272,20260727,0
4000,20260727,0
4966,20260727,0
341,20260727,0
494,20260727,0
5427,20260727,0
2271,20260727,0
4224,20260727,0
1476,20260727,0
5823,20260727,0
749,20260727,0
2874,20260727,0
2510,20260727,0
2456,20260727,0
1469,20260727,0
5835,20260727,0
100,20260727,0
840,20260727,0
93,20260727,0
1648,20260727,0
2765,20260727,0
2733,20260727,0
1063,20260727,0
4657,20260727,0
4969,20260727,0
5775,20260727,0
4226,20260727,0
5710,20260727,0
208,20260727,0
4026,20260727,0
2805,20260727,0
4907,20260727,0
3092,20260727,0
487,20260727,0
5840,20260727,0
4239,20260727,0
5533,20260727,0
663,20260727,0
4179,20260727,0
3472,20260727,0
316,20260727,0
243,20260727,0
3386,20260727,0
2587,20260727,0
1219,20260727,0
1411,20260727,0
2981,20260727,0
10,20260727,0
3833,20260727,0
1841,20260727,0
2547,20260727,0
1250,20260727,0
3831,20260727,0
4340,20260727,0
4899,20260727,0
3718,20260727,0
5449,20260727,0
3215,20260727,0
1566,20260727,0
5818,20260727,0
1506,20260727,0
895,20260727,0
1189,20260727,0
1603,20260727,0
145,20260727,0
4911,20260727,0
2751,20260727,0
1927,20260727,0
32,20260727,0
602,20260727,0
4698,20260727,0
3505,20260727,0
5469,20260727,0
5325,20260727,0
268,20260727,0
143,20260727,0
4430,20260727,0
700,20260727,0
4326,20260727,0
4143,20260727,0
4058,20260727,0
2922,20260727,0
1088,20260727,0
1645,20260727,0
12,20260727,0
2556,20260727,0
1550,20260727,0
2173,20260727,0
1912,20260727,0
658,20260727,0
280,20260727,0
1255,20260727,0
2066,20260727,0
4151,20260727,0
4946,20260727,0
1211,20260727,0
3743,20260727,0
5028,20260727,0
3362,20260727,0
5812,20260727,0
3347,20260727,0
2151,20260727,0
3727,20260727,0
4325,20260727,0
5296,20260727,0
5218,20260727,0
893,20260727,0
476,20260727,0
4742,20260727,0
5655,20260727,0
95,20260727,0
2198,20260727,0
3269,20260727,0
3536,20260727,0
3967,20260727,0
1769,20260727,0
2666,20260727,0
5676,20260727,0
548,20260727,0
3426,20260727,0
2652,20260727,0
1632,20260727,0
587,20260727,0
1179,20260727,0
3690,20260727,0
303,20260727,0
3517,20260727,0
4779,20260727,0
2222,20260727,0
5768,20260727,0
5156,20260727,0
1295,20260727,0
802,20260727,0
1145,20260727,0
5595,20260727,0
97,20260727,0
2333,20260727,0
1352,20260727,0
2127,20260727,0
4687,20260727,0
2019,20260727,0
2092,20260727,0
173,20260727,0
727,20260727,0
5478,20260727,0
995,20260727,0
2604,20260727,0
5132,20260727,0
2093,20260727,0
465,20260727,0
528,20260727,0
1244,20260727,0
3149,20260727,0
4118,20260727,0
1193,20260727,0
3681,20260727,0
330,20260727,0
5200,20260727,0
4900,20260727,0
1328,20260727,0
3990,20260727,0
2292,20260727,0
2492,20260727,0
3384,20260727,0
2035,20260727,0
2503,20260727,0
3677,20260727,0
3348,20260727,0
5838,20260727,0
5322,20260727,0
4160,20260727,0
117,20260727,0
5660,20260727,0
1803,20260727,0
910,20260727,0
1988,20260727,0
4619,20260727,0
4830,20260727,0
2029,20260727,0
165,20260727,0
4837,20260727,0
2275,20260727,0
4357,20260727,0
1169,20260727,0
376,20260727,0
1393,20260727,0
748,20260727,0
2125,20260727,0
3416,20260727,0
2212,20260727,0
5563,20260727,0
1935,20260727,0
2873,20260727,0
4191,20260727,0
2582,20260727,0
2325,20260727,0
5347,20260727,0
1487,20260727,0
2738,20260727,0
446,20260727,0
2370,20260727,0
634,20260727,0
69,20260727,0
4768,20260727,0
3162,20260727,0
3807,20260727,0
1636,20260727,0
2273,20260727,0
3453,20260727,0
4279,20260727,0
1062,20260727,0
3737,20260727,0
3372,20260727,0
3289,20260727,0
537,20260727,0
2346,20260727,0
5285,20260727,0
2180,20260727,0
1201,20260727,0
5378,20260727,0
4699,20260727,0
3959,20260727,0
2393,20260727,0
731,20260727,0
5868,20260727,0
4839,20260727,0
398,20260727,0
2953,20260727,0
4254,20260727,0
2318,20260727,0
1696,20260727,0
5422,20260727,0
1735,20260727,0
183,20260727,0
3899,20260727,0
2012,20260727,0
211,20260727,0
4617,20260727,0
1706,20260727,0
1772,20260727,0
4396,20260727,0
5403,20260727,0
5198,20260727,0
1623,20260727,0
5412,20260727,0
1991,20260727,0
286,20260727,0
4031,20260727,0
5837,20260727,0
2413,20260727,0
2930,20260727,0
1587,20260727,0
4097,20260727,0
5372,20260727,0
1364,20260727,0
790,20260727,0
4113,20260727,0
2288,20260727,0
2574,20260727,0
4984,20260727,0
3995,20260727,0
4209,20260727,0
5791,20260727,0
3980,20260727,0
5752,20260727,0
5539,20260727,0
5243,20260727,0
5343,20260727,0
2314,20260727,0
2844,20260727,0
799,20260727,0
5580,20260727,0
2287,20260727,0
1418,20260727,0
5126,20260727,0
4354,20260727,0
868,20260727,0
4560,20260727,0
4255,20260727,0
933,20260727,0
128,20260727,0
889,20260727,0
2588,20260727,0
2436,20260727,0
3257,20260727,0
3180,20260727,0
1838,20260727,0
116,20260727,0
2882,20260727,0
5715,20260727,0
2763,20260727,0
3226,20260727,0
223,20260727,0
471,20260727,0
5227,20260727,0
3876,20260727,0
5426,20260727,0
3845,20260727,0
4625,20260727,0
5679,20260727,0
2244,20260727,0
4345,20260727,0
5235,20260727,0
3817,20260727,0
4846,20260727,0
862,20260727,0
3276,20260727,0
2728,20260727,0
3471,20260727,0
4937,20260727,0
322,20260727,0
1837,20260727,0
5821,20260727,0
5488,20260727,0
3560,20260727,0
5270,20260727,0
2943,20260727,0
4335,20260727,0
1975,20260727,0
2592,20260727,0
5354,20260727,0
1291,20260727,0
5022,20260727,0
118,20260727,0
5264,20260727,0
2892,20260727,0
5060,20260727,0
1766,20260727,0
1258,20260727,0
5816,20260727,0
4489,20260727,0
504,20260727,0
1891,20260727,0
2958,20260727,0
2869,20260727,0
1758,20260727,0
2165,20260727,0
5836,20260727,0
1031,20260727,0
2727,20260727,0
507,20260727,0
3394,20260727,0
5112,20260727,0
2615,20260727,0
5585,20260727,0
5668,20260727,0
2060,20260727,0
4213,20260727,0
4318,20260727,0
1213,20260727,0
4570,20260727,0
2075,20260727,0
5806,20260727,0
2235,20260727,0
1513,20260727,0
5513,20260727,0
4875,20260727,0
361,20260727,0
4045,20260727,0
218,20260727,0
5646,20260727,0
4277,20260727,0
1342,20260727,0
1561,20260727,0
5301,20260727,0
898,20260727,0
5480,20260727,0
2028,20260727,0
4088,20260727,0
816,20260727,0
2142,20260727,0
5834,20260727,1
2446,20260727,1
2305,20260727,1
3910,20260727,1
4272,20260727,1
1888,20260727,1
4076,20260727,1
3335,20260727,1
1108,20260727,1
445,20260727,1
3944,20260727,1
96,20260727,1
4579,20260727,1
1921,20260727,1
5122,20260727,1
2596,20260727,1
1356,20260727,1
1644,20260727,1
2232,20260727,1
2781,20260727,1
3319,20260727,1
482,20260727,1
4146,20260727,1
1107,20260727,1
2870,20260727,1
2174,20260727,1
5675,20260727,1
2825,20260727,1
5601,20260727,1
119,20260727,1
4653,20260727,1
1109,20260727,1
4520,20260727,1
2339,20260727,1
1019,20260727,1
13,20260727,1
2470,20260727,1
1271,20260727,1
529,20260727,1
5328,20260727,1
3931,20260727,1
3623,20260727,1
5477,20260727,1
5053,20260727,1
2562,20260727,1
4883,20260727,1
1686,20260727,1
1690,20260727,1
2200,20260727,1
1306,20260727,1
2098,20260727,1
1196,20260727,1
26,20260727,1
5127,20260727,1
2357,20260727,1
5346,20260727,1
5760,20260727,1
311,20260727,1
3879,20260727,1
1385,20260727,1
5740,20260727,1
2524,20260727,1
3769,20260727,1
2800,20260727,1
2260,20260727,1
3455,20260727,1
3765,20260727,1
1672,20260727,1
2230,20260727,1
2799,20260727,1
1745,20260727,1
2254,20260727,1
4310,20260727,1
4002,20260727,1
4265,20260727,1
4119,20260727,1
4453,20260727,1
1826,20260727,1
147,20260727,1
3984,20260727,1
3071,20260727,1
1232,20260727,1
159,20260727,1
1296,20260727,1
1997,20260727,1
536,20260727,1
2512,20260727,1
4298,20260727,1
3916,20260727,1
474,20260727,1
3680,20260727,1
5586,20260727,1
1230,20260727,1
5696,20260727,1
2549,20260727,1
3513,20260727,1
1077,20260727,1
4965,20260727,1
3780,20260727,1
721,20260727,1
1293,20260727,1
2309,20260727,1
4507,20260727,1
3660,20260727,1
5064,20260727,1
3783,20260727,1
3421,20260727,1
556,20260727,1
4935,20260727,1
3150,20260727,1
86,20260727,1
823,20260727,1
4958,20260727,1
4085,20260727,1
4859,20260727,1
1297,20260727,1
370,20260727,1
4944,20260727,1
5517,20260727,1
4997,20260727,1
3688,20260727,1
89,20260727,1
1548,20260727,1
4132,20260727,1
2996,20260727,1
502,20260727,1
3139,20260727,1
2100,20260727,1
635,20260727,1
3978,20260727,1
882,20260727,1
3278,20260727,1
4770,20260727,1
998,20260727,1
5186,20260727,1
2404,20260727,1
3954,20260727,1
1781,20260727,1
5787,20260727,1
2838,20260727,1
2816,20260727,1
4234,20260727,1
3733,20260727,1
2707,20260727,1
2611,20260727,1
2626,20260727,1
854,20260727,1
5876,20260727,1
369,20260727,1
996,20260727,1
5610,20260727,1
3955,20260727,1
5612,20260727,1
459,20260727,1
732,20260727,1
42,20260727,1
806,20260727,1
5092,20260727,1
2336,20260727,1
4591,20260727,1
715,20260727,1
2294,20260727,1
5483,20260727,1
2102,20260727,1
45,20260727,1
4531,20260727,1
3436,20260727,1
1967,20260727,1
4028,20260727,1
3553,20260727,1
5486,20260727,1
2829,20260727,1
1468,20260727,1
5049,20260727,1
639,20260727,1
4038,20260727,1
2077,20260727,1
5434,20260727,1
130,20260727,1
3896,20260727,1
4400,20260727,1
235,20260727,1
5108,20260727,1
3151,20260727,1
115,20260727,1
3508,20260727,1
2374,20260727,1
481,20260727,1
4084,20260727,1
419,20260727,1
2344,20260727,1
5114,20260727,1
5820,20260727,1
2384,20260727,1
2779,20260727,1
2297,20260727,1
1216,20260727,1
4244,20260727,1
1311,20260727,1
4250,20260727,1
579,20260727,1
1699,20260727,1
473,20260727,1
5520,20260727,1
989,20260727,1
3367,20260727,1
219,20260727,1
2887,20260727,1
4403,20260727,1
4452,20260727,1
3797,20260727,1
3375,20260727,1
2293,20260727,1
1410,20260727,1
576,20260727,1
4744,20260727,1
5009,20260727,1
127,20260727,1
489,20260727,1
338,20260727,1
5229,20260727,1
4697,20260727,1
4647,20260727,1
2522,20260727,1
5614,20260727,1
3452,20260727,1
3407,20260727,1
3605,20260727,1
808,20260727,1
2932,20260727,1
1898,20260727,1
4472,20260727,1
1633,20260727,1
915,20260727,1
5776,20260727,1
2078,20260727,1
582,20260727,1
805,20260727,1
3016,20260727,1
1012,20260727,1
676,20260727,1
4348,20260727,1
4942,20260727,1
3803,20260727,1
3866,20260727,1
4487,20260727,1
4725,20260727,1
2419,20260727,1
4421,20260727,1
5326,20260727,1
2631,20260727,1
4930,20260727,1
1348,20260727,1
390,20260727,1
3020,20260727,1
4845,20260727,1
2998,20260727,1
1595,20260727,1
4321,20260727,1
5512,20260727,1
2639,20260727,1
2296,20260727,1
4581,20260727,1
72,20260727,1
1045,20260727,1
355,20260727,1
3303,20260727,1
353,20260727,1
958,20260727,1
4990,20260727,1
2070,20260727,1
239,20260727,1
4211,20260727,1
4433,20260727,1
1049,20260727,1
411,20260727,1
2617,20260727,1
5001,20260727,1
17,20260727,1
5087,20260727,1
5599,20260727,1
3622,20260727,1
2891,20260727,1
3875,20260727,1
2867,20260727,1
4710,20260727,1
2311,20260727,1
692,20260727,1
5694,20260727,1
3712,20260727,1
2798,20260727,1
5490,20260727,1
1954,20260727,1
5221,20260727,1
4069,20260727,1
345,20260727,1
241,20260727,1
4328,20260727,1
1658,20260727,1
5071,20260727,1
1581,20260727,1
585,20260727,1
2672,20260727,1
207,20260727,1
2670,20260727,1
3804,20260727,1
1078,20260727,1
2757,20260727,1
20,20260727,1
5136,20260727,1
486,20260727,1
155,20260727,1
1710,20260727,1
3740,20260727,1
1598,20260727,1
5683,20260727,1
5681,20260727,1
2193,20260727,1
865,20260727,1
1357,20260727,1
3768,20260727,1
4925,20260727,1
681,20260727,1
3779,20260727,1
5212,20260727,1
2661,20260727,1
2795,20260727,1
900,20260727,1
5845,20260727,1
4823,20260727,1
2280,20260727,1
3924,20260727,1
2628,20260727,1
5204,20260727,1
2569,20260727,1
884,20260727,1
5692,20260727,1
3941,20260727,1
3137,20260727,1
2716,20260727,1
5305,20260727,1
1257,20260727,1
1999,20260727,1
1960,20260727,1
4295,20260727,1
4662,20260727,1
5456,20260727,1
1240,20260727,1
1915,20260727,1
1757,20260727,1
4571,20260727,1
5870,20260727,1
3989,20260727,1
5489,20260727,1
1027,20260727,1
1479,20260727,1
1069,20260727,1
3671,20260727,1
2327,20260727,1
5013,20260727,1
3069,20260727,1
4913,20260727,1
5453,20260727,1
1814,20260727,1
2367,20260727,1
5780,20260727,1
2265,20260727,1
4877,20260727,1
4879,20260727,1
99,20260727,1
4231,20260727,1
3055,20260727,1
5128,20260727,1
5194,20260727,1
2246,20260727,1
4544,20260727,1
3229,20260727,1
167,20260727,1
2322,20260727,1
1665,20260727,1
519,20260727,1
4145,20260727,1
3869,20260727,1
1947,20260727,1
5786,20260727,1
1858,20260727,1
51,20260727,1
2546,20260727,1
5308,20260727,1
4585,20260727,1
569,20260727,1
3171,20260727,1
4910,20260727,1
139,20260727,1
251,20260727,1
3388,20260727,1
3827,20260727,1
2717,20260727,1
1454,20260727,1
5324,20260727,1
993,20260727,1
5464,20260727,1
1305,20260727,1
2114,20260727,1
4144,20260727,1
912,20260727,1
4655,20260727,1
9,20260727,1
4611,20260727,1
3715,20260727,1
2602,20260727,1
2627,20260727,1
3161,20260727,1
3287,20260727,1
734,20260727,1
1555,20260727,1
5624,20260727,1
1842,20260727,1
3330,20260727,1
1876,20260727,1
1114,20260727,1
5523,20260727,1
5602,20260727,1
4051,20260727,1
2352,20260727,1
2694,20260727,1
4666,20260727,1
4902,20260727,1
1168,20260727,1
493,20260727,1
2153,20260727,1
866,20260727,1
1773,20260727,1
4367,20260727,1
1809,20260727,1
3344,20260727,1
945,20260727,1
1654,20260727,1
3450,20260727,1
712,20260727,1
542,20260727,1
2301,20260727,1
1730,20260727,1
4386,20260727,1
4978,20260727,1
169,20260727,1
1365,20260727,1
4945,20260727,1
3098,20260727,1
3262,20260727,1
5170,20260727,1
4319,20260727,1
3889,20260727,1
470,20260727,1
837,20260727,1
1333,20260727,1
5532,20260727,1
1287,20260727,1
745,20260727,1
4550,20260727,1
4438,20260727,1
5419,20260727,1
4599,20260727,1
4249,20260727,1
964,20260727,1
894,20260727,1
2024,20260727,1
2701,20260727,1
3147,20260727,1
2927,20260727,1
1068,20260727,1
747,20260727,1
5724,20260727,1
997,20260727,1
2381,20260727,1
4260,20260727,1
5822,20260727,1
1956,20260727,1
746,20260727,1
4573,20260727,1
3991,20260727,1
5277,20260727,1
33,20260727,1
356,20260727,1
2863,20260727,1
3557,20260727,1
3429,20260727,1
2022,20260727,1
880,20260727,1
5535,20260727,1
5561,20260727,1
94,20260727,1
1246,20260727,1
1424,20260727,1
3433,20260727,1
4297,20260727,1
5567,20260727,1
1846,20260727,1
1626,20260727,1
2008,20260727,1
4461,20260727,1
4370,20260727,1
5851,20260727,1
3334,20260727,1
2124,20260727,1
1046,20260727,1
2961,20260727,1
897,20260727,1
2789,20260727,1
4858,20260727,1
863,20260727,1
2680,20260727,1
5254,20260727,1
3735,20260727,1
2896,20260727,1
1338,20260727,1
3695,20260727,1
1573,20260727,1
4450,20260727,1
1263,20260727,1
3138,20260727,1
1075,20260727,1
935,20260727,1
332,20260727,1
4691,20260727,1
4470,20260727,1
4349,20260727,1
308,20260727,1
5376,20260727,1
552,20260727,1
228,20260727,1
1784,20260727,1
3044,20260727,1
1414,20260727,1
263,20260727,1
1593,20260727,1
2686,20260727,1
222,20260727,1
5608,20260727,1
3097,20260727,1
319,20260727,1
4601,20260727,1
110,20260727,1
2267,20260727,1
4334,20260727,1
5543,20260727,1
5604,20260727,1
4025,20260727,1
1515,20260727,1
4974,20260727,1
4758,20260727,1
1693,20260727,1
2261,20260727,1
2313,20260727,1
245,20260727,1
4713,20260727,1
249,20260727,1
629,20260727,1
5485,20260727,1
5074,20260727,1
1761,20260727,1
1517,20260727,1
3477,20260727,1
1606,20260727,1
5867,20260727,1
4598,20260727,1
1310,20260727,1
1713,20260727,1
1248,20260727,1
4311,20260727,1
1759,20260727,1
1579,20260727,1
3040,20260727,1
5274,20260727,1
5700,20260727,1
920,20260727,1
425,20260727,1
5430,20260727,1
3309,20260727,1
5448,20260727,1
4912,20260727,1
5080,20260727,1
1052,20260727,1
1438,20260727,1
2073,20260727,1
349,20260727,1
2542,20260727,1
2878,20260727,1
3153,20260727,1
1166,20260727,1
67,20260727,1
2530,20260727,1
5719,20260727,1
888,20260727,1
2255,20260727,1
5066,20260727,1
5877,20260727,1
1440,20260727,1
717,20260727,1
5220,20260727,1
2209,20260727,1
906,20260727,1
2720,20260727,1
458,20260727,1
2462,20260727,1
1746,20260727,1
3197,20260727,1
1802,20260727,1
331,20260727,1
4407,20260727,1
3692,20260727,1
2982,20260727,1
5217,20260727,1
3459,20260727,1
2450,20260727,1
266,20260727,1
3841,20260727,1
236,20260727,1
1591,20260727,1
4701,20260727,1
952,20260727,1
3665,20260727,1
3331,20260727,1
1564,20260727,1
5395,20260727,1
2047,20260727,1
1141,20260727,1
3766,20260727,1
2791,20260727,1
3083,20260727,1
1037,20260727,1
3212,20260727,1
811,20260727,1
1286,20260727,1
5184,20260727,1
381,20260727,1
4765,20260727,1
5029,20260727,1
1524,20260727,1
3646,20260727,1
3753,20260727,1
4074,20260727,1
2523,20260727,1
3177,20260727,1
1582,20260727,1
2684,20260727,1
3548,20260727,1
5534,20260727,1
2451,20260727,1
5063,20260727,1
3808,20260727,1
5642,20260727,1
4061,20260727,1
626,20260727,1
1830,20260727,1
4857,20260727,1
1496,20260727,1
4210,20260727,1
1429,20260727,1
2168,20260727,1
780,20260727,1
1439,20260727,1
4247,20260727,1
3300,20260727,1
3169,20260727,1
2954,20260727,1
5629,20260727,1
1043,20260727,1
3976,20260727,1
2416,20260727,1
2465,20260727,1
3750,20260727,1
1973,20260727,1
4307,20260727,1
2928,20260727,1
4054,20260727,1
5862,20260727,1
2233,20260727,1
1313,20260727,1
3202,20260727,1
5410,20260727,1
4432,20260727,1
3538,20260727,1
4645,20260727,1
2551,20260727,1
3310,20260727,1
2106,20260727,1
4898,20260727,1
260,20260727,1
2950,20260727,1
3741,20260727,1
5748,20260727,1
2435,20260727,1
5364,20260727,1
5242,20260727,1
1836,20260727,1
2340,20260727,1
3108,20260727,1
1094,20260727,1
3432,20260727,1
2600,20260727,1
2827,20260727,1
2055,20260727,1
1889,20260727,1
3860,20260727,1
985,20260727,1
2629,20260727,1
3545,20260727,1
5562,20260727,1
4155,20260727,1
5152,20260727,1
4992,20260727,1
347,20260727,1
1493,20260727,1
641,20260727,1
3006,20260727,1
5115,20260727,1
105,20260727,1
3686,20260727,1
1669,20260727,1
3738,20260727,1
2458,20260727,1
4832,20260727,1
3579,20260727,1
3396,20260727,1
5089,20260727,1
5576,20260727,1
407,20260727,1
1656,20260727,1
1492,20260727,1
963,20260727,1
591,20260727,1
733,20260727,1
4985,20260727,1
1638,20260727,1
4587,20260727,1
5195,20260727,1
2685,20260727,1
3299,20260727,1
2005,20260727,1
3824,20260727,1
2042,20260727,1
5109,20260727,1
2319,20260727,1
1435,20260727,1
4423,20260727,1
2847,20260727,1
3837,20260727,1
2421,20260727,1
4415,20260727,1
374,20260727,1
3897,20260727,1
1961,20260727,1
617,20260727,1
941,20260727,1
1768,20260727,1
3742,20260727,1
959,20260727,1
4020,20260727,1
592,20260727,1
5055,20260727,1
2004,20260727,1
4437,20260727,1
5101,20260727,1
1347,20260727,1
4589,20260727,1
1405,20260727,1
5871,20260727,1
3387,20260727,1
1602,20260727,1
3360,20260727,1
3338,20260727,1
5781,20260727,1
5600,20260727,1
1572,20260727,1
4983,20260727,1
1747,20260727,1
2448,20260727,1
5658,20260727,1
563,20260727,1
5070,20260727,1
1804,20260727,1
3770,20260727,1
4269,20260727,1
1331,20260727,1
1039,20260727,1
662,20260727,1
5390,20260727,1
4138,20260727,1
5711,20260727,1
2866,20260727,1
3582,20260727,1
5323,20260727,1
1798,20260727,1
1197,20260727,1
2988,20260727,1
350,20260727,1
5764,20260727,1
588,20260727,1
5039,20260727,1
704,20260727,1
3729,20260727,1
2248,20260727,1
1359,20260727,1
3223,20260727,1
558,20260727,1
5462,20260727,1
1452,20260727,1
19,20260727,1
5230,20260727,1
2698,20260727,1
4908,20260727,1
2509,20260727,1
5568,20260727,1
5650,20260727,1
210,20260727,1
711,20260727,1
5673,20260727,1
2278,20260727,1
4871,20260727,1
4374,20260727,1
1117,20260727,1
4023,20260727,1
4361,20260727,1
3956,20260727,1
3000,20260727,1
5730,20260727,1
2723,20260727,1
4362,20260727,1
3975,20260727,1
5742,20260727,1
1697,20260727,1
4389,20260727,1
1709,20260727,1
1160,20260727,1
5662,20260727,1
5068,20260727,1
296,20260727,1
3368,20260727,1
4835,20260727,1
1911,20260727,1
1806,20260727,1
3796,20260727,1
2259,20260727,1
1064,20260727,1
5747,20260727,1
4480,20260727,1
3084,20260727,1
4170,20260727,1
2087,20260727,1
4588,20260727,1
5363,20260727,1
3992,20260727,1
5020,20260727,1
2572,20260727,1
5548,20260727,1
5355,20260727,1
1937,20260727,1
2,20260727,1
177,20260727,1
5149,20260727,1
1599,20260727,1
3120,20260727,1
5058,20260727,1
2948,20260727,1
1866,20260727,1
1700,20260727,1
1090,20260727,1
2438,20260727,1
3920,20260727,1
253,20260727,1
1269,20260727,1
1629,20260727,1
5504,20260727,1
2641,20260727,1
1102,20260727,1
1020,20260727,1
2007,20260727,1
3597,20260727,1
3731,20260727,1
1194,20260727,1
24,20260727,1
2205,20260727,1
5674,20260727,1
484,20260727,1
1066,20260727,1
2443,20260727,1
2513,20260727,1
688,20260727,1
2821,20260727,1
3628,20260727,1
1362,20260727,1
4052,20260727,1
5707,20260727,1
2673,20260727,1
4397,20260727,1
2018,20260727,1
4240,20260727,1
4109,20260727,1
4293,20260727,1
736,20260727,1
822,20260727,1
2511,20260727,1
1917,20260727,1
2550,20260727,1
1378,20260727,1
3110,20260727,1
1914,20260727,1
1679,20260727,1
3937,20260727,1
1098,20260727,1
106,20260727,1
4756,20260727,1
1982,20260727,1
5176,20260727,1
2508,20260727,1
4469,20260727,1
14,20260727,1
3794,20260727,1
129,20260727,1
2172,20260727,1
1127,20260727,1
1379,20260727,1
4631,20260727,1
4154,20260727,1
1816,20260727,1
813,20260727,1
5337,20260727,1
4506,20260727,1
2013,20260727,1
325,20260727,1
5727,20260727,1
4704,20260727,1
3114,20260727,1
976,20260727,1
320,20260727,1
1355,20260727,1
1318,20260727,1
2284,20260727,1
3409,20260727,1
2353,20260727,1
1205,20260727,1
991,20260727,1
610,20260727,1
554,20260727,1
1188,20260727,1
2929,20260727,1
2316,20260727,1
1001,20260727,1
4736,20260727,1
706,20260727,1
4035,20260727,1
90,20260727,1
5641,20260727,1
4336,20260727,1
3463,20260727,1
2645,20260727,1
4196,20260727,1
480,20260727,1
4420,20260727,1
729,20260727,1
564,20260727,1
2609,20260727,1
4799,20260727,1
1032,20260727,1
4164,20260727,1
2361,20260727,1
4505,20260727,1
23,20260727,1
4466,20260727,1
5165,20260727,1
3304,20260727,1
531,20260727,1
1590,20260727,1
972,20260727,1
244,20260727,1
3129,20260727,1
3609,20260727,1
3675,20260727,1
3561,20260727,1
2665,20260727,1
2860,20260727,1
3473,20260727,1
5078,20260727,1
3246,20260727,1
1779,20260727,1
5190,20260727,1
3730,20260727,1
4024,20260727,1
4903,20260727,1
2426,20260727,1
4970,20260727,1
2371,20260727,1
2101,20260727,1
4238,20260727,1
1882,20260727,1
4485,20260727,1
5666,20260727,1
2621,20260727,1
15,20260727,1
1998,20260727,1
3506,20260727,1
4928,20260727,1
4847,20260727,1
4862,20260727,1
5144,20260727,1
1421,20260727,1
3936,20260727,1
4236,20260727,1
3691,20260727,1
2061,20260727,1
1628,20260727,1
3948,20260727,1
3734,20260727,1
669,20260727,1
967,20260727,1
4954,20260727,1
581,20260727,1
1097,20260727,1
3732,20260727,1
4192,20260727,1
2792,20260727,1
5572,20260727,1
4637,20260727,1
125,20260727,1
2289,20260727,1
3239,20260727,1
3530,20260727,1
1124,20260727,1
5865,20260727,1
2407,20260727,1
2185,20260727,1
841,20260727,1
1965,20260727,1
787,20260727,1
5100,20260727,1
2709,20260727,1
5802,20260727,1
4700,20260727,1
1995,20260727,1
1434,20260727,1
1788,20260727,1
438,20260727,1
2923,20260727,1
3135,20260727,1
5695,20260727,1
1718,20260727,1
4411,20260727,1
2402,20260727,1
359,20260727,1
5450,20260727,1
1133,20260727,1
4476,20260727,1
5444,20260727,1
3926,20260727,1
4071,20260727,1
907,20260727,1
5091,20260727,1
3,20260727,1
456,20260727,1
418,20260727,1
5083,20260727,1
5206,20260727,1
1750,20260727,1
2215,20260727,1
1354,20260727,1
4114,20260727,1
839,20260727,1
983,20260727,1
630,20260727,1
5842,20260727,1
1222,20260727,1
2993,20260727,1
3531,20260727,1
988,20260727,1
541,20260727,1
4516,20260727,1
2593,20260727,1
1086,20260727,1
4424,20260727,1
4416,20260727,1
4140,20260727,1
848,20260727,1
932,20260727,1
4664,20260727,1
770,20260727,1
1397,20260727,1
5420,20260727,1
1559,20260727,1
2630,20260727,1
4257,20260727,1
3801,20260727,1
2094,20260727,1
2219,20260727,1
3204,20260727,1
2411,20260727,1
5118,20260727,1
1239,20260727,1
1447,20260727,1
3023,20260727,1
4950,20260727,1
2567,20260727,1
5085,20260727,1
5756,20260727,1
589,20260727,1
1029,20260727,1
523,20260727,1
4539,20260727,1
1812,20260727,1
3774,20260727,1
3133,20260727,1
3021,20260727,1
2657,20260727,1
2331,20260727,1
4975,20260727,1
914,20260727,1
1422,20260727,1
3037,20260727,1
3514,20260727,1
938,20260727,1
4889,20260727,1
144,20260727,1
5589,20260727,1
5497,20260727,1
4363,20260727,1
2769,20260727,1
4371,20260727,1
1574,20260727,1
2139,20260727,1
1099,20260727,1
3829,20260727,1
4339,20260727,1
2939,20260727,1
5762,20260727,1
3901,20260727,1
834,20260727,1
1662,20260727,1
2914,20260727,1
2343,20260727,1
4901,20260727,1
276,20260727,1
4178,20260727,1
3218,20260727,1
4446,20260727,1
4169,20260727,1
5158,20260727,1
4153,20260727,1
4559,20260727,1
2994,20260727,1
300,20260727,1
714,20260727,1
417,20260727,1
3758,20260727,1
4549,20260727,1
3832,20260727,1
4225,20260727,1
5252,20260727,1
1726,20260727,1
1828,20260727,1
3928,20260727,1
5047,20260727,1
5278,20260727,1
66,20260727,1
5755,20260727,1
4413,20260727,1
2475,20260727,1
5393,20260727,1
2719,20260727,1
2306,20260727,1
2690,20260727,1
3066,20260727,1
5261,20260727,1
926,20260727,1
4379,20260727,1
2942,20260727,1
2264,20260727,1
798,20260727,2
1724,20260727,2
1534,20260727,2
3968,20260727,2
151,20260727,2
4073,20260727,2
1786,20260727,2
2803,20260727,2
3018,20260727,2
4597,20260727,2
5291,20260727,2
3918,20260727,2
1984,20260727,2
3464,20260727,2
3710,20260727,2
2017,20260727,2
4763,20260727,2
4177,20260727,2
5240,20260727,2
5057,20260727,2
1775,20260727,2
3091,20260727,2
2539,20260727,2
3480,20260727,2
4821,20260727,2
3099,20260727,2
3865,20260727,2
4886,20260727,2
506,20260727,2
2471,20260727,2
3074,20260727,2
4081,20260727,2
594,20260727,2
3408,20260727,2
4429,20260727,2
394,20260727,2
4484,20260727,2
4121,20260727,2
5826,20260727,2
4059,20260727,2
1771,20260727,2
3965,20260727,2
612,20260727,2
2154,20260727,2
4394,20260727,2
1668,20260727,2
1547,20260727,2
2691,20260727,2
2885,20260727,2
513,20260727,2
3395,20260727,2
5042,20260727,2
1161,20260727,2
4816,20260727,2
4934,20260727,2
1047,20260727,2
2730,20260727,2
3281,20260727,2
3539,20260727,2
601,20260727,2
4523,20260727,2
1375,20260727,2
149,20260727,2
4905,20260727,2
2561,20260727,2
3964,20260727,2
372,20260727,2
3252,20260727,2
176,20260727,2
5510,20260727,2
4287,20260727,2
4819,20260727,2
633,20260727,2
2808,20260727,2
3982,20260727,2
1307,20260727,2
191,20260727,2
4638,20260727,2
1002,20260727,2
4259,20260727,2
3662,20260727,2
2203,20260727,2
1430,20260727,2
88,20260727,2
2170,20260727,2
1264,20260727,2
1782,20260727,2
2021,20260727,2
2178,20260727,2
4125,20260727,2
224,20260727,2
4039,20260727,2
4718,20260727,2
1008,20260727,2
1642,20260727,2
3854,20260727,2
4511,20260727,2
2474,20260727,2
5048,20260727,2
3590,20260727,2
1689,20260727,2
1619,20260727,2
4219,20260727,2
5222,20260727,2
4565,20260727,2
490,20260727,2
5014,20260727,2
1304,20260727,2
62,20260727,2
4212,20260727,2
285,20260727,2
4654,20260727,2
2096,20260727,2
655,20260727,2
5507,20260727,2
395,20260727,2
1200,20260727,2
4812,20260727,2
2605,20260727,2
5333,20260727,2
278,20260727,2
1292,20260727,2
3440,20260727,2
5000,20260727,2
5525,20260727,2
5234,20260727,2
3280,20260727,2
2155,20260727,2
3661,20260727,2
5706,20260727,2
1551,20260727,2
5130,20260727,2
1055,20260727,2
4610,20260727,2
5237,20260727,2
1733,20260727,2
4103,20260727,2
3234,20260727,2
2262,20260727,2
5205,20260727,2
2160,20260727,2
3441,20260727,2
380,20260727,2
2724,20260727,2
5011,20260727,2
4482,20260727,2
2594,20260727,2
4543,20260727,2
5359,20260727,2
4096,20260727,2
2323,20260727,2
678,20260727,2
126,20260727,2
944,20260727,2
1072,20260727,2
2687,20260727,2
2051,20260727,2
2493,20260727,2
5315,20260727,2
605,20260727,2
5437,20260727,2
1143,20260727,2
2341,20260727,2
2952,20260727,2
5193,20260727,2
348,20260727,2
1609,20260727,2
5007,20260727,2
1010,20260727,2
4368,20260727,2
572,20260727,2
3568,20260727,2
4624,20260727,2
1334,20260727,2
1569,20260727,2
3789,20260727,2
4542,20260727,2
3798,20260727,2
1399,20260727,2
3030,20260727,2
683,20260727,2
282,20260727,2
3909,20260727,2
796,20260727,2
2496,20260727,2
4303,20260727,2
2303,20260727,2
2279,20260727,2
4221,20260727,2
4275,20260727,2
2987,20260727,2
3782,20260727,2
5281,20260727,2
1146,20260727,2
501,20260727,2
1283,20260727,2
492,20260727,2
1865,20260727,2
1419,20260727,2
5280,20260727,2
5182,20260727,2
3584,20260727,2
4131,20260727,2
2839,20260727,2
4008,20260727,2
4366,20260727,2
1315,20260727,2
461,20260727,2
2195,20260727,2
4089,20260727,2
3196,20260727,2
4175,20260727,2
3721,20260727,2
4615,20260727,2
4388,20260727,2
3399,20260727,2
4004,20260727,2
2110,20260727,2
2699,20260727,2
1159,20260727,2
2917,20260727,2
5873,20260727,2
4977,20260727,2
5452,20260727,2
187,20260727,2
4440,20260727,2
1811,20260727,2
5373,20260727,2
1022,20260727,2
275,20260727,2
1978,20260727,2
3549,20260727,2
4316,20260727,2
2104,20260727,2
4805,20260727,2
5267,20260727,2
3380,20260727,2
1309,20260727,2
5625,20260727,2
3078,20260727,2
2964,20260727,2
3089,20260727,2
1605,20260727,2
4360,20260727,2
4676,20260727,2
1939,20260727,2
5153,20260727,2
5588,20260727,2
4843,20260727,2
3849,20260727,2
5605,20260727,2
2693,20260727,2
4608,20260727,2
4782,20260727,2
3046,20260727,2
2183,20260727,2
3633,20260727,2
3214,20260727,2
1,20260727,2
5379,20260727,2
5597,20260727,2
3265,20260727,2
1705,20260727,2
284,20260727,2
2506,20260727,2
5262,20260727,2
4730,20260727,2
4107,20260727,2
3821,20260727,2
154,20260727,2
4893,20260727,2
1017,20260727,2
3449,20260727,2
1557,20260727,2
4613,20260727,2
5652,20260727,2
660,20260727,2
467,20260727,2
643,20260727,2
3907,20260727,2
2531,20260727,2
6,20260727,2
719,20260727,2
5592,20260727,2
3603,20260727,2
4087,20260727,2
2388,20260727,2
2241,20260727,2
4762,20260727,2
5411,20260727,2
984,20260727,2
1923,20260727,2
761,20260727,2
2850,20260727,2
4892,20260727,2
2088,20260727,2
652,20260727,2
2347,20260727,2
1617,20260727,2
4922,20260727,2
5174,20260727,2
2039,20260727,2
3673,20260727,2
3181,20260727,2
1481,20260727,2
855,20260727,2
857,20260727,2
1870,20260727,2
4787,20260727,2
1883,20260727,2
5796,20260727,2
509,20260727,2
2872,20260727,2
1916,20260727,2
1238,20260727,2
5059,20260727,2
3518,20260727,2
342,20260727,2
2499,20260727,2
814,20260727,2
4053,20260727,2
4536,20260727,2
3430,20260727,2
3322,20260727,2
4050,20260727,2
5302,20260727,2
3933,20260727,2
4332,20260727,2
4183,20260727,2
2430,20260727,2
3406,20260727,2
5857,20260727,2
2826,20260727,2
5353,20260727,2
3448,20260727,2
3952,20260727,2
4286,20260727,2
1426,20260727,2
5432,20260727,2
352,20260727,2
5051,20260727,2
1716,20260727,2
5208,20260727,2
4629,20260727,2
1969,20260727,2
1970,20260727,2
1933,20260727,2
2760,20260727,2
1437,20260727,2
5829,20260727,2
4566,20260727,2
2046,20260727,2
5736,20260727,2
4771,20260727,2
1536,20260727,2
3189,20260727,2
2564,20260727,2
5409,20260727,2
3619,20260727,2
5415,20260727,2
5714,20260727,2
1738,20260727,2
1661,20260727,2
832,20260727,2
5864,20260727,2
4072,20260727,2
479,20260727,2
3267,20260727,2
1061,20260727,2
4112,20260727,2
444,20260727,2
4795,20260727,2
3096,20260727,2
1158,20260727,2
4502,20260727,2
2732,20260727,2
5554,20260727,2
1404,20260727,2
902,20260727,2
3297,20260727,2
83,20260727,2
1142,20260727,2
842,20260727,2
656,20260727,2
217,20260727,2
2828,20260727,2
1006,20260727,2
3013,20260727,2
3571,20260727,2
836,20260727,2
1076,20260727,2
4781,20260727,2
1456,20260727,2
4855,20260727,2
1741,20260727,2
673,20260727,2
3683,20260727,2
5110,20260727,2
1860,20260727,2
1843,20260727,2
3043,20260727,2
2369,20260727,2
1901,20260727,2
1156,20260727,2
1840,20260727,2
3361,20260727,2
1303,20260727,2
532,20260727,2
305,20260727,2
2480,20260727,2
3616,20260727,2
2282,20260727,2
5609,20260727,2
1377,20260727,2
5375,20260727,2
5839,20260727,2
1485,20260727,2
5095,20260727,2
1698,20260727,2
150,20260727,2
2814,20260727,2
4338,20260727,2
4322,20260727,2
5616,20260727,2
5247,20260727,2
157,20260727,2
2131,20260727,2
3993,20260727,2
1174,20260727,2
1383,20260727,2
5319,20260727,2
4720,20260727,2
3708,20260727,2
2659,20260727,2
3184,20260727,2
5203,20260727,2
3904,20260727,2
4414,20260727,2
3555,20260727,2
1833,20260727,2
82,20260727,2
3374,20260727,2
3668,20260727,2
3645,20260727,2
2616,20260727,2
3547,20260727,2
4133,20260727,2
3333,20260727,2
2898,20260727,2
885,20260727,2
186,20260727,2
2113,20260727,2
5772,20260727,2
2144,20260727,2
947,20260727,2
16,20260727,2
80,20260727,2
4077,20260727,2
901,20260727,2
1285,20260727,2
3443,20260727,2
4931,20260727,2
1436,20260727,2
2464,20260727,2
783,20260727,2
3945,20260727,2
5582,20260727,2
4171,20260727,2
4527,20260727,2
5369,20260727,2
156,20260727,2
2184,20260727,2
580,20260727,2
4027,20260727,2
1474,20260727,2
1996,20260727,2
2752,20260727,2
4323,20260727,2
1374,20260727,2
3490,20260727,2
2014,20260727,2
213,20260727,2
785,20260727,2
1221,20260727,2
292,20260727,2
5391,20260727,2
2079,20260727,2
5690,20260727,2
1121,20260727,2
5388,20260727,2
2442,20260727,2
2434,20260727,2
1909,20260727,2
472,20260727,2
3500,20260727,2
1600,20260727,2
3311,20260727,2
2083,20260727,2
410,20260727,2
1946,20260727,2
3268,20260727,2
4266,20260727,2
4029,20260727,2
628,20260727,2
4184,20260727,2
3045,20260727,2
3963,20260727,2
695,20260727,2
5560,20260727,2
5718,20260727,2
3228,20260727,2
402,20260727,2
1851,20260727,2
1136,20260727,2
2380,20260727,2
396,20260727,2
1892,20260727,2
3198,20260727,2
4018,20260727,2
1004,20260727,2
936,20260727,2
3838,20260727,2
661,20260727,2
3235,20260727,2
192,20260727,2
2169,20260727,2
971,20260727,2
892,20260727,2
404,20260727,2
2726,20260727,2
246,20260727,2
5338,20260727,2
4300,20260727,2
3053,20260727,2
5738,20260727,2
22,20260727,2
5581,20260727,2
4822,20260727,2
2688,20260727,2
5088,20260727,2
4923,20260727,2
1044,20260727,2
3520,20260727,2
3086,20260727,2
4108,20260727,2
1708,20260727,2
3704,20260727,2
363,20260727,2
1976,20260727,2
3447,20260727,2
1231,20260727,2
1482,20260727,2
2401,20260727,2
986,20260727,2
317,20260727,2
2207,20260727,2
1153,20260727,2
1702,20260727,2
3986,20260727,2
375,20260727,2
3067,20260727,2
3337,20260727,2
2167,20260727,2
5093,20260727,2
4288,20260727,2
3382,20260727,2
4784,20260727,2
290,20260727,2
2320,20260727,2
1539,20260727,2
1050,20260727,2
5327,20260727,2
2734,20260727,2
2315,20260727,2
5847,20260727,2
3512,20260727,2
1282,20260727,2
4574,20260727,2
3617,20260727,2
3124,20260727,2
3054,20260727,2
1634,20260727,2
5398,20260727,2
4110,20260727,2
4777,20260727,2
3328,20260727,2
830,20260727,2
5855,20260727,2
2801,20260727,2
609,20260727,2
3578,20260727,2
3772,20260727,2
2949,20260727,2
469,20260727,2
1505,20260727,2
2234,20260727,2
726,20260727,2
3676,20260727,2
697,20260727,2
2623,20260727,2
2915,20260727,2
755,20260727,2
3810,20260727,2
1249,20260727,2
3618,20260727,2
1985,20260727,2
968,20260727,2
1462,20260727,2
5805,20260727,2
3577,20260727,2
5439,20260727,2
5349,20260727,2
4745,20260727,2
2959,20260727,2
4927,20260727,2
1225,20260727,2
4494,20260727,2
5086,20260727,2
3402,20260727,2
1458,20260727,2
3881,20260727,2
3359,20260727,2
5716,20260727,2
1625,20260727,2
164,20260727,2
335,20260727,2
5124,20260727,2
931,20260727,2
3752,20260727,2
5041,20260727,2
3273,20260727,2
3694,20260727,2
1831,20260727,2
2461,20260727,2
593,20260727,2
1138,20260727,2
2595,20260727,2
2181,20260727,2
4352,20260727,2
2342,20260727,2
443,20260727,2
1100,20260727,2
5685,20260727,2
388,20260727,2
4168,20260727,2
850,20260727,2
5038,20260727,2
196,20260727,2
3119,20260727,2
1688,20260727,2
818,20260727,2
5678,20260727,2
205,20260727,2
5161,20260727,2
1122,20260727,2
462,20260727,2
1082,20260727,2
2785,20260727,2
4696,20260727,2
2679,20260727,2
1537,20260727,2
3200,20260727,2
1254,20260727,2
627,20260727,2
2417,20260727,2
5551,20260727,2
53,20260727,2
4891,20260727,2
1448,20260727,2
1521,20260727,2
436,20260727,2
184,20260727,2
5046,20260727,2
4738,20260727,2
1762,20260727,2
318,20260727,2
3293,20260727,2
7,20260727,2
3960,20260727,2
5831,20260727,2
3011,20260727,2
4583,20260727,2
3222,20260727,2
539,20260727,2
5233,20260727,2
3567,20260727,2
1402,20260727,2
1471,20260727,2
298,20260727,2
2768,20260727,2
4057,20260727,2
2538,20260727,2
313,20260727,2
4632,20260727,2
614,20260727,2
2841,20260727,2
3713,20260727,2
1817,20260727,2
4139,20260727,2
930,20260727,2
1736,20260727,2
5211,20260727,2
2979,20260727,2
1116,20260727,2
603,20260727,2
3010,20260727,2
1463,20260727,2
3417,20260727,2
2809,20260727,2
3900,20260727,2
2256,20260727,2
4497,20260727,2
383,20260727,2
699,20260727,2
4261,20260727,2
1323,20260727,2
5016,20260727,2
4358,20260727,2
2633,20260727,2
5573,20260727,2
4195,20260727,2
4726,20260727,2
2049,20260727,2
3005,20260727,2
5753,20260727,2
2045,20260727,2
4251,20260727,2
3764,20260727,2
5872,20260727,2
1425,20260727,2
1780,20260727,2
3014,20260727,2
8,20260727,2
3588,20260727,2
4828,20260727,2
3371,20260727,2
781,20260727,2
3706,20260727,2
1486,20260727,2
5631,20260727,2
5148,20260727,2
4929,20260727,2
5633,20260727,2
2418,20260727,2
5475,20260727,2
4739,20260727,2
2281,20260727,2
4933,20260727,2
4498,20260727,2
377,20260727,2
4067,20260727,2
2818,20260727,2
4918,20260727,2
3194,20260727,2
5429,20260727,2
5107,20260727,2
3156,20260727,2
1491,20260727,2
3255,20260727,2
3574,20260727,2
3699,20260727,2
5062,20260727,2
2773,20260727,2
27,20260727,2
3307,20260727,2
1979,20260727,2
3346,20260727,2
4044,20260727,2
3456,20260727,2
1084,20260727,2
1657,20260727,2
618,20260727,2
47,20260727,2
3026,20260727,2
2771,20260727,2
5269,20260727,2
2210,20260727,2
5672,20260727,2
1137,20260727,2
550,20260727,2
3602,20260727,2
1604,20260727,2
3935,20260727,2
2735,20260727,2
611,20260727,2
5311,20260727,2
1442,20260727,2
3111,20260727,2
5381,20260727,2
2414,20260727,2
992,20260727,2
4062,20260727,2
4672,20260727,2
279,20260727,2
3842,20260727,2
690,20260727,2
5801,20260727,2
1622,20260727,2
4294,20260727,2
1983,20260727,2
2570,20260727,2
3784,20260727,2
5832,20260727,2
2363,20260727,2
1989,20260727,2
4317,20260727,2
5231,20260727,2
5819,20260727,2
5713,20260727,2
59,20260727,2
804,20260727,2
25,20260727,2
5140,20260727,2
5665,20260727,2
4291,20260727,2
36,20260727,2
1964,20260727,2
1919,20260727,2
2775,20260727,2
5362,20260727,2
4802,20260727,2
2350,20260727,2
4124,20260727,2
4510,20260727,2
522,20260727,2
4775,20260727,2
4778,20260727,2
1848,20260727,2
999,20260727,2
3251,20260727,2
4806,20260727,2
5287,20260727,2
2876,20260727,2
307,20260727,2
3152,20260727,2
981,20260727,2
5774,20260727,2
4897,20260727,2
5811,20260727,2
1523,20260727,2
5467,20260727,2
5457,20260727,2
2345,20260727,2
4049,20260727,2
1181,20260727,2
4981,20260727,2
3245,20260727,2
4671,20260727,2
2449,20260727,2
2625,20260727,2
491,20260727,2
5721,20260727,2
3488,20260727,2
4327,20260727,2
2711,20260727,2
1684,20260727,2
584,20260727,2
505,20260727,2
640,20260727,2
4471,20260727,2
3856,20260727,2
1906,20260727,2
1446,20260727,2
1734,20260727,2
2502,20260727,2
1360,20260727,2
289,20260727,2
3914,20260727,2
4373,20260727,2
5336,20260727,2
1195,20260727,2
2662,20260727,2
2973,20260727,2
1135,20260727,2
2980,20260727,2
1641,20260727,2
209,20260727,2
2270,20260727,2
4439,20260727,2
4230,20260727,2
3259,20260727,2
4398,20260727,2
3418,20260727,2
1714,20260727,2
3853,20260727,2
2337,20260727,2
2069,20260727,2
4384,20260727,2
1412,20260727,2
2228,20260727,2
2721,20260727,2
1223,20260727,2
1409,20260727,2
5712,20260727,2
970,20260727,2
4679,20260727,2
2196,20260727,2
1950,20260727,2
3913,20260727,2
5178,20260727,2
778,20260727,2
1607,20260727,2
387,20260727,2
2217,20260727,2
1128,20260727,2
204,20260727,2
2646,20260727,2
3326,20260727,2
1478,20260727,2
4658,20260727,2
2108,20260727,2
4486,20260727,2
1620,20260727,2
1206,20260727,2
122,20260727,2
4037,20260727,2
3047,20260727,2
2145,20260727,2
1957,20260727,2
774,20260727,2
5106,20260727,2
3859,20260727,2
4056,20260727,2
447,20260727,2
453,20260727,2
620,20260727,2
4104,20260727,2
3397,20260727,2
870,20260727,2
2117,20260727,2
5351,20260727,2
1526,20260727,2
3659,20260727,2
2894,20260727,2
2722,20260727,2
4324,20260727,2
5306,20260727,2
763,20260727,2
4344,20260727,2
1660,20260727,2
3291,20260727,2
1242,20260727,2
272,20260727,2
2486,20260727,2
2507,20260727,2
5397,20260727,2
5648,20260727,2
657,20260727,2
2245,20260727,2
212,20260727,2
1596,20260727,2
2858,20260727,2
2788,20260727,2
2295,20260727,2
4532,20260727,2
1420,20260727,2
5440,20260727,2
1074,20260727,2
4518,20260727,2
2907,20260727,2
3342,20260727,2
4393,20260727,2
1349,20260727,2
1120,20260727,2
124,20260727,2
578,20260727,2
3726,20260727,2
853,20260727,2
1444,20260727,2
4986,20260727,2
3658,20260727,2
5348,20260727,2
448,20260727,2
4406,20260727,2
3491,20260727,2
3816,20260727,2
3761,20260727,2
1886,20260727,2
4036,20260727,2
3566,20260727,2
5123,20260727,2
810,20260727,2
3495,20260727,2
1896,20260727,2
259,20260727,2
5503,20260727,2
4959,20260727,2
2368,20260727,2
4626,20260727,2
5717,20260727,2
3818,20260727,2
5133,20260727,2
34,20260727,2
1680,20260727,2
1187,20260727,2
1941,20260727,2
5169,20260727,2
4987,20260727,2
3442,20260727,2
4501,20260727,2
789,20260727,2
2782,20260727,2
5575,20260727,2
4753,20260727,2
4105,20260727,2
3651,20260727,2
1497,20260727,2
1480,20260727,2
2618,20260727,2
199,20260727,2
5103,20260727,2
2469,20260727,2
2776,20260727,2
1664,20260727,2
2916,20260727,2
5082,20260727,2
2187,20260727,2
3606,20260727,2
1065,20260727,2
659,20260727,2
2697,20260727,2
1224,20260727,2
3562,20260727,2
565,20260727,2
287,20260727,2
3042,20260727,2
442,20260727,2
5225,20260727,2
257,20260727,2
3703,20260727,2
5421,20260727,2
400,20260727,2
1298,20260727,2
3192,20260727,2
3165,20260727,2
344,20260727,2
3887,20260727,2
752,20260727,2
4473,20260727,2
5505,20260727,2
651,20260727,2
1774,20260727,2
1236,20260727,2
2026,20260727,2
4314,20260727,2
4791,20260727,2
2146,20260727,2
5129,20260727,2
2899,20260727,2
3127,20260727,2
2031,20260727,2
2868,20260727,2
3314,20260727,2
4764,20260727,2
4826,20260727,2
5705,20260727,2
2253,20260727,2
4444,20260727,2
1126,20260727,2
3148,20260727,2
2050,20260727,2
2957,20260727,2
3094,20260727,2
516,20260727,2
1265,20260727,2
3345,20260727,2
5312,20260727,2
3795,20260727,2
3843,20260727,2
3143,20260727,2
2242,20260727,2
852,20260727,2
4868,20260727,2
1857,20260727,2
1905,20260727,2
1592,20260727,2
812,20260727,2
5043,20260727,2
5135,20260727,2
4703,20260727,2
2136,20260727,2
1853,20260727,2
1118,20260727,2
2944,20260727,2
4882,20260727,2
2700,20260727,2
4070,20260727,2
4509,20260727,2
5518,20260727,2
3650,20260727,2
5054,20260727,2
1302,20260727,2
2526,20260727,2
5618,20260727,2
2702,20260727,2
5139,20260727,2
2041,20260727,2
4284,20260727,2
5634,20260727,2
4982,20260727,2
4916,20260727,2
631,20260727,2
1928,20260727,2
3543,20260727,2
1518,20260727,2
5765,20260727,2
5257,20260727,2
1441,20260727,2
791,20260727,2
2967,20260727,2
4746,20260727,2
5034,20260727,2
4346,20260727,2
4222,20260727,2
4844,20260727,2
619,20260727,2
2251,20260727,2
3203,20260727,2
4947,20260727,2
5258,20260727,2
1575,20260727,2
1839,20260727,2
5,20260727,2
3176,20260727,2
5463,20260727,2
2190,20260727,2
4785,20260727,2
1787,20260727,2
613,20260727,2
4419,20260727,2
5215,20260727,2
5197,20260727,2
5447,20260727,2
5344,20260727,2
3357,20260727,2
5691,20260727,2
4906,20260727,2
483,20260727,2
2741,20260727,2
2525,20260727,2
2706,20260727,2
4065,20260727,2
1725,20260727,2
5290,20260727,2
3639,20260727,2
4633,20260727,2
2718,20260727,2
2302,20260727,2
450,20260727,2
566,20260727,2
5663,20260727,2
1180,20260727,2
5436,20260727,2
4449,20260727,2
1544,20260727,2
1325,20260727,2
1777,20260727,2
3840,20260727,2
5734,20260727,2
4941,20260727,2
4600,20260727,2
739,20260727,2
310,20260727,2
4640,20260727,2
5804,20260727,2
5703,20260727,2
2606,20260727,2
1247,20260727,2
608,20260727,2
948,20260727,2
1510,20260727,2
4320,20260727,2
4141,20260727,2
5406,20260727,2
4078,20260727,2
4377,20260727,3
1080,20260727,3
650,20260727,3
3186,20260727,3
2453,20260727,3
1186,20260727,3
819,20260727,3
2189,20260727,3
3776,20260727,3
4803,20260727,3
1341,20260727,3
1498,20260727,3
2941,20260727,3
2003,20260727,3
5081,20260727,3
3806,20260727,3
4993,20260727,3
5878,20260727,3
283,20260727,3
4092,20260727,3
1266,20260727,3
2830,20260727,3
3301,20260727,3
2714,20260727,3
468,20260727,3
1113,20260727,3
2554,20260727,3
1980,20260727,3
2206,20260727,3
4499,20260727,3
2767,20260727,3
5117,20260727,3
1423,20260727,3
5773,20260727,3
890,20260727,3
1742,20260727,3
4090,20260727,3
3027,20260727,3
451,20260727,3
98,20260727,3
5549,20260727,3
3587,20260727,3
2978,20260727,3
5527,20260727,3
3537,20260727,3
540,20260727,3
809,20260727,3
5232,20260727,3
5699,20260727,3
4545,20260727,3
2058,20260727,3
696,20260727,3
433,20260727,3
5790,20260727,3
3655,20260727,3
1723,20260727,3
769,20260727,3
5067,20260727,3
939,20260727,3
5729,20260727,3
4188,20260727,3
2681,20260727,3
3170,20260727,3
1241,20260727,3
3923,20260727,3
5334,20260727,3
3767,20260727,3
291,20260727,3
1290,20260727,3
4620,20260727,3
4189,20260727,3
1288,20260727,3
1904,20260727,3
137,20260727,3
835,20260727,3
392,20260727,3
1228,20260727,3
2559,20260727,3
3041,20260727,3
744,20260727,3
5166,20260727,3
3231,20260727,3
4572,20260727,3
2056,20260727,3
754,20260727,3
2356,20260727,3
2317,20260727,3
5102,20260727,3
2274,20260727,3
3791,20260727,3
2895,20260727,3
4685,20260727,3
5173,20260727,3
3630,20260727,3
160,20260727,3
1944,20260727,3
3498,20260727,3
2452,20260727,3
543,20260727,3
2689,20260727,3
5789,20260727,3
1011,20260727,3
2840,20260727,3
701,20260727,3
1096,20260727,3
4709,20260727,3
3925,20260727,3
2420,20260727,3
4460,20260727,3
1484,20260727,3
5155,20260727,3
3075,20260727,3
4909,20260727,3
5555,20260727,3
3398,20260727,3
5207,20260727,3
3100,20260727,3
710,20260727,3
460,20260727,3
4426,20260727,3
3306,20260727,3
3313,20260727,3
28,20260727,3
872,20260727,3
3060,20260727,3
4331,20260727,3
4731,20260727,3
2581,20260727,3
5558,20260727,3
1902,20260727,3
1048,20260727,3
1087,20260727,3
4878,20260727,3
4961,20260727,3
5792,20260727,3
1717,20260727,3
665,20260727,3
3219,20260727,3
982,20260727,3
5627,20260727,3
1134,20260727,3
3283,20260727,3
153,20260727,3
3105,20260727,3
4594,20260727,3
2429,20260727,3
3973,20260727,3
439,20260727,3
3353,20260727,3
3614,20260727,3
3292,20260727,3
1190,20260727,3
2224,20260727,3
4134,20260727,3
172,20260727,3
2962,20260727,3
2150,20260727,3
2516,20260727,3
1776,20260727,3
5571,20260727,3
4817,20260727,3
1183,20260727,3
4525,20260727,3
3146,20260727,3
4734,20260727,3
4245,20260727,3
2635,20260727,3
4468,20260727,3
499,20260727,3
1522,20260727,3
728,20260727,3
146,20260727,3
2783,20260727,3
4115,20260727,3
3048,20260727,3
5210,20260727,3
4797,20260727,3
2166,20260727,3
5268,20260727,3
1971,20260727,3
360,20260727,3
3663,20260727,3
2544,20260727,3
2171,20260727,3
3134,20260727,3
1594,20260727,3
4652,20260727,3
3969,20260727,3
2231,20260727,3
2415,20260727,3
5854,20260727,3
3274,20260727,3
4375,20260727,3
577,20260727,3
908,20260727,3
2989,20260727,3
980,20260727,3
4675,20260727,3
3465,20260727,3
2120,20260727,3
779,20260727,3
575,20260727,3
2535,20260727,3
5236,20260727,3
234,20260727,3
4530,20260727,3
913,20260727,3
48,20260727,3
2011,20260727,3
2472,20260727,3
3894,20260727,3
2576,20260727,3
2478,20260727,3
916,20260727,3
3822,20260727,3
5297,20260727,3
1125,20260727,3
1060,20260727,3
4161,20260727,3
2845,20260727,3
3405,20260727,3
760,20260727,3
4646,20260727,3
1407,20260727,3
1170,20260727,3
4351,20260727,3
4643,20260727,3
1279,20260727,3
3958,20260727,3
3678,20260727,3
4013,20260727,3
1175,20260727,3
4392,20260727,3
1822,20260727,3
3942,20260727,3
5079,20260727,3
1727,20260727,3
5723,20260727,3
4562,20260727,3
163,20260727,3
3585,20260727,3
168,20260727,3
5073,20260727,3
1558,20260727,3
2859,20260727,3
679,20260727,3
4282,20260727,3
2097,20260727,3
4359,20260727,3
3631,20260727,3
297,20260727,3
3580,20260727,3
1018,20260727,3
5544,20260727,3
1546,20260727,3
4343,20260727,3
3666,20260727,3
3216,20260727,3
2290,20260727,3
1610,20260727,3
3950,20260727,3
2780,20260727,3
2065,20260727,3
2824,20260727,3
3847,20260727,3
4732,20260727,3
1416,20260727,3
3188,20260727,3
3638,20260727,3
767,20260727,3
3640,20260727,3
3270,20260727,3
4673,20260727,3
1177,20260727,3
2583,20260727,3
4495,20260727,3
4276,20260727,3
5104,20260727,3
5202,20260727,3
2390,20260727,3
4896,20260727,3
3892,20260727,3
3759,20260727,3
4442,20260727,3
1899,20260727,3
1545,20260727,3
5771,20260727,3
92,20260727,3
3857,20260727,3
1799,20260727,3
5423,20260727,3
1009,20260727,3
3475,20260727,3
1922,20260727,3
306,20260727,3
1918,20260727,3
3033,20260727,3
1943,20260727,3
1737,20260727,3
5458,20260727,3
2006,20260727,3
5701,20260727,3
3457,20260727,3
586,20260727,3
54,20260727,3
3698,20260727,3
4012,20260727,3
590,20260727,3
3232,20260727,3
2424,20260727,3
3073,20260727,3
76,20260727,3
4841,20260727,3
2790,20260727,3
2463,20260727,3
294,20260727,3
1185,20260727,3
3383,20260727,3
937,20260727,3
4920,20260727,3
4604,20260727,3
5179,20260727,3
4186,20260727,3
2766,20260727,3
4683,20260727,3
3922,20260727,3
4503,20260727,3
2009,20260727,3
4553,20260727,3
5481,20260727,3
5682,20260727,3
1823,20260727,3
4582,20260727,3
1861,20260727,3
4477,20260727,3
5499,20260727,3
1778,20260727,3
1818,20260727,3
3167,20260727,3
206,20260727,3
1819,20260727,3
2991,20260727,3
2772,20260727,3
5382,20260727,3
457,20260727,3
4801,20260727,3
1869,20260727,3
3474,20260727,3
3012,20260727,3
3751,20260727,3
5623,20260727,3
3164,20260727,3
1199,20260727,3
5241,20260727,3
2194,20260727,3
31,20260727,3
511,20260727,3
2575,20260727,3
2326,20260727,3
5374,20260727,3
1527,20260727,3
2585,20260727,3
5052,20260727,3
1147,20260727,3
5413,20260727,3
2762,20260727,3
3586,20260727,3
1151,20260727,3
1139,20260727,3
141,20260727,3
2040,20260727,3
4800,20260727,3
5583,20260727,3
2283,20260727,3
2663,20260727,3
2577,20260727,3
960,20260727,3
2123,20260727,3
4636,20260727,3
3521,20260727,3
371,20260727,3
406,20260727,3
2849,20260727,3
188,20260727,3
1635,20260727,3
535,20260727,3
904,20260727,3
2908,20260727,3
1382,20260727,3
3687,20260727,3
3812,20260727,3
449,20260727,3
2935,20260727,3
5271,20260727,3
1854,20260727,3
2834,20260727,3
1502,20260727,3
4864,20260727,3
940,20260727,3
4202,20260727,3
3546,20260727,3
1163,20260727,3
1326,20260727,3
5400,20260727,3
4350,20260727,3
2143,20260727,3
1631,20260727,3
3489,20260727,3
4695,20260727,3
831,20260727,3
3323,20260727,3
5546,20260727,3
5284,20260727,3
773,20260727,3
4584,20260727,3
2668,20260727,3
4693,20260727,3
2351,20260727,3
85,20260727,3
3522,20260727,3
5657,20260727,3
4561,20260727,3
2534,20260727,3
2428,20260727,3
3095,20260727,3
966,20260727,3
2983,20260727,3
431,20260727,3
3428,20260727,3
1344,20260727,3
2966,20260727,3
5248,20260727,3
1568,20260727,3
5744,20260727,3
1580,20260727,3
161,20260727,3
4551,20260727,3
1173,20260727,3
1792,20260727,3
4454,20260727,3
3065,20260727,3
3781,20260727,3
4306,20260727,3
1864,20260727,3
3302,20260727,3
2015,20260727,3
1256,20260727,3
567,20260727,3
1675,20260727,3
3221,20260727,3
4677,20260727,3
2669,20260727,3
4639,20260727,3
1694,20260727,3
3930,20260727,3
3747,20260727,3
5189,20260727,3
485,20260727,3
2272,20260727,3
724,20260727,3
521,20260727,3
2890,20260727,3
3550,20260727,3
600,20260727,3
5023,20260727,3
4659,20260727,3
1210,20260727,3
1314,20260727,3
440,20260727,3
1721,20260727,3
3966,20260727,3
1218,20260727,3
3787,20260727,3
5431,20260727,3
2468,20260727,3
2090,20260727,3
4963,20260727,3
5162,20260727,3
4578,20260727,3
4106,20260727,3
2473,20260727,3
2820,20260727,3
5813,20260727,3
5654,20260727,3
4955,20260727,3
1800,20260727,3
807,20260727,3
570,20260727,3
2620,20260727,3
1525,20260727,3
5492,20260727,3
3492,20260727,3
621,20260727,3
3882,20260727,3
4991,20260727,3
1005,20260727,3
3885,20260727,3
1253,20260727,3
4263,20260727,3
2020,20260727,3
3435,20260727,3
1627,20260727,3
288,20260727,3
3826,20260727,3
5874,20260727,3
4011,20260727,3
3028,20260727,3
3034,20260727,3
1682,20260727,3
547,20260727,3
1473,20260727,3
2213,20260727,3
647,20260727,3
2118,20260727,3
5332,20260727,3
1106,20260727,3
503,20260727,3
2571,20260727,3
2970,20260727,3
4436,20260727,3
2054,20260727,3
1067,20260727,3
422,20260727,3
5757,20260727,3
3437,20260727,3
2904,20260727,3
5651,20260727,3
510,20260727,3
4702,20260727,3
1890,20260727,3
1034,20260727,3
3971,20260727,3
5131,20260727,3
44,20260727,3
2739,20260727,3
4760,20260727,3
4504,20260727,3
3664,20260727,3
2389,20260727,3
3600,20260727,3
1389,20260727,3
4528,20260727,3
2744,20260727,3
4761,20260727,3
3861,20260727,3
5307,20260727,3
4243,20260727,3
1652,20260727,3
1470,20260727,3
477,20260727,3
3987,20260727,3
1324,20260727,3
3329,20260727,3
2653,20260727,3
1336,20260727,3
1000,20260727,3
4068,20260727,3
2038,20260727,3
1685,20260727,3
1507,20260727,3
1028,20260727,3
1321,20260727,3
694,20260727,3
3415,20260727,3
5339,20260727,3
2382,20260727,3
2373,20260727,3
3811,20260727,3
162,20260727,3
5659,20260727,3
2643,20260727,3
5639,20260727,3
4180,20260727,3
3051,20260727,3
2238,20260727,3
4980,20260727,3
3625,20260727,3
2152,20260727,3
2518,20260727,3
2640,20260727,3
5866,20260727,3
1584,20260727,3
4596,20260727,3
5273,20260727,3
1388,20260727,3
1942,20260727,3
75,20260727,3
1903,20260727,3
3696,20260727,3
4964,20260727,3
429,20260727,3
675,20260727,3
1612,20260727,3
1490,20260727,3
559,20260727,3
4627,20260727,3
2086,20260727,3
2135,20260727,3
2355,20260727,3
5216,20260727,3
3871,20260727,3
4176,20260727,3
2833,20260727,3
1038,20260727,3
2540,20260727,3
391,20260727,3
3352,20260727,3
1123,20260727,3
3413,20260727,3
4405,20260727,3
4755,20260727,3
3778,20260727,3
4524,20260727,3
2881,20260727,3
112,20260727,3
4827,20260727,3
3654,20260727,3
3113,20260727,3
4869,20260727,3
2129,20260727,3
2854,20260727,3
1432,20260727,3
273,20260727,3
4917,20260727,3
3524,20260727,3
5167,20260727,3
2324,20260727,3
3393,20260727,3
2330,20260727,3
974,20260727,3
4979,20260727,3
4872,20260727,3
5607,20260727,3
1532,20260727,3
4148,20260727,3
4873,20260727,3
2794,20260727,3
1278,20260727,3
2856,20260727,3
270,20260727,3
5408,20260727,3
1464,20260727,3
2831,20260727,3
3873,20260727,3
366,20260727,3
1533,20260727,3
3953,20260727,3
2755,20260727,3
4274,20260727,3
5620,20260727,3
79,20260727,3
5192,20260727,3
1400,20260727,3
4021,20260727,3
684,20260727,3
1274,20260727,3
3282,20260727,3
5643,20260727,3
1316,20260727,3
3921,20260727,3
1079,20260727,3
2406,20260727,3
4517,20260727,3
4682,20260727,3
1284,20260727,3
2197,20260727,3
4080,20260727,3
4724,20260727,3
2182,20260727,3
1639,20260727,3
5209,20260727,3
232,20260727,3
3637,20260727,3
2192,20260727,3
5508,20260727,3
4863,20260727,3
3702,20260727,3
5040,20260727,3
1884,20260727,3
1845,20260727,3
3835,20260727,3
231,20260727,3
1541,20260727,3
193,20260727,3
4227,20260727,3
5746,20260727,3
1794,20260727,3
4315,20260727,3
5145,20260727,3
3983,20260727,3
1260,20260727,3
642,20260727,3
5401,20260727,3
3883,20260727,3
2519,20260727,3
3541,20260727,3
685,20260727,3
2052,20260727,3
2912,20260727,3
1955,20260727,3
2148,20260727,3
636,20260727,3
2548,20260727,3
5335,20260727,3
3762,20260727,3
3254,20260727,3
3552,20260727,3
1332,20260727,3
2329,20260727,3
828,20260727,3
4674,20260727,3
2133,20260727,3
878,20260727,3
3350,20260727,3
1403,20260727,3
637,20260727,3
3261,20260727,3
1763,20260727,3
4490,20260727,3
4308,20260727,3
5142,20260727,3
2817,20260727,3
3419,20260727,3
3431,20260727,3
5778,20260727,3
873,20260727,3
757,20260727,3
1681,20260727,3
4136,20260727,3
1549,20260727,3
3556,20260727,3
3336,20260727,3
3756,20260727,3
1820,20260727,3
1856,20260727,3
189,20260727,3
1095,20260727,3
4723,20260727,3
1350,20260727,3
824,20260727,3
2636,20260727,3
3532,20260727,3
1621,20260727,3
295,20260727,3
615,20260727,3
4488,20260727,3
4866,20260727,3
5735,20260727,3
41,20260727,3
1329,20260727,3
5219,20260727,3
5276,20260727,3
3985,20260727,3
1384,20260727,3
5265,20260727,3
336,20260727,3
1104,20260727,3
4205,20260727,3
5667,20260727,3
730,20260727,3
135,20260727,3
3462,20260727,3
3903,20260727,3
1893,20260727,3
856,20260727,3
851,20260727,3
185,20260727,3
709,20260727,3
1443,20260727,3
3015,20260727,3
2386,20260727,3
3237,20260727,3
5856,20260727,3
3679,20260727,3
969,20260727,3
5569,20260727,3
5256,20260727,3
2897,20260727,3
5329,20260727,3
1007,20260727,3
2748,20260727,3
4796,20260727,3
1387,20260727,3
2797,20260727,3
3786,20260727,3
166,20260727,3
4422,20260727,3
1608,20260727,3
4994,20260727,3
4602,20260727,3
2122,20260727,3
4809,20260727,3
843,20260727,3
4514,20260727,3
2934,20260727,3
2099,20260727,3
4533,20260727,3
2362,20260727,3
2674,20260727,3
4007,20260727,3
2984,20260727,3
4200,20260727,3
722,20260727,3
2634,20260727,3
5342,20260727,3
3754,20260727,3
3079,20260727,3
3834,20260727,3
5880,20260727,3
1640,20260727,3
1764,20260727,3
1495,20260727,3
5275,20260727,3
3868,20260727,3
3878,20260727,3
2804,20260727,3
5386,20260727,3
1808,20260727,3
37,20260727,3
4851,20260727,3
4914,20260727,3
3707,20260727,3
52,20260727,3
4772,20260727,3
668,20260727,3
4833,20260727,3
1879,20260727,3
4458,20260727,3
1381,20260727,3
5239,20260727,3
573,20260727,3
4034,20260727,3
527,20260727,3
3039,20260727,3
3972,20260727,3
574,20260727,3
2667,20260727,3
5425,20260727,3
4095,20260727,3
3851,20260727,3
4849,20260727,3
5879,20260727,3
4137,20260727,3
3592,20260727,3
860,20260727,3
5318,20260727,3
2455,20260727,3
3736,20260727,3
3211,20260727,3
4870,20260727,3
1455,20260727,3
4792,20260727,3
1280,20260727,3
1371,20260727,3
3493,20260727,3
4312,20260727,3
929,20260727,3
81,20260727,3
5849,20260727,3
403,20260727,3
1739,20260727,3
954,20260727,3
1949,20260727,3
874,20260727,3
2589,20260727,3
2754,20260727,3
5466,20260727,3
5005,20260727,3
4535,20260727,3
1508,20260727,3
2119,20260727,3
1790,20260727,3
5741,20260727,3
3125,20260727,3
11,20260727,3
5361,20260727,3
5389,20260727,3
5309,20260727,3
742,20260727,3
4957,20260727,3
549,20260727,3
1417,20260727,3
3632,20260727,3
3369,20260727,3
4546,20260727,3
764,20260727,3
2239,20260727,3
1110,20260727,3
5795,20260727,3
4093,20260727,3
5731,20260727,3
883,20260727,3
2555,20260727,3
677,20260727,3
1974,20260727,3
1520,20260727,3
716,20260727,3
304,20260727,3
5146,20260727,3
2107,20260727,3
583,20260727,3
4838,20260727,3
682,20260727,3
4616,20260727,3
4233,20260727,3
5402,20260727,3
3157,20260727,3
1932,20260727,3
175,20260727,3
1703,20260727,3
1567,20260727,3
3624,20260727,3
5531,20260727,3
5282,20260727,3
1877,20260727,3
4434,20260727,3
4595,20260727,3
2076,20260727,3
5201,20260727,3
5850,20260727,3
4740,20260727,3
3434,20260727,3
4998,20260727,3
327,20260727,3
2642,20260727,3
2229,20260727,3
1245,20260727,3
3248,20260727,3
5798,20260727,3
5008,20260727,3
4789,20260727,3
4606,20260727,3
1015,20260727,3
5368,20260727,3
3503,20260727,3
3540,20260727,3
2269,20260727,3
3379,20260727,3
3594,20260727,3
847,20260727,3
4808,20260727,3
2266,20260727,3
2298,20260727,3
1540,20260727,3
1073,20260727,3
1251,20260727,3
333,20260727,3
324,20260727,3
4894,20260727,3
5794,20260727,3
827,20260727,3
1227,20260727,3
3515,20260727,3
1042,20260727,3
777,20260727,3
3225,20260727,3
57,20260727,3
2871,20260727,3
1268,20260727,3
4376,20260727,3
2622,20260727,3
4456,20260727,3
3166,20260727,3
4989,20260727,3
4417,20260727,3
3575,20260727,3
644,20260727,3
4919,20260727,3
5750,20260727,3
4644,20260727,3
4428,20260727,3
1081,20260727,3
4185,20260727,3
4825,20260727,3
414,20260727,3
4921,20260727,3
5538,20260727,3
2025,20260727,3
1101,20260727,3
3263,20260727,3
3458,20260727,3
3466,20260727,3
3064,20260727,3
378,20260727,3
5763,20260727,3
4976,20260727,3
5502,20260727,3
5697,20260727,3
2405,20260727,3
4904,20260727,3
464,20260727,3
1543,20260727,3
2250,20260727,3
3864,20260727,3
946,20260727,3
4999,20260727,3
2963,20260727,3
2883,20260727,3
4754,20260727,3
46,20260727,3
3657,20260727,3
1530,20260727,3
2647,20260727,3
5416,20260727,3
5743,20260727,3
5570,20260727,3
2675,20260727,3
1577,20260727,3
1825,20260727,3
2432,20260727,3
3130,20260727,3
4206,20260727,3
2603,20260727,3
2338,20260727,3
671,20260727,3
2128,20260727,3
3077,20260727,3
943,20260727,3
1578,20260727,3
4759,20260727,3
1178,20260727,3
357,20260727,3
3355,20260727,3
5164,20260727,3
4418,20260727,3
1132,20260727,3
101,20260727,3
2713,20260727,3
203,20260727,3
3544,20260727,3
3290,20260727,3
1643,20260727,3
3643,20260727,3
4752,20260727,3
1512,20260727,3
2902,20260727,3
5550,20260727,3
254,20260727,3
1929,20260727,3
385,20260727,3
1990,20260727,3
786,20260727,3
4003,20260727,3
5002,20260727,3
4793,20260727,3
1345,20260727,3
2560,20260727,3
4508,20260727,3
4788,20260727,3
1659,20260727,3
4867,20260727,3
455,20260727,3
4329,20260727,3
1093,20260727,3
1900,20260727,3
123,20260727,3
3809,20260727,3
1754,20260727,3
2911,20260727,3
3024,20260727,3
3025,20260727,3
5677,20260727,3
4776,20260727,3
4030,20260727,3
891,20260727,3
5509,20260727,3
2395,20260727,3
2925,20260727,3
2001,20260727,3
3785,20260727,3
623,20260727,3
1275,20260727,3
3341,20260727,3
4874,20260727,3
3598,20260727,3
2002,20260727,3
5860,20260727,3
5761,20260727,3
1372,20260727,3
3497,20260727,3
1651,20260727,3
326,20260727,3
1994,20260727,3
202,20260727,3
759,20260727,3
3793,20260727,3
3085,20260727,3
1386,20260727,3
1273,20260727,3
1340,20260727,3
1369,20260727,3
2649,20260727,3
4099,20260727,3
1707,20260727,3
691,20260727,3
3725,20260727,3
918,20260727,3
1613,20260727,3
803,20260727,3
2358,20260727,3
4258,20260727,3
4689,20260727,3
1963,20260727,3
2807,20260727,3
2285,20260727,3
1535,20260727,3
4807,20260727,3
1752,20260727,3
3929,20260727,3
420,20260727,3
2328,20260727,3
2909,20260727,3
4988,20260727,3
1376,20260727,3
788,20260727,3
2936,20260727,3
1320,20260727,3
4019,20260727,3
5557,20260727,3
3858,20260727,3
5574,20260727,3
4395,20260727,3
2810,20260727,3
136,20260727,3
3081,20260727,3
3316,20260727,3
5688,20260727,3
1394,20260727,3
1501,20260727,3
397,20260727,3
5175,20260727,3
1868,20260727,3
2454,20260727,3
1796,20260727,3
386,20260727,3
1875,20260727,3
2043,20260727,3
1337,20260727,3
5732,20260727,3
4538,20260727,3
2747,20260727,3
1112,20260727,3
1203,20260727,3
2221,20260727,3
1035,20260727,3
5037,20260727,3
1111,20260727,3
5018,20260727,3
3031,20260727,3
1003,20260727,3
1722,20260727,3
194,20260727,3
923,20260727,3
2067,20260727,3
5435,20260727,3
2683,20260727,3
3482,20260727,3
1289,20260727,3
1488,20260727,3
775,20260727,3
3652,20260727,3
4383,20260727,3
4948,20260727,3
5754,20260727,3
4491,20260727,3
3141,20260727,3
1810,20260727,3
2378,20260727,3
3279,20260727,3
1070,20260727,3
4722,20260727,3
3507,20260727,3
4973,20260727,3
142,20260727,3
553,20260727,3
2745,20260727,4
2441,20260727,4
4555,20260727,4
3243,20260727,4
4427,20260727,4
1908,20260727,4
518,20260727,4
3739,20260727,4
3748,20260727,4
3339,20260727,4
951,20260727,4
321,20260727,4
598,20260727,4
698,20260727,4
5446,20260727,4
5476,20260727,4
343,20260727,4
2410,20260727,4
4280,20260727,4
5245,20260727,4
255,20260727,4
2612,20260727,4
2553,20260727,4
1408,20260727,4
1368,20260727,4
2753,20260727,4
4047,20260727,4
2977,20260727,4
5320,20260727,4
2537,20260727,4
2832,20260727,4
5708,20260727,4
4834,20260727,4
2731,20260727,4
5725,20260727,4
4481,20260727,4
5720,20260727,4
877,20260727,4
109,20260727,4
994,20260727,4
5263,20260727,4
4719,20260727,4
3533,20260727,4
3479,20260727,4
2427,20260727,4
1085,20260727,4
2304,20260727,4
4628,20260727,4
120,20260727,4
3288,20260727,4
5321,20260727,4
4304,20260727,4
2951,20260727,4
5383,20260727,4
4774,20260727,4
2103,20260727,4
3240,20260727,4
1276,20260727,4
5726,20260727,4
1519,20260727,4
2082,20260727,4
3589,20260727,4
1931,20260727,4
1450,20260727,4
3160,20260727,4
5594,20260727,4
2220,20260727,4
4290,20260727,4
5779,20260727,4
2365,20260727,4
5371,20260727,4
815,20260727,4
2214,20260727,4
5474,20260727,4
2704,20260727,4
3193,20260727,4
5767,20260727,4
339,20260727,4
3775,20260727,4
5825,20260727,4
4229,20260727,4
2597,20260727,4
4622,20260727,4
520,20260727,4
63,20260727,4
3790,20260727,4
1951,20260727,4
1366,20260727,4
140,20260727,4
2383,20260727,4
4355,20260727,4
3867,20260727,4
1701,20260727,4
1373,20260727,4
1666,20260727,4
743,20260727,4
1760,20260727,4
3611,20260727,4
979,20260727,4
4152,20260727,4
3996,20260727,4
3672,20260727,4
2109,20260727,4
182,20260727,4
5384,20260727,4
2258,20260727,4
4167,20260727,4
5424,20260727,4
1895,20260727,4
3424,20260727,4
215,20260727,4
3601,20260727,4
2161,20260727,4
3182,20260727,4
5565,20260727,4
2715,20260727,4
793,20260727,4
4943,20260727,4
5465,20260727,4
2842,20260727,4
817,20260727,4
5455,20260727,4
3087,20260727,4
4926,20260727,4
5177,20260727,4
4743,20260727,4
4590,20260727,4
131,20260727,4
2517,20260727,4
1171,20260727,4
5185,20260727,4
3649,20260727,4
5841,20260727,4
5171,20260727,4
4198,20260727,4
5030,20260727,4
4885,20260727,4
2080,20260727,4
1588,20260727,4
2140,20260727,4
4968,20260727,4
4252,20260727,4
4840,20260727,4
2010,20260727,4
1770,20260727,4
2566,20260727,4
1815,20260727,4
2532,20260727,4
4829,20260727,4
367,20260727,4
3979,20260727,4
4462,20260727,4
1571,20260727,4
5099,20260727,4
3029,20260727,4
3207,20260727,4
393,20260727,4
4372,20260727,4
3720,20260727,4
1795,20260727,4
5587,20260727,4
5460,20260727,4
5807,20260727,4
334,20260727,4
2141,20260727,4
5065,20260727,4
500,20260727,4
39,20260727,4
4262,20260727,4
2385,20260727,4
3528,20260727,4
3744,20260727,4
5045,20260727,4
50,20260727,4
3846,20260727,4
423,20260727,4
4815,20260727,4
2236,20260727,4
707,20260727,4
229,20260727,4
4404,20260727,4
1692,20260727,4
1091,20260727,4
237,20260727,4
3174,20260727,4
5859,20260727,4
3670,20260727,4
5366,20260727,4
3159,20260727,4
737,20260727,4
1176,20260727,4
1637,20260727,4
2179,20260727,4
3358,20260727,4
4174,20260727,4
962,20260727,4
3939,20260727,4
3305,20260727,4
240,20260727,4
3201,20260727,4
4614,20260727,4
5516,20260727,4
3142,20260727,4
2877,20260727,4
1229,20260727,4
5664,20260727,4
4330,20260727,4
3501,20260727,4
1618,20260727,4
329,20260727,4
3898,20260727,4
3175,20260727,4
4716,20260727,4
5125,20260727,4
102,20260727,4
152,20260727,4
924,20260727,4
4607,20260727,4
2000,20260727,4
666,20260727,4
667,20260727,4
4270,20260727,4
965,20260727,4
5159,20260727,4
1977,20260727,4
181,20260727,4
4060,20260727,4
3308,20260727,4
4577,20260727,4
3104,20260727,4
4500,20260727,4
3117,20260727,4
905,20260727,4
5286,20260727,4
674,20260727,4
463,20260727,4
138,20260727,4
875,20260727,4
1500,20260727,4
5213,20260727,4
3745,20260727,4
60,20260727,4
2291,20260727,4
3102,20260727,4
645,20260727,4
1041,20260727,4
3888,20260727,4
1966,20260727,4
3191,20260727,4
466,20260727,4
607,20260727,4
5451,20260727,4
158,20260727,4
3022,20260727,4
1849,20260727,4
1449,20260727,4
4215,20260727,4
4166,20260727,4
689,20260727,4
3961,20260727,4
5656,20260727,4
4651,20260727,4
5472,20260727,4
622,20260727,4
4364,20260727,4
5613,20260727,4
3634,20260727,4
5669,20260727,4
2218,20260727,4
5647,20260727,4
881,20260727,4
1370,20260727,4
3285,20260727,4
869,20260727,4
5370,20260727,4
4390,20260727,4
5628,20260727,4
3476,20260727,4
3701,20260727,4
3312,20260727,4
604,20260727,4
2064,20260727,4
3848,20260727,4
1936,20260727,4
5536,20260727,4
2176,20260727,4
1390,20260727,4
1204,20260727,4
4854,20260727,4
5500,20260727,4
5591,20260727,4
3002,20260727,4
4568,20260727,4
2974,20260727,4
3813,20260727,4
1300,20260727,4
4642,20260727,4
4729,20260727,4
4727,20260727,4
3007,20260727,4
2063,20260727,4
1630,20260727,4
3199,20260727,4
424,20260727,4
1335,20260727,4
2211,20260727,4
530,20260727,4
508,20260727,4
1312,20260727,4
2491,20260727,4
91,20260727,4
1910,20260727,4
3799,20260727,4
2601,20260727,4
2884,20260727,4
4708,20260727,4
3788,20260727,4
3271,20260727,4
1514,20260727,4
4220,20260727,4
2188,20260727,4
5298,20260727,4
2796,20260727,4
2893,20260727,4
1165,20260727,4
1235,20260727,4
3210,20260727,4
1670,20260727,4
2903,20260727,4
475,20260727,4
5094,20260727,4
4342,20260727,4
3294,20260727,4
2138,20260727,4
2036,20260727,4
4017,20260727,4
2857,20260727,4
1945,20260727,4
2552,20260727,4
1847,20260727,4
5061,20260727,4
1461,20260727,4
1801,20260727,4
2920,20260727,4
4952,20260727,4
4813,20260727,4
5172,20260727,4
5828,20260727,4
1131,20260727,4
5491,20260727,4
3483,20260727,4
4612,20260727,4
3373,20260727,4
2422,20260727,4
4705,20260727,4
4751,20260727,4
421,20260727,4
3392,20260727,4
1415,20260727,4
723,20260727,4
4540,20260727,4
3613,20260727,4
4814,20260727,4
4402,20260727,4
121,20260727,4
2334,20260727,4
5863,20260727,4
3957,20260727,4
4387,20260727,4
3277,20260727,4
3535,20260727,4
3438,20260727,4
428,20260727,4
2918,20260727,4
2482,20260727,4
768,20260727,4
672,20260727,4
2130,20260727,4
1711,20260727,4
5833,20260727,4
5653,20260727,4
3564,20260727,4
5784,20260727,4
2071,20260727,4
4932,20260727,4
2557,20260727,4
5147,20260727,4
1671,20260727,4
1646,20260727,4
3890,20260727,4
4313,20260727,4
4741,20260727,4
1948,20260727,4
5357,20260727,4
3636,20260727,4
132,20260727,4
1346,20260727,4
3376,20260727,4
3805,20260727,4
3705,20260727,4
953,20260727,4
2497,20260727,4
649,20260727,4
3315,20260727,4
3988,20260727,4
3076,20260727,4
4996,20260727,4
4,20260727,4
5687,20260727,4
5214,20260727,4
4493,20260727,4
3410,20260727,4
4094,20260727,4
2786,20260727,4
2568,20260727,4
2027,20260727,4
5578,20260727,4
3425,20260727,4
265,20260727,4
1649,20260727,4
2692,20260727,4
5461,20260727,4
113,20260727,4
2505,20260727,4
4142,20260727,4
5470,20260727,4
3949,20260727,4
107,20260727,4
4715,20260727,4
3612,20260727,4
911,20260727,4
1732,20260727,4
3284,20260727,4
1601,20260727,4
792,20260727,4
2822,20260727,4
1208,20260727,4
2992,20260727,4
1981,20260727,4
3641,20260727,4
2466,20260727,4
2485,20260727,4
226,20260727,4
2580,20260727,4
3819,20260727,4
252,20260727,4
5137,20260727,4
4187,20260727,4
4445,20260727,4
4564,20260727,4
2137,20260727,4
2364,20260727,4
1182,20260727,4
5143,20260727,4
5025,20260727,4
2488,20260727,4
4431,20260727,4
1301,20260727,4
3828,20260727,4
3529,20260727,4
525,20260727,4
4041,20260727,4
2186,20260727,4
427,20260727,4
2900,20260727,4
78,20260727,4
2057,20260727,4
1952,20260727,4
1531,20260727,4
1413,20260727,4
3591,20260727,4
2758,20260727,4
1339,20260727,4
2835,20260727,4
921,20260727,4
517,20260727,4
5577,20260727,4
3593,20260727,4
312,20260727,4
4479,20260727,4
2703,20260727,4
2202,20260727,4
267,20260727,4
3905,20260727,4
3551,20260727,4
2813,20260727,4
3608,20260727,4
2619,20260727,4
3446,20260727,4
5187,20260727,4
2408,20260727,4
2861,20260727,4
5360,20260727,4
3820,20260727,4
4063,20260727,4
1791,20260727,4
3722,20260727,4
2494,20260727,4
3504,20260727,4
2423,20260727,4
5494,20260727,4
5304,20260727,4
2048,20260727,4
3208,20260727,4
3697,20260727,4
3629,20260727,4
1863,20260727,4
1167,20260727,4
4459,20260727,4
1459,20260727,4
2677,20260727,4
2598,20260727,4
2613,20260727,4
2708,20260727,4
1261,20260727,4
4126,20260727,4
4563,20260727,4
4116,20260727,4
1793,20260727,4
1751,20260727,4
3172,20260727,4
4016,20260727,4
1252,20260727,4
2648,20260727,4
957,20260727,4
5032,20260727,4
624,20260727,4
1457,20260727,4
4663,20260727,4
4995,20260727,4
5035,20260727,4
3422,20260727,4
1562,20260727,4
3032,20260727,4
3773,20260727,4
3128,20260727,4
3244,20260727,4
435,20260727,4
765,20260727,4
2940,20260727,4
3558,20260727,4
4956,20260727,4
5649,20260727,4
2156,20260727,4
3559,20260727,4
5385,20260727,4
4296,20260727,4
452,20260727,4
1327,20260727,4
5111,20260727,4
2682,20260727,4
5522,20260727,4
5387,20260727,4
4064,20260727,4
1051,20260727,4
2268,20260727,4
3911,20260727,4
1089,20260727,4
4915,20260727,4
64,20260727,4
1016,20260727,4
2520,20260727,4
1460,20260727,4
4369,20260727,4
3272,20260727,4
299,20260727,4
2164,20260727,4
2770,20260727,4
5545,20260727,4
4309,20260727,4
664,20260727,4
3583,20260727,4
5611,20260727,4
977,20260727,4
2784,20260727,4
4382,20260727,4
5514,20260727,4
5417,20260727,4
838,20260727,4
3674,20260727,4
4649,20260727,4
4302,20260727,4
826,20260727,4
1881,20260727,4
1192,20260727,4
750,20260727,4
1616,20260727,4
5313,20260727,4
4621,20260727,4
3364,20260727,4
3755,20260727,4
3891,20260727,4
1924,20260727,4
2926,20260727,4
328,20260727,4
1023,20260727,4
5598,20260727,4
5766,20260727,4
4650,20260727,4
5844,20260727,4
3017,20260727,4
323,20260727,4
5367,20260727,4
5121,20260727,4
1504,20260727,4
2937,20260727,4
5770,20260727,4
3103,20260727,4
4767,20260727,4
2387,20260727,4
5758,20260727,4
5559,20260727,4
2349,20260727,4
3332,20260727,4
498,20260727,4
766,20260727,4
2081,20260727,4
4711,20260727,4
751,20260727,4
5702,20260727,4
5017,20260727,4
4748,20260727,4
3863,20260727,4
2159,20260727,4
5249,20260727,4
1832,20260727,4
738,20260727,4
3915,20260727,4
3391,20260727,4
5645,20260727,4
2398,20260727,4
409,20260727,4
5414,20260727,4
3090,20260727,4
5493,20260727,4
5255,20260727,4
2359,20260727,4
1887,20260727,4
4301,20260727,4
1214,20260727,4
3072,20260727,4
5459,20260727,4
2116,20260727,4
5542,20260727,4
5530,20260727,4
5024,20260727,4
1467,20260727,4
2376,20260727,4
1624,20260727,4
1926,20260727,4
3266,20260727,4
1453,20260727,4
1059,20260727,4
1427,20260727,4
3327,20260727,4
488,20260727,4
441,20260727,4
3057,20260727,4
2477,20260727,4
3526,20260727,4
4399,20260727,4
5540,20260727,4
2533,20260727,4
4521,20260727,4
3062,20260727,4
302,20260727,4
5396,20260727,4
2243,20260727,4
2632,20260727,4
4790,20260727,4
1494,20260727,4
368,20260727,4
389,20260727,4
4575,20260727,4
4117,20260727,4
5553,20260727,4
919,20260727,4
5566,20260727,4
3286,20260727,4
5793,20260727,4
3144,20260727,4
1503,20260727,4
3682,20260727,4
794,20260727,4
84,20260727,4
526,20260727,4
2906,20260727,4
3340,20260727,4
4248,20260727,4
867,20260727,4
2712,20260727,4
3412,20260727,4
2658,20260727,4
384,20260727,4
4618,20260727,4
4717,20260727,4
4120,20260727,4
4888,20260727,4
4773,20260727,4
4299,20260727,4
4101,20260727,4
5006,20260727,4
354,20260727,4
861,20260727,4
3940,20260727,4
4341,20260727,4
3872,20260727,4
2545,20260727,4
277,20260727,4
4630,20260727,4
5316,20260727,4
3427,20260727,4
2851,20260727,4
77,20260727,4
1401,20260727,4
928,20260727,4
845,20260727,4
3236,20260727,4
3481,20260727,4
2149,20260727,4
2247,20260727,4
2889,20260727,4
2431,20260727,4
571,20260727,4
4447,20260727,4
2191,20260727,4
2529,20260727,4
3260,20260727,4
1361,20260727,4
2208,20260727,4
3895,20260727,4
5468,20260727,4
534,20260727,4
2664,20260727,4
5113,20260727,4
2400,20260727,4
3886,20260727,4
3264,20260727,4
4678,20260727,4
5519,20260727,4
1720,20260727,4
214,20260727,4
4467,20260727,4
5399,20260727,4
65,20260727,4
1873,20260727,4
3363,20260727,4
5671,20260727,4
3365,20260727,4
5168,20260727,4
844,20260727,4
4194,20260727,4
5027,20260727,4
927,20260727,4
5163,20260727,4
1556,20260727,4
2995,20260727,4
1958,20260727,4
3893,20260727,4
596,20260727,4
1202,20260727,4
3800,20260727,4
4694,20260727,4
5253,20260727,4
1209,20260727,4
4714,20260727,4
4547,20260727,4
5852,20260727,4
3570,20260727,4
5096,20260727,4
1040,20260727,4
4268,20260727,4
4451,20260727,4
3354,20260727,4
3445,20260727,4
4208,20260727,4
2134,20260727,4
950,20260727,4
1212,20260727,4
4385,20260727,4
5800,20260727,4
3542,20260727,4
1154,20260727,4
820,20260727,4
2249,20260727,4
225,20260727,4
399,20260727,4
568,20260727,4
3206,20260727,4
4971,20260727,4
195,20260727,4
426,20260727,4
4811,20260727,4
103,20260727,4
4861,20260727,4
3700,20260727,4
3502,20260727,4
4443,20260727,4
301,20260727,4
4264,20260727,4
3068,20260727,4
3118,20260727,4
1767,20260727,4
2175,20260727,4
4492,20260727,4
5788,20260727,4
220,20260727,4
3414,20260727,4
3349,20260727,4
2044,20260727,4
2853,20260727,4
1538,20260727,4
801,20260727,4
5157,20260727,4
5288,20260727,4
4005,20260727,4
2112,20260727,4
2162,20260727,4
3709,20260727,4
2852,20260727,4
702,20260727,4
2489,20260727,4
2095,20260727,4
4798,20260727,4
346,20260727,4
68,20260727,4
1805,20260727,4
599,20260727,4
5809,20260727,4
3516,20260727,4
3241,20260727,4
595,20260727,4
3576,20260727,4
1674,20260727,4
4009,20260727,4
5345,20260727,4
2614,20260727,4
741,20260727,4
43,20260727,4
1885,20260727,4
5487,20260727,4
2240,20260727,4
1234,20260727,4
4757,20260727,4
2115,20260727,4
1451,20260727,4
38,20260727,4
2379,20260727,4
5495,20260727,4
5196,20260727,4
179,20260727,4
2969,20260727,4
1092,20260727,4
5056,20260727,4
5076,20260727,4
5019,20260727,4
315,20260727,4
3258,20260727,4
1115,20260727,4
1687,20260727,4
3109,20260727,4
2913,20260727,4
1299,20260727,4
3723,20260727,4
258,20260727,4
5238,20260727,4
2846,20260727,4
686,20260727,4
2348,20260727,4
3061,20260727,4
925,20260727,4
1719,20260727,4
242,20260727,4
5521,20260727,4
4690,20260727,4
2591,20260727,4
1749,20260727,4
3927,20260727,4
5084,20260727,4
5853,20260727,4
18,20260727,4
2204,20260727,4
2695,20260727,4
2737,20260727,4
1317,20260727,4
2660,20260727,4
784,20260727,4
4953,20260727,4
5869,20260727,4
4668,20260727,4
2607,20260727,4
955,20260727,4
2725,20260727,4
5191,20260727,4
4529,20260727,4
1953,20260727,4
4967,20260727,4
5303,20260727,4
2608,20260727,4
4162,20260727,4
1243,20260727,4
3112,20260727,4
114,20260727,4
1483,20260727,4
1576,20260727,4
648,20260727,4
4285,20260727,4
3183,20260727,4
174,20260727,4
4091,20260727,4
1155,20260727,4
1428,20260727,4
2946,20260727,4
1129,20260727,4
1380,20260727,4
3420,20260727,4
4281,20260727,4
708,20260727,4
720,20260727,4
2425,20260727,4
4022,20260727,4
1563,20260727,4
1934,20260727,4
5584,20260727,4
2644,20260727,4
2147,20260727,4
3724,20260727,4
1583,20260727,4
2226,20260727,4
3224,20260727,4
515,20260727,4
2590,20260727,4
2286,20260727,4
3839,20260727,4
2910,20260727,4
5547,20260727,4
4425,20260727,4
3825,20260727,4
5075,20260727,4
2985,20260727,4
3836,20260727,4
1850,20260727,4
238,20260727,4
1744,20260727,4
713,20260727,4
2543,20260727,4
1237,20260727,4
3947,20260727,4
5260,20260727,4
1589,20260727,4
3058,20260727,4
2990,20260727,4
1824,20260727,4
876,20260727,4
5433,20260727,4
3749,20260727,4
3036,20260727,4
2440,20260727,4
1972,20260727,4
3974,20260727,4
2676,20260727,4
2037,20260727,4
5722,20260727,4
5404,20260727,4
1030,20260727,4
1859,20260727,4
1233,20260727,4
5733,20260727,4
879,20260727,4
3325,20260727,4
1683,20260727,4
2481,20260727,4
544,20260727,4
201,20260727,4
1852,20260727,4
4190,20260727,4
5593,20260727,4
5704,20260727,4
1071,20260727,4
3573,20260727,4
2705,20260727,4
3275,20260727,4
2354,20260727,4
365,20260727,4
4441,20260727,4
293,20260727,4
2476,20260727,4
4856,20260727,4
2945,20260727,4
1728,20260727,4
2536,20260727,4
849,20260727,4
1789,20260727,4
4786,20260727,4
4884,20260727,4
4055,20260727,4
4241,20260727,4
3356,20260727,4
4749,20260727,4
200,20260727,4
4204,20260727,4
1343,20260727,4
3917,20260727,4
4158,20260727,4
3467,20260727,4
5526,20260727,4
171,20260727,4
2504,20260727,4
5626,20260727,4
3494,20260727,4
5340,20260727,4
1570,20260727,4
3469,20260727,4
5097,20260727,4
718,20260727,4
2397,20260727,4
3122,20260727,4
3320,20260727,4
1867,20260727,4
5615,20260727,4
4197,20260727,4
4475,20260727,4
2875,20260727,4
2584,20260727,4
3411,20260727,4
2740,20260727,4
2132,20260727,4
2624,20260727,4
4253,20260727,4
5689,20260727,4
3470,20260727,4
274,20260727,4
4534,20260727,4
2638,20260727,4
5036,20260727,4
1184,20260727,4
2759,20260727,4
2836,20260727,4
3823,20260727,4
3510,20260727,4
833,20260727,4
561,20260727,4
4292,20260727,4
3523,20260727,4
5188,20260727,4
2484,20260727,4
2729,20260727,4
3802,20260727,4
4526,20260727,4
71,20260727,4
5479,20260727,4
5709,20260727,4
3884,20260727,4
5394,20260727,4
3595,20260727,4
632,20260727,4
886,20260727,4
2439,20260727,4
1797,20260727,4
4603,20260727,4
4273,20260727,4
4333,20260727,4
1729,20260727,4
5640,20260727,4
4181,20260727,4
4515,20260727,4
5279,20260727,4
1663,20260727,4
1813,20260727,4
5498,20260727,4
5617,20260727,4
1433,20260727,4
917,20260727,4
1740,20260727,4
314,20260727,4
5728,20260727,4
2960,20260727,4
3693,20260727,4
4412,20260727,4
362,20260727,4
3404,20260727,4
3946,20260727,4
337,20260727,4
2460,20260727,4
616,20260727,4
5737,20260727,4
5026,20260727,4
1472,20260727,4
2479,20260727,4
3295,20260727,4
2921,20260727,4
1667,20260727,4
5292,20260727,4
3572,20260727,4
5858,20260727,4
4681,20260727,4
4962,20260727,4
956,20260727,4
3056,20260727,4
2335,20260727,4
1807,20260727,4
5259,20260727,4
178,20260727,4
4712,20260727,4
3366,20260727,4
4127,20260727,4
4836,20260727,4
1477,20260727,4
4853,20260727,4
896,20260727,4
1712,20260727,4
2158,20260727,4
3648,20260727,4
3227,20260727,4
73,20260727,4
5684,20260727,4
3132,20260727,4
2843,20260727,4
3792,20260727,4
3461,20260727,4
1217,20260727,4
2746,20260727,4
705,20260727,4
646,20260727,4
3815,20260727,4
1743,20260727,4
5661,20260727,4
3850,20260727,4
3121,20260727,4
2216,20260727,4
3101,20260727,4
740,20260727,4
2787,20260727,4
2655,20260727,4
2965,20260727,4
2999,20260727,4
1565,20260727,4
3230,20260727,4
3656,20260727,4
2391,20260727,4
3486,20260727,4
4605,20260727,4
4842,20260727,4
133,20260727,4
846,20260727,4
5246,20260727,4
5814,20260727,4
2394,20260727,4
5621,20260727,4
170,20260727,4
4938,20260727,4
3168,20260727,4
4337,20260727,4
2437,20260727,4
4556,20260727,4
1615,20260727,4
373,20260727,4
4391,20260727,4
2034,20260727,4
1938,20260727,4
2793,20260727,4
2976,20260727,4
1164,20260727,4
5501,20260727,4
864,20260727,4
2586,20260727,4
3943,20260727,4
2579,20260727,4
4766,20260727,4
4218,20260727,4
5003,20260727,4
5160,20260727,4
3390,20260727,4
1862,20260727,4
4232,20260727,4
