Profile,Latitude,Longitude,grid_id,spatial_fold
1,21.44227,101.31306,4020,0
2,22.58412,101.77253,4020,0
3,22.79677,100.99384,4020,0
4,21.57646,101.47014,4020,0
5,22.58099,99.85086,4019,3
6,22.63992,99.8559,4019,3
7,22.61995,99.80832,4019,3
8,22.64616,103.13535,4020,0
9,22.6978,101.90491,4020,0
10,21.91791,101.07939,4020,0
11,22.54446,99.93537,4019,3
12,22.73356,103.18616,4020,0
13,22.83797,103.87203,4020,0
14,22.64194,100.12508,4020,0
15,21.19861111,109.8075,4021,0
16,20.89416667,110.1233333,4022,1
17,20.33722222,110.0544444,4022,1
18,21.60472222,110.0905556,4022,1
19,20.56472222,110.0733333,4022,1
20,21.12527778,110.0255556,4022,1
21,20.58333333,110.0666667,4022,1
22,21.69944444,110.1086111,4022,1
23,20.90055556,110.0586111,4022,1
24,21.19777778,109.9175,4021,0
25,20.34305556,110.0758333,4022,1
26,21.90111111,108.5105833,4021,0
27,21.80713889,108.4816389,4021,0
28,21.72825,108.0735278,4021,0
29,22.19638889,108.7785,4021,0
30,22.20433333,107.2082222,4021,0
31,22.19002778,108.8049167,4021,0
32,22.83552778,108.0266667,4021,0
33,22.08263889,109.9991667,4021,0
34,21.63636111,108.7865,4021,0
35,21.72663889,109.2911111,4021,0
36,22.48238889,107.4819167,4021,0
37,22.80183333,108.0042778,4021,0
38,22.05055556,107.0165278,4021,0
39,22.32686111,107.4404167,4021,0
40,22.21425,110.0000833,4022,1
41,22.20133333,108.4800556,4021,0
42,21.6095,109.4242222,4021,0
43,21.52377778,109.7326389,4021,0
44,21.63986111,108.7669167,4021,0
45,21.88477778,108.5107778,4021,0
46,21.68486111,109.4205,4021,0
47,21.85002778,108.6452778,4021,0
48,21.59130556,109.7019722,4021,0
49,22.69694444,107.4366111,4021,0
50,22.32913889,107.8870833,4021,0
51,21.92580556,108.7418333,4021,0
52,21.78777778,108.8046667,4021,0
53,21.70358333,109.2635556,4021,0
54,22.25169444,107.65325,4021,0
55,19.09672222,108.6417222,3021,2
56,19.697,109.6968333,3021,2
57,18.90030556,108.6716111,3021,2
58,18.57166667,109.7133333,3021,2
59,19.88422222,109.7394444,3021,2
60,18.40019444,109.7338333,3021,2
61,19.53258333,109.3807778,3021,2
62,18.41388889,110.0308333,3022,1
63,18.47572222,109.6606944,3021,2
64,19.42627778,109.6711944,3021,2
65,19.81655556,109.3458333,3021,2
66,19.44772222,109.2203889,3021,2
67,18.6385,109.6883056,3021,2
68,19.59622222,110.0048056,3022,1
69,18.57083333,110.0152778,3022,1
70,19.02180556,108.9679444,3021,2
71,18.44991667,108.9101944,3021,2
72,19.70505556,109.69125,3021,2
73,18.44180556,109.93675,3021,2
74,18.47688889,109.8558889,3021,2
75,18.66577778,109.2072222,3021,2
76,18.39338889,110.0500833,3022,1
77,18.46738889,108.8761944,3021,2
78,18.29658333,109.60375,3021,2
79,18.74016667,109.4755278,3021,2
80,18.74055556,109.5811667,3021,2
81,19.80327778,109.9325278,3021,2
82,19.66244444,109.7256667,3021,2
83,18.77930556,108.6917222,3021,2
84,19.99194444,109.7142778,3021,2
85,18.39761111,109.1688333,3021,2
86,19.79844444,109.3458333,3021,2
87,18.35438889,109.3266667,3021,2
88,19.44544444,109.2358889,3021,2
89,19.60511111,109.1287778,3021,2
90,19.38222222,109.0887778,3021,2
91,19.66522222,109.9986944,3021,2
92,19.53952778,109.4604444,3021,2
93,19.90744444,109.7295556,3021,2
94,19.54547222,109.5579167,3021,2
95,19.10816667,108.7320833,3021,2
96,18.42277778,109.1881667,3021,2
97,19.21230556,109.5590833,3021,2
98,19.56611111,109.8515278,3021,2
99,19.54022222,110.0465,3022,1
100,19.07419444,109.4078889,3021,2
101,18.61622222,109.9065556,3021,2
102,19.45566667,110.0268611,3022,1
103,19.3295,110.0686667,3022,1
104,19.68336111,110.0715833,3022,1
105,19.67886111,109.7374444,3021,2
106,18.53252778,109.4696944,3021,2
107,19.93108333,110.1223889,3022,1
108,18.65486111,109.9546944,3021,2
109,19.58041667,109.6934167,3021,2
110,18.35344444,109.1772778,3021,2
111,18.37572222,109.6049722,3021,2
112,19.44216667,109.2115833,3021,2
113,19.04186111,109.7860278,3021,2
114,18.50247222,109.2647778,3021,2
115,18.55958333,108.7526111,3021,2
116,19.09736111,109.5645278,3021,2
117,19.38563889,109.0509444,3021,2
118,18.50613889,109.6301111,3021,2
119,19.59205556,109.3510556,3021,2
120,19.906,109.7477778,3021,2
121,19.57347222,109.3685278,3021,2
122,18.61838889,108.7145833,3021,2
123,19.71794444,109.4596944,3021,2
124,19.10138889,108.7298889,3021,2
125,19.39775,109.6147222,3021,2
126,19.10922222,108.8483889,3021,2
127,19.92016667,109.7361667,3021,2
128,19.152,109.4967222,3021,2
129,19.66952778,109.2344444,3021,2
130,19.33333333,108.6833333,3021,2
131,22.11305556,112.7752778,4022,1
132,21.5825,111.585,4022,1
133,20.47388889,110.4122222,4022,1
134,22.73722222,113.4738889,4022,1
135,21.43111111,110.7141667,4022,1
136,22.33555556,112.6266667,4022,1
137,21.75611111,110.6913889,4022,1
138,21.75694444,110.9302778,4022,1
139,22.56972222,112.0061111,4022,1
140,22.33861111,111.9063889,4022,1
141,22.57083333,112.9286111,4022,1
142,22.39722222,111.0483333,4022,1
143,22.07777778,113.1961111,4022,1
144,22.62361111,113.5966667,4022,1
145,22.30222222,113.2038889,4022,1
146,21.45777778,110.6655556,4022,1
147,21.88694444,111.8944444,4022,1
148,22.80222222,113.4341667,4022,1
149,21.82638889,112.1486111,4022,1
150,22.73166667,111.4686111,4022,1
151,22.40444444,111.9041667,4022,1
152,21.74111111,110.8572222,4022,1
153,20.48277778,110.3358333,4022,1
154,21.91777778,111.8433333,4022,1
155,22.35638889,113.4125,4022,1
156,21.48666667,110.9344444,4022,1
157,21.92138889,112.2172222,4022,1
158,21.48833333,110.6836111,4022,1
159,22.66861111,111.4263889,4022,1
160,21.21194444,110.2283333,4022,1
161,22.08111111,110.8577778,4022,1
162,22.49416667,110.8975,4022,1
163,22.58333333,111.6433333,4022,1
164,22.32361111,111.0288889,4022,1
165,22.19527778,112.4780556,4022,1
166,22.78083333,115.8316667,4023,1
167,22.77944444,111.4819444,4022,1
168,22.15041667,110.2673333,4022,1
169,22.15833333,110.2523056,4022,1
170,22.68063889,110.3635556,4022,1
171,18.88183333,110.4583333,3022,1
172,19.83961111,110.3700556,3022,1
173,19.80805556,110.2504722,3022,1
174,19.59577778,110.6994444,3022,1
175,19.71188889,110.8266389,3022,1
176,19.81444444,110.3829722,3022,1
177,19.99805556,110.6623056,3022,1
178,19.23466667,110.4021389,3022,1
179,19.23888889,110.5777778,3022,1
180,19.98277778,110.7334722,3022,1
181,19.29727778,110.5023889,3022,1
182,19.84872222,110.4009444,3022,1
183,19.92577778,110.2069444,3022,1
184,18.95791667,110.3399167,3022,1
185,19.86091667,110.7438889,3022,1
186,27.43888889,88.9,5017,1
187,27.43844444,88.91813889,5017,1
188,24.3847,97.98384,4019,3
189,24.06599,97.96277,4019,3
190,24.04199,97.85522,4019,3
191,26.86302778,104.2525,5020,4
192,26.92722222,104.2480833,5020,4
193,26.90533333,104.2899722,5020,4
194,26.91977778,104.2581944,5020,4
195,26.86522222,104.2330278,5020,4
196,26.88036111,104.2843889,5020,4
197,27.09536111,102.7060278,5020,4
198,26.56736111,102.4191111,5020,4
199,26.6155,102.2556944,5020,4
200,26.80180556,102.0353333,5020,4
201,27.02011111,102.7596389,5020,4
202,27.12116667,102.244,5020,4
203,27.42819444,101.4893889,5020,4
204,26.95555556,102.1514722,5020,4
205,27.12397222,102.2389167,5020,4
206,26.89072222,101.5046667,5020,4
207,27.09438889,102.2308056,5020,4
208,26.91077778,101.5148056,5020,4
209,26.49758333,101.8229167,5020,4
210,26.58252778,102.4860278,5020,4
211,26.561,102.3138333,5020,4
212,26.49727778,101.7956667,5020,4
213,26.67677778,102.6207222,5020,4
214,24.65978,102.91616,4020,0
215,23.6418,102.5558,4020,0
216,25.3945,100.43546,5020,4
217,25.71438,100.26404,5020,4
218,23.953056,100.100556,4020,0
219,24.71664,101.6332,4020,0
220,23.501111,99.827222,4019,3
221,25.1692,101.24839,5020,4
222,26.93428,100.21301,5020,4
223,24.9343,101.4993,4020,0
224,24.8319,103.1708,4020,0
225,25.27873,101.55521,5020,4
226,26.245018,99.992566,5019,0
227,25.86444,100.59758,5020,4
228,23.476085,98.914833,4019,3
229,25.04585,100.52189,5020,4
230,25.1764,103.6963,5020,4
231,24.03703,100.84338,4020,0
232,24.3323,102.7524,4020,0
233,27.41209,99.82693,5019,0
234,25.21663,98.49185,5019,0
235,24.75784,104.11103,4020,0
236,25.60412,101.86384,5020,4
237,27.3443,103.7393,5020,4
238,25.604358,101.849051,5020,4
239,25.43601,100.59501,5020,4
240,27.2796,103.666367,5020,4
241,27.00606,100.2147,5020,4
242,23.566,104.078,4020,0
243,24.9293,100.48978,4020,0
244,26.40586,104.20216,5020,4
245,26.06166,100.12775,5020,4
246,23.82142,101.78486,4020,0
247,25.0976,103.38295,5020,4
248,23.5949,103.8916,4020,0
249,23.09015,103.16876,4020,0
250,23.5789,102.8751,4020,0
251,26.832934,100.083525,5020,4
252,25.9391,103.73506,5020,4
253,24.26007,102.14857,4020,0
254,25.3706,103.8435,5020,4
255,24.01814,104.20226,4020,0
256,25.3589,103.3964,5020,4
257,26.75889,99.98824,5019,0
258,23.9358,102.1724,4020,0
259,24.11998,104.16709,4020,0
260,23.1067,101.5327,4020,0
261,25.3963,102.62849,5020,4
262,24.46259,98.59456,4019,3
263,26.3935,99.3883,5019,0
264,23.6933,101.2524,4020,0
265,23.0908,101.5991,4020,0
266,24.44873,103.016448,4020,0
267,26.76368,100.0078,5020,4
268,24.52998,99.34814,4019,3
269,27.250704,103.671604,5020,4
270,26.01382,101.085777,5020,4
271,25.93974,100.59207,5020,4
272,25.8466,101.8205,5020,4
273,26.58732,101.28589,5020,4
274,24.60789,100.50085,4020,0
275,25.34396,100.49789,5020,4
276,23.526799,98.97514,4019,3
277,26.269486,103.99995,5020,4
278,23.04055,102.54981,4020,0
279,26.23545,103.84964,5020,4
280,23.421,101.6254,4020,0
281,25.33809,103.08066,5020,4
282,24.013204,99.83263,4019,3
283,26.12442,103.57751,5020,4
284,25.22607,102.51208,5020,4
285,25.67772,102.85929,5020,4
286,26.159,104.10184,5020,4
287,25.77075,103.86932,5020,4
288,25.83305,99.52439,5019,0
289,24.8039,103.2728,4020,0
290,24.85909,100.47559,4020,0
291,27.32289,103.533296,5020,4
292,23.416,99.76546,4019,3
293,23.60112,102.01619,4020,0
294,25.71851,100.45169,5020,4
295,26.80025,100.42619,5020,4
296,26.7863,100.62846,5020,4
297,23.383889,99.694167,4019,3
298,25.6481,101.901,5020,4
299,25.7618,100.57779,5020,4
300,24.74734,101.98155,4020,0
301,27.42078,99.84846,5019,0
302,26.658889,99.786297,5019,0
303,24.64241,102.94734,4020,0
304,26.03963,102.82485,5020,4
305,23.66051,101.76373,4020,0
306,27.10964,100.27398,5020,4
307,24.95079,103.94293,4020,0
308,25.14934,99.16317,5019,0
309,27.1167,100.28452,5020,4
310,26.384792,103.962478,5020,4
311,24.16361,102.92287,4020,0
312,24.66423,98.80427,4019,3
313,26.97655,100.20505,5020,4
314,25.966631,100.126769,5020,4
315,23.709416,99.588471,4019,3
316,22.95948,102.44022,4020,0
317,24.23454,100.03876,4020,0
318,24.111466,99.922391,4019,3
319,26.025409,99.912682,5019,0
320,24.89497,102.04716,4020,0
321,25.63713,101.21856,5020,4
322,24.7166,101.63319,4020,0
323,24.03483,101.53385,4020,0
324,24.74627778,108.3469167,4021,0
325,24.67205556,107.8864167,4021,0
326,24.13552778,108.0162778,4021,0
327,23.77163889,107.9361111,4021,0
328,23.01497222,106.3471667,4021,0
329,23.12238889,106.5336944,4021,0
330,23.19816667,106.5396944,4021,0
331,25.24755556,107.4560833,5021,1
332,23.96961111,108.6588889,4021,0
333,25.04486111,107.35075,5021,1
334,25.29294444,109.0915,5021,1
335,25.81858333,109.8076944,5021,1
336,23.31866667,108.6442778,4021,0
337,24.48680556,108.8586111,4021,0
338,25.22827778,109.4906111,5021,1
339,25.10652778,107.1514722,5021,1
340,24.30294444,106.3315,4021,0
341,23.18069444,106.7370833,4021,0
342,23.27002778,107.5643333,4021,0
343,23.16261111,108.6470278,4021,0
344,23.74236111,106.8259722,4021,0
345,24.74177778,108.0986111,4021,0
346,25.013,108.1374167,5021,1
347,24.27275,107.1015278,4021,0
348,23.50422222,109.2334167,4021,0
349,23.23133333,109.3203333,4021,0
350,23.98625,109.8651111,4021,0
351,24.27411111,108.4748056,4021,0
352,24.59391667,107.3291111,4021,0
353,24.35388889,109.9471667,4021,0
354,23.96536111,108.6244722,4021,0
355,23.41338889,107.3952778,4021,0
356,22.91586111,109.8622222,4021,0
357,25.07986111,110.1619444,5022,2
358,24.2145,109.1946667,4021,0
359,24.14516667,108.9676389,4021,0
360,23.22052778,108.9111667,4021,0
361,23.24116667,108.8525,4021,0
362,23.82163889,106.6760556,4021,0
363,23.83838889,106.7108611,4021,0
364,23.58113889,107.2427778,4021,0
365,23.57558333,107.2495833,4021,0
366,23.53191667,109.6452222,4021,0
367,23.21086111,108.7125,4021,0
368,23.44844444,106.4882222,4021,0
369,23.97808333,107.4588611,4021,0
370,24.51627778,106.5434722,4021,0
371,25.39438889,109.4509722,5021,1
372,23.52905556,108.3330278,4021,0
373,25.36858333,107.2494444,5021,1
374,23.86547222,109.5046389,4021,0
375,23.77977778,106.7043333,4021,0
376,24.90252778,107.0178611,4021,0
377,24.45211111,106.3510833,4021,0
378,23.83630556,107.7954722,4021,0
379,24.42822222,107.9226667,4021,0
380,23.70194444,108.3813611,4021,0
381,23.26038889,107.4813889,4021,0
382,23.46719444,110.15375,4022,1
383,23.47930556,108.4353889,4021,0
384,23.51975,108.3833056,4021,0
385,23.52547222,108.3700278,4021,0
386,25.70219444,109.9936111,5021,1
387,23.73883333,108.3668056,4021,0
388,24.44588889,106.6355,4021,0
389,25.71161111,109.80375,5021,1
390,25.26666667,109.1365278,5021,1
391,23.52680556,109.1563056,4021,0
392,24.55413889,109.8661111,4021,0
393,24.65619444,107.4411389,4021,0
394,23.54638889,109.1715833,4021,0
395,23.01566667,109.6920833,4021,0
396,23.29758333,110.0946944,4022,1
397,23.6535,107.18275,4021,0
398,25.03336111,109.4534167,5021,1
399,23.52733333,110.1609444,4022,1
400,24.25322222,106.2719722,4021,0
401,23.80811111,106.8498889,4021,0
402,26.30469444,107.9821944,5021,1
403,26.02591667,106.5008333,5021,1
404,26.67116667,108.2985833,5021,1
405,27.00761111,109.16075,5021,1
406,25.84675,108.8626667,5021,1
407,26.53719444,108.1495556,5021,1
408,26.96066667,106.7244444,5021,1
409,26.42233333,106.2788611,5021,1
410,25.09427778,105.1927222,5021,1
411,26.92852778,106.6849444,5021,1
412,26.34258333,108.0872222,5021,1
413,26.98430556,104.8593056,5020,4
414,26.70366667,104.6272778,5020,4
415,25.84016667,105.2713056,5021,1
416,26.86333333,104.6533889,5020,4
417,26.94927778,104.4206667,5020,4
418,25.17877778,105.964,5021,1
419,26.46125,104.6901667,5020,4
420,26.98383333,104.8595,5020,4
421,27.04269444,104.5901111,5020,4
422,26.145,104.6021111,5020,4
423,26.97077778,104.7306389,5020,4
424,27.00058333,104.6685278,5020,4
425,27.00091667,104.6684722,5020,4
426,26.15941667,104.6226111,5020,4
427,27.07230556,108.3330278,5021,1
428,26.18983333,109.127,5021,1
429,26.83516667,109.1670278,5021,1
430,26.978,107.8215833,5021,1
431,27.01563889,106.7243889,5021,1
432,26.08077778,105.7208611,5021,1
433,27.23472222,105.4788611,5021,1
434,25.78852778,107.4600556,5021,1
435,27.25763889,105.2286111,5021,1
436,26.68011111,104.6304167,5020,4
437,25.06938889,105.2155,5021,1
438,26.93911111,107.8983056,5021,1
439,25.64408333,105.1798889,5021,1
440,26.78666667,105.79,5021,1
441,27.13733333,107.2829444,5021,1
442,25.51636111,107.8111389,5021,1
443,26.04019444,105.7274167,5021,1
444,26.39325,104.8202222,5020,4
445,25.79455556,107.4823889,5021,1
446,26.26236111,105.8263333,5021,1
447,27.18736111,105.5765556,5021,1
448,26.85908333,104.6986667,5020,4
449,25.78111111,104.8624167,5020,4
450,26.98686111,104.8492222,5020,4
451,27.08536111,108.6293333,5021,1
452,25.78916667,107.4224444,5021,1
453,26.40358333,106.9085556,5021,1
454,26.20680556,109.1111944,5021,1
455,27.30463889,109.03625,5021,1
456,27.01105556,109.1524444,5021,1
457,27.20236111,107.9029167,5021,1
458,25.75761111,107.9065278,5021,1
459,27.32402778,109.0469722,5021,1
460,25.56888889,105.1749167,5021,1
461,26.30577778,107.9856944,5021,1
462,25.90569444,108.4978611,5021,1
463,26.39875,106.9113889,5021,1
464,26.86680556,104.6650556,5020,4
465,26.74180556,107.5317222,5021,1
466,26.94938889,106.5114722,5021,1
467,27.15277778,107.9035278,5021,1
468,27.14883333,104.7748333,5020,4
469,26.99302778,105.9831389,5021,1
470,26.96580556,107.8553333,5021,1
471,27.03016667,106.8206111,5021,1
472,25.3285,105.0816944,5021,1
473,25.05138889,105.7164722,5021,1
474,24.99288889,105.7652778,4021,0
475,25.77594444,104.9019444,5020,4
476,27.15963889,104.9064167,5020,4
477,27.087,106.73375,5021,1
478,27.12927778,107.4985278,5021,1
479,25.82772222,106.1872222,5021,1
480,25.68472222,105.1511111,5021,1
481,26.114,106.6100278,5021,1
482,25.12497222,106.6142778,5021,1
483,27.22530556,105.0959167,5021,1
484,25.57072222,105.174,5021,1
485,25.80105556,105.0995556,5021,1
486,26.59466667,107.5932222,5021,1
487,26.871,104.68925,5020,4
488,25.82130556,105.2054167,5021,1
489,25.81958333,104.7438056,5020,4
490,25.158,105.0342778,5021,1
491,26.33208333,105.3752778,5021,1
492,26.5125,107.7898611,5021,1
493,25.71905556,104.6299444,5020,4
494,26.93844444,104.3893333,5020,4
495,26.10344444,107.8277778,5021,1
496,27.03636111,108.1313889,5021,1
497,25.79336111,105.0738056,5021,1
498,25.20355556,105.8962222,5021,1
499,25.83977778,108.8582778,5021,1
500,27.10472222,104.6628056,5020,4
501,26.56653,108.1265556,5021,1
502,27.45258333,106.19275,5021,1
503,25.75763889,107.9065556,5021,1
504,25.56436111,105.6459722,5021,1
505,25.67336111,105.7587778,5021,1
506,26.39347222,106.9063333,5021,1
507,26.17375,104.6318056,5020,4
508,27.36916667,109.97,5021,1
509,27.43722222,109.7163889,5021,1
510,27.00611111,109.7822222,5021,1
511,26.67,110.0791667,5022,2
512,27.44527778,109.6063889,5021,1
513,26.15,110.1355556,5022,2
514,26.69611111,109.6991667,5021,1
515,27.3368,109.2251,5021,1
516,26.29694444,109.6063889,5021,1
517,27.21279722,109.7107972,5021,1
518,25.40904,104.32082,5020,4
519,25.02617,104.48742,5020,4
520,24.95313,104.29819,4020,0
521,23.3274,104.59296,4020,0
522,23.13958,104.68442,4020,0
523,23.60248,105.61153,4021,0
524,25.41805,104.43757,5020,4
525,26.29866,104.327377,5020,4
526,23.9863,104.66776,4020,0
527,23.0325,113.5791667,4022,1
528,22.93527778,115.765,4023,1
529,23.41222222,113.7594444,4022,1
530,24.51,114.6266667,4022,1
531,23.04611111,112.6897222,4022,1
532,23.705,113.3922222,4022,1
533,25.07416667,113.6097222,5022,2
534,22.90388889,112.1422222,4022,1
535,23.44277778,115.7997222,4023,1
536,24.36388889,114.0977778,4022,1
537,23.35333333,113.3511111,4022,1
538,23.4775,113.3375,4022,1
539,24.42055556,114.5061111,4022,1
540,25.26916667,114.41,5022,2
541,24.01083333,111.9686111,4022,1
542,23.42305556,114.8188889,4022,1
543,23.08194444,114.5805556,4022,1
544,24.67777778,112.2061111,4022,1
545,24.47194444,112.6988889,4022,1
546,25.05361111,113.7575,5022,2
547,23.43305556,112.9122222,4022,1
548,23.83388889,113.4836111,4022,1
549,23.57777778,113.4963889,4022,1
550,23.71527778,114.2675,4022,1
551,23.67527778,113.4072222,4022,1
552,24.01833333,113.6186111,4022,1
553,23.02333333,113.5630556,4022,1
554,22.94027778,113.4497222,4022,1
555,22.92444444,113.5155556,4022,1
556,23.23888889,113.6313889,4022,1
557,25.18083333,114.39,5022,2
558,23.17166667,111.7988889,4022,1
559,24.52333333,114.9322222,4022,1
560,23.95111111,114.0541667,4022,1
561,24.96222222,112.5333333,4022,1
562,24.49861111,112.8319444,4022,1
563,24.21583333,113.4841667,4022,1
564,24.21305556,115.6591667,4023,1
565,24.19388889,115.4369444,4023,1
566,23.38277778,113.0677778,4022,1
567,23.44861111,113.2377778,4022,1
568,24.13666667,112.7566667,4022,1
569,23.27861111,114.0258333,4022,1
570,23.24694444,113.6372222,4022,1
571,23.15583333,113.3544444,4022,1
572,22.88277778,115.8852778,4023,1
573,24.27166667,113.5375,4022,1
574,25.14944444,114.4647222,5022,2
575,23.16833333,111.7858333,4022,1
576,22.93083333,113.8988889,4022,1
577,22.90444444,112.1427778,4022,1
578,25.33472222,114.3388889,5022,2
579,23.23638889,113.5147222,4022,1
580,24.79305556,112.26,4022,1
581,25.14972222,113.4202778,5022,2
582,25.21694444,113.4508333,5022,2
583,24.25666667,113.2713889,4022,1
584,22.96611111,112.6869444,4022,1
585,23.55583333,115.8469444,4023,1
586,25.18222222,114.4102778,5022,2
587,25.10555556,113.5316667,5022,2
588,24.68,112.2066667,4022,1
589,24.27805556,116.0241667,4023,1
590,23.105,114.0463889,4022,1
591,23.13972222,111.7827778,4022,1
592,23.28194444,114.0194444,4022,1
593,24.10472222,115.5816667,4023,1
594,23.49027778,115.8683333,4023,1
595,24.55972222,115.9283333,4023,1
596,23.40138889,114.4230556,4022,1
597,24.53277778,115.9569444,4023,1
598,25.04305556,113.7602778,5022,2
599,24.01027778,114.7825,4022,1
600,24.23916667,114.7138889,4022,1
601,24.49027778,112.8166667,4022,1
602,24.975,112.5580556,4022,1
603,23.05233333,110.4343611,4022,1
604,24.38444444,111.6485278,4022,1
605,23.26627778,111.2941944,4022,1
606,23.97008333,111.0265833,4022,1
607,25.06166667,111.3836389,5022,2
608,23.81338889,111.5416667,4022,1
609,22.99125,110.774,4022,1
610,24.96258333,110.2724167,4022,1
611,23.54127778,110.7400556,4022,1
612,23.87663889,111.0471389,4022,1
613,25.09841667,111.2494167,5022,2
614,24.47816667,111.1676667,4022,1
615,23.47780556,110.5171389,4022,1
616,25.45916667,110.3998611,5022,2
617,25.86347222,110.4938611,5022,2
618,25.84483333,110.4931944,5022,2
619,24.75380556,110.45675,4022,1
620,24.03388889,111.5942778,4022,1
621,24.93805556,110.8249722,4022,1
622,23.85277778,111.7961389,4022,1
623,24.22505556,110.8879722,4022,1
624,25.85902778,110.484,5022,2
625,22.95869444,110.8731944,4022,1
626,25.48413889,110.2776389,5022,2
627,25.86011111,110.4124167,5022,2
628,25.88308333,110.4902778,5022,2
629,25.91227778,110.4663333,5022,2
630,23.72138889,110.3663611,4022,1
631,24.65319444,110.4870278,4022,1
632,25.01136111,110.8687222,5022,2
633,23.33475,110.7888056,4022,1
634,23.04466667,110.6614722,4022,1
635,24.503,111.4323056,4022,1
636,23.81438889,111.5416389,4022,1
637,23.48863889,110.7483056,4022,1
638,26.56386667,113.92485,5022,2
639,27.25381667,113.3179,5022,2
640,26.13090028,111.5061783,5022,2
641,26.61148333,113.35905,5022,2
642,26.8389,113.35905,5022,2
643,26.00548083,113.4616019,5022,2
644,27.169,113.383,5022,2
645,26.06327,113.0807925,5022,2
646,27.23833333,111.7961944,5022,2
647,26.97402778,112.3355,5022,2
648,26.62069444,110.7386389,5022,2
649,26.98501306,111.6841064,5022,2
650,26.76280222,111.8782975,5022,2
651,26.89172222,111.2714444,5022,2
652,26.74502778,112.1368611,5022,2
653,25.87157667,112.7962272,5022,2
654,26.38111111,112.5825,5022,2
655,25.7575,112.1305556,5022,2
656,25.30805556,111.5258333,5022,2
657,25.4425,111.9936111,5022,2
658,26.71972222,112.6072222,5022,2
659,25.38388889,111.5558333,5022,2
660,25.63638889,112.4591667,5022,2
661,26.38305556,113.6569444,5022,2
662,26.73111111,112.145,5022,2
663,26.77555556,110.7027778,5022,2
664,26.96083333,111.345,5022,2
665,26.57361111,113.8802778,5022,2
666,27.43927778,111.7406111,5022,2
667,26.40916667,111.2616667,5022,2
668,27.26611111,112.975,5022,2
669,27.0725,113.3652778,5022,2
670,26.66833333,113.3163889,5022,2
671,25.53666667,112.5077778,5022,2
672,26.43436111,110.34125,5022,2
673,27.30916667,111.8613889,5022,2
674,27.24777778,113.3236111,5022,2
675,25.82455,113.8409167,5022,2
676,27.10527778,110.5158333,5022,2
677,25.09972222,110.9952778,5022,2
678,26.58313056,113.5977,5022,2
679,26.47230556,110.7255833,5022,2
680,25.33921389,112.1774639,5022,2
681,27.41822222,110.9463889,5022,2
682,27.21047222,112.4418611,5022,2
683,27.3125,112.7988611,5022,2
684,26.51749722,113.6555,5022,2
685,25.88056667,113.65625,5022,2
686,26.01121389,113.5109167,5022,2
687,26.05555556,113.0372222,5022,2
688,25.44338056,113.1123806,5022,2
689,25.54771389,113.3720667,5022,2
690,26.61416667,112.9311111,5022,2
691,25.38572222,114.2861944,5022,2
692,27.11916667,113.9648056,5022,2
693,26.693,114.2961111,5022,2
694,26.71847222,115.3691111,5023,4
695,24.62205556,114.595,4022,1
696,26.049091,114.685439,5022,2
697,25.53613889,114.7053056,5022,2
698,24.7705,115.69,4023,1
699,25.18313889,115.7466111,5023,4
700,26.22341667,115.3023889,5023,4
701,25.34741667,114.4003889,5022,2
702,25.90305556,115.6823889,5023,4
703,26.02944444,114.1041944,5022,2
704,27.08472222,115.9036111,5023,4
705,27.39325,115.7843056,5023,4
706,27.00147222,114.067,5022,2
707,26.45833333,114.5956111,5022,2
708,26.44983333,115.8516111,5023,4
709,27.41672222,115.7366111,5023,4
710,25.51622222,115.7743889,5023,4
711,25.29686111,114.8756111,5022,2
712,27.30436111,115.3823056,5023,4
713,27.02933333,115.7373056,5023,4
714,26.60561111,114.1211111,5022,2
715,27.21141667,114.3653056,5022,2
716,27.35313889,115.1286111,5023,4
717,24.7665,115.0813056,4023,1
718,27.18836111,115.877,5023,4
719,27.34931,115.7407806,5023,4
720,26.78302778,114.6203889,5022,2
721,25.86108333,114.7631111,5022,2
722,26.82472222,115.1465,5023,4
723,27.17358333,115.5313889,5023,4
724,27.05891667,115.0777222,5023,4
725,27.33725,114.8908889,5022,2
726,27.08372222,114.7786944,5022,2
727,26.98202778,114.4658889,5022,2
728,27.41875,113.8043889,5022,2
729,25.66111111,114.2797222,5022,2
730,26.09377778,116.7332778,5023,4
731,27.40527778,117.2086667,5023,4
732,25.96111111,117.7369444,5023,4
733,27.05933333,119.4056111,5023,4
734,25.41736111,117.6261667,5023,4
735,23.92152778,117.3954722,4023,1
736,26.37811111,117.8711389,5023,4
737,24.07088889,117.0784167,4023,1
738,25.74919444,119.3969722,5023,4
739,24.15502778,117.4868611,4023,1
740,26.26008333,119.4616111,5023,4
741,24.58830556,117.0525556,4023,1
742,24.39661111,117.3336389,4023,1
743,26.47058333,116.7488056,5023,4
744,25.86791667,116.1630833,5023,4
745,27.39911111,118.8309167,5023,4
746,26.6055,119.5789722,5023,4
747,26.87497222,119.9555556,5023,4
748,26.12194444,117.8798611,5023,4
749,25.81711111,117.1866111,5023,4
750,25.6055,116.7625278,5023,4
751,27.13577778,119.2685,5023,4
752,25.05358333,118.2558056,5023,4
753,24.13602778,117.54225,4023,1
754,26.9885,119.6225,5023,4
755,26.88108333,119.9422222,5023,4
756,25.07355556,116.4110833,5023,4
757,27.05808333,120.2393056,5024,3
758,27.13938889,118.6188611,5023,4
759,24.21302778,117.6172222,4023,1
760,27.31111111,117.4652222,5023,4
761,24.23727778,117.9706944,4023,1
762,24.24141667,117.9719167,4023,1
763,24.98766667,118.8746111,4023,1
764,26.69152778,118.1009444,5023,4
765,25.56380556,117.0101667,5023,4
766,27.31177778,117.4658333,5023,4
767,26.63422222,118.8671667,5023,4
768,24.15741667,117.48225,4023,1
769,24.28608333,117.0393611,4023,1
770,24.50083333,117.3691667,4023,1
771,25.31386111,118.3228056,5023,4
772,25.33775,118.7533056,5023,4
773,26.03691667,117.3180556,5023,4
774,24.50155556,117.3684722,4023,1
775,24.79183333,118.4749167,4023,1
776,27.09508333,119.3427778,5023,4
777,26.34508333,116.8537778,5023,4
778,24.58886111,117.0546111,4023,1
779,26.85711111,118.9579167,5023,4
780,26.71986111,119.4419722,5023,4
781,27.26952778,119.5524444,5023,4
782,26.41433333,117.1181667,5023,4
783,24.48113889,117.6403333,4023,1
784,27.07819444,118.4449444,5023,4
785,27.29208333,120.1143889,5024,3
786,26.71108333,119.3551944,5023,4
787,24.50941667,117.8086111,4023,1
788,25.23480556,118.9995556,5023,4
789,24.03888889,117.696,4023,1
790,24.23697222,117.9711111,4023,1
791,26.67677778,118.0963333,5023,4
792,27.24063889,119.0619167,5023,4
793,26.03566667,117.3181111,5023,4
794,23.95433333,117.2505556,4023,1
795,24.24813889,117.3793889,4023,1
796,26.98763889,118.4743889,5023,4
797,25.49277778,118.2073611,5023,4
798,27.29613889,120.1761944,5024,3
799,24.51244444,117.7916389,4023,1
800,24.49575,117.94575,4023,1
801,25.18836111,116.7831389,5023,4
802,23.694,117.0791389,4023,1
803,27.22638889,119.1123611,5023,4
804,26.92838889,120.2236111,5024,3
805,24.19591667,117.9091389,4023,1
806,26.05336111,119.2073889,5023,4
807,23.93783333,117.7415556,4023,1
808,25.48638889,119.2081389,5023,4
809,27.36977778,118.0063889,5023,4
810,27.37622222,117.8911111,5023,4
811,24.50152778,117.36875,4023,1
812,26.44030556,117.8046667,5023,4
813,25.243,118.40275,5023,4
814,25.99663889,119.2301944,5023,4
815,25.02230556,118.8915833,5023,4
816,24.15672222,117.4816667,4023,1
817,25.20030556,116.7954444,5023,4
818,25.56308333,119.3326389,5023,4
819,23.93130556,117.7467222,4023,1
820,24.237,117.9713611,4023,1
821,24.19394444,117.90775,4023,1
822,24.23925,117.9715278,4023,1
823,24.24247222,117.9716111,4023,1
824,25.59347222,116.9585833,5023,4
825,27.13661111,119.2362222,5023,4
826,26.85047222,118.6564444,5023,4
827,26.36741667,116.8959444,5023,4
828,26.17466667,118.7998889,5023,4
829,24.06219444,117.083,4023,1
830,25.60533333,116.7626389,5023,4
831,24.31116667,117.0650278,4023,1
832,24.13622222,117.5411111,4023,1
833,23.77794444,117.1061111,4023,1
834,26.44533333,116.7033889,5023,4
835,23.64488889,117.39675,4023,1
836,26.79366667,119.989,5023,4
837,26.15205556,119.1136944,5023,4
838,23.93711111,117.7435556,4023,1
839,24.18972222,117.9060556,4023,1
840,27.03236111,118.3181111,5023,4
841,26.87066667,117.1067778,5023,4
842,24.72969444,117.6129722,4023,1
843,24.51652778,117.7892778,4023,1
844,25.78394444,118.8588056,5023,4
845,26.38911111,117.7976111,5023,4
846,26.91877778,117.1499722,5023,4
847,24.3115,118.1163056,4023,1
848,26.70702778,118.7361111,5023,4
849,24.50922222,117.8093611,4023,1
850,26.67761111,118.09825,5023,4
851,24.98669444,118.49125,4023,1
852,24.49663889,117.9441667,4023,1
853,24.8165,118.0482778,4023,1
854,23.53083333,116.8655556,4023,1
855,23.65861111,116.9611111,4023,1
856,23.53305556,116.4658333,4023,1
857,23.57527778,116.5216667,4023,1
858,23.59472222,116.8019444,4023,1
859,23.52944444,116.8486111,4023,1
860,23.32805556,116.1991667,4023,1
861,24.42611111,116.4322222,4023,1
862,23.20916667,116.1688889,4023,1
863,23.1925,116.1272222,4023,1
864,24.41,116.4391667,4023,1
865,24.71111111,116.1886111,4023,1
866,23.82861111,116.1286111,4023,1
867,23.26138889,116.1869444,4023,1
868,24.5075,116.6855556,4023,1
869,25.96483333,116.1373889,5023,4
870,27.31741667,116.2418056,5023,4
871,27.34202778,116.8823889,5023,4
872,27.11677778,116.6401944,5023,4
873,26.78925,116.3341111,5023,4
874,26.8875,116.0936944,5023,4
875,27.43575,119.8736944,5023,4
876,31.46664167,80.45793694,6016,3
877,31.64786111,80.33030556,6016,3
878,31.54652333,79.97751583,6015,4
879,31.3674075,80.55739778,6016,3
880,31.53274667,79.98064667,6015,4
881,31.78820389,85.09988028,6017,1
882,30.59232083,82.48690333,6016,3
883,31.51558,81.1956,6016,3
884,29.37473083,85.24027417,5017,1
885,30.15111111,83.22861111,6016,3
886,29.64263278,84.30661444,5016,0
887,30.21457722,85.32879444,6017,1
888,30.60620889,82.43664528,6016,3
889,29.88625056,85.74969889,5017,1
890,29.54488889,85.7505,5017,1
891,29.75538889,83.94933333,5016,0
892,30.68788889,81.71869444,6016,3
893,27.66777778,89.08111111,5017,1
894,28.83872222,89.88944444,5017,1
895,31.98531528,90.37974,6018,3
896,31.22775333,92.1595425,6018,3
897,32.03191111,91.69346944,6018,3
898,31.04619361,92.46049194,6018,3
899,29.71710556,92.00639167,5018,4
900,30.37162778,90.91285556,6018,3
901,29.34663889,86.89443361,5017,1
902,30.59559167,91.50030278,6018,3
903,28.06640556,91.95088333,5018,4
904,27.98748333,91.98198611,5018,4
905,29.86527778,92.3325,5018,4
906,29.72333167,89.79389694,5017,1
907,30.97783611,91.65646944,6018,3
908,27.67704444,89.105,5017,1
909,28.85442778,91.99038611,5018,4
910,30.22067222,90.63034167,6018,3
911,28.90361111,90.11416667,5018,4
912,32.01818056,91.04029167,6018,3
913,31.95201111,90.72153056,6018,3
914,29.62194944,89.66602778,5017,1
915,28.36643611,91.92973333,5018,4
916,28.886134,89.659258,5017,1
917,29.23558333,88.90858333,5017,1
918,29.18210833,91.77648056,5018,4
919,28.54435278,89.67041389,5017,1
920,29.56416667,90.9925,5018,4
921,29.36083333,90.77222222,5018,4
922,29.35273417,89.63678333,5017,1
923,28.45369444,97.05275,5019,0
924,29.67025,94.33108333,5018,4
925,29.63763889,94.71425,5018,4
926,30.96112583,92.58231944,6018,3
927,30.20517222,97.28668611,6019,0
928,28.76606111,97.64378056,5019,0
929,29.335525,95.35640889,5019,0
930,29.67224194,94.30632333,5018,4
931,29.67188278,94.30615556,5018,4
932,29.31716389,97.00011667,5019,0
933,31.84733611,92.921075,6018,3
934,31.53302278,95.30103806,6019,0
935,31.93180111,93.89006806,6018,3
936,31.58845,95.71590556,6019,0
937,29.33444694,97.08601111,5019,0
938,30.400775,97.21813333,6019,0
939,31.14828056,97.24729722,6019,0
940,31.15545556,97.28036944,6019,0
941,28.45355556,97.05238889,5019,0
942,29.61224722,94.37199444,5018,4
943,31.14036944,97.22544722,6019,0
944,31.13426389,97.20994444,6019,0
945,31.11067222,96.70571111,6019,0
946,29.64927222,94.71138056,5018,4
947,29.92861111,95.63916667,5019,0
948,29.33884444,95.3349875,5019,0
949,29.27231972,95.20445722,5019,0
950,29.33178833,95.35560444,5019,0
951,30.06055556,95.19855556,6019,0
952,29.668025,94.37183889,5018,4
953,28.79517222,97.61198889,5019,0
954,28.8023,97.4847,5019,0
955,28.78991389,97.53398056,5019,0
956,31.34555639,95.70619694,6019,0
957,30.06469778,96.92462806,6019,0
958,28.72215,97.7048,5019,0
959,31.37238889,97.71238889,6019,0
960,29.87257778,92.62134722,5018,4
961,28.47902778,102.5657778,5020,4
962,30.76597222,104.2240278,6020,4
963,30.92466667,104.2008056,6020,4
964,30.80875,103.6426389,6020,4
965,30.8915,104.0068056,6020,4
966,31.45775,103.17075,6020,4
967,31.82013889,100.2683889,6020,4
968,31.61716667,99.96011111,6019,0
969,31.44988889,103.1649167,6020,4
970,31.45488889,103.1693889,6020,4
971,27.56677778,101.7547222,5020,4
972,31.75380556,102.7269167,6020,4
973,27.49569444,101.3835556,5020,4
974,30.96433333,101.13825,6020,4
975,31.44441667,103.1640556,6020,4
976,31.44286111,103.1586944,6020,4
977,31.45263889,103.1651667,6020,4
978,29.97986111,102.9841667,5020,4
979,29.575,103.5533889,5020,4
980,30.38780556,103.8890833,6020,4
981,29.04627778,102.5226667,5020,4
982,27.80580556,103.1865833,5020,4
983,27.94708333,102.7466944,5020,4
984,28.66738889,102.5255,5020,4
985,28.10627778,102.2449444,5020,4
986,30.21911111,103.2979722,6020,4
987,27.75322222,102.7748611,5020,4
988,29.9385,103.7988611,5020,4
989,29.59791667,102.6219167,5020,4
990,28.28036111,102.7712778,5020,4
991,31.14586111,104.0276111,6020,4
992,30.70363889,103.5776389,6020,4
993,30.53436111,103.9288889,6020,4
994,29.23988889,103.8818889,5020,4
995,30.80238889,101.2885278,6020,4
996,31.81166667,99.42958333,6019,0
997,31.63961111,100.2439444,6020,4
998,30.02769444,100.7921944,6020,4
999,30.01811111,100.8111667,6020,4
1000,30.0775,101.8049444,6020,4
1001,31.9385,102.1350833,6020,4
1002,30.56805556,103.8133333,6020,4
1003,27.65911111,102.3904167,5020,4
1004,30.03522222,101.5066389,6020,4
1005,31.03013889,102.2271111,6020,4
1006,31.70519444,100.1845556,6020,4
1007,31.88566667,102.2531667,6020,4
1008,31.48180556,100.0981389,6020,4
1009,28.9945,102.7666389,5020,4
1010,29.32552778,102.5356667,5020,4
1011,30.90155556,101.22225,6020,4
1012,31.72805556,102.0101111,6020,4
1013,31.51941667,103.5496389,6020,4
1014,31.45547222,103.1701944,6020,4
1015,30.91819444,101.8710556,6020,4
1016,31.01233333,102.3979444,6020,4
1017,31.45616667,103.1711389,6020,4
1018,29.86244444,102.2810278,5020,4
1019,30.07444444,102.7606389,6020,4
1020,29.17472222,103.6437222,5020,4
1021,29.04411111,102.5911667,5020,4
1022,29.94441667,104.2715,5020,4
1023,27.82786111,103.1744722,5020,4
1024,29.48508333,103.6325556,5020,4
1025,27.53372222,101.7112778,5020,4
1026,30.21661111,103.4791667,6020,4
1027,28.19316667,102.9918611,5020,4
1028,27.51238889,102.4598611,5020,4
1029,28.11436111,102.2241111,5020,4
1030,29.97994444,102.9869722,5020,4
1031,29.38227778,103.7773056,5020,4
1032,29.52911111,104.0111111,5020,4
1033,27.74927778,103.2514444,5020,4
1034,31.15713889,103.9529444,6020,4
1035,29.82180556,103.7727778,5020,4
1036,28.10283333,102.2454167,5020,4
1037,28.72711111,102.2596389,5020,4
1038,30.65066667,103.4278889,6020,4
1039,30.68297222,103.7709722,6020,4
1040,31.79869444,101.6007778,6020,4
1041,27.75808333,102.0444167,5020,4
1042,31.7135,102.7403889,6020,4
1043,28.88202778,102.2969167,5020,4
1044,30.31908333,103.1567222,6020,4
1045,28.12913889,103.0071389,5020,4
1046,31.79444444,99.48205556,6019,0
1047,31.56344444,103.4331111,6020,4
1048,31.25405556,100.7989167,6020,4
1049,31.16077778,103.9811667,6020,4
1050,30.23147222,103.9435,6020,4
1051,30.47363889,104.1669167,6020,4
1052,30.26594444,103.2056111,6020,4
1053,27.5761,103.76135,5020,4
1054,27.79461,99.69506,5019,0
1055,28.03172,104.13264,5020,4
1056,27.88255556,107.6054722,5021,1
1057,27.84980556,108.4886389,5021,1
1058,27.60563889,106.755,5021,1
1059,27.83883333,108.0209722,5021,1
1060,27.62080556,109.1411111,5021,1
1061,27.68736111,108.6309167,5021,1
1062,27.88341667,108.4228889,5021,1
1063,28.40583333,106.4218333,5021,1
1064,28.32830556,105.9590556,5021,1
1065,27.66705556,108.7783056,5021,1
1066,27.72286111,107.0626389,5021,1
1067,27.81088889,107.5062778,5021,1
1068,28.48375,107.6706389,5021,1
1069,28.43433333,106.6793889,5021,1
1070,28.13725,108.8604444,5021,1
1071,27.73586111,107.0685556,5021,1
1072,28.20661111,108.3033611,5021,1
1073,27.912,107.7030833,5021,1
1074,28.27933333,107.37925,5021,1
1075,27.97188889,108.037,5021,1
1076,28.46891667,105.8202222,5021,1
1077,28.13719444,109.1890556,5021,1
1078,27.66777778,106.2525,5021,1
1079,28.11077778,108.9646944,5021,1
1080,28.10041667,108.7875,5021,1
1081,28.15325,107.9171111,5021,1
1082,28.30772222,107.1241389,5021,1
1083,28.51741667,107.7316667,5021,1
1084,28.32502778,107.8450833,5021,1
1085,28.43683333,106.6475,5021,1
1086,27.76,107.4817778,5021,1
1087,27.85172222,107.569,5021,1
1088,28.391,106.7706944,5021,1
1089,27.814,106.9133333,5021,1
1090,27.98355556,108.4468333,5021,1
1091,28.21780556,108.169,5021,1
1092,27.46869444,108.2128056,5021,1
1093,27.72416667,109.2320833,5021,1
1094,28.54525,105.6961111,5021,1
1095,28.48283333,105.6506389,5021,1
1096,28.23813889,107.2055833,5021,1
1097,28.29691667,106.0523611,5021,1
1098,27.69783333,108.6288333,5021,1
1099,27.81169444,107.91425,5021,1
1100,28.40705556,105.9710556,5021,1
1101,27.94769444,109.2858889,5021,1
1102,28.47611111,107.6510833,5021,1
1103,28.06372222,108.3207222,5021,1
1104,27.66836111,106.2522778,5021,1
1105,28.28311111,105.9863889,5021,1
1106,27.75591667,106.3431667,5021,1
1107,28.43738889,106.6660833,5021,1
1108,27.62880556,106.2804722,5021,1
1109,30.36311111,109.366,6021,2
1110,30.15833333,109.4988889,6021,2
1111,30.18325,109.8159722,6021,2
1112,29.57777778,110.0569444,5022,2
1113,28.33333333,109.5583333,5021,1
1114,29.18472222,109.935,5021,1
1115,29.37583333,109.4286111,5021,1
1116,28.06277778,110.0841667,5022,2
1117,28.83888889,109.2530556,5021,1
1118,28.92861111,110.1152778,5022,2
1119,29.18277778,109.8261111,5021,1
1120,29.28083333,109.9191667,5021,1
1121,28.8425,109.4269444,5021,1
1122,28.62829722,110.00875,5022,2
1123,27.52944444,110.1255556,5022,2
1124,27.7287,109.7558,5021,1
1125,28.3886,109.4981,5021,1
1126,28.35916667,109.9675,5021,1
1127,31.08397222,104.7775278,6020,4
1128,30.74833333,104.3550556,6020,4
1129,31.44380556,104.4562778,6020,4
1130,30.93075,104.4324444,6020,4
1131,28.83325,105.9026944,5021,1
1132,31.55569444,104.3449722,6020,4
1133,28.04169444,105.6074722,5021,1
1134,30.49980556,106.4566944,6021,2
1135,31.29022222,106.2417778,6021,2
1136,30.50047222,106.8285,6021,2
1137,28.17386111,105.1380278,5021,1
1138,30.27791667,104.8881389,6020,4
1139,31.10863889,107.4773056,6021,2
1140,28.59827778,104.8323333,5020,4
1141,29.62888889,105.1319722,5021,1
1142,30.35869444,106.2258333,6021,2
1143,28.78758333,104.3181389,5020,4
1144,31.61525,106.4656944,6021,2
1145,29.13888889,104.8543056,5020,4
1146,29.10177778,105.3338611,5021,1
1147,28.14838889,104.4637778,5020,4
1148,28.53005556,104.758,5020,4
1149,28.22738889,105.4103056,5021,1
1150,28.77558333,105.0825833,5021,1
1151,28.76852778,104.4342778,5020,4
1152,31.98486111,106.5958056,6021,2
1153,31.78577778,104.9267778,6020,4
1154,31.16430556,104.4682778,6020,4
1155,31.70372222,104.5339444,6020,4
1156,30.96688889,105.9983333,6021,2
1157,31.22463889,106.1732222,6021,2
1158,29.42436111,104.7920278,5020,4
1159,30.80877778,105.3115833,6021,2
1160,30.32375,104.5825556,6020,4
1161,30.72280556,105.8496111,6021,2
1162,28.82275,104.94175,5020,4
1163,30.85008333,104.4678611,6020,4
1164,31.08477778,104.5990556,6020,4
1165,30.17344444,105.378,6021,2
1166,30.79897222,107.0193889,6021,2
1167,30.59830556,105.6511111,6021,2
1168,28.87463889,105.5431389,5021,1
1169,30.20077778,104.6060556,6020,4
1170,31.88352778,105.0138333,6021,2
1171,30.77261111,107.1373056,6021,2
1172,31.07008333,107.9083611,6021,2
1173,31.14694444,105.2094444,6021,2
1174,30.3895,106.9761944,6021,2
1175,31.62277778,107.7586111,6021,2
1176,31.84883333,106.8958611,6021,2
1177,31.06827778,105.4776111,6021,2
1178,31.79130556,107.8536389,6021,2
1179,28.88752778,105.8931389,5021,1
1180,29.40447222,105.1915278,5021,1
1181,29.38333333,104.6310278,5020,4
1182,28.82886111,104.57425,5020,4
1183,31.69541667,104.4706944,6020,4
1184,31.74525,107.02575,6021,2
1185,30.72619444,105.6919167,6021,2
1186,30.60580556,106.6973333,6021,2
1187,31.43916667,104.4988056,6020,4
1188,29.54613889,104.6006667,5020,4
1189,27.633494,104.819931,5020,4
1190,27.888417,104.43635,5020,4
1191,27.86395,104.47767,5020,4
1192,29.23125,108.1419722,5021,1
1193,30.39608333,108.0361389,6021,2
1194,29.60111111,108.8294167,5021,1
1195,30.22038889,107.2568333,6021,2
1196,30.783,108.9441389,6021,2
1197,29.19919444,107.1459167,5021,1
1198,29.06358333,106.1922778,5021,1
1199,29.26991667,105.7800556,5021,1
1200,29.45702778,106.92925,5021,1
1201,29.61094444,105.38,5021,1
1202,28.82927778,106.5222222,5021,1
1203,29.99708333,106.10425,5021,1
1204,29.96016667,107.1498056,5021,1
1205,30.94036111,108.3345833,6021,2
1206,29.05436111,106.1946111,5021,1
1207,29.80013889,106.2080556,5021,1
1208,30.18461111,106.2102778,6021,2
1209,29.61666667,105.3461111,5021,1
1210,29.55752778,108.6001111,5021,1
1211,28.82825,106.5214444,5021,1
1212,29.63061111,107.1782222,5021,1
1213,29.39963889,107.2837222,5021,1
1214,28.65602778,106.7703333,5021,1
1215,29.48516667,105.8608889,5021,1
1216,28.435,108.9564722,5021,1
1217,29.99244444,106.1517222,5021,1
1218,28.72508333,108.79475,5021,1
1219,30.6835,107.6238611,6021,2
1220,30.38741667,107.4296667,6021,2
1221,30.65322222,108.20275,6021,2
1222,29.222,105.8827778,5021,1
1223,29.21316667,107.2944722,5021,1
1224,30.50052778,107.6315833,6021,2
1225,30.08930556,105.7096944,6021,2
1226,29.59527778,105.7235278,5021,1
1227,30.88547222,109.6471389,6021,2
1228,30.10338889,105.8213333,6021,2
1229,29.331,105.8824167,5021,1
1230,29.06147222,106.1970278,5021,1
1231,29.31547222,106.1639167,5021,1
1232,29.58402778,105.38025,5021,1
1233,29.39275,107.7748056,5021,1
1234,31.42866667,109.1890556,6021,2
1235,31.03911111,109.9044722,6021,2
1236,31.00894444,109.886,6021,2
1237,31.40916667,109.1935833,6021,2
1238,31.33916667,109.5084722,6021,2
1239,31.57233333,109.0067778,6021,2
1240,31.62666667,108.9754722,6021,2
1241,30.22447222,108.4093333,6021,2
1242,30.01002778,108.3960833,6021,2
1243,28.64875,106.4151667,5021,1
1244,28.68702778,109.1444722,5021,1
1245,30.64605556,107.5371667,6021,2
1246,29.68902778,106.1365833,5021,1
1247,28.73822222,106.4513056,5021,1
1248,28.47277778,109.00625,5021,1
1249,29.13791667,108.3290833,5021,1
1250,29.03255556,106.7686667,5021,1
1251,29.76438889,106.4570278,5021,1
1252,30.10216667,105.6979444,6021,2
1253,30.00475,106.2839444,6021,2
1254,30.16483333,105.9316667,6021,2
1255,30.17255556,105.9318333,6021,2
1256,28.80377778,108.5882222,5021,1
1257,29.00463889,105.8528889,5021,1
1258,31.13086111,108.4921111,6021,2
1259,30.10605556,108.2492222,6021,2
1260,32.00238889,108.81925,6021,2
1261,30.64758333,108.98475,6021,2
1262,31.68727778,109.1714722,6021,2
1263,31.59213889,109.0008333,6021,2
1264,28.75288889,108.4281667,5021,1
1265,30.83688889,109.6989722,6021,2
1266,29.42908333,107.7350278,5021,1
1267,31.78186111,109.0849722,6021,2
1268,29.45341667,107.7354444,5021,1
1269,30.97913889,109.8069167,6021,2
1270,28.82933333,106.5224167,5021,1
1271,28.85383333,108.7273333,5021,1
1272,30.79111111,109.3138333,6021,2
1273,29.76855556,107.352,5021,1
1274,31.04469444,109.9222778,6021,2
1275,30.25102778,107.2715,6021,2
1276,30.67136111,108.4879444,6021,2
1277,31.40383333,109.2533611,6021,2
1278,29.26283333,108.7523889,5021,1
1279,31.07875,109.6140278,6021,2
1280,29.21772222,108.27975,5021,1
1281,29.76036111,106.4318056,5021,1
1282,29.20361111,106.471,5021,1
1283,29.06727778,106.1944722,5021,1
1284,29.06166667,106.1925833,5021,1
1285,29.99333333,107.7520278,5021,1
1286,30.65697222,108.5982222,6021,2
1287,29.01880556,106.766,5021,1
1288,29.24488889,106.4906667,5021,1
1289,29.45041667,106.6641389,5021,1
1290,29.05444444,106.1937222,5021,1
1291,29.66152778,106.0323889,5021,1
1292,28.73819444,106.4538333,5021,1
1293,29.01833333,106.7657222,5021,1
1294,29.93527778,107.032,5021,1
1295,29.73113889,105.6836111,5021,1
1296,29.50952778,105.4770833,5021,1
1297,30.35033333,107.7088333,6021,2
1298,30.48241667,107.8603056,6021,2
1299,30.18663889,106.17025,6021,2
1300,29.95963889,105.9681111,5021,1
1301,29.61408333,105.4046667,5021,1
1302,29.90130556,107.7125278,5021,1
1303,30.36266667,107.8003333,6021,2
1304,29.8055,105.8602222,5021,1
1305,29.99669444,106.76125,5021,1
1306,29.22183333,105.8820278,5021,1
1307,30.15808333,107.3191944,6021,2
1308,29.92458333,106.73825,5021,1
1309,29.34966667,106.1405278,5021,1
1310,30.1805,107.3782778,6021,2
1311,30.65177778,108.3970556,6021,2
1312,29.71322222,107.4530556,5021,1
1313,31.92525,108.7056667,6021,2
1314,31.02116667,109.4306944,6021,2
1315,29.72980556,107.5073611,5021,1
1316,28.85116667,106.9057778,5021,1
1317,29.99658333,106.1019444,5021,1
1318,31.02536111,109.3979167,6021,2
1319,29.03286111,106.7685833,5021,1
1320,30.07638889,106.3083056,6021,2
1321,29.06327778,106.1929722,5021,1
1322,30.23238889,106.1739722,6021,2
1323,31.14397222,108.8611111,6021,2
1324,31.21344444,108.42825,6021,2
1325,29.99925,106.2783333,5021,1
1326,29.81691667,105.6728889,5021,1
1327,29.28063889,106.19975,5021,1
1328,31.018,109.3793889,6021,2
1329,31.0155,108.7925278,6021,2
1330,29.277,107.7075,5021,1
1331,30.21780556,105.8758333,6021,2
1332,29.76052778,106.4311111,5021,1
1333,29.14566667,107.1945,5021,1
1334,30.01247222,108.4836944,6021,2
1335,31.84408333,109.1809167,6021,2
1336,30.37805556,115.9753056,6023,4
1337,31.14486111,115.7873333,6023,4
1338,31.71261111,115.6081111,6023,4
1339,31.98638889,114.8627778,6022,2
1340,31.99166667,113.9283333,6022,2
1341,30.05944444,113.6672222,6022,2
1342,30.09444444,112.6555556,6022,2
1343,29.29111111,113.8286111,5022,2
1344,29.99333333,113.2297222,5022,2
1345,30.02672222,113.3420278,6022,2
1346,30.69888889,114.0786111,6022,2
1347,29.99717778,113.5056389,5022,2
1348,30.31855556,113.2521944,6022,2
1349,29.95997222,113.3628611,5022,2
1350,30.37419444,112.6838333,6022,2
1351,30.19633333,113.26425,6022,2
1352,30.28380833,113.7283056,6022,2
1353,30.79394444,113.7016389,6022,2
1354,29.21741667,113.9258056,5022,2
1355,29.13758333,113.9525278,5022,2
1356,29.96011111,113.5384167,5022,2
1357,30.36594444,112.69725,6022,2
1358,30.36336111,113.7295833,6022,2
1359,29.83172222,114.0366667,5022,2
1360,29.79852778,114.121,5022,2
1361,29.99391667,114.0065556,5022,2
1362,29.76475,113.7295278,5022,2
1363,30.32086111,112.7248056,6022,2
1364,30.62941667,112.1964167,6022,2
1365,29.65522222,113.8063611,5022,2
1366,29.27822222,113.9101667,5022,2
1367,31.10108333,112.4214722,6022,2
1368,29.51511111,114.0185,5022,2
1369,30.55822222,112.4197222,6022,2
1370,31.53077778,113.7771667,6022,2
1371,29.82738889,114.0119444,5022,2
1372,29.88486111,113.9234722,5022,2
1373,31.17658333,112.7021944,6022,2
1374,30.92816667,112.4694722,6022,2
1375,29.53913889,114.0671111,5022,2
1376,29.18544444,113.9465556,5022,2
1377,31.74736111,113.8148611,6022,2
1378,29.88230556,113.5637778,5022,2
1379,30.07111111,113.4352778,6022,2
1380,29.48947222,113.03025,5022,2
1381,30.72866667,113.7460556,6022,2
1382,30.74772222,112.5054167,6022,2
1383,29.49333333,114.0295278,5022,2
1384,30.73702778,113.7670556,6022,2
1385,31.35691667,112.6234444,6022,2
1386,29.84,113.6645,5022,2
1387,30.01105556,113.7948889,6022,2
1388,30.14108333,113.4378889,6022,2
1389,29.44636111,114.0123333,5022,2
1390,31.51494444,112.3039444,6022,2
1391,30.19319444,114.0625,6022,2
1392,29.91944444,114.2215278,5022,2
1393,30.36591667,112.7169167,6022,2
1394,31.03702778,112.6106944,6022,2
1395,30.30738889,113.54255,6022,2
1396,31.48208333,112.7257222,6022,2
1397,29.61113889,114.2576389,5022,2
1398,29.77936111,113.7660556,5022,2
1399,30.76345,113.9361806,6022,2
1400,29.81708333,114.5831667,5022,2
1401,29.24486111,113.9274444,5022,2
1402,29.65888889,113.9166667,5022,2
1403,29.54194444,114.1677778,5022,2
1404,29.79638889,114.3027778,5022,2
1405,29.42777778,114.2475,5022,2
1406,29.68777778,113.875,5022,2
1407,29.89083333,113.8272222,5022,2
1408,30.01861111,114.3630556,6022,2
1409,31.68833333,112.0166667,6022,2
1410,31.58444444,112.8916667,6022,2
1411,29.55333333,114.1205556,5022,2
1412,31.49805556,113.9419444,6022,2
1413,31.29111111,112.4105556,6022,2
1414,29.71138889,114.3319444,5022,2
1415,31.96777778,112.7725,6022,2
1416,31.17416667,112.7208333,6022,2
1417,30.07133889,112.1407389,6022,2
1418,30.16956944,112.3072194,6022,2
1419,30.10045,112.2398,6022,2
1420,30.57901111,113.8044111,6022,2
1421,30.16131111,112.26445,6022,2
1422,30.45271944,113.0971194,6022,2
1423,30.97801944,112.63505,6022,2
1424,31.98391389,112.2096778,6022,2
1425,30.67638889,113.6656111,6022,2
1426,30.02247222,114.0406,6022,2
1427,30.19481944,112.2669306,6022,2
1428,30.25983056,114.0015,6022,2
1429,30.64331944,113.9870889,6022,2
1430,30.36173889,112.7410806,6022,2
1431,30.39338056,112.7583,6022,2
1432,30.02486944,112.6723306,6022,2
1433,30.04528889,114.1183111,6022,2
1434,30.66371111,113.5085111,6022,2
1435,30.01561111,113.7097889,6022,2
1436,30.11945,112.2127306,6022,2
1437,30.15446944,112.2960611,6022,2
1438,30.15883889,113.7042611,6022,2
1439,29.91561944,114.2234306,5022,2
1440,30.37806944,113.2717806,6022,2
1441,30.169,113.7750611,6022,2
1442,30.60013889,113.64983,6022,2
1443,29.97298056,113.8252,5022,2
1444,30.38293889,113.5722806,6022,2
1445,30.66076944,113.91478,6022,2
1446,30.76127778,113.9895278,6022,2
1447,30.006,112.6540556,6022,2
1448,29.84902778,113.6381111,5022,2
1449,29.82419444,113.5745556,5022,2
1450,30.15423889,112.3481806,6022,2
1451,29.85527778,113.6036389,5022,2
1452,29.84113889,113.8734167,5022,2
1453,31.93961111,112.2072778,6022,2
1454,29.732,114.3578611,5022,2
1455,31.51055556,111.7978056,6022,2
1456,29.44008333,113.8818056,5022,2
1457,29.05933333,113.9327778,5022,2
1458,31.70563889,111.8646944,6022,2
1459,29.45502778,113.9167778,5022,2
1460,31.42672222,111.8659444,6022,2
1461,29.60469444,114.2635556,5022,2
1462,29.64436111,113.9298056,5022,2
1463,29.13011111,113.9859167,5022,2
1464,29.05513889,113.8725556,5022,2
1465,29.13294444,113.9479167,5022,2
1466,29.61411111,114.2497778,5022,2
1467,29.22644444,113.8638611,5022,2
1468,29.336,114.1891389,5022,2
1469,29.57869444,114.00775,5022,2
1470,29.16941667,113.7806389,5022,2
1471,31.94561111,112.4537778,6022,2
1472,31.79913889,111.7639444,6022,2
1473,29.20791667,113.7813611,5022,2
1474,31.38094444,111.5964167,6022,2
1475,31.32336111,112.8407778,6022,2
1476,31.88736111,112.8110833,6022,2
1477,31.31263889,111.8444722,6022,2
1478,31.789,111.8814444,6022,2
1479,31.83988889,111.3991389,6022,2
1480,31.40697222,111.7407778,6022,2
1481,31.5685,111.9637222,6022,2
1482,28.51416667,113.4155556,5022,2
1483,27.7887,113.26105,5022,2
1484,28.39444444,112.7811111,5022,2
1485,28.4725,113.9672222,5022,2
1486,27.85456667,112.7626,5022,2
1487,28.86833333,111.6577778,5022,2
1488,28.49722222,112.5086111,5022,2
1489,28.27472222,113.3513889,5022,2
1490,28.93435,113.7682833,5022,2
1491,28.37138889,112.8758333,5022,2
1492,27.536,113.1759972,5022,2
1493,27.55445,112.8543333,5022,2
1494,29.56745,113.3516833,5022,2
1495,28.67888889,112.7497222,5022,2
1496,27.56226667,113.1801667,5022,2
1497,27.53191667,113.4640833,5022,2
1498,29.01583333,110.4927778,5022,2
1499,29.29333333,111.5966667,5022,2
1500,28.61,113.9555556,5022,2
1501,28.33527778,112.6413889,5022,2
1502,28.46805556,114.0675,5022,2
1503,27.8615,112.19915,5022,2
1504,28.68348333,113.5034667,5022,2
1505,29.09183333,113.5741667,5022,2
1506,27.82683333,112.3195667,5022,2
1507,29.37722222,112.3644444,5022,2
1508,28.38083333,112.6080556,5022,2
1509,28.38111111,113.8780556,5022,2
1510,29.6732,111.7229,5022,2
1511,27.70877778,111.9387222,5022,2
1512,27.748,113.437,5022,2
1513,28.30416667,113.2613889,5022,2
1514,29.05722222,112.3519444,5022,2
1515,28.44527778,112.6955556,5022,2
1516,27.787,112.898,5022,2
1517,29.09166667,113.5705556,5022,2
1518,28.34638889,110.3841667,5022,2
1519,28.24833333,113.4197222,5022,2
1520,29.45027778,112.2005556,5022,2
1521,28.43388889,114.1533333,5022,2
1522,28.40388889,114.0780556,5022,2
1523,28.45083333,114.0158333,5022,2
1524,28.22027778,113.4869444,5022,2
1525,27.95833333,112.4983333,5022,2
1526,28.20138889,113.1083333,5022,2
1527,28.30611111,113.4988889,5022,2
1528,28.43,114.1525,5022,2
1529,28.42027778,114.0980556,5022,2
1530,28.4275,114.0913889,5022,2
1531,28.41083333,114.1002778,5022,2
1532,28.42555556,114.0944444,5022,2
1533,28.41638889,114.1019444,5022,2
1534,28.42527778,114.0888889,5022,2
1535,28.42222222,114.1194444,5022,2
1536,27.90836111,111.5648333,5022,2
1537,29.11527778,113.2233333,5022,2
1538,27.62361111,113.1441667,5022,2
1539,28.42472222,114.0547222,5022,2
1540,27.70388889,111.7261111,5022,2
1541,28.56638889,113.0202778,5022,2
1542,28.28583333,113.7511111,5022,2
1543,28.20444444,113.1661111,5022,2
1544,27.64722222,113.1613889,5022,2
1545,27.73222222,112.4686111,5022,2
1546,28.47027778,112.6566667,5022,2
1547,29.44972222,111.7563889,5022,2
1548,29.4875,113.5411111,5022,2
1549,27.815,112.3166667,5022,2
1550,28.55083333,113.3252778,5022,2
1551,27.9075,110.7155556,5022,2
1552,29.37166944,110.2548472,5022,2
1553,28.99277778,111.3594444,5022,2
1554,28.72686389,113.9769472,5022,2
1555,29.66555556,111.2327778,5022,2
1556,29.5922,112.1921,5022,2
1557,29.28583333,112.5713889,5022,2
1558,28.43638889,114.16,5022,2
1559,28.43361111,114.1516667,5022,2
1560,28.43148056,114.08855,5022,2
1561,28.4233,114.1351806,5022,2
1562,28.42276667,114.0832167,5022,2
1563,28.42824722,114.0667306,5022,2
1564,29.32531944,110.9084889,5022,2
1565,27.545,112.1933889,5022,2
1566,28.69361111,113.4677778,5022,2
1567,28.63734722,112.9283806,5022,2
1568,28.4883,112.4076,5022,2
1569,28.74173056,113.0554639,5022,2
1570,27.74428056,112.6940333,5022,2
1571,28.42738333,114.0586167,5022,2
1572,28.24972222,112.1919444,5022,2
1573,27.859,111.7746944,5022,2
1574,28.6765,111.2992,5022,2
1575,28.95156667,113.7833806,5022,2
1576,28.772,111.9356,5022,2
1577,28.5025,112.1058,5022,2
1578,29.2192,111.6174,5022,2
1579,29.092411,113.447372,5022,2
1580,29.02341389,113.5085472,5022,2
1581,28.5345,112.2875,5022,2
1582,29.3874,111.3861,5022,2
1583,28.5312,112.3002,5022,2
1584,29.4895,113.2636139,5022,2
1585,27.71711389,113.4448333,5022,2
1586,27.51703333,113.4673639,5022,2
1587,28.41426389,114.0628306,5022,2
1588,29.7076,111.5981972,5022,2
1589,27.9521,110.189,5022,2
1590,28.45861111,113.935,5022,2
1591,28.3124,111.2626,5022,2
1592,27.85972222,112.1927778,5022,2
1593,29.55996667,111.2507639,5022,2
1594,28.41691389,114.0628806,5022,2
1595,28.36472222,113.8683333,5022,2
1596,27.645,112.7708333,5022,2
1597,28.42,111.5366667,5022,2
1598,29.1075,113.3716667,5022,2
1599,28.41833333,114.0625,5022,2
1600,28.41472222,114.1,5022,2
1601,29.02247222,115.8996111,5023,4
1602,29.20052778,115.7316111,5023,4
1603,28.96,115.7741111,5023,4
1604,28.57063889,115.9463889,5023,4
1605,28.68811111,115.7863056,5023,4
1606,29.69452778,115.764,5023,4
1607,27.86886111,114.7763889,5022,2
1608,29.25252778,114.8516111,5022,2
1609,27.928,113.8571111,5022,2
1610,27.97969444,115.2031944,5023,4
1611,27.53455556,115.3693056,5023,4
1612,28.93791667,114.5253056,5022,2
1613,28.49116667,115.4718056,5023,4
1614,28.92013889,114.9226111,5022,2
1615,29.22911111,115.1738056,5023,4
1616,27.75311111,114.1413056,5022,2
1617,27.67697222,114.4988056,5022,2
1618,27.68377778,115.8498056,5023,4
1619,28.25597222,115.3921944,5023,4
1620,28.39794444,114.7956944,5022,2
1621,27.85316667,115.9616111,5023,4
1622,28.87772222,115.3653056,5023,4
1623,28.50683333,115.0343889,5023,4
1624,28.42816667,114.8296944,5022,2
1625,29.2895,115.7173889,5023,4
1626,29.32252778,114.6318056,5022,2
1627,29.73019444,115.8448056,5023,4
1628,27.9315,115.4136944,5023,4
1629,29.39213889,114.6571944,5022,2
1630,29.03391667,115.3800833,5023,4
1631,29.37669444,114.6783056,5022,2
1632,29.44363889,115.2516944,5023,4
1633,27.61027778,115.7566944,5023,4
1634,29.38127778,114.6926111,5022,2
1635,28.33336111,115.7003056,5023,4
1636,27.48327778,115.8093056,5023,4
1637,28.17227778,116.0268056,5023,4
1638,27.46755556,115.7528056,5023,4
1639,28.35525,114.6171389,5022,2
1640,28.94069444,114.9153889,5022,2
1641,28.66672222,114.6166944,5022,2
1642,27.67358333,115.7677222,5023,4
1643,27.74538889,115.3246111,5023,4
1644,27.60363889,113.8325,5022,2
1645,27.49341667,115.725,5023,4
1646,29.03658333,114.5363889,5022,2
1647,27.97511111,114.3633056,5022,2
1648,28.97838889,114.2233333,5022,2
1649,28.62788889,114.4031944,5022,2
1650,29.40652778,115.173,5023,4
1651,27.76394444,113.8581944,5022,2
1652,28.77577778,115.0898889,5023,4
1653,28.18288889,114.8936111,5022,2
1654,28.09430556,114.4911111,5022,2
1655,28.52638889,114.7504722,5022,2
1656,29.34980556,116.0041111,5023,4
1657,27.58772222,115.7223056,5023,4
1658,31.48630556,118.5140278,6023,4
1659,31.00688889,116.9087222,6023,4
1660,31.50036111,116.8475278,6023,4
1661,30.15447222,118.4911667,6023,4
1662,30.41438889,116.2570556,6023,4
1663,31.27394444,118.26525,6023,4
1664,31.65711111,117.7692778,6023,4
1665,31.16452778,117.3731944,6023,4
1666,30.61708333,116.5175556,6023,4
1667,31.25027778,117.5469444,6023,4
1668,31.17286111,117.6477778,6023,4
1669,29.85480556,118.3683611,5023,4
1670,31.06361111,118.8510278,6023,4
1671,30.78802778,118.9632222,6023,4
1672,31.41758333,118.7412222,6023,4
1673,31.31388889,118.5386944,6023,4
1674,29.75891667,118.2926389,5023,4
1675,30.80527778,118.6383889,6023,4
1676,31.01183333,118.9402778,6023,4
1677,29.726,118.2130833,5023,4
1678,30.85983333,118.8048889,6023,4
1679,30.841,118.7472222,6023,4
1680,30.76058333,118.9695833,6023,4
1681,31.34191667,118.18025,6023,4
1682,29.80444444,116.8330556,5023,4
1683,30.82972222,118.5377222,6023,4
1684,31.0135,118.5900833,6023,4
1685,31.10641667,118.7894444,6023,4
1686,31.45941667,117.1246944,6023,4
1687,31.07736111,118.7949167,6023,4
1688,31.24402778,117.4733056,6023,4
1689,30.78011111,118.9371667,6023,4
1690,31.21930556,118.944,6023,4
1691,30.44027778,116.3960278,6023,4
1692,30.90655556,119.2929444,6023,4
1693,30.91677778,118.8063889,6023,4
1694,31.22755556,117.3546111,6023,4
1695,31.22855556,118.9185278,6023,4
1696,31.66913889,117.6331389,6023,4
1697,31.8135,117.7225278,6023,4
1698,30.86002778,118.7229444,6023,4
1699,30.46069444,117.1150833,6023,4
1700,30.51936111,118.8844167,6023,4
1701,31.49936111,116.8500278,6023,4
1702,30.71222222,117.8535556,6023,4
1703,31.17583333,118.9931389,6023,4
1704,30.67938889,118.8774722,6023,4
1705,30.21975,117.4870278,6023,4
1706,31.92438889,117.0835556,6023,4
1707,30.69986111,119.2744167,6023,4
1708,30.88186111,118.6806389,6023,4
1709,30.74588889,116.5201111,6023,4
1710,29.84686111,117.5020556,5023,4
1711,29.99213889,117.3303333,5023,4
1712,30.1995,118.2948333,6023,4
1713,31.01655556,117.3495833,6023,4
1714,31.50083333,116.8464167,6023,4
1715,30.61019444,118.1002778,6023,4
1716,31.47361111,116.63325,6023,4
1717,31.21108333,116.4466944,6023,4
1718,31.41411111,116.8464722,6023,4
1719,31.23775,117.4282778,6023,4
1720,30.71808333,118.4087778,6023,4
1721,30.14863889,116.8089167,6023,4
1722,30.43891667,117.0125556,6023,4
1723,30.48244444,117.024,6023,4
1724,30.83397222,116.9385278,6023,4
1725,30.71713889,118.4085278,6023,4
1726,30.98,116.5418056,6023,4
1727,30.52636111,117.1936667,6023,4
1728,30.38094444,116.8330556,6023,4
1729,30.86972222,117.0505278,6023,4
1730,29.78211111,118.0651111,5023,4
1731,31.17902778,117.2030556,6023,4
1732,29.4265,118.1564167,5023,4
1733,30.54433333,118.6659722,6023,4
1734,29.53325,118.217,5023,4
1735,29.80869444,118.0157222,5023,4
1736,29.55169444,118.2498611,5023,4
1737,29.94272222,117.7440556,5023,4
1738,30.72233333,116.4556111,6023,4
1739,29.84777778,118.4576389,5023,4
1740,31.18822222,116.5233333,6023,4
1741,30.05263889,117.57375,6023,4
1742,30.07205556,118.5434722,6023,4
1743,31.28072222,116.3996667,6023,4
1744,30.55163889,118.4811389,6023,4
1745,31.59755556,116.2644722,6023,4
1746,31.44861111,117.5633333,6023,4
1747,30.66869444,118.4413889,6023,4
1748,28.02158333,118.5305556,5023,4
1749,28.02319444,118.53025,5023,4
1750,27.86511111,118.7568056,5023,4
1751,28.06175,118.5217778,5023,4
1752,27.58827778,118.8254444,5023,4
1753,27.60675,118.7261944,5023,4
1754,27.56827778,117.9865833,5023,4
1755,27.64411111,117.9148611,5023,4
1756,27.66777778,117.8161111,5023,4
1757,27.63855556,117.9672778,5023,4
1758,27.86166667,117.7883333,5023,4
1759,27.51738889,118.7944722,5023,4
1760,27.67397222,117.7695833,5023,4
1761,27.91008333,118.55065,5023,4
1762,28.03844444,118.5295278,5023,4
1763,30.91388333,120.4888333,6024,1
1764,30.86919778,120.64953,6024,1
1765,31.7705,119.78823,6023,4
1766,31.49267,120.29683,6024,1
1767,31.28568333,121.0775167,6024,1
1768,31.54858056,120.40195,6024,1
1769,31.76542222,120.2353194,6024,1
1770,31.78195,120.6498028,6024,1
1771,31.78453,120.6932,6024,1
1772,31.56547,119.9993,6023,4
1773,31.53982,120.71048,6024,1
1774,31.95007,118.40045,6023,4
1775,31.78331,120.6815,6024,1
1776,31.806,120.563,6024,1
1777,31.74279,120.6707,6024,1
1778,31.8411,120.6679,6024,1
1779,31.8321,120.5835,6024,1
1780,31.83354,120.6581,6024,1
1781,31.13538,120.69158,6024,1
1782,31.10325,120.2679,6024,1
1783,31.38737,119.965,6023,4
1784,31.7665625,119.2983125,6023,4
1785,31.44435833,119.05913,6023,4
1786,31.63453,118.85729,6023,4
1787,31.2288,119.79963,6023,4
1788,31.4545,119.06112,6023,4
1789,31.8584,118.74145,6023,4
1790,31.63588,118.85722,6023,4
1791,29.3165,116.6021111,5023,4
1792,28.84555556,116.1553056,5023,4
1793,28.78491667,116.6173889,5023,4
1794,28.72177778,116.6371111,5023,4
1795,29.37444444,116.5843889,5023,4
1796,28.86766667,116.1973056,5023,4
1797,29.16308333,116.8901111,5023,4
1798,29.47355556,116.7111944,5023,4
1799,29.47644444,116.2355,5023,4
1800,29.54427778,116.5095,5023,4
1801,27.85527778,116.4648056,5023,4
1802,29.34041667,116.9066944,5023,4
1803,28.56319444,117.7325,5023,4
1804,28.01655556,117.0676944,5023,4
1805,28.72916667,118.2916667,5023,4
1806,29.76472222,116.308,5023,4
1807,28.34925,117.2046944,5023,4
1808,28.23527778,116.9851111,5023,4
1809,28.23608333,116.4921944,5023,4
1810,28.66266667,117.4876111,5023,4
1811,29.47408333,117.3776111,5023,4
1812,27.94727778,116.9463889,5023,4
1813,28.36047222,117.6438056,5023,4
1814,28.11358333,116.7063056,5023,4
1815,27.97983333,117.9566944,5023,4
1816,27.72102778,116.8278056,5023,4
1817,28.91308333,116.4981111,5023,4
1818,28.93508333,116.3573056,5023,4
1819,29.03375,116.7901111,5023,4
1820,28.90413889,116.2695,5023,4
1821,28.979,116.6788056,5023,4
1822,28.96725,117.2566944,5023,4
1823,29.03016667,117.7393056,5023,4
1824,28.02216667,117.9261944,5023,4
1825,27.61838889,116.598,5023,4
1826,29.23688889,117.8491944,5023,4
1827,28.068,116.2973889,5023,4
1828,28.48672222,118.2505,5023,4
1829,29.27386111,116.2473056,5023,4
1830,28.75916667,116.383,5023,4
1831,29.09688889,116.0458889,5023,4
1832,28.72997222,117.0431944,5023,4
1833,28.33825,117.2403056,5023,4
1834,27.57805556,116.15,5023,4
1835,29.39908333,116.095,5023,4
1836,30.95986111,121.1986111,6024,1
1837,31.07019444,121.2046111,6024,1
1838,31.07333333,121.2086944,6024,1
1839,31.05302778,121.1583056,6024,1
1840,30.90894444,121.0616667,6024,1
1841,31.07711111,121.0288056,6024,1
1842,31.24461111,121.1616111,6024,1
1843,30.81030556,121.2376944,6024,1
1844,30.91977778,121.3917778,6024,1
1845,30.98047222,121.0668056,6024,1
1846,31.60661111,121.4636667,6024,1
1847,31.22797222,121.1861111,6024,1
1848,31.20263889,121.3635556,6024,1
1849,31.027,121.0133056,6024,1
1850,31.61933333,121.5655556,6024,1
1851,30.999,121.7641667,6024,1
1852,31.04827778,121.8199167,6024,1
1853,31.76902778,121.2036944,6024,1
1854,31.10861111,121.74475,6024,1
1855,31.43338889,121.3442222,6024,1
1856,30.93066667,121.8110556,6024,1
1857,30.77083333,121.2376944,6024,1
1858,30.94883333,121.6224167,6024,1
1859,31.03722222,121.4718889,6024,1
1860,31.524,121.6690833,6024,1
1861,31.20725,121.2349167,6024,1
1862,31.04263889,120.9065556,6024,1
1863,30.99130556,121.4547778,6024,1
1864,30.87163889,121.4448333,6024,1
1865,31.61780556,121.4748333,6024,1
1866,31.27077778,121.1496944,6024,1
1867,30.99780556,121.1076944,6024,1
1868,31.51911111,121.6898889,6024,1
1869,31.38086111,121.2004722,6024,1
1870,31.14119444,121.2718611,6024,1
1871,30.94419444,121.2564167,6024,1
1872,30.87036111,121.6118611,6024,1
1873,30.88494444,121.8373056,6024,1
1874,31.07383333,121.8450278,6024,1
1875,31.02452778,121.8187222,6024,1
1876,30.99052778,121.8744722,6024,1
1877,31.80586111,121.3421389,6024,1
1878,31.54,121.7754167,6024,1
1879,31.23213889,121.2796389,6024,1
1880,31.31133333,121.6557778,6024,1
1881,31.61772222,121.7245278,6024,1
1882,30.17375,119.7617778,6023,4
1883,27.54130556,120.5215833,5024,3
1884,27.90288889,120.0334444,5024,3
1885,27.91422222,120.11925,5024,3
1886,29.52333333,120.9640278,5024,3
1887,29.86766667,120.3894167,5024,3
1888,30.53325,120.4505,6024,1
1889,28.65952778,118.5475278,5023,4
1890,30.00536111,121.2423333,6024,1
1891,29.77913889,120.2054444,5024,3
1892,31.00580556,120.953,6024,1
1893,29.08022222,118.9609167,5023,4
1894,28.8515,118.9750278,5023,4
1895,29.68711111,120.1098611,5024,3
1896,28.55055556,119.9618889,5023,4
1897,29.49938889,121.71425,5024,3
1898,28.74536111,120.6009444,5024,3
1899,28.15680556,120.7056389,5024,3
1900,30.69108333,119.6118333,6023,4
1901,27.60144444,119.76925,5023,4
1902,28.06647222,118.9459444,5023,4
1903,27.78963889,119.1149444,5023,4
1904,28.87463889,118.9719444,5023,4
1905,30.98433333,119.8394167,6023,4
1906,28.05133333,119.4576111,5023,4
1907,29.06827778,118.9443611,5023,4
1908,29.09397222,118.9618889,5023,4
1909,30.17730556,119.7115,6023,4
1910,28.47941667,119.4545,5023,4
1911,28.0465,119.4760556,5023,4
1912,28.16013889,120.3155,5024,3
1913,29.46933333,121.9006111,5024,3
1914,30.94122222,119.7495,6023,4
1915,29.05288889,118.9621111,5023,4
1916,29.08055556,118.9520278,5023,4
1917,30.53547222,120.4673889,6024,1
1918,30.73580556,120.4965,6024,1
1919,30.86894444,120.1547222,6024,1
1920,30.56136111,120.4161111,6024,1
1921,30.93772222,120.8712778,6024,1
1922,30.92277778,120.1591667,6024,1
1923,28.89458333,120.1167222,5024,3
1924,29.23586111,121.6981389,5024,3
1925,28.62536111,118.4379167,5023,4
1926,29.64561111,120.7925833,5024,3
1927,29.07838889,118.9440278,5023,4
1928,30.68377778,120.8366667,6024,1
1929,30.88083333,120.8785278,6024,1
1930,30.14525,121.1048611,6024,1
1931,28.52247222,121.0339444,5024,3
1932,30.70166667,121.2237778,6024,1
1933,30.46263889,120.6289444,6024,1
1934,29.19736111,120.6962222,5024,3
1935,28.87025,118.978,5023,4
1936,30.86766667,120.1558889,6024,1
1937,30.02863889,118.977,6023,4
1938,29.51733333,120.8975833,5024,3
1939,30.52341667,119.5585278,6023,4
1940,28.08041667,119.1251111,5023,4
1941,30.16483333,120.0443611,6024,1
1942,28.87513889,118.96525,5023,4
1943,30.17955556,120.0894167,6024,1
1944,28.71852778,119.0676667,5023,4
1945,30.19144444,120.0856667,6024,1
1946,28.60563889,121.2105833,5024,3
1947,30.16891667,119.72875,6023,4
1948,30.29111111,119.0235556,6023,4
1949,28.874,118.9705278,5023,4
1950,27.60061111,119.7696111,5023,4
1951,30.16358333,120.0428333,6024,1
1952,30.16177778,120.0428056,6024,1
1953,30.16427778,120.0436667,6024,1
1954,30.22847222,120.1150278,6024,1
1955,28.92316667,121.0632222,5024,3
1956,28.58855556,120.1278056,5024,3
1957,29.32472222,121.5402222,5024,3
1958,30.23019444,120.1122222,6024,1
1959,30.22963889,120.1130278,6024,1
1960,27.83919444,121.1650833,5024,3
1961,30.94627778,119.6588333,6023,4
1962,27.82366667,121.1656667,5024,3
1963,29.03930556,121.3569444,5024,3
1964,29.198,120.8893056,5024,3
1965,28.91977778,121.6263611,5024,3
1966,27.50433333,120.6130833,5024,3
1967,28.42016667,121.5750278,5024,3
1968,30.05266667,120.8328333,6024,1
1969,30.30483333,121.2050278,6024,1
1970,30.01961111,121.6223333,6024,1
1971,29.0855,118.9750833,5023,4
1972,30.52363889,120.0541667,6024,1
1973,28.38163889,121.4524722,5024,3
1974,29.23619444,121.6122222,5024,3
1975,31.00236111,120.9463889,6024,1
1976,30.21988889,121.2257222,6024,1
1977,27.59444444,120.4276667,5024,3
1978,30.93475,120.1701667,6024,1
1979,27.80355556,119.1715833,5023,4
1980,30.37544444,119.4800556,6023,4
1981,30.34447222,119.4401944,6023,4
1982,28.04258333,119.4327778,5023,4
1983,27.86536111,119.0821389,5023,4
1984,27.898,119.8875278,5023,4
1985,30.24413889,118.9396667,6023,4
1986,30.22561111,120.1070833,6024,1
1987,28.89441667,120.1173333,5024,3
1988,28.70486111,119.0707222,5023,4
1989,29.0885,118.9417222,5023,4
1990,28.93663889,119.0000556,5023,4
1991,30.16216667,120.0440833,6024,1
1992,30.19169444,120.0857778,6024,1
1993,30.25722222,120.1308889,6024,1
1994,28.96263889,121.0394722,5024,3
1995,28.84580556,118.9716667,5023,4
1996,28.06183333,119.0455833,5023,4
1997,30.14791667,119.7119444,6023,4
1998,30.16352778,120.0429167,6024,1
1999,28.51158333,121.4465,5024,3
2000,29.50505556,121.1563056,5024,3
2001,29.49327778,120.9954722,5024,3
2002,28.55677778,119.3791667,5023,4
2003,30.92227778,120.0123056,6024,1
2004,29.64919444,120.7843056,5024,3
2005,28.37622222,120.1021389,5024,3
2006,30.17394444,119.7624722,6023,4
2007,28.75369444,120.9793056,5024,3
2008,29.61841667,121.2758889,5024,3
2009,30.27752778,121.2084167,6024,1
2010,30.14241667,120.7037778,6024,1
2011,28.43491667,120.7207222,5024,3
2012,28.75963889,120.5627222,5024,3
2013,29.07763889,118.9431111,5023,4
2014,29.36938889,120.5058056,5024,3
2015,28.40563889,120.0655278,5024,3
2016,29.14047222,118.94825,5023,4
2017,28.09761111,118.8965278,5023,4
2018,30.16163889,120.0430556,6024,1
2019,33.35557306,79.72817444,6015,4
2020,32.82466389,79.78633611,6015,4
2021,33.05859722,80.06058306,6016,3
2022,33.77289611,80.47105194,6016,3
2023,33.54865139,80.17163444,6016,3
2024,33.37800222,79.72432722,6015,4
2025,32.21529278,81.55001028,6016,3
2026,32.29048861,84.13032361,6016,3
2027,32.3930775,82.43796167,6016,3
2028,32.18238889,81.29490667,6016,3
2029,34.09895,92.33852,6018,3
2030,32.11918611,91.76586389,6018,3
2031,32.21930278,91.71083056,6018,3
2032,32.32826667,91.72213889,6018,3
2033,32.74783889,91.72126306,6018,3
2034,32.03998972,91.06729361,6018,3
2035,32.74476472,91.85751722,6018,3
2036,32.67261111,91.87152778,6018,3
2037,32.20294167,91.55738611,6018,3
2038,33.76862,96.96281,6019,0
2039,36.44767,96.35499,7019,3
2040,35.88472,98.14477,7019,3
2041,36.37862,96.48488,7019,3
2042,36.42786,95.75959,7019,3
2043,35.82523,98.15518,7019,3
2044,36.40371,94.49127,7018,1
2045,36.29115,97.09065,7019,3
2046,34.49651,95.5594,6019,0
2047,33.96644,96.59666,6019,0
2048,34.68184,95.18719,6019,0
2049,34.04283,95.22071,6019,0
2050,35.17905,93.95214,7018,1
2051,34.36623,95.70051,6019,0
2052,34.45861,95.60437,6019,0
2053,34.1594,95.9719,6019,0
2054,34.15381,95.98257,6019,0
2055,35.01452,94.42963,7018,1
2056,34.98229,94.57661,6018,3
2057,34.90331,94.7904,6018,3
2058,33.93209,95.32201,6019,0
2059,34.1522,95.95084,6019,0
2060,32.81779,94.39651,6018,3
2061,32.81647,94.39621,6018,3
2062,33.93701,96.56499,6019,0
2063,32.95933,96.201,6019,0
2064,33.77515,96.97757,6019,0
2065,34.13542,96.0134,6019,0
2066,32.54908,96.47993,6019,0
2067,34.09559,96.14801,6019,0
2068,34.64508,95.24196,6019,0
2069,35.17427,93.94714,7018,1
2070,35.23679,93.91029,7018,1
2071,32.962811,95.893456,6019,0
2072,33.96558,96.5818,6019,0
2073,34.10732,96.09231,6019,0
2074,34.73396,95.12297,6019,0
2075,34.76204,95.05866,6019,0
2076,35.00606,94.51221,7018,1
2077,32.2812,96.2039,6019,0
2078,33.76215,96.98817,6019,0
2079,36.40716,95.07038,7019,3
2080,36.21209,98.1691,7019,3
2081,35.97815,97.85829,7019,3
2082,36.02749,97.79915,7019,3
2083,32.23982,96.35691,6019,0
2084,36.5354,94.23751,7018,1
2085,33.85195,95.632,6019,0
2086,34.15587,95.94971,6019,0
2087,33.91868,96.42167,6019,0
2088,34.66703,98.11269,6019,0
2089,35.10728333,104.0180897,7020,4
2090,34.22068611,102.4010561,6020,4
2091,34.75905833,102.6050753,6020,4
2092,35.069045,102.9076417,7020,4
2093,35.33175083,103.4899375,7020,4
2094,34.56290389,102.5436889,6020,4
2095,36.47135833,103.3879831,7020,4
2096,34.543495,103.7881167,6020,4
2097,35.37907194,102.9145647,7020,4
2098,34.54142222,103.7851308,6020,4
2099,34.62505889,104.1251947,6020,4
2100,33.90472472,104.0117456,6020,4
2101,35.65268389,103.2065892,7020,4
2102,35.28021194,103.8504944,7020,4
2103,34.03616389,103.2705339,6020,4
2104,34.82215722,104.2658228,6020,4
2105,35.77457667,104.2912256,7020,4
2106,36.4208175,104.2219081,7020,4
2107,36.02747889,103.7210792,7020,4
2108,36.23272333,103.8013036,7020,4
2109,35.95942722,103.3051547,7020,4
2110,36.20766028,103.4405992,7020,4
2111,35.72654389,103.7398967,7020,4
2112,35.97736389,103.5510811,7020,4
2113,33.95165694,102.0381153,6020,4
2114,34.20987722,104.2434978,6020,4
2115,32.92324,100.76637,6020,4
2116,35.76,102.34462,7020,4
2117,36.14785,100.92702,7020,4
2118,34.72992,100.77782,6020,4
2119,35.57384,102.74417,7020,4
2120,35.25671,100.537,7020,4
2121,34.46438,99.91619,6019,0
2122,33.42336,100.66739,6020,4
2123,35.08448,101.63446,7020,4
2124,33.85599,99.83467,6019,0
2125,33.39734,100.16668,6020,4
2126,33.45696,100.86205,6020,4
2127,36.53894,98.62303,7019,3
2128,36.01116,101.3621,7020,4
2129,32.818574,100.81656,6020,4
2130,36.06901,101.91281,7020,4
2131,36.54197,101.95272,7020,4
2132,36.09995,100.37363,7020,4
2133,35.57184,102.04538,7020,4
2134,35.88814,102.83617,7020,4
2135,35.81109,102.07845,7020,4
2136,36.29556,102.66668,7020,4
2137,32.89054,100.80696,6020,4
2138,36.13626,102.6908,7020,4
2139,36.38463,102.00068,7020,4
2140,36.10053,102.28453,7020,4
2141,36.18714,102.06991,7020,4
2142,36.12772,102.22397,7020,4
2143,36.39912,102.49296,7020,4
2144,36.11417,100.37303,7020,4
2145,36.24939,102.70204,7020,4
2146,32.92777778,103.4390833,6020,4
2147,33.50366667,103.01525,6020,4
2148,33.50352778,103.0137222,6020,4
2149,32.30605556,102.481,6020,4
2150,33.28105556,103.7793889,6020,4
2151,33.56986111,102.9845278,6020,4
2152,32.90211111,103.6804722,6020,4
2153,32.91441667,101.8351944,6020,4
2154,32.30608333,102.481,6020,4
2155,32.42986111,100.4004167,6020,4
2156,32.07738889,100.3053056,6020,4
2157,33.09011111,102.0451944,6020,4
2158,32.27438889,100.9630278,6020,4
2159,32.30161111,100.9173056,6020,4
2160,33.20722222,102.5661944,6020,4
2161,33.08353056,102.6000556,6020,4
2162,32.84888889,104.2825833,6020,4
2163,33.92362556,105.817775,6021,2
2164,34.01033056,105.2637419,6021,2
2165,35.43706972,107.9510533,7021,1
2166,33.93685278,104.514095,6020,4
2167,33.56362861,105.5103361,6021,2
2168,35.19455278,106.5791817,7021,1
2169,35.85140028,107.7971333,7021,1
2170,34.03682,105.0403364,6021,2
2171,35.58307583,106.7098694,7021,1
2172,34.55961167,105.5670419,6021,2
2173,33.82278917,105.9773528,6021,2
2174,33.93862278,106.3614806,6021,2
2175,34.31498889,105.6861475,6021,2
2176,34.6623425,105.048535,6021,2
2177,34.73928083,106.1300211,6021,2
2178,34.83348417,104.4776986,6020,4
2179,35.54097778,104.6614797,7020,4
2180,35.10237028,104.4185053,7020,4
2181,34.79742278,105.0569333,6021,2
2182,36.31705611,107.5019925,7021,1
2183,36.53929472,107.3511131,7021,1
2184,33.48292278,104.7269975,6020,4
2185,33.37621889,104.9304914,6020,4
2186,33.34391056,105.5791617,6021,2
2187,36.37552778,105.66025,7021,1
2188,36.11461111,105.72025,7021,1
2189,35.93969444,105.6511944,7021,1
2190,35.73638889,106.21,7021,1
2191,36.131,106.0634722,7021,1
2192,36.03805556,106.085,7021,1
2193,35.45355556,106.2973611,7021,1
2194,36.11097222,105.7771667,7021,1
2195,35.80986111,106.3895556,7021,1
2196,36.46333333,106.1588889,7021,1
2197,36.01694444,105.9830556,7021,1
2198,35.61358333,105.9341389,7021,1
2199,35.42505556,106.1055556,7021,1
2200,36.02141667,106.0737222,7021,1
2201,36.60277778,105.7013889,7021,1
2202,36.09719444,106.602,7021,1
2203,36.4125,105.7983333,7021,1
2204,35.77616667,106.7712222,7021,1
2205,35.97652778,106.3569444,7021,1
2206,36.10927778,105.5105,7021,1
2207,35.78427778,105.5004444,7021,1
2208,35.61072222,106.2756944,7021,1
2209,35.38194444,106.3363889,7021,1
2210,35.8115,106.1095833,7021,1
2211,35.98527778,105.9741667,7021,1
2212,35.74305556,106.22,7021,1
2213,32.9275,106.0783333,6021,2
2214,33.02416667,106.3580556,6021,2
2215,33.04,106.8316667,6021,2
2216,32.98722222,106.7203056,6021,2
2217,33.02027778,106.9919167,6021,2
2218,33.06583333,106.5491667,6021,2
2219,33.83277778,106.8297222,6021,2
2220,32.99666667,107.8847222,6021,2
2221,33.17694444,106.8688889,6021,2
2222,33.10638889,107.0636111,6021,2
2223,33.16527778,106.6519444,6021,2
2224,33.16694444,106.78,6021,2
2225,33.19166667,107.05,6021,2
2226,33.15055556,106.7461111,6021,2
2227,32.985,107.7816667,6021,2
2228,33.02194444,107.2175,6021,2
2229,34.35333333,107.5175,6021,2
2230,34.81777778,108.8433333,6021,2
2231,34.2998,108.0690167,6021,2
2232,34.23155556,108.2071389,6021,2
2233,34.01125,108.6290667,6021,2
2234,34.13191667,108.1940278,6021,2
2235,34.38361111,109.1827778,6021,2
2236,34.88388889,109.3177778,6021,2
2237,34.08633333,109.0571944,6021,2
2238,34.14833333,107.9841667,6021,2
2239,34.283115,107.5598889,6021,2
2240,34.09233333,108.1516111,6021,2
2241,34.31436111,108.1990556,6021,2
2242,34.92166667,109.7585833,6021,2
2243,34.95527778,108.4355556,6021,2
2244,35.20944444,109.4072222,7021,1
2245,34.34555556,107.3036111,6021,2
2246,34.695,108.47,6021,2
2247,33.82027778,106.615,6021,2
2248,34.78722222,107.1316667,6021,2
2249,35.49522222,109.8326389,7021,1
2250,34.29833333,107.3660583,6021,2
2251,34.52361111,109.2069444,6021,2
2252,34.48361111,108.1058333,6021,2
2253,35.60741667,109.1160833,7021,1
2254,35.34638889,109.235,7021,1
2255,34.67416667,107.0638889,6021,2
2256,35.17722222,109.395,7021,1
2257,33.24,107.1925,6021,2
2258,33.66638889,106.8891667,6021,2
2259,33.90472222,109.8658333,6021,2
2260,33.75388889,110.1488889,6022,2
2261,33.83556667,108.8687222,6021,2
2262,32.77916667,109.3660278,6021,2
2263,33.21416667,108.1222222,6021,2
2264,33.95944444,107.6302778,6021,2
2265,32.51425,108.5420833,6021,2
2266,34.03638889,110.0513889,6022,2
2267,33.99083333,107.2125,6021,2
2268,32.89638889,107.5641667,6021,2
2269,34.74013889,110.1269444,6022,2
2270,34.61875,110.0170278,6022,2
2271,34.58691667,109.9557778,6021,2
2272,33.03833333,106.9283333,6021,2
2273,32.90388889,108.4775,6021,2
2274,33.05905556,107.6260556,6021,2
2275,32.95944444,106.0388889,6021,2
2276,33.27666667,107.4236111,6021,2
2277,34.13261111,108.3475833,6021,2
2278,34.78,107.8438889,6021,2
2279,35.78969444,109.4489167,7021,1
2280,36.00311111,110.1634167,7022,2
2281,34.97277778,107.89,6021,2
2282,34.54791667,107.8640278,6021,2
2283,34.53119444,109.8673056,6021,2
2284,36.585,110.0797222,7022,2
2285,35.59711111,109.5991944,7021,1
2286,35.4675,109.2902778,7021,1
2287,35.743,109.8261667,7021,1
2288,34.71277778,108.3830556,6021,2
2289,36.26583333,109.4783333,7021,1
2290,34.85833333,106.7486111,6021,2
2291,34.99444444,108.3855556,6021,2
2292,34.61638889,108.2447222,6021,2
2293,34.70908333,110.1114444,6022,2
2294,34.2375,108.7408333,6021,2
2295,34.64888889,108.7908333,6021,2
2296,36.59444444,109.1805556,7021,1
2297,36.03105556,110.1600833,7022,2
2298,34.95083333,108.9325,6021,2
2299,34.36472222,109.4244444,6021,2
2300,34.17833333,107.6616667,6021,2
2301,32.74833333,106.8794722,6021,2
2302,33.88277778,106.5547222,6021,2
2303,32.99694444,107.8841667,6021,2
2304,33.41055556,107.9783333,6021,2
2305,33.43666667,108.4294444,6021,2
2306,32.97786111,106.7059167,6021,2
2307,33.33833333,106.1872222,6021,2
2308,33.09833333,107.5427778,6021,2
2309,33.33805556,107.5652778,6021,2
2310,33.11833333,106.5475,6021,2
2311,34.17194444,110.1575,6022,2
2312,33.27638889,107.4233333,6021,2
2313,33.03902778,106.7834444,6021,2
2314,33.475,109.6458333,6021,2
2315,33.48805556,109.475,6021,2
2316,33.0,108.1480556,6021,2
2317,32.40241667,108.7276944,6021,2
2318,33.52222222,109.7697222,6021,2
2319,32.63138889,110.1427778,6022,2
2320,33.89808333,108.8522639,6021,2
2321,33.99055556,108.8238889,6021,2
2322,34.85411111,109.9360833,6021,2
2323,32.70027778,109.9038889,6021,2
2324,33.93166667,109.1230556,6021,2
2325,34.02725806,108.6207061,6021,2
2326,32.591,105.2285833,6021,2
2327,32.49608333,104.9384167,6020,4
2328,32.29669444,105.5291111,6021,2
2329,32.34216667,105.5824444,6021,2
2330,32.13436111,106.4685833,6021,2
2331,33.28769444,115.5502778,6023,4
2332,33.96938889,115.5921667,6023,4
2333,33.17191667,115.5614167,6023,4
2334,32.88302778,115.8982778,6023,4
2335,32.65869444,115.6017222,6023,4
2336,36.46391667,114.9273889,7022,2
2337,36.60183333,113.6611667,7022,2
2338,36.4565,113.8599722,7022,2
2339,36.42802778,113.9575,7022,2
2340,32.17416667,114.8133333,6022,2
2341,32.26833333,114.5886111,6022,2
2342,32.13916667,114.1583333,6022,2
2343,32.31916667,114.5530556,6022,2
2344,32.3875,115.1161111,6023,4
2345,32.24361111,114.5536111,6022,2
2346,32.07416667,114.1175,6022,2
2347,32.24083333,113.9625,6022,2
2348,32.27111111,114.6461111,6022,2
2349,32.04888889,114.1013889,6022,2
2350,32.91,112.6005556,6022,2
2351,34.28194444,112.6508333,6022,2
2352,35.10444444,112.3105556,7022,2
2353,34.45027778,112.6044444,6022,2
2354,34.09333333,113.4719444,6022,2
2355,34.56527778,112.7277778,6022,2
2356,35.86166667,114.4930556,7022,2
2357,34.635,112.0869444,6022,2
2358,34.19888889,112.1161111,6022,2
2359,34.0,111.7480556,6022,2
2360,34.44361111,112.2247222,6022,2
2361,34.79944444,111.7636111,6022,2
2362,34.41777778,112.9705556,6022,2
2363,34.48972222,113.4122222,6022,2
2364,35.11444444,112.5080556,7022,2
2365,34.41972222,113.2208333,6022,2
2366,34.20333333,113.4472222,6022,2
2367,34.80138889,112.9197222,6022,2
2368,34.56861111,112.5269444,6022,2
2369,35.93833333,114.4358333,7022,2
2370,34.80722222,113.5688889,6022,2
2371,34.56611111,113.0175,6022,2
2372,32.26666667,114.5211111,6022,2
2373,33.20027778,113.4711111,6022,2
2374,32.64444444,114.4041667,6022,2
2375,33.01472222,112.4575,6022,2
2376,32.06888889,114.9438889,6022,2
2377,33.185,111.6747222,6022,2
2378,32.23361111,114.0425,6022,2
2379,32.88611111,113.2786111,6022,2
2380,32.67333333,114.4283333,6022,2
2381,33.46972222,113.3277778,6022,2
2382,34.26666667,110.4927778,6022,2
2383,33.18583333,113.4763889,6022,2
2384,34.27166667,110.5794444,6022,2
2385,32.62333333,112.2002778,6022,2
2386,33.00055556,112.8119444,6022,2
2387,32.43277778,112.2608333,6022,2
2388,33.11916667,114.3858333,6022,2
2389,32.76472222,112.1261111,6022,2
2390,33.435,113.8630556,6022,2
2391,32.91888889,112.1425,6022,2
2392,32.73833333,112.1477778,6022,2
2393,32.95555556,113.2883333,6022,2
2394,33.29361111,113.9641667,6022,2
2395,32.82166667,112.6383333,6022,2
2396,32.45222222,115.3219444,6023,4
2397,32.33166667,114.5238889,6022,2
2398,32.40305556,115.0002778,6023,4
2399,32.07777778,114.0391667,6022,2
2400,34.56083333,115.8866667,6023,4
2401,34.86833333,113.8063889,6022,2
2402,34.92,113.6083333,6022,2
2403,34.92555556,113.6122222,6022,2
2404,35.00805556,113.9072222,7022,2
2405,34.34388889,112.3858333,6022,2
2406,34.79833333,114.7202778,6022,2
2407,33.81361111,115.3827778,6023,4
2408,33.09194444,112.9638889,6022,2
2409,32.86361111,114.3527778,6022,2
2410,33.10944444,113.7794444,6022,2
2411,33.30611111,113.7672222,6022,2
2412,32.87277778,114.1441667,6022,2
2413,34.88611111,113.5458333,6022,2
2414,34.59555556,112.1791667,6022,2
2415,34.54388889,110.925,6022,2
2416,34.19444444,113.3088889,6022,2
2417,35.58444444,114.6905556,7022,2
2418,33.87861111,114.2325,6022,2
2419,34.78166667,112.1936111,6022,2
2420,34.57361111,112.9919444,6022,2
2421,34.69,113.0791667,6022,2
2422,34.85555556,112.3686111,6022,2
2423,35.25194444,113.9358333,7022,2
2424,34.83194444,113.7227778,6022,2
2425,34.79972222,113.8244444,6022,2
2426,34.66472222,113.6872222,6022,2
2427,34.70833333,113.5911111,6022,2
2428,34.86388889,113.5155556,6022,2
2429,34.71305556,113.7422222,6022,2
2430,34.56444444,112.2158333,6022,2
2431,34.52361111,113.7330556,6022,2
2432,34.68083333,111.8233333,6022,2
2433,34.22916667,112.065,6022,2
2434,33.89611111,113.1169444,6022,2
2435,34.20638889,112.0,6022,2
2436,33.91861111,113.1458333,6022,2
2437,34.89083333,112.3488889,6022,2
2438,34.81388889,111.7780556,6022,2
2439,34.8125,111.7777778,6022,2
2440,35.69805556,114.4175,7022,2
2441,35.45388889,114.0783333,7022,2
2442,34.495,110.8980556,6022,2
2443,35.83388889,114.2977778,7022,2
2444,34.96333333,112.2247222,6022,2
2445,34.75444444,112.755,6022,2
2446,34.9275,112.0513889,6022,2
2447,34.025,113.425,6022,2
2448,34.29638889,114.9327778,6022,2
2449,35.11444444,114.4341667,7022,2
2450,34.76472222,113.8713889,6022,2
2451,34.43694444,112.8169444,6022,2
2452,34.36166667,113.7008333,6022,2
2453,34.50638889,113.7588889,6022,2
2454,34.62888889,110.9169444,6022,2
2455,34.91166667,113.6197222,6022,2
2456,34.81083333,111.7775,6022,2
2457,34.90444444,113.6036111,6022,2
2458,34.94194444,113.5047222,6022,2
2459,34.92666667,113.5722222,6022,2
2460,34.66333333,113.5325,6022,2
2461,34.59722222,112.7041667,6022,2
2462,34.56722222,112.7288889,6022,2
2463,34.53944444,113.6447222,6022,2
2464,34.87833333,113.6366667,6022,2
2465,34.68416667,113.6547222,6022,2
2466,35.01694444,114.5494444,7022,2
2467,35.7025,114.5275,7022,2
2468,34.74361111,114.5730556,6022,2
2469,35.15694444,113.8522222,7022,2
2470,35.83,114.2891667,7022,2
2471,34.835,113.7713889,6022,2
2472,34.73444444,112.0805556,6022,2
2473,34.17611111,113.5936111,6022,2
2474,34.84888889,113.5563889,6022,2
2475,34.84305556,113.6927778,6022,2
2476,34.81083333,111.7766667,6022,2
2477,34.71638889,112.6294444,6022,2
2478,34.69777778,112.6905556,6022,2
2479,34.69,113.5358333,6022,2
2480,34.41916667,113.5308333,6022,2
2481,34.83333333,113.4711111,6022,2
2482,34.18083333,112.9225,6022,2
2483,34.65027778,113.6616667,6022,2
2484,34.87277778,113.5436111,6022,2
2485,34.63916667,113.7627778,6022,2
2486,35.64027778,114.1577778,7022,2
2487,35.19,112.4219444,7022,2
2488,34.57361111,113.1488889,6022,2
2489,34.21,112.7316667,6022,2
2490,33.07361111,112.1861111,6022,2
2491,33.66472222,111.7747222,6022,2
2492,33.66444444,111.7738889,6022,2
2493,33.31666667,114.825,6022,2
2494,33.17833333,115.2408333,6023,4
2495,33.43388889,113.9402778,6022,2
2496,33.36833333,113.5983333,6022,2
2497,33.13333333,112.8422222,6022,2
2498,33.1175,112.7627778,6022,2
2499,32.90166667,113.4155556,6022,2
2500,33.55305556,113.6247222,6022,2
2501,32.65972222,113.7047222,6022,2
2502,33.03138889,113.5011111,6022,2
2503,32.83611111,114.5716667,6022,2
2504,33.34888889,111.495,6022,2
2505,32.90111111,113.415,6022,2
2506,33.185,111.6752778,6022,2
2507,34.88361111,113.7061111,6022,2
2508,34.71,113.8219444,6022,2
2509,34.85944444,113.7505556,6022,2
2510,35.66888889,114.1288889,7022,2
2511,34.52527778,114.3855556,6022,2
2512,34.67166667,113.7725,6022,2
2513,32.88361111,113.3455556,6022,2
2514,32.21277778,112.215,6022,2
2515,32.34972222,111.4319444,6022,2
2516,32.38694444,113.005,6022,2
2517,32.33805556,112.2588889,6022,2
2518,32.10833333,112.5127778,6022,2
2519,32.24,111.9461111,6022,2
2520,32.05083333,112.7675,6022,2
2521,32.20041667,112.3725833,6022,2
2522,32.33002778,113.0031667,6022,2
2523,36.40139083,115.9001285,7023,2
2524,34.76669444,116.0211944,6023,4
2525,34.90983333,115.8660556,6023,4
2526,35.26955556,115.565,7023,2
2527,34.70488889,115.7774444,6023,4
2528,35.63891667,115.9479722,7023,2
2529,35.65622,110.7223094,7022,2
2530,34.95121583,110.9599275,6022,2
2531,35.47752417,110.5805286,7022,2
2532,36.08643083,113.6544733,7022,2
2533,35.83665472,113.3270619,7022,2
2534,35.59153278,112.9685364,7022,2
2535,35.81014333,113.0169303,7022,2
2536,35.01028083,110.8878186,7022,2
2537,35.66244944,111.3036669,7022,2
2538,36.36372028,110.8167114,7022,2
2539,35.43302083,111.3371297,7022,2
2540,36.24655722,113.1905889,7022,2
2541,36.44464722,113.3540567,7022,2
2542,36.12870694,110.6475311,7022,2
2543,34.74434111,110.2924117,6022,2
2544,36.14162806,113.4423514,7022,2
2545,36.24948389,111.4985258,7022,2
2546,35.87062778,113.3999089,7022,2
2547,35.56149528,110.6773842,7022,2
2548,36.3657975,111.6658264,7022,2
2549,36.00320417,112.3340383,7022,2
2550,35.73834583,111.768065,7022,2
2551,34.61376361,110.4597428,6022,2
2552,34.92376167,110.2819575,6022,2
2553,35.57886389,110.9929078,7022,2
2554,36.12036806,110.4488292,7022,2
2555,34.84625667,110.2500339,6022,2
2556,36.44756889,112.3294933,7022,2
2557,34.75633806,111.0517478,6022,2
2558,33.55361111,110.7866667,6022,2
2559,35.61280556,110.5193056,7022,2
2560,34.48111111,110.3190833,6022,2
2561,35.28061111,110.1669167,7022,2
2562,35.14441667,110.32775,7022,2
2563,36.52694444,110.1869444,7022,2
2564,33.45916667,110.8730556,6022,2
2565,33.66694444,110.3591667,6022,2
2566,32.51472222,117.9386111,6023,4
2567,32.46819444,117.6062222,6023,4
2568,32.42583333,117.99,6023,4
2569,32.58322222,117.4302778,6023,4
2570,32.47222222,117.9336111,6023,4
2571,32.53719444,117.3796944,6023,4
2572,32.55888889,118.0325,6023,4
2573,32.42730556,117.6806111,6023,4
2574,32.8495,117.8079722,6023,4
2575,32.58316667,117.1454167,6023,4
2576,32.51805556,117.7911111,6023,4
2577,33.34841667,116.6614444,6023,4
2578,33.33216667,116.5434722,6023,4
2579,32.36186111,117.5721389,6023,4
2580,32.60861111,117.6352778,6023,4
2581,32.83333333,118.1974722,6023,4
2582,33.29005556,116.4792222,6023,4
2583,33.71344444,116.2604722,6023,4
2584,33.15902778,116.7660278,6023,4
2585,33.08294444,116.5520556,6023,4
2586,33.25205556,116.5963056,6023,4
2587,33.16261111,116.5493056,6023,4
2588,33.09958333,117.2868889,6023,4
2589,33.324,116.4213056,6023,4
2590,32.96891667,116.6163611,6023,4
2591,32.98188889,116.7378889,6023,4
2592,32.83322222,118.1929167,6023,4
2593,34.45744444,116.5518333,6023,4
2594,34.26555556,116.8216667,6023,4
2595,34.48947222,116.5470833,6023,4
2596,34.51791667,116.2013611,6023,4
2597,34.09833333,116.9872222,6023,4
2598,33.69097222,117.6985833,6023,4
2599,32.61608333,116.7119167,6023,4
2600,33.21894444,116.6215,6023,4
2601,33.19816667,116.6926389,6023,4
2602,33.38266667,116.4118889,6023,4
2603,33.81647222,116.7747778,6023,4
2604,33.75841667,116.8610278,6023,4
2605,33.27097222,116.6156111,6023,4
2606,33.31733333,116.5133611,6023,4
2607,33.36444444,116.4413611,6023,4
2608,33.25758333,116.5945,6023,4
2609,33.00586111,116.6529444,6023,4
2610,33.44736111,116.4383611,6023,4
2611,34.14,117.0513889,6023,4
2612,32.90263889,117.1378611,6023,4
2613,33.59230556,117.9763889,6023,4
2614,32.96575,117.1108889,6023,4
2615,33.37786111,116.5975,6023,4
2616,32.59905556,118.0367778,6023,4
2617,32.57022222,118.5107222,6023,4
2618,32.8496,119.4517,6023,4
2619,33.17556,118.80226,6023,4
2620,32.83412,119.8165,6023,4
2621,32.85483,120.14103,6024,1
2622,32.53331111,119.31755,6023,4
2623,32.24043,120.65928,6024,1
2624,32.91945,118.3489,6023,4
2625,33.29474167,119.0430667,6023,4
2626,33.69472222,118.6269583,6023,4
2627,33.24867,119.40285,6023,4
2628,33.613,119.37937,6023,4
2629,33.83701,118.37854,6023,4
2630,34.08116,119.14512,6023,4
2631,34.15657,119.00722,6023,4
2632,33.35561,118.9518,6023,4
2633,33.04763333,119.96955,6023,4
2634,33.29336,118.89042,6023,4
2635,33.59175,119.32909,6023,4
2636,34.21113,118.90768,6023,4
2637,33.96988,118.6122,6023,4
2638,32.97324,118.50487,6023,4
2639,33.23853,119.04806,6023,4
2640,33.01754,118.53962,6023,4
2641,34.31559,118.86555,6023,4
2642,34.22383,118.80713,6023,4
2643,34.10853,118.73078,6023,4
2644,32.08458667,118.45255,6023,4
2645,33.6237,119.22756,6023,4
2646,34.28444,118.72503,6023,4
2647,33.23735,118.1318833,6023,4
2648,34.02183,119.20294,6023,4
2649,33.89061,120.07174,6024,1
2650,33.91407,119.55055,6023,4
2651,33.87977,120.1649,6024,1
2652,34.2458,118.84625,6023,4
2653,34.26666,118.96624,6023,4
2654,33.5,119.7420333,6023,4
2655,34.1449,118.96233,6023,4
2656,32.34353,120.43695,6024,1
2657,32.25278,120.80675,6024,1
2658,32.53205,120.88413,6024,1
2659,34.1966,119.06448,6023,4
2660,32.36103611,120.6904,6024,1
2661,32.21793,120.38878,6024,1
2662,32.41812,121.1764,6024,1
2663,32.10492,120.5769,6024,1
2664,32.4499,120.14986,6024,1
2665,34.10126,119.03239,6023,4
2666,32.03427,120.18012,6024,1
2667,33.96456,118.97607,6023,4
2668,32.20197,119.85213,6023,4
2669,32.2572,120.63302,6024,1
2670,32.11392,120.66335,6024,1
2671,34.04042,118.8770167,6023,4
2672,34.18633167,118.986,6023,4
2673,32.13333,120.45107,6024,1
2674,33.8924,118.38159,6023,4
2675,32.96908,120.86346,6024,1
2676,33.56768,119.2298797,6023,4
2677,33.88965,118.75933,6023,4
2678,34.14075,118.90789,6023,4
2679,34.1088,118.90756,6023,4
2680,33.81272,119.23015,6023,4
2681,33.0992,120.10068,6024,1
2682,33.20702,120.61266,6024,1
2683,34.66932,118.59244,6023,4
2684,34.90663,118.88449,6023,4
2685,34.43202556,117.3652125,6023,4
2686,34.60417,118.4635,6023,4
2687,34.81424,118.84085,6023,4
2688,34.23415,118.4065,6023,4
2689,34.22928611,118.2662981,6023,4
2690,32.46527,118.85473,6023,4
2691,33.01177,118.55117,6023,4
2692,32.82248,118.3212,6023,4
2693,32.82248,118.32117,6023,4
2694,32.13801,118.80255,6023,4
2695,32.12617,119.665,6023,4
2696,33.2712,117.98565,6023,4
2697,34.22972889,118.2299922,6023,4
2698,34.24858,118.60447,6023,4
2699,34.31178,118.65366,6023,4
2700,34.23505,118.491,6023,4
2701,34.96815,119.03472,6023,4
2702,34.48835,118.65463,6023,4
2703,34.24222,118.45526,6023,4
2704,32.92745,118.36748,6023,4
2705,34.21192,118.38749,6023,4
2706,34.27638,118.93106,6023,4
2707,34.50805667,118.81496,6023,4
2708,34.23008056,119.57569,6023,4
2709,34.12346,118.93431,6023,4
2710,33.66998,119.22774,6023,4
2711,32.3784,119.75667,6023,4
2712,33.6839,119.20866,6023,4
2713,33.74406,119.27467,6023,4
2714,34.0813,118.9205,6023,4
2715,32.45992,120.14882,6024,1
2716,32.96949,120.86701,6024,1
2717,34.79094,119.13723,6023,4
2718,33.75144,120.08367,6024,1
2719,33.81901,120.37195,6024,1
2720,33.82285,120.46948,6024,1
2721,33.85728333,120.2267667,6024,1
2722,33.94863,118.7253,6023,4
2723,34.8425475,116.7605028,6023,4
2724,33.06111,120.66637,6024,1
2725,33.05199,120.75009,6024,1
2726,33.4517,120.55207,6024,1
2727,34.54663333,116.7824667,6023,4
2728,34.42905833,119.8873625,6023,4
2729,34.72543833,116.4828767,6023,4
2730,34.81939278,116.4499511,6023,4
2731,32.75624,120.67651,6024,1
2732,33.4167,120.51906,6024,1
2733,33.12224,120.5753,6024,1
2734,32.87937,120.76154,6024,1
2735,33.98798,120.24863,6024,1
2736,34.24528,118.3956,6023,4
2737,34.87883,118.92014,6023,4
2738,34.08941,118.77728,6023,4
2739,35.03452,119.07543,7023,2
2740,34.82919,118.94224,6023,4
2741,35.02766,119.07544,7023,2
2742,35.00008889,118.90424,7023,2
2743,35.00021,118.91992,7023,2
2744,34.51544,118.66043,6023,4
2745,34.42688333,117.3602167,6023,4
2746,34.42176667,117.3653333,6023,4
2747,34.21978333,118.34185,6023,4
2748,34.17881,118.35171,6023,4
2749,32.13815,118.80157,6023,4
2750,32.14982,119.30643,6023,4
2751,34.61809,118.57379,6023,4
2752,32.89663333,118.3913833,6023,4
2753,35.62765028,118.8342892,7023,2
2754,34.70141667,117.7425833,6023,4
2755,34.65647222,117.6837778,6023,4
2756,36.54436111,118.8764167,7023,2
2757,35.76991667,116.7697778,7023,2
2758,35.94487111,117.0837547,7023,2
2759,36.13447222,116.7050833,7023,2
2760,36.44869444,117.7438056,7023,2
2761,35.26238889,118.0249444,7023,2
2762,34.78666667,117.5358333,6023,4
2763,34.80236111,117.5014722,6023,4
2764,36.08500306,119.6665,7023,2
2765,36.0741675,119.5884192,7023,2
2766,35.82731306,118.4933539,7023,2
2767,36.44921861,120.5357347,7024,3
2768,34.78199889,118.6279883,6023,4
2769,35.96441667,119.2188889,7023,2
2770,34.69616667,117.7296389,6023,4
2771,34.7365,117.7083611,6023,4
2772,34.88824583,118.64477,6023,4
2773,34.78738889,118.3951667,6023,4
2774,35.98041667,117.5818333,7023,2
2775,36.50283333,119.7203056,7023,2
2776,35.54130167,116.4191125,7023,2
2777,36.42641667,116.06175,7023,2
2778,36.33758333,117.4039722,7023,2
2779,35.11647222,118.6565278,7023,2
2780,35.42203722,117.035205,7023,2
2781,35.9776625,117.5515933,7023,2
2782,34.94694444,117.1479444,6023,4
2783,35.48063889,117.7735556,7023,2
2784,35.42041667,116.0486944,7023,2
2785,36.13766667,116.5884444,7023,2
2786,36.58527778,116.1557778,7023,2
2787,35.52675,116.9933889,7023,2
2788,36.1675,116.6570556,7023,2
2789,36.13352778,116.66725,7023,2
2790,36.45294444,117.8562222,7023,2
2791,36.44455556,117.8503611,7023,2
2792,36.421,116.9800556,7023,2
2793,36.44861111,116.8933889,7023,2
2794,36.44133333,116.9171944,7023,2
2795,35.64011111,117.7015,7023,2
2796,35.40080556,117.1006667,7023,2
2797,36.43505556,116.9013056,7023,2
2798,36.51791667,118.8483889,7023,2
2799,36.43138889,117.9443889,7023,2
2800,36.46197222,117.8720556,7023,2
2801,36.396,117.953,7023,2
2802,36.10505556,119.3303333,7023,2
2803,35.98827778,119.1892778,7023,2
2804,36.15866667,119.8413889,7023,2
2805,36.11947222,119.5497778,7023,2
2806,36.11330556,119.3450278,7023,2
2807,35.862,119.0795833,7023,2
2808,36.58044444,120.4439444,7024,3
2809,35.52805556,119.0775,7023,2
2810,35.47530556,119.4375556,7023,2
2811,36.00711111,119.1597778,7023,2
2812,35.02687583,117.4745064,7023,2
2813,36.44252778,117.8522222,7023,2
2814,36.39155556,117.36875,7023,2
2815,36.38205556,117.3720556,7023,2
2816,35.396515,117.1783553,7023,2
2817,36.555165,118.8825783,7023,2
2818,35.66736111,117.7434722,7023,2
2819,35.86547222,119.0621111,7023,2
2820,38.41527778,77.21166667,7015,3
2821,38.24277778,74.91805556,7014,4
2822,38.01975,77.03925,7015,3
2823,37.80083333,75.23083333,7015,3
2824,36.85194444,75.43361111,7015,3
2825,37.78444444,75.21888889,7015,3
2826,38.95055556,75.50333333,7015,3
2827,38.265,85.50472222,7017,3
2828,40.83083333,81.36944444,8016,0
2829,40.59816667,81.07322222,8016,0
2830,38.18416667,85.44583333,7017,3
2831,39.1675,88.175,7017,3
2832,39.125,88.16666667,7017,3
2833,38.74805556,87.44194444,7017,3
2834,39.03583333,88.1425,7017,3
2835,39.00944444,88.08694444,7017,3
2836,39.10833333,88.32305556,7017,3
2837,40.4725,97.02443611,8019,2
2838,40.44571583,95.76891083,8019,2
2839,39.77317972,97.90938611,7019,3
2840,39.89815139,98.36258,7019,3
2841,40.3486,97.24357806,8019,2
2842,40.80455889,95.20817083,8019,2
2843,40.94354361,95.51841222,8019,2
2844,39.81423583,94.34769333,7018,1
2845,39.69815917,98.32420917,7019,3
2846,40.2426875,97.86556333,8019,2
2847,40.36230778,97.64900722,8019,2
2848,40.31689944,97.81301583,8019,2
2849,39.59800278,98.40876667,7019,3
2850,40.26312861,94.76038306,8018,1
2851,40.51948389,96.92161667,8019,2
2852,39.89517667,97.3347375,7019,3
2853,39.54857056,98.39960806,7019,3
2854,38.14608,95.01187,7019,3
2855,37.29464,95.54227,7019,3
2856,36.76751,93.59652,7018,1
2857,37.26131,94.10111,7018,1
2858,36.90684,93.15979,7018,1
2859,38.00122,94.16027,7018,1
2860,38.76606,98.23507,7019,3
2861,38.79302,98.3319,7019,3
2862,38.79053,98.25247,7019,3
2863,38.6238,98.38472,7019,3
2864,37.22295,97.20383,7019,3
2865,37.25412,98.21377,7019,3
2866,37.18276,98.20292,7019,3
2867,38.81126,98.3997,7019,3
2868,38.20516,94.33151,7018,1
2869,39.490065,99.65260833,7019,3
2870,39.13597222,100.223045,7020,4
2871,38.94575222,100.5357256,7020,4
2872,39.73172139,98.56177194,7019,3
2873,38.88606,100.3762172,7020,4
2874,38.82375167,101.0235686,7020,4
2875,38.47820667,100.8611308,7020,4
2876,38.56592917,103.0842919,7020,4
2877,38.33872667,102.079445,7020,4
2878,39.83651528,98.78669333,7019,3
2879,38.28739861,101.7666067,7020,4
2880,39.65829389,98.77638694,7019,3
2881,40.43926917,99.05446361,8019,2
2882,40.76265861,99.4045675,8019,2
2883,39.36425528,98.9012725,7019,3
2884,39.04201167,102.50135,7020,4
2885,40.226055,98.73316667,8019,2
2886,39.71685944,98.71088861,7019,3
2887,39.62841833,98.85718472,7019,3
2888,39.31585083,99.43934417,7019,3
2889,38.48530944,101.553675,7020,4
2890,38.43175833,101.4480714,7020,4
2891,40.01690889,98.896065,8019,2
2892,39.01061507,100.2953717,7020,4
2893,39.46398167,98.86160667,7019,3
2894,39.13304028,99.29610056,7019,3
2895,38.50282889,100.9463614,7020,4
2896,37.27691556,102.8725703,7020,4
2897,38.98469528,100.0101708,7020,4
2898,37.94756111,102.5155994,7020,4
2899,36.97270722,103.3266639,7020,4
2900,37.83402194,102.0119239,7020,4
2901,39.29332778,99.24606722,7019,3
2902,38.92825611,100.83189,7020,4
2903,38.56068972,101.48663,7020,4
2904,39.77455611,98.55129278,7019,3
2905,39.45738278,98.71993111,7019,3
2906,39.33393917,98.81166639,7019,3
2907,38.56217,101.3691164,7020,4
2908,38.83751806,101.1534008,7020,4
2909,38.75391472,100.6460925,7020,4
2910,38.61935833,101.0290228,7020,4
2911,38.29189278,100.9081864,7020,4
2912,38.67370222,100.9274336,7020,4
2913,37.93907611,102.3007139,7020,4
2914,36.83637778,104.1537192,7020,4
2915,38.176215,101.592495,7020,4
2916,39.23216306,99.64189444,7019,3
2917,38.68414694,100.9519364,7020,4
2918,38.39308056,101.0127192,7020,4
2919,36.99257361,103.2114183,7020,4
2920,36.73396972,103.5040458,7020,4
2921,37.46028778,102.9016314,7020,4
2922,39.31361111,99.73444444,7019,3
2923,39.35686306,99.14115917,7019,3
2924,39.62054667,99.60005333,7019,3
2925,37.48538611,103.2287431,7020,4
2926,39.55220583,98.85944194,7019,3
2927,40.16214111,99.41900333,8019,2
2928,40.32721056,99.13733389,8019,2
2929,39.97984639,98.68039611,7019,3
2930,40.53311167,98.64637,8019,2
2931,40.4352775,99.38564417,8019,2
2932,39.12240722,102.5606139,7020,4
2933,38.89493722,100.11074,7020,4
2934,39.16135028,99.91660111,7019,3
2935,39.255725,99.385825,7019,3
2936,39.255185,99.64269111,7019,3
2937,40.88085,100.7321167,8020,2
2938,40.97949722,100.6850556,8020,2
2939,40.91267222,100.3335611,8020,2
2940,40.77945556,101.1259,8020,2
2941,40.80464167,101.0877111,8020,2
2942,40.67937222,101.3993472,8020,2
2943,40.74023889,101.1697583,8020,2
2944,40.79422222,101.1016444,8020,2
2945,41.031625,100.4225528,8020,2
2946,37.8557,101.10515,7020,4
2947,36.79208,99.05104,7019,3
2948,38.00149,100.62564,7020,4
2949,38.27667,99.88833,7019,3
2950,37.26763,101.35633,7020,4
2951,38.015239,100.25036,7020,4
2952,38.25051,99.88318,7019,3
2953,37.13229,101.80698,7020,4
2954,38.26372,99.88279,7019,3
2955,37.33827,101.0295,7020,4
2956,37.10703,101.82378,7020,4
2957,37.11905,101.84335,7020,4
2958,37.15076,101.83157,7020,4
2959,36.98819,101.67263,7020,4
2960,37.05217,101.47157,7020,4
2961,38.82773,98.46634,7019,3
2962,38.26667,99.87806,7019,3
2963,37.94255,100.90813,7020,4
2964,38.00244,100.90028,7020,4
2965,38.22838,99.89638,7019,3
2966,38.37852,99.32063,7019,3
2967,38.23413,99.89186,7019,3
2968,38.7044,98.47,7019,3
2969,38.04855,100.22299,7020,4
2970,37.48186,101.33782,7020,4
2971,38.23992,99.88897,7019,3
2972,38.08369,100.42748,7020,4
2973,38.71711,99.20508,7019,3
2974,38.35641,99.39027,7019,3
2975,38.27669,99.89361,7019,3
2976,38.22806,100.04694,7020,4
2977,38.73713,98.59045,7019,3
2978,37.27264,99.91578,7019,3
2979,38.84918,98.44326,7019,3
2980,38.19043,100.02543,7020,4
2981,38.26308,99.87553,7019,3
2982,36.93276,100.07155,7020,4
2983,38.35868,99.73277,7019,3
2984,38.19028,100.02239,7020,4
2985,37.87809,100.77894,7020,4
2986,38.84403,98.88969,7019,3
2987,38.27418,99.88852,7019,3
2988,38.27547,99.89524,7019,3
2989,36.62266,101.52756,7020,4
2990,36.68609,99.45139,7019,3
2991,37.00521,99.46357,7019,3
2992,36.67027,101.52162,7020,4
2993,37.02121,100.79013,7020,4
2994,36.87722,101.88554,7020,4
2995,36.8676,101.88848,7020,4
2996,37.18688,102.16606,7020,4
2997,36.81556,100.79512,7020,4
2998,36.90581,101.75348,7020,4
2999,37.0796,101.56637,7020,4
3000,38.76493,98.74163,7019,3
3001,38.78157,98.74942,7019,3
3002,38.25257,100.19805,7020,4
3003,38.78949,98.74171,7019,3
3004,38.78146,98.73932,7019,3
3005,38.07327,100.23307,7020,4
3006,36.697475,104.6780419,7020,4
3007,36.70002,104.9204114,7020,4
3008,41.13325,107.1893333,8021,3
3009,40.94641667,108.3390278,8021,3
3010,40.35656111,107.0496556,8021,3
3011,40.56631111,109.8262778,8021,3
3012,40.87808333,107.7598611,8021,3
3013,41.05163889,108.1900833,8021,3
3014,41.07027778,107.8470556,8021,3
3015,41.18066667,107.5977778,8021,3
3016,40.87288611,107.367925,8021,3
3017,40.54701111,109.7331861,8021,3
3018,40.56388889,109.3483333,8021,3
3019,41.07454444,108.200225,8021,3
3020,40.00439444,109.0947583,8021,3
3021,40.00625,110.0187778,8022,2
3022,41.04972222,109.9130556,8021,3
3023,39.242125,107.8933639,7021,1
3024,39.45609722,109.7272806,7021,1
3025,39.05800833,109.5096361,7021,1
3026,40.93759722,107.1775194,8021,3
3027,40.84898333,106.8982611,8021,3
3028,39.90886944,109.9498083,7021,1
3029,38.63126667,107.3588472,7021,1
3030,40.33766667,109.9893056,8021,3
3031,40.85472222,110.0819444,8022,2
3032,39.56311944,106.8854528,7021,1
3033,40.81444444,108.8052778,8021,3
3034,40.76244444,107.9678056,8021,3
3035,40.28236667,106.9621111,8021,3
3036,39.02916667,106.6808333,7021,1
3037,38.37811111,106.3238333,7021,1
3038,38.63152778,106.4351667,7021,1
3039,37.54827778,105.1559167,7021,1
3040,38.09163889,106.1096389,7021,1
3041,37.46791667,105.7143611,7021,1
3042,38.29402778,106.1605833,7021,1
3043,38.82411111,106.2558056,7021,1
3044,38.93108333,106.7343056,7021,1
3045,38.48319444,106.4660278,7021,1
3046,38.588,106.3891389,7021,1
3047,37.959,106.1121944,7021,1
3048,38.90486111,106.5791667,7021,1
3049,37.09161111,105.1501111,7021,1
3050,37.75008333,106.1453611,7021,1
3051,37.43880556,104.8385556,7020,4
3052,37.03508333,105.4754167,7021,1
3053,37.61508333,105.9728056,7021,1
3054,37.30497222,105.6015556,7021,1
3055,37.33555556,105.4352778,7021,1
3056,37.17336111,106.6795,7021,1
3057,37.10575,105.8853889,7021,1
3058,37.18916667,106.4141667,7021,1
3059,37.33308333,104.91675,7020,4
3060,36.8085,105.5620278,7021,1
3061,37.22172222,105.1014444,7021,1
3062,37.64425,106.2652222,7021,1
3063,36.8935,105.8611111,7021,1
3064,37.66866667,106.5390278,7021,1
3065,37.36505556,105.2340278,7021,1
3066,37.32416667,106.1980556,7021,1
3067,37.74394444,106.9906111,7021,1
3068,38.95769444,106.4091111,7021,1
3069,38.84891667,106.3690833,7021,1
3070,37.88747222,107.08975,7021,1
3071,36.78472222,106.5077778,7021,1
3072,38.16730556,106.2719722,7021,1
3073,37.90108333,106.3214722,7021,1
3074,38.4275,106.5108333,7021,1
3075,39.08380556,106.5276667,7021,1
3076,36.71833333,105.6325,7021,1
3077,38.86258333,106.6325278,7021,1
3078,38.55108333,106.2434722,7021,1
3079,36.72138889,105.9388889,7021,1
3080,37.43555556,106.1108333,7021,1
3081,37.41875,106.9683056,7021,1
3082,37.11194444,106.1452778,7021,1
3083,38.11361111,106.6627778,7021,1
3084,36.91527778,106.1469444,7021,1
3085,37.17355556,107.3058333,7021,1
3086,36.69111111,106.1891667,7021,1
3087,36.63330556,105.2932222,7021,1
3088,37.02027778,106.4391667,7021,1
3089,36.72194444,106.0719444,7021,1
3090,38.63977778,105.9559722,7021,1
3091,37.15686111,105.7335556,7021,1
3092,37.31897222,106.6553889,7021,1
3093,37.77705556,107.2216389,7021,1
3094,37.45169444,106.4104444,7021,1
3095,37.83927778,106.6730556,7021,1
3096,37.60144444,107.2218889,7021,1
3097,39.32025,106.7290556,7021,1
3098,38.36,106.0019444,7021,1
3099,38.65986111,106.6211389,7021,1
3100,39.32183333,106.718,7021,1
3101,38.31577778,105.9489167,7021,1
3102,38.26094444,105.9543611,7021,1
3103,37.8875,107.0889722,7021,1
3104,38.09022222,107.2089722,7021,1
3105,37.45002778,106.7428333,7021,1
3106,37.85991667,106.4823889,7021,1
3107,37.57869444,105.5744444,7021,1
3108,36.98638889,105.7019444,7021,1
3109,38.87611111,106.1786111,7021,1
3110,37.345,105.4125,7021,1
3111,37.26055556,105.5577778,7021,1
3112,37.33305556,105.464,7021,1
3113,37.67625,106.8003056,7021,1
3114,37.91025,107.3533056,7021,1
3115,39.00638889,106.1691944,7021,1
3116,38.60777778,105.9283333,7021,1
3117,39.28608333,106.6564722,7021,1
3118,38.71888889,106.10875,7021,1
3119,37.89552778,106.4833611,7021,1
3120,38.39666667,106.0055556,7021,1
3121,38.64313889,106.2699167,7021,1
3122,37.74666667,105.8843889,7021,1
3123,37.52,108.0688889,7021,1
3124,38.86163889,109.8264444,7021,1
3125,37.98611111,109.8294444,7021,1
3126,38.97013889,109.84025,7021,1
3127,38.03916667,109.3325,7021,1
3128,37.73694444,107.6183333,7021,1
3129,38.40991667,110.0180556,7022,2
3130,37.45277778,108.6958333,7021,1
3131,36.88166667,110.0988889,7022,2
3132,37.44361111,107.2866667,7021,1
3133,37.57222222,108.1238889,7021,1
3134,37.47361111,108.0969444,7021,1
3135,37.61361111,110.1655556,7022,2
3136,36.85972222,110.0275,7022,2
3137,37.52972222,108.6538889,7021,1
3138,37.21361111,109.765,7021,1
3139,37.47305556,107.4086111,7021,1
3140,36.70694444,109.0972222,7021,1
3141,36.87944444,108.7355556,7021,1
3142,38.47347222,109.9625833,7021,1
3143,37.6925,109.9486111,7021,1
3144,37.47805556,108.1002778,7021,1
3145,37.68861111,107.5302778,7021,1
3146,37.59611111,108.1375,7021,1
3147,39.08791667,109.9584722,7021,1
3148,38.51041667,109.6420833,7021,1
3149,37.54,109.58,7021,1
3150,36.72055556,108.7738889,7021,1
3151,39.98188889,115.7511111,7023,2
3152,39.98830556,115.4286111,7023,2
3153,40.03588889,115.4679444,8023,2
3154,40.03666667,115.4706111,8023,2
3155,40.48330556,115.8361389,8023,2
3156,40.00433333,115.7485,8023,2
3157,39.98097222,115.728,7023,2
3158,40.34905556,115.9773056,8023,2
3159,39.60978056,115.9678278,7023,2
3160,40.04016667,116.0358333,8023,2
3161,39.94633333,115.6974167,7023,2
3162,40.00530556,115.4839167,8023,2
3163,39.8675,115.5704167,7023,2
3164,39.97727778,115.4285833,7023,2
3165,39.8845,115.5506389,7023,2
3166,39.89691667,115.5571389,7023,2
3167,39.963,115.7136667,7023,2
3168,40.07911111,116.03175,8023,2
3169,40.45283333,115.8629167,8023,2
3170,40.35444444,115.9547778,8023,2
3171,39.97875,115.7254444,7023,2
3172,39.98830556,115.429,7023,2
3173,40.03797222,115.468,8023,2
3174,39.86783333,115.5793056,7023,2
3175,39.8745,115.5709167,7023,2
3176,40.03966667,115.4859444,8023,2
3177,39.97638889,115.7045833,7023,2
3178,40.45347222,115.8561389,8023,2
3179,40.00172222,115.7757778,8023,2
3180,39.96616667,115.6779444,7023,2
3181,40.00108333,115.7768056,8023,2
3182,39.99936111,115.4835,7023,2
3183,40.07066667,116.0225278,8023,2
3184,40.35763889,115.3501111,8023,2
3185,40.12858333,115.4673889,8023,2
3186,40.71372222,114.4365,8022,2
3187,40.33016667,115.0232222,8023,2
3188,39.89986111,114.6111389,7022,2
3189,41.09866667,114.7616111,8022,2
3190,41.03905556,114.6026111,8022,2
3191,39.81777778,114.9511667,7022,2
3192,40.84877778,115.7518889,8023,2
3193,39.92133333,114.3762222,7022,2
3194,37.68613889,114.3581111,7022,2
3195,40.44416667,115.107,8023,2
3196,39.72216667,115.46225,7023,2
3197,37.06425,114.1615556,7022,2
3198,39.4595,114.9693056,7022,2
3199,38.14738889,114.8715,7022,2
3200,38.84294444,115.9652778,7023,2
3201,39.53786111,115.9308611,7023,2
3202,37.18119444,115.1071389,7023,2
3203,40.98288889,115.1808056,8023,2
3204,40.63069444,114.9729722,8022,2
3205,38.27233333,115.6358333,7023,2
3206,38.87983333,113.9679722,7022,2
3207,37.60919444,114.7985833,7022,2
3208,40.09177778,115.4807778,8023,2
3209,41.13944444,115.0188056,8023,2
3210,40.81880556,115.3617222,8023,2
3211,38.45852778,113.9980833,7022,2
3212,40.71175,114.3052778,8022,2
3213,40.39772222,114.8726111,8022,2
3214,40.68008333,114.9785278,8022,2
3215,40.65655556,114.733,8022,2
3216,39.14605556,115.3613889,7023,2
3217,40.27575,114.5274167,8022,2
3218,38.15547222,113.82975,7022,2
3219,37.35969444,115.63025,7023,2
3220,38.62644444,115.1749167,7023,2
3221,36.90405556,114.5646389,7022,2
3222,37.15536111,114.0725556,7022,2
3223,36.89483333,113.9330278,7022,2
3224,36.93291667,114.1792222,7022,2
3225,36.77805556,113.7263611,7022,2
3226,39.18147222,114.8150833,7022,2
3227,39.22530556,115.0223056,7023,2
3228,38.42791667,114.2248889,7022,2
3229,39.4195,115.3511667,7023,2
3230,40.82491667,114.6251111,8022,2
3231,36.76822222,113.7291667,7022,2
3232,39.94716667,114.1386667,7022,2
3233,40.00158333,115.2952778,8023,2
3234,41.08833333,110.6272222,8022,2
3235,40.54317778,110.4453111,8022,2
3236,41.03758333,111.4786111,8022,2
3237,40.34666667,110.8367222,8022,2
3238,40.21272222,111.3999444,8022,2
3239,40.35452778,111.1448333,8022,2
3240,40.61622222,111.0053333,8022,2
3241,40.62241667,111.9236944,8022,2
3242,40.43655556,112.0119167,8022,2
3243,40.49813889,111.42425,8022,2
3244,40.74525,111.3802778,8022,2
3245,41.03758333,111.9811111,8022,2
3246,39.78633333,110.1878917,7022,2
3247,39.82305556,111.4202778,7022,2
3248,40.73055556,110.2597222,8022,2
3249,37.56434083,113.7122136,7022,2
3250,37.60151944,112.320125,7022,2
3251,40.11399167,113.6211972,8022,2
3252,40.32549167,113.9107483,8022,2
3253,36.69597639,112.6977256,7022,2
3254,40.26558333,113.0076778,8022,2
3255,39.93172222,112.7082556,7022,2
3256,39.36783611,113.8248639,7022,2
3257,38.94416389,113.3462611,7022,2
3258,37.32932639,113.7360669,7022,2
3259,37.47306972,111.1872931,7022,2
3260,38.89201556,111.0318756,7022,2
3261,38.03004472,111.0830803,7022,2
3262,38.67773889,112.6096806,7022,2
3263,37.95898889,112.9784167,7022,2
3264,36.98803306,111.2280411,7022,2
3265,36.950705,113.5419061,7022,2
3266,37.88319444,111.9969556,7022,2
3267,39.08008056,113.5691583,7022,2
3268,39.069275,113.5897917,7022,2
3269,39.06122778,113.6749417,7022,2
3270,38.725025,111.8429194,7022,2
3271,38.72907222,111.8657667,7022,2
3272,39.78376667,113.2614778,7022,2
3273,37.239425,112.11325,7022,2
3274,40.53308833,114.199755,8022,2
3275,36.85443194,112.9912625,7022,2
3276,37.12370556,111.9687667,7022,2
3277,40.29486111,113.8075778,8022,2
3278,40.63263889,114.0749722,8022,2
3279,39.52730278,114.2731472,7022,2
3280,39.51613472,111.8014556,7022,2
3281,38.45260472,111.6710531,7022,2
3282,38.50389444,112.2968611,7022,2
3283,38.67888056,111.4503278,7022,2
3284,40.37243611,114.0603889,8022,2
3285,40.39838611,114.2258083,8022,2
3286,39.64975222,114.2614556,7022,2
3287,38.93705,113.3532333,7022,2
3288,39.76356667,114.2358917,7022,2
3289,39.50251111,113.8304056,7022,2
3290,37.26943972,113.4914592,7022,2
3291,39.56814,111.4361189,7022,2
3292,37.89301111,112.3196972,7022,2
3293,36.63272639,113.0764833,7022,2
3294,36.98726528,112.9183431,7022,2
3295,37.84325278,112.6606361,7022,2
3296,36.74382778,111.9067833,7022,2
3297,37.27990556,112.4788944,7022,2
3298,37.42658056,112.7141722,7022,2
3299,38.02175278,113.0549194,7022,2
3300,36.68150167,113.3888589,7022,2
3301,39.043125,113.6147806,7022,2
3302,39.00169167,113.4997806,7022,2
3303,38.90528889,113.6256778,7022,2
3304,40.42141667,114.1081389,8022,2
3305,40.23001944,114.0568639,8022,2
3306,37.29797778,111.82932,7022,2
3307,37.79154028,112.4425178,7022,2
3308,40.12861667,113.3999806,8022,2
3309,37.43815,112.4397667,7022,2
3310,36.85366361,113.4750103,7022,2
3311,40.15962222,112.4453778,8022,2
3312,39.37040278,113.9775222,7022,2
3313,37.50968389,111.1853553,7022,2
3314,38.54615833,112.2135417,7022,2
3315,36.82501667,111.7222278,7022,2
3316,37.93459722,111.9742889,7022,2
3317,38.51553889,112.2673333,7022,2
3318,37.88043611,112.0609,7022,2
3319,38.79601111,111.908525,7022,2
3320,39.21461111,110.4551667,7022,2
3321,38.23472222,110.23,7022,2
3322,39.17305556,110.6522222,7022,2
3323,39.28658333,110.4795278,7022,2
3324,38.04194444,110.1727778,7022,2
3325,38.88569444,110.4317778,7022,2
3326,38.15416667,110.3341667,7022,2
3327,39.51986111,110.9838333,7022,2
3328,38.06055556,110.2736111,7022,2
3329,38.70969444,110.4914722,7022,2
3330,40.054675,116.4906472,8023,2
3331,40.14102778,116.1775556,8023,2
3332,40.16784167,116.1589444,8023,2
3333,38.72645833,117.4691444,7023,2
3334,38.80015556,117.4824222,7023,2
3335,38.79530833,117.4875444,7023,2
3336,39.21998333,117.9701167,7023,2
3337,39.17365556,117.7768833,7023,2
3338,38.64120278,117.3937389,7023,2
3339,38.87381944,117.4745056,7023,2
3340,39.29996944,117.5813806,7023,2
3341,39.29965,117.5585111,7023,2
3342,38.75501111,117.2663806,7023,2
3343,40.15461111,117.294,8023,2
3344,40.15638889,117.2891667,8023,2
3345,40.23666667,116.1572222,8023,2
3346,40.01080556,116.0468333,8023,2
3347,39.19499722,116.5783472,7023,2
3348,39.59985833,116.0918056,7023,2
3349,40.02779444,116.281975,8023,2
3350,39.77428889,116.0415028,7023,2
3351,40.44191111,116.7944861,8023,2
3352,39.68396111,116.0794,7023,2
3353,40.595,117.01725,8023,2
3354,40.38377778,116.953575,8023,2
3355,40.15702778,117.2929444,8023,2
3356,40.25980556,116.1701667,8023,2
3357,40.34266667,116.3397778,8023,2
3358,40.56311111,117.0276944,8023,2
3359,40.56166667,117.0158056,8023,2
3360,40.33247222,116.2853611,8023,2
3361,40.33133333,116.2828889,8023,2
3362,38.90296667,117.3089167,7023,2
3363,39.60491667,116.9048,7023,2
3364,39.61841389,117.5066583,7023,2
3365,38.85385,116.77835,7023,2
3366,39.55308333,117.7576,7023,2
3367,38.67781667,117.2498833,7023,2
3368,39.41236667,117.8602,7023,2
3369,39.66476667,117.3708028,7023,2
3370,40.09436667,116.1895444,8023,2
3371,39.46222,117.7924561,7023,2
3372,40.10066667,116.1174722,8023,2
3373,40.23038889,116.3135556,8023,2
3374,39.02541667,116.9780333,7023,2
3375,38.65773611,117.5172194,7023,2
3376,38.6697,117.4356167,7023,2
3377,38.88455,117.13375,7023,2
3378,38.9051,117.2486833,7023,2
3379,39.06283333,117.04025,7023,2
3380,39.27261667,117.5754333,7023,2
3381,38.66815,117.3684167,7023,2
3382,38.84263333,117.1110667,7023,2
3383,39.46005,117.55895,7023,2
3384,39.30313333,117.9336167,7023,2
3385,39.37325,116.9029,7023,2
3386,38.81341667,116.8707333,7023,2
3387,39.3381,117.7795333,7023,2
3388,38.80823333,117.01095,7023,2
3389,38.61792222,117.3403639,7023,2
3390,38.86241667,117.0111333,7023,2
3391,38.76095,117.2403333,7023,2
3392,39.40273333,117.2862333,7023,2
3393,38.60436389,117.4159083,7023,2
3394,38.89073611,117.4785972,7023,2
3395,38.73827222,117.2234111,7023,2
3396,39.52026667,117.8384667,7023,2
3397,39.52403333,116.9750833,7023,2
3398,38.89781667,117.37575,7023,2
3399,38.58619167,117.3591056,7023,2
3400,38.80757778,117.2979611,7023,2
3401,38.66095,117.1232667,7023,2
3402,38.63066944,117.2761083,7023,2
3403,39.47868333,116.97695,7023,2
3404,38.61419167,117.2708222,7023,2
3405,39.44283333,117.3781333,7023,2
3406,39.48431667,117.0293017,7023,2
3407,39.25843333,117.5847278,7023,2
3408,39.45343333,117.7701167,7023,2
3409,39.26838333,117.7620167,7023,2
3410,39.41831667,117.8169333,7023,2
3411,40.16986389,116.2271278,8023,2
3412,39.65813333,117.3713583,7023,2
3413,39.53841667,116.8400667,7023,2
3414,39.65045,116.8753167,7023,2
3415,40.13605,116.3523639,8023,2
3416,39.77198333,116.4305278,7023,2
3417,39.65509722,116.7821278,7023,2
3418,39.82782778,116.78205,7023,2
3419,40.06988611,117.0095222,8023,2
3420,39.67241667,116.4569389,7023,2
3421,39.60918333,116.7690056,7023,2
3422,40.09379167,116.1257444,8023,2
3423,40.65836111,117.2269444,8023,2
3424,40.35936111,116.3072778,8023,2
3425,40.17045556,116.0714028,8023,2
3426,40.27700833,116.2099,8023,2
3427,40.27453889,116.6813139,8023,2
3428,40.25696944,116.8402639,8023,2
3429,39.92608333,116.0793611,7023,2
3430,40.19239167,117.0366056,8023,2
3431,40.43727222,116.94825,8023,2
3432,40.37725833,116.7880944,8023,2
3433,40.32635833,116.5162417,8023,2
3434,40.51752778,116.4646944,8023,2
3435,40.328,116.3521389,8023,2
3436,40.34986111,116.2929444,8023,2
3437,40.34661111,116.3534167,8023,2
3438,40.22916389,116.7062611,8023,2
3439,39.50710556,116.3461389,7023,2
3440,40.51808333,116.4696111,8023,2
3441,40.61355556,116.77675,8023,2
3442,40.08310556,116.0841667,8023,2
3443,40.34116667,116.48525,8023,2
3444,39.77030556,119.33725,7023,2
3445,40.69655556,117.9216389,8023,2
3446,39.23486111,118.77675,7023,2
3447,39.25947222,118.2378056,7023,2
3448,39.31672222,118.4538611,7023,2
3449,38.04358333,117.3220278,7023,2
3450,39.44008333,119.1555278,7023,2
3451,38.49275,117.5174167,7023,2
3452,41.17166667,116.0847222,8023,2
3453,40.2005,118.0654167,8023,2
3454,40.00102778,119.4653056,8023,2
3455,40.16602778,118.5282222,8023,2
3456,39.94358333,118.0647222,7023,2
3457,40.91783333,118.6877222,8023,2
3458,39.96786111,118.0388611,7023,2
3459,40.83138889,117.0436389,8023,2
3460,40.95366667,118.3030556,8023,2
3461,39.47002778,117.9700278,7023,2
3462,37.53363889,116.0653611,7023,2
3463,39.97252778,117.0353611,7023,2
3464,39.73422222,117.0588333,7023,2
3465,38.94263889,116.0954167,7023,2
3466,38.85305556,116.5008056,7023,2
3467,38.45061111,116.9186111,7023,2
3468,38.05427778,116.22125,7023,2
3469,39.90302778,118.7515278,7023,2
3470,40.01169444,119.2976111,8023,2
3471,39.47341667,118.7443056,7023,2
3472,40.68694444,116.0947778,8023,2
3473,41.06213889,116.4141111,8023,2
3474,40.87180556,118.4713889,8023,2
3475,41.17413889,117.2613889,8023,2
3476,40.78416667,118.36725,8023,2
3477,40.60169444,118.8646111,8023,2
3478,41.08472222,117.7489444,8023,2
3479,41.03713889,117.5831389,8023,2
3480,40.16877778,118.9521111,8023,2
3481,40.04736111,117.9685556,8023,2
3482,41.15977778,118.8242778,8023,2
3483,40.27369444,119.4646944,8023,2
3484,39.61463889,117.8255,7023,2
3485,39.79175,118.4388056,7023,2
3486,40.41297222,118.3143056,8023,2
3487,40.09402778,119.33275,8023,2
3488,41.08861111,116.8943056,8023,2
3489,40.37133333,119.0923056,8023,2
3490,40.20647222,119.0763889,8023,2
3491,40.40511111,118.3254444,8023,2
3492,40.58752778,118.2968611,8023,2
3493,39.74241667,119.1431389,7023,2
3494,40.10372222,118.9948611,8023,2
3495,40.38525,117.5699444,8023,2
3496,41.17752778,121.6878333,8024,2
3497,40.86352778,119.7303333,8023,2
3498,41.18402778,119.9786389,8023,2
3499,41.18666667,119.2216389,8023,2
3500,41.14530556,119.4947222,8023,2
3501,41.15,119.4888611,8023,2
3502,41.09438889,119.1189722,8023,2
3503,41.06833333,120.8185,8024,2
3504,41.15088889,119.1508889,8023,2
3505,39.16005556,121.7726389,7024,3
3506,38.99252778,121.6068889,7024,3
3507,40.87744444,120.97175,8024,2
3508,39.15219444,121.7474444,7024,3
3509,40.85833333,120.9526667,8024,2
3510,40.792,120.19475,8024,2
3511,40.66447222,119.9290278,8023,2
3512,41.11797222,121.2763056,8024,2
3513,41.10811111,119.6815278,8023,2
3514,41.16763889,119.6483333,8023,2
3515,40.28544444,120.2716667,8024,2
3516,39.31755556,121.8430833,7024,3
3517,40.49077778,120.1212778,8024,2
3518,41.16880556,119.6475,8023,2
3519,41.05369444,120.8348889,8024,2
3520,37.7275,118.9973611,7023,2
3521,37.75338889,118.9199444,7023,2
3522,37.79654083,120.9050539,7024,3
3523,36.63003389,119.1979853,7023,2
3524,37.47577778,121.0246667,7024,3
3525,36.66794444,118.4076111,7023,2
3526,36.77194444,117.2768611,7023,2
3527,37.42497222,120.1885833,7024,3
3528,36.66544444,120.8183056,7024,3
3529,36.74869444,119.1899167,7023,2
3530,36.77886111,117.2766944,7023,2
3531,36.61911111,119.8433889,7023,2
3532,37.92419444,118.5106389,7023,2
3533,37.16841667,118.0688611,7023,2
3534,37.44472222,118.3669444,7023,2
3535,37.61847222,118.8456111,7023,2
3536,37.53286111,117.9892778,7023,2
3537,37.80255556,117.9153333,7023,2
3538,37.10759583,116.4086464,7023,2
3539,37.28372111,116.3700975,7023,2
3540,37.67680556,118.8033056,7023,2
3541,37.6606125,118.4668767,7023,2
3542,37.69627778,117.8368333,7023,2
3543,37.61133333,117.1546667,7023,2
3544,36.73412944,119.4314078,7023,2
3545,37.38055556,117.1444444,7023,2
3546,36.82327778,116.9199167,7023,2
3547,36.84305333,119.1738053,7023,2
3548,36.83847222,118.9378611,7023,2
3549,36.93338889,118.9856944,7023,2
3550,36.92508333,116.1015556,7023,2
3551,37.45259417,120.1237025,7024,3
3552,36.82985222,119.3883231,7023,2
3553,37.37938889,117.1506389,7023,2
3554,36.72388889,117.2885556,7023,2
3555,37.19,116.5473889,7023,2
3556,36.79225,118.6451667,7023,2
3557,37.34625,120.2103333,7024,3
3558,37.41455556,120.6285556,7024,3
3559,37.31352778,120.1854722,7024,3
3560,37.39908333,120.2030278,7024,3
3561,36.66173528,118.3862042,7023,2
3562,36.67858333,119.3346944,7023,2
3563,37.59111111,118.9495833,7023,2
3564,37.63186111,118.8596111,7023,2
3565,37.39999,120.1962892,7024,3
3566,36.66661111,120.822,7024,3
3567,36.92038889,121.5821389,7024,3
3568,41.15131667,126.2052333,8025,1
3569,40.67538889,122.4268333,8024,2
3570,40.97188889,122.3046944,8024,2
3571,40.80533333,124.7945556,8024,2
3572,40.71325,124.6332778,8024,2
3573,40.71475,124.7592222,8024,2
3574,41.16541667,125.1009167,8025,1
3575,40.72625,122.85475,8024,2
3576,39.68430556,122.01455,7024,3
3577,40.04113889,124.0658889,8024,2
3578,40.72313889,124.6976389,8024,2
3579,39.92591667,123.5873889,7024,3
3580,40.66502778,122.5861944,8024,2
3581,39.898,123.6950833,7024,3
3582,39.82008333,123.5361389,7024,3
3583,40.55811111,123.2335556,8024,2
3584,40.66941667,124.7313889,8024,2
3585,40.33363889,124.1106111,8024,2
3586,40.29633333,123.3944444,8024,2
3587,41.09213889,125.0999722,8025,1
3588,39.77708333,122.9704722,7024,3
3589,40.00072222,123.7958889,8024,2
3590,40.69675,124.6167222,8024,2
3591,40.49761111,122.4105278,8024,2
3592,40.99608333,123.7523611,8024,2
3593,40.69155556,124.7051111,8024,2
3594,40.47516667,124.1459444,8024,2
3595,39.93255556,122.8476389,7024,3
3596,39.56338889,122.013,7024,3
3597,37.26886111,122.0302778,7024,3
3598,37.3965,122.2458611,7024,3
3599,41.26611111,80.19138889,8016,0
3600,44.23361111,80.57833333,8016,0
3601,44.19194444,80.50805556,8016,0
3602,44.14611111,80.72944444,8016,0
3603,44.07388889,80.76888889,8016,0
3604,41.69813889,80.40091667,8016,0
3605,44.56027778,86.24694444,8017,3
3606,41.24194444,86.36972222,8017,3
3607,43.07555556,81.10305556,8016,0
3608,44.65222222,82.81833333,8016,0
3609,43.13805556,84.33611111,8016,0
3610,43.13805556,84.485,8016,0
3611,43.08805556,86.05388889,8017,3
3612,43.10277778,85.39527778,8017,3
3613,44.82388889,82.5025,8016,0
3614,43.88694444,81.24333333,8016,0
3615,43.83416667,81.61694444,8016,0
3616,44.58583333,86.2575,8017,3
3617,42.2225,86.42833333,8017,3
3618,41.97333333,86.40833333,8017,3
3619,41.33611111,82.70944444,8016,0
3620,43.59388889,81.1825,8016,0
3621,44.57416667,82.90944444,8016,0
3622,43.72972222,81.16861111,8016,0
3623,41.54388889,82.68361111,8016,0
3624,45.4475,84.94222222,9016,0
3625,42.25194444,86.035,8017,3
3626,41.28694444,86.26833333,8017,3
3627,44.71,82.79555556,8016,0
3628,44.91666667,82.005,8016,0
3629,43.02138889,81.10805556,8016,0
3630,44.85583333,82.18055556,8016,0
3631,45.07611111,86.11277778,9017,0
3632,43.12388889,81.10777778,8016,0
3633,43.77527778,82.57638889,8016,0
3634,44.31027778,85.87444444,8017,3
3635,44.25527778,86.34638889,8017,3
3636,43.10861111,83.62833333,8016,0
3637,44.45555556,84.54722222,8016,0
3638,45.66361111,85.04527778,9017,0
3639,44.53888889,86.24166667,8017,3
3640,44.26527778,86.31416667,8017,3
3641,43.99083333,81.45111111,8016,0
3642,44.32611111,84.5775,8016,0
3643,44.18944444,86.56,8017,3
3644,44.29638889,85.78083333,8017,3
3645,44.36333333,85.05611111,8017,3
3646,43.97777778,81.55833333,8016,0
3647,44.3375,85.76972222,8017,3
3648,44.02333333,80.95,8016,0
3649,44.375,87.60777778,8017,3
3650,43.8575,90.55916667,8018,1
3651,42.79555556,89.44638889,8017,3
3652,42.65861111,89.81111111,8017,3
3653,42.65833333,89.81083333,8017,3
3654,42.65361111,89.41333333,8017,3
3655,42.73666667,89.44138889,8017,3
3656,42.16305556,86.74166667,8017,3
3657,44.17,88.83,8017,3
3658,44.22833333,88.9275,8017,3
3659,44.09388889,89.19305556,8017,3
3660,42.79388889,88.70027778,8017,3
3661,44.15305556,87.59166667,8017,3
3662,44.01916667,89.18944444,8017,3
3663,43.77222222,90.225,8018,1
3664,43.79472222,90.23138889,8018,1
3665,43.81583333,90.31527778,8018,1
3666,42.89555556,86.90666667,8017,3
3667,42.27861111,86.68916667,8017,3
3668,43.79166667,88.92333333,8017,3
3669,43.84055556,90.19361111,8018,1
3670,43.85888889,90.13555556,8018,1
3671,42.81972222,86.68916667,8017,3
3672,44.07333333,90.25305556,8018,1
3673,43.915,90.21,8018,1
3674,44.02472222,87.38361111,8017,3
3675,44.18972222,86.74555556,8017,3
3676,44.17194444,86.96083333,8017,3
3677,44.15,86.87027778,8017,3
3678,44.205,87.25555556,8017,3
3679,44.11638889,87.32083333,8017,3
3680,44.43194444,88.80472222,8017,3
3681,41.71088167,97.63678972,8019,2
3682,41.93140444,96.67388,8019,2
3683,41.61710361,96.98588028,8019,2
3684,41.50028417,96.96383889,8019,2
3685,41.92,97.54166667,8019,2
3686,44.2675,92.97277778,8018,1
3687,43.60111111,94.97277778,8018,1
3688,42.60388889,93.47527778,8018,1
3689,42.42166667,92.99166667,8018,1
3690,43.02,93.64583333,8018,1
3691,43.45027778,94.83194444,8018,1
3692,42.62527778,93.66805556,8018,1
3693,42.70833333,93.79,8018,1
3694,41.805775,99.92099722,8019,2
3695,41.83230278,102.8196472,8020,2
3696,41.44355,100.76315,8020,2
3697,42.02553889,100.0795,8020,2
3698,42.07016667,100.3380944,8020,2
3699,41.93933611,100.88655,8020,2
3700,41.92046667,101.0326306,8020,2
3701,41.80789167,100.4534889,8020,2
3702,42.01695278,101.9152778,8020,2
3703,42.028825,100.9041278,8020,2
3704,41.43996389,100.283075,8020,2
3705,41.98083333,101.2502778,8020,2
3706,41.97824722,100.6306583,8020,2
3707,42.50248889,101.2489361,8020,2
3708,41.78798056,100.9998389,8020,2
3709,41.23335833,100.50875,8020,2
3710,41.87040833,100.581525,8020,2
3711,42.12765278,100.9237,8020,2
3712,41.69688333,100.2894972,8020,2
3713,42.32246667,101.0651694,8020,2
3714,41.91232222,99.92041111,8019,2
3715,41.49040833,100.9466528,8020,2
3716,41.85916667,100.5975,8020,2
3717,41.72861667,100.7229278,8020,2
3718,41.98413056,101.1196639,8020,2
3719,41.74208056,100.0996778,8020,2
3720,41.92462222,110.1225056,8022,2
3721,42.12836111,107.7767222,8021,3
3722,41.37747222,106.0956667,8021,3
3723,41.45636111,106.9884722,8021,3
3724,42.25875833,109.848,8021,3
3725,41.48895,108.24405,8021,3
3726,41.72366667,108.3183611,8021,3
3727,41.51250833,108.6778639,8021,3
3728,41.42463889,109.2476111,8021,3
3729,41.52519444,114.2884722,8022,2
3730,41.47305556,113.9834722,8022,2
3731,41.36766667,114.8030278,8022,2
3732,41.27702778,114.4666667,8022,2
3733,42.03783333,114.6514722,8022,2
3734,41.34894444,115.5716667,8023,2
3735,41.51955556,116.0173056,8023,2
3736,41.4835,115.3134167,8023,2
3737,41.74533333,115.6517222,8023,2
3738,41.48811111,115.5095,8023,2
3739,41.68925,114.7546389,8022,2
3740,41.23869444,114.0898611,8022,2
3741,41.20355556,111.2819167,8022,2
3742,41.96630833,115.2772306,8023,2
3743,42.28544444,114.7776389,8022,2
3744,43.81991667,115.8876944,8023,2
3745,43.03765833,112.4652556,8022,2
3746,41.75692222,111.5850833,8022,2
3747,42.21819444,112.2713889,8022,2
3748,43.77808889,113.2011556,8022,2
3749,41.56363889,110.7053333,8022,2
3750,44.44344444,115.9159444,8023,2
3751,41.41466667,110.3908611,8022,2
3752,44.00366667,113.0530833,8022,2
3753,44.16377778,115.0250556,8023,2
3754,42.04659722,112.0809056,8022,2
3755,42.14,113.89,8022,2
3756,42.73941389,112.610975,8022,2
3757,41.88502778,114.0953333,8022,2
3758,43.69808333,114.8221389,8022,2
3759,41.25277778,111.6919444,8022,2
3760,42.27501667,111.6124806,8022,2
3761,41.64972222,111.7663889,8022,2
3762,43.54508333,115.0916389,8023,2
3763,43.64863889,112.3534306,8022,2
3764,42.40011111,117.2891667,8023,2
3765,42.39602778,117.3401944,8023,2
3766,42.19836111,117.0428056,8023,2
3767,42.23944444,117.2714444,8023,2
3768,41.82305556,117.8686944,8023,2
3769,42.54275,117.6628611,8023,2
3770,42.18480556,117.2214167,8023,2
3771,42.18344444,117.2188333,8023,2
3772,42.47338889,117.6739167,8023,2
3773,42.38425,117.7505,8023,2
3774,42.33055556,117.1852222,8023,2
3775,42.31908333,117.0129722,8023,2
3776,42.40641667,117.3802778,8023,2
3777,42.37791667,117.3779167,8023,2
3778,42.31766667,117.02025,8023,2
3779,42.31908333,117.0121111,8023,2
3780,41.48316667,117.5410278,8023,2
3781,41.24272222,118.5567222,8023,2
3782,42.56625,117.6864167,8023,2
3783,41.56880556,117.1293333,8023,2
3784,42.19586111,117.2472778,8023,2
3785,41.81494444,116.7733889,8023,2
3786,42.38122222,117.74625,8023,2
3787,41.93080556,118.1156667,8023,2
3788,41.56758333,116.7175,8023,2
3789,42.39219444,117.7770278,8023,2
3790,41.34513889,118.0340556,8023,2
3791,42.50547222,117.5067778,8023,2
3792,42.19416667,117.213,8023,2
3793,41.72091667,117.5341667,8023,2
3794,42.39325,117.2589444,8023,2
3795,41.94141667,117.37475,8023,2
3796,41.47463889,116.3470556,8023,2
3797,41.84708333,117.7439444,8023,2
3798,42.47425,117.5319722,8023,2
3799,42.21633333,117.4762778,8023,2
3800,42.39894444,117.3454167,8023,2
3801,41.92869444,116.9408611,8023,2
3802,41.36894444,116.1273333,8023,2
3803,41.59613889,116.0786111,8023,2
3804,41.55086111,120.5043611,8024,2
3805,42.02722222,119.8294167,8023,2
3806,41.43197222,120.02325,8024,2
3807,41.51994444,120.3438056,8024,2
3808,41.52833333,120.2743333,8024,2
3809,41.65852778,119.9061944,8023,2
3810,41.41002778,121.6820556,8024,2
3811,41.65058333,120.4698889,8024,2
3812,41.7145,120.5714167,8024,2
3813,42.02863889,120.9505833,8024,2
3814,41.32097222,119.5162778,8023,2
3815,42.18277778,121.3490556,8024,2
3816,41.46855556,120.7446944,8024,2
3817,42.32544444,121.8805278,8024,2
3818,41.20986111,119.5733889,8023,2
3819,41.38752778,119.8659167,8023,2
3820,41.21094444,119.5683333,8023,2
3821,41.45913889,121.6486944,8024,2
3822,41.54486111,119.5888889,8023,2
3823,41.31622222,121.5507778,8024,2
3824,43.38511111,116.7121111,8023,2
3825,43.81983333,116.513,8023,2
3826,44.20363611,117.6966167,8023,2
3827,43.56241667,117.6095278,8023,2
3828,43.77501667,117.4932472,8023,2
3829,43.73453889,117.4826417,8023,2
3830,43.91355556,118.563125,8023,2
3831,43.49984444,116.8239444,8023,2
3832,45.62222222,119.5898333,9023,1
3833,45.33908333,119.8216528,9023,1
3834,44.82795833,119.66765,8023,2
3835,44.9168,121.6595,8024,2
3836,41.37645833,119.2356639,8023,2
3837,43.13780278,118.7737667,8023,2
3838,42.88066389,119.6920472,8023,2
3839,44.93255556,120.3184444,8024,2
3840,43.34134167,119.5668417,8023,2
3841,45.45194444,119.5119444,9023,1
3842,42.38185,118.3830333,8023,2
3843,43.32344444,116.3403639,8023,2
3844,44.13702778,119.7397778,8023,2
3845,44.66602778,117.8874167,8023,2
3846,41.87905,119.0265583,8023,2
3847,43.52466667,118.0515278,8023,2
3848,44.59409722,119.7546167,8023,2
3849,42.687425,119.0109722,8023,2
3850,45.25011389,117.1958833,9023,1
3851,42.65708611,118.7121722,8023,2
3852,43.583625,116.1480778,8023,2
3853,42.20903056,116.3777556,8023,2
3854,44.96450833,116.1975472,8023,2
3855,43.47165278,117.7011111,8023,2
3856,44.04069444,119.4189167,8023,2
3857,45.69985556,117.9138944,9023,1
3858,41.5647,118.7766806,8023,2
3859,44.90836111,117.4324167,8023,2
3860,44.10896667,118.9326639,8023,2
3861,43.78708611,117.8914417,8023,2
3862,44.66455556,119.4107778,8023,2
3863,44.49636111,121.0817889,8024,2
3864,41.80317778,118.4491361,8023,2
3865,44.44765833,117.0870194,8023,2
3866,42.50529444,119.5740194,8023,2
3867,45.11422222,120.0436111,9024,0
3868,44.631225,119.0906,8023,2
3869,44.49072778,119.4768361,8023,2
3870,45.05083333,120.3022222,9024,0
3871,43.21238889,117.9278611,8023,2
3872,45.4835,126.9999722,9025,4
3873,45.35988889,127.3100278,9025,4
3874,45.29255556,127.3858333,9025,4
3875,45.27480556,127.35425,9025,4
3876,42.85781667,126.5176,8025,1
3877,44.77048333,123.7177667,8024,2
3878,45.3689,122.5255833,9024,0
3879,44.8419,122.9522167,8024,2
3880,44.935,123.494,8024,2
3881,44.803,123.716,8024,2
3882,43.45901667,123.652,8024,2
3883,44.06951667,125.2051167,8025,1
3884,45.42685,123.1302667,9024,0
3885,45.71743333,122.0984833,9024,0
3886,45.41238333,122.894,9024,0
3887,45.11775,125.9240333,9025,4
3888,44.16321667,124.7244167,8024,2
3889,45.42915,122.22315,9024,0
3890,44.46843333,126.0273,8025,1
3891,44.91953333,123.25785,8024,2
3892,45.24038333,125.7466,9025,4
3893,44.42735,124.5515667,8024,2
3894,43.63955,124.8233667,8024,2
3895,42.50311667,126.2504333,8025,1
3896,44.0983,125.2332,8025,1
3897,43.1572,124.3203167,8024,2
3898,45.03821667,126.7378333,9025,4
3899,45.00591667,126.7913667,9025,4
3900,43.75763333,124.89095,8024,2
3901,41.628,127.233,8025,1
3902,43.557,124.828,8024,2
3903,44.92693333,126.2348,8025,1
3904,43.23543333,124.4703667,8024,2
3905,44.84345,126.2346,8025,1
3906,45.12788333,126.5584333,9025,4
3907,44.81181667,126.2642833,8025,1
3908,43.01415,124.3902667,8024,2
3909,43.0159,124.6141333,8024,2
3910,42.32766667,127.2013333,8025,1
3911,45.12228333,126.5943833,9025,4
3912,43.22666667,125.8947,8025,1
3913,42.79411667,126.3774,8025,1
3914,44.84905,126.74895,8025,1
3915,44.61625,126.8803667,8025,1
3916,42.32533333,126.9872167,8025,1
3917,42.53728333,126.4670167,8025,1
3918,44.92083333,125.80625,8025,1
3919,45.01608333,124.1159833,9024,0
3920,44.53033333,125.0127,8025,1
3921,41.19423333,126.2913833,8025,1
3922,44.921,125.806,8025,1
3923,44.5706,126.0543833,8025,1
3924,44.468,126.027,8025,1
3925,43.42793333,126.0339833,8025,1
3926,43.03996667,126.6565667,8025,1
3927,42.81553333,125.99905,8025,1
3928,43.97601667,126.6620833,8025,1
3929,44.58823333,123.1614,8024,2
3930,45.00213333,124.3023,9024,0
3931,43.084,124.716,8024,2
3932,45.04011667,123.2479167,9024,0
3933,45.53256667,122.0309833,9024,0
3934,44.72635,123.0263833,8024,2
3935,45.15833333,123.8645333,9024,0
3936,44.52853333,122.8043333,8024,2
3937,44.28595,124.0175167,8024,2
3938,45.29891667,125.00875,9025,4
3939,45.03636667,124.1042667,9024,0
3940,45.24238333,125.0754167,9025,4
3941,45.14523333,124.1529,9024,0
3942,41.56641667,127.1801167,8025,1
3943,42.7969,125.2884833,8025,1
3944,43.181,126.0811667,8025,1
3945,42.296,127.11925,8025,1
3946,44.78476667,125.949,8025,1
3947,44.778,126.072,8025,1
3948,42.04336667,125.8078833,8025,1
3949,43.86005,124.5696333,8024,2
3950,42.52178333,127.1353833,8025,1
3951,41.97491667,126.41495,8025,1
3952,44.5821,122.6077,8024,2
3953,44.93183333,125.2296833,8025,1
3954,42.04606667,127.7744833,8025,1
3955,42.5531,126.4739333,8025,1
3956,45.12156667,125.92505,9025,4
3957,41.53458333,125.0685,8025,1
3958,42.69013889,124.6819444,8024,2
3959,41.823,125.2725,8025,1
3960,41.43661111,125.3786667,8025,1
3961,41.30722222,121.9899722,8024,2
3962,42.82491667,124.0225833,8024,2
3963,43.19661111,124.0386667,8024,2
3964,42.75030556,123.338,8024,2
3965,42.72922222,124.7212222,8024,2
3966,42.22858333,125.1693611,8025,1
3967,43.21752778,123.8988611,8024,2
3968,41.28641667,124.2013333,8024,2
3969,42.15913889,125.0424722,8025,1
3970,41.99791667,124.5967778,8024,2
3971,42.06644444,123.8304444,8024,2
3972,42.95511111,124.2315278,8024,2
3973,42.14944444,124.1256667,8024,2
3974,41.22866667,124.5144722,8024,2
3975,42.88166667,123.7477778,8024,2
3976,41.57263889,123.9053889,8024,2
3977,42.23766667,125.1676389,8025,1
3978,42.04316667,123.8391111,8024,2
3979,42.22841667,125.1718889,8025,1
3980,41.53175,125.0638611,8025,1
3981,41.94461111,125.0686389,8025,1
3982,41.44708333,124.5923889,8024,2
3983,41.63030556,125.1489722,8025,1
3984,41.96980556,123.3880556,8024,2
3985,41.59344444,123.5530833,8024,2
3986,41.63686111,123.6493333,8024,2
3987,41.74069444,123.6668056,8024,2
3988,41.83388889,123.5666667,8024,2
3989,41.94336111,124.1116111,8024,2
3990,42.30988889,122.4075556,8024,2
3991,42.79102778,123.3083056,8024,2
3992,42.67741667,122.7074167,8024,2
3993,41.90305556,123.3181389,8024,2
3994,41.82363889,123.55425,8024,2
3995,41.41961111,122.5366667,8024,2
3996,41.77536111,122.1979167,8024,2
3997,42.319,122.3974167,8024,2
3998,42.97252778,123.2943333,8024,2
3999,41.88888889,122.6157222,8024,2
4000,42.54927778,123.2596667,8024,2
4001,43.26794444,124.0410278,8024,2
4002,41.44380556,125.3979722,8025,1
4003,41.50844444,125.116,8025,1
4004,42.83405556,124.637,8024,2
4005,42.69144444,124.6875,8024,2
4006,42.72675,124.9136111,8024,2
4007,42.28,125.2313889,8025,1
4008,42.01555556,124.19275,8024,2
4009,41.74866667,125.2685,8025,1
4010,42.90794444,123.7919722,8024,2
4011,42.29975,124.2779167,8024,2
4012,43.24416667,124.0123333,8024,2
4013,42.03766667,123.8376667,8024,2
4014,41.38713889,124.8271389,8024,2
4015,41.43761111,123.9184444,8024,2
4016,41.88461111,124.7158056,8024,2
4017,41.78758333,124.6015556,8024,2
4018,41.37405556,125.3678333,8025,1
4019,42.65283333,124.90275,8024,2
4020,41.27722222,124.8183333,8024,2
4021,41.49763889,124.3648056,8024,2
4022,42.07713889,123.9878333,8024,2
4023,42.64511667,123.7777778,8024,2
4024,41.24544444,122.8645556,8024,2
4025,42.10736111,123.4978056,8024,2
4026,42.06125,123.4267778,8024,2
4027,41.89,123.5886111,8024,2
4028,42.71036111,122.5251111,8024,2
4029,43.32669444,123.7859444,8024,2
4030,42.82183333,122.3743611,8024,2
4031,41.39802778,124.9616111,8024,2
4032,42.29488889,123.1261944,8024,2
4033,42.12694444,123.836,8024,2
4034,42.00538889,123.8493889,8024,2
4035,43.20818056,122.2426222,8024,2
4036,43.17029167,123.162925,8024,2
4037,43.36691667,123.0339583,8024,2
4038,44.1325,122.3761111,8024,2
4039,43.33055556,123.2672222,8024,2
4040,41.83441944,123.5733556,8024,2
4041,43.67388889,123.3958333,8024,2
4042,44.10944444,123.2433333,8024,2
4043,43.69666667,123.3183333,8024,2
4044,45.72866667,133.2188611,9026,0
4045,45.74980556,133.2888056,9026,0
4046,43.96375,129.3580556,8025,1
4047,45.53772222,133.082,9026,0
4048,45.63591667,133.2255556,9026,0
4049,45.72186111,132.7475833,9026,0
4050,45.64216667,131.8605,9026,0
4051,45.77125,132.3997222,9026,0
4052,45.65152778,131.9806389,9026,0
4053,44.29225,129.5243333,8025,1
4054,44.08958333,129.3671667,8025,1
4055,44.06819444,129.3351111,8025,1
4056,45.39013889,130.2759444,9026,0
4057,45.63313889,133.3683611,9026,0
4058,45.65277778,131.8598889,9026,0
4059,45.30558333,131.3785278,9026,0
4060,44.30875,129.5268056,8025,1
4061,45.65066667,133.2270278,9026,0
4062,45.40252778,128.1959167,9025,4
4063,45.16344444,128.7825556,9025,4
4064,45.14919444,128.8056944,9025,4
4065,45.74558333,128.1581389,9025,4
4066,45.64311111,133.3783889,9026,0
4067,45.49730556,130.1832222,9026,0
4068,45.65955556,131.8621389,9026,0
4069,42.31713333,128.1506167,8025,1
4070,43.34088333,128.3065333,8025,1
4071,43.5566,128.43435,8025,1
4072,42.51938333,128.61475,8025,1
4073,41.50245,128.23325,8025,1
4074,43.39565,128.51365,8025,1
4075,42.68241667,129.5239167,8025,1
4076,43.58948333,128.1042667,8025,1
4077,43.49486667,128.2245667,8025,1
4078,43.53041667,127.9548667,8025,1
4079,42.41305,128.1061333,8025,1
4080,43.3597,127.9557333,8025,1
4081,43.3964,128.2090333,8025,1
4082,43.29191667,129.7899167,8025,1
4083,43.77578333,130.3008833,8026,0
4084,42.059,128.0590167,8025,1
4085,42.07351667,128.0632667,8025,1
4086,43.2703,128.6372167,8025,1
4087,43.74688333,128.163,8025,1
4088,41.43861667,128.1256667,8025,1
4089,43.75068333,128.3110833,8025,1
4090,43.19536667,128.3204167,8025,1
4091,42.932,129.478,8025,1
4092,42.47195,129.7025833,8025,1
4093,42.804,129.792,8025,1
4094,42.02888333,128.0655333,8025,1
4095,42.43238333,128.1166833,8025,1
4096,43.22561667,130.0990333,8026,0
4097,46.50055556,83.48555556,9016,0
4098,46.53833333,83.71916667,9016,0
4099,46.87277778,84.21777778,9016,0
4100,46.74388889,83.90305556,9016,0
4101,46.57388889,83.62638889,9016,0
4102,46.55583333,83.60777778,9016,0
4103,46.93833333,83.12055556,9016,0
4104,46.75,83.59888889,9016,0
4105,46.54472222,83.31555556,9016,0
4106,46.70722222,82.95222222,9016,0
4107,46.82111111,83.03111111,9016,0
4108,46.51944444,82.89972222,9016,0
4109,47.27944444,87.742538,9017,0
4110,47.50138889,87.57222222,9017,0
4111,47.64027778,88.26833333,9017,0
4112,47.42527778,87.70944444,9017,0
4113,47.77777778,88.04111111,9017,0
4114,47.48416667,87.85138889,9017,0
4115,47.54861111,87.1825,9017,0
4116,47.0675,87.41833333,9017,0
4117,47.02805556,87.35444444,9017,0
4118,47.62583333,87.16916667,9017,0
4119,47.27944444,87.7425,9017,0
4120,49.18916667,120.3391667,9024,0
4121,49.40433333,117.6511667,9023,1
4122,49.32033333,120.7981667,9024,0
4123,49.223,120.2275,9024,0
4124,49.18666667,120.3415,9024,0
4125,49.57883333,117.3031667,9023,1
4126,49.1855,120.0823333,9024,0
4127,48.04516667,117.8121667,9023,1
4128,48.53283333,119.6271667,9023,1
4129,48.44883333,117.2533333,9023,1
4130,45.8955,121.4983333,9024,0
4131,46.63266667,121.113,9024,0
4132,49.3141,119.3982167,9023,1
4133,49.55231667,117.5551,9023,1
4134,46.83523333,121.72785,9024,0
4135,49.27516667,120.1831667,9024,0
4136,46.57428333,121.3084167,9024,0
4137,45.91713889,117.0922778,9023,1
4138,46.58535,121.1130167,9024,0
4139,49.20468333,119.78895,9023,1
4140,48.2635,120.01995,9024,0
4141,49.18008333,120.3438833,9024,0
4142,48.71777778,126.1130556,9025,4
4143,46.92677778,125.9255556,9025,4
4144,46.47811111,125.4313333,9025,4
4145,48.49727778,126.2025556,9025,4
4146,46.88602778,124.0736111,9024,0
4147,48.92727778,126.8967778,9025,4
4148,48.17638889,124.6974722,9024,0
4149,48.139,124.9771111,9024,0
4150,47.22952778,125.8973889,9025,4
4151,47.05372222,125.6806111,9025,4
4152,47.82802778,124.6807778,9024,0
4153,47.83741667,124.6081111,9024,0
4154,46.88702778,124.1127778,9024,0
4155,46.90686111,124.3293889,9024,0
4156,47.30641667,123.2353056,9024,0
4157,47.31291667,123.2483889,9024,0
4158,47.22355556,123.3791944,9024,0
4159,46.26491667,125.2985278,9025,4
4160,46.85522222,125.6811111,9025,4
4161,46.80591667,124.4213333,9024,0
4162,46.76247222,125.5869444,9025,4
4163,46.50263889,125.2356667,9025,4
4164,48.96736111,125.0054167,9025,4
4165,48.07297222,126.3948611,9025,4
4166,48.99766667,125.0013889,9025,4
4167,48.68825,124.8283611,9024,0
4168,48.41427778,126.2064167,9025,4
4169,48.69541667,124.8196389,9024,0
4170,48.38830556,126.2203889,9025,4
4171,46.69672222,126.1271667,9025,4
4172,47.74433333,123.3445278,9024,0
4173,47.41958333,126.0644444,9025,4
4174,45.77486111,127.5725833,9025,4
4175,46.82711111,127.4410556,9025,4
4176,46.69113889,127.0895556,9025,4
4177,47.45397222,126.3904722,9025,4
4178,46.83566667,126.5123611,9025,4
4179,47.7435,126.1794722,9025,4
4180,48.05755556,126.3486111,9025,4
4181,47.65191667,126.0713056,9025,4
4182,46.71880556,127.4278611,9025,4
4183,47.83122222,124.4517778,9024,0
4184,46.67244444,126.6839444,9025,4
4185,47.36705556,124.2510278,9024,0
4186,46.88827778,124.1124722,9024,0
4187,46.66475,124.6476111,9024,0
4188,46.60308333,125.1859167,9025,4
4189,46.61958333,125.1923333,9025,4
4190,47.41502778,123.2360833,9024,0
4191,46.60472222,124.6380278,9024,0
4192,46.64566667,125.7275278,9025,4
4193,46.88336111,124.4014167,9024,0
4194,47.2595,124.6181944,9024,0
4195,46.52308333,125.2448056,9025,4
4196,45.84430556,127.7760833,9025,4
4197,47.71088889,123.2447778,9024,0
4198,48.87352778,126.8273611,9025,4
4199,49.04997222,127.0441111,9025,4
4200,48.69383333,124.8978611,9024,0
4201,49.43816667,127.2599444,9025,4
4202,46.68780556,126.6823611,9025,4
4203,47.74483333,126.1794167,9025,4
4204,46.8805,122.5503333,9024,0
4205,47.52616667,122.4365,9024,0
4206,47.721,122.6051667,9024,0
4207,48.31133333,124.4621667,9024,0
4208,49.52183333,124.2721667,9024,0
4209,48.49233333,124.3891667,9024,0
4210,50.09611667,125.0097167,10025,3
4211,46.60295,123.21685,9024,0
4212,49.8028,124.6186167,9024,0
4213,49.55968333,124.1518167,9024,0
4214,47.34526667,121.9216833,9024,0
4215,46.79993333,121.9580167,9024,0
4216,45.90805556,132.3797222,9026,0
4217,46.82972222,131.693,9026,0
4218,49.28633333,128.2646111,9025,4
4219,49.24891667,128.2018611,9025,4
4220,47.01541667,128.0545556,9025,4
4221,46.80986111,131.7419167,9026,0
4222,46.70633333,131.8470833,9026,0
4223,46.85927778,131.7186389,9026,0
4224,46.79366667,131.7451389,9026,0
4225,46.68513889,131.82775,9026,0
4226,49.25627778,128.2274722,9025,4
4227,45.81005556,129.3469444,9025,4
4228,46.18486111,133.0695,9026,0
4229,46.31905556,132.8172222,9026,0
4230,46.16819444,132.9828611,9026,0
4231,45.7935,128.8632778,9025,4
4232,45.82055556,133.0341389,9026,0
4233,49.49430556,128.2843611,9025,4
4234,46.00991667,132.9932778,9026,0
4235,45.79038889,128.8605,9025,4
4236,46.85466667,133.4746111,9026,0
4237,47.101,128.2371667,9025,4
4238,47.18997222,128.3689722,9025,4
4239,47.16925,128.3454167,9025,4
4240,45.77252778,129.9718333,9025,4
4241,47.10269444,128.237,9025,4
4242,45.83122222,129.3627778,9025,4
4243,47.42666667,128.4380833,9025,4
4244,46.6845,131.8285556,9026,0
4245,47.59525,128.49775,9025,4
4246,45.81525,129.8269167,9025,4
4247,46.84622222,133.2150556,9026,0
4248,46.87491667,133.97825,9026,0
4249,47.36086111,133.8843611,9026,0
4250,51.60963889,123.9468056,10024,4
4251,51.56147222,124.3299444,10024,4
4252,51.62597222,124.1348056,10024,4
4253,50.4515,124.135,10024,4
4254,50.55366667,123.8908333,10024,4
4255,50.57498333,123.6965167,10024,4
4256,37.525736,118.90878,7023,2
4257,38.076017,118.81435,7023,2
4258,38.075839,118.81434,7023,2
4259,38.075535,118.81431,7023,2
4260,38.076059,118.8141,7023,2
4261,38.075751,118.81408,7023,2
4262,38.075434,118.81406,7023,2
4263,38.076093,118.8139,7023,2
4264,38.075404,118.81391,7023,2
4265,37.731367,118.98476,7023,2
4266,37.731427,118.9843,7023,2
4267,37.731588,118.98385,7023,2
4268,37.7311,118.98473,7023,2
4269,37.731308,118.98435,7023,2
4270,37.731376,118.98399,7023,2
4271,38.075734,118.81389,7023,2
4272,37.525353,118.90849,7023,2
4273,37.52537,118.9089,7023,2
4274,37.525387,118.90929,7023,2
4275,37.525668,118.90802,7023,2
4276,37.525702,118.90836,7023,2
4277,37.525931,118.90847,7023,2
4278,37.525961,118.90886,7023,2
4279,37.526323,118.90763,7023,2
4280,37.525893,118.9081,7023,2
4281,37.526416,118.90828,7023,2
4282,37.5265,118.908,7023,2
4283,37.526565,118.908,7023,2
4284,37.526595,118.90832,7023,2
4285,37.525144,118.90918,7023,2
4286,37.525165,118.90953,7023,2
4287,37.525183,118.90992,7023,2
4288,37.526348,118.90797,7023,2
4289,43.00528,119.64889,8023,2
4290,43.04083,119.64,8023,2
4291,43.00361,119.63861,8023,2
4292,32.3667,80.4,6016,3
4293,29.6,94.6,5018,4
4294,30.5167,91.05,6018,3
4295,30.7667,90.9833,6018,3
4296,30.5667,91.1,6018,3
4297,39.95,115.4166667,7023,2
4298,39.96666667,115.4333333,7023,2
4299,24.9167,117.5,4023,1
4300,25.1333,117.45,5023,4
4301,25.0833,116.3667,5023,4
4302,25.7167,116.9,5023,4
4303,26.5,117.6833,5023,4
4304,26.8,117.9833,5023,4
4305,27.75,117.85,5023,4
4306,26.8333,119.9167,5023,4
4307,26.15,117.4667,5023,4
4308,36.7425,109.2591667,7021,1
4309,36.72333333,109.2458333,7021,1
4310,36.73666667,109.2611111,7021,1
4311,36.74583333,109.2533333,7021,1
4312,36.72,109.2508333,7021,1
4313,36.73944444,109.2533333,7021,1
4314,36.76166667,109.2508333,7021,1
4315,36.75222222,109.2513889,7021,1
4316,35.73639167,104.5069278,7020,4
4317,35.75350278,104.560375,7020,4
4318,35.74019167,104.5108639,7020,4
4319,35.72527778,104.4883333,7020,4
4320,35.72515833,104.4915861,7020,4
4321,47.21583333,128.8713889,9025,4
4322,47.21361111,128.87,9025,4
4323,36.63960556,109.6788667,7021,1
4324,36.53434444,109.5394722,7021,1
4325,36.70145278,109.5979639,7021,1
4326,36.59217222,109.6099944,7021,1
4327,36.64249722,109.6775528,7021,1
4328,36.63381389,109.5731722,7021,1
4329,36.67203611,109.6430694,7021,1
4330,36.58966111,109.5824139,7021,1
4331,36.69955833,109.5997194,7021,1
4332,36.67903611,109.6707139,7021,1
4333,36.67532778,109.6715694,7021,1
4334,36.64437778,109.5945222,7021,1
4335,36.53456111,109.5400111,7021,1
4336,36.70143333,109.5982222,7021,1
4337,36.59225,109.6105111,7021,1
4338,36.64228056,109.6780194,7021,1
4339,36.64047778,109.5932444,7021,1
4340,36.63138611,109.5978694,7021,1
4341,36.61145833,109.5897,7021,1
4342,36.62801111,109.5424139,7021,1
4343,28.397694,114.831389,5022,2
4344,30.106389,112.361056,6022,2
4345,31.613889,117.291806,6023,4
4346,47.20325,124.20675,9024,0
4347,48.5375,123.086611,9024,0
4348,22.894167,111.101056,4022,1
4349,48.8625,126.295556,9025,4
4350,49.178333,120.975,9024,0
4351,50.648889,121.595833,10024,4
4352,42.759333,124.096,8024,2
4353,44.020278,125.206111,8025,1
4354,44.526667,126.853333,8025,1
4355,45.543056,123.376389,9024,0
4356,45.085611,123.896111,9024,0
4357,42.242778,119.055556,8023,2
4358,40.382778,117.540833,8023,2
4359,41.348917,122.087139,8024,2
4360,31.491667,114.245,6022,2
4361,41.285278,114.026944,8022,2
4362,41.416111,115.786389,8023,2
4363,37.16875,105.147222,7021,1
4364,37.273917,107.335583,7021,1
4365,37.853056,106.373861,7021,1
4366,31.391944,107.120556,6021,2
4367,24.394444,111.517778,4022,1
4368,21.2625,110.222083,4022,1
4369,25.680833,112.038222,5022,2
4370,23.235833,102.808056,4020,0
4371,23.905278,108.130556,4021,0
4372,26.286389,105.888333,5021,1
4373,36.828889,108.2075,7021,1
4374,33.354722,104.981389,6020,4
4375,35.424167,116.04,7023,2
4376,33.596944,117.558056,6023,4
4377,36.291306,103.426833,7020,4
4378,34.351306,119.820833,6023,4
4379,42.4018,128.0953,8025,1
4380,23.1723,112.5356,4022,1
4381,23.1687,112.5483,4022,1
4382,23.1759,112.5235,4022,1
4383,42.1414,128.1284,8025,1
4384,23.1657,112.557,4022,1
4385,42.061,128.068,8025,1
4386,42.0667,128.0659,8025,1
4387,31.3689,110.4988,6022,2
4388,31.6454,110.3337,6022,2
4389,39.958,115.4256,7023,2
4390,31.3086,110.4777,6022,2
4391,31.5139,110.3413,6022,2
4392,31.6576,110.3374,6022,2
4393,37.42194444,110.1652778,7022,2
4394,34.78,108.5288889,6021,2
4395,36.74027778,109.2530556,7021,1
4396,38.74611111,110.4966667,7022,2
4397,37.02,118.81,7023,2
4398,37.02,118.47,7023,2
4399,37.0,118.33,7023,2
4400,37.0,118.64,7023,2
4401,37.47,118.76,7023,2
4402,37.63,118.51,7023,2
4403,37.8,118.97,7023,2
4404,37.14,118.52,7023,2
4405,37.44,118.42,7023,2
4406,37.18,118.39,7023,2
4407,37.6,118.73,7023,2
4408,37.83,118.35,7023,2
4409,37.88,118.42,7023,2
4410,37.72,118.5,7023,2
4411,37.87,118.34,7023,2
4412,37.76,119.09,7023,2
4413,37.29,118.49,7023,2
4414,37.36,118.57,7023,2
4415,37.54,118.8,7023,2
4416,37.66,118.49,7023,2
4417,37.47,118.27,7023,2
4418,37.53,118.78,7023,2
4419,37.66,118.5,7023,2
4420,37.76,119.06,7023,2
4421,37.86,118.35,7023,2
4422,37.87,118.78,7023,2
4423,37.83,118.8,7023,2
4424,37.82,118.36,7023,2
4425,37.69,118.86,7023,2
4426,37.8,118.82,7023,2
4427,44.53333333,86.51666667,8017,3
4428,44.51666667,86.08333333,8017,3
4429,31.39451,90.31165,6018,3
4430,31.99041,84.82623,6016,3
4431,29.47731,86.63114,5017,1
4432,30.60217,91.24899,6018,3
4433,31.03267,85.15258,6017,1
4434,31.27495,92.15315,6018,3
4436,32.26039,91.64105,6018,3
4437,31.80736,87.41588,6017,1
4438,37.6,101.3,7020,4
4439,37.6,101.3167,7020,4
4440,25.62311111,116.45625,5023,4
4441,40.73,105.61,8021,3
4442,40.79,104.88,8020,2
4443,39.86,98.66,7019,3
4444,40.14,97.26,8019,2
4445,40.57,96.67,8019,2
4446,25.67094444,116.4348889,5023,4
4447,25.66158333,116.4822222,5023,4
4448,25.67136111,116.4353889,5023,4
4449,25.67555556,116.4823611,5023,4
4450,41.57,95.3,8019,2
4451,25.66713889,116.4569167,5023,4
4452,41.45,107.0,8021,3
4453,43.27,91.26,8018,1
4454,40.88,104.45,8020,2
4455,42.99,90.43,8018,1
4456,41.14,100.46,8020,2
4457,45.43,119.72,9023,1
4458,44.99,118.75,8023,2
4459,44.67,117.9,8023,2
4460,44.47,117.18,8023,2
4461,44.22,116.51,8023,2
4462,43.93,115.7,8023,2
4463,43.98,114.83,8022,2
4464,43.85,114.09,8022,2
4465,43.82,113.47,8022,2
4466,43.71,112.92,8022,2
4467,43.63,112.2,8022,2
4468,43.38,111.96,8022,2
4469,43.15,111.36,8022,2
4470,42.93,110.82,8022,2
4471,42.62,110.29,8022,2
4472,43.4,91.91,8018,1
4473,43.13,92.81,8018,1
4474,42.97,93.46,8018,1
4475,42.7,93.98,8018,1
4476,42.26,94.28,8018,1
4477,42.01,101.71,8020,2
4478,41.66,100.98,8020,2
4479,41.96,102.34,8020,2
4480,41.8,107.47,8021,3
4481,41.83,107.61,8021,3
4482,41.87,108.05,8021,3
4483,41.91,108.71,8021,3
4484,42.16,109.17,8021,3
4485,42.42,109.81,8021,3
4486,41.72,103.11,8020,2
4487,41.36,103.76,8020,2
4488,42.22,87.38,8017,3
4489,49.53,118.01,9023,1
4490,49.88,119.99,9023,1
4491,50.05,119.28,10023,0
4492,49.78,118.53,9023,1
4493,40.24,99.34,8019,2
4494,49.34,117.09,9023,1
4495,48.86,116.89,9023,1
4496,48.5,117.15,9023,1
4497,48.34,117.98,9023,1
4498,48.09,118.46,9023,1
4499,47.66,119.3,9023,1
4500,46.38,120.48,9024,0
4501,40.69,106.04,8021,3
4502,37.6,101.3166667,7020,4
4503,42.40389,117.25861,8023,2
4504,42.40472,117.28139,8023,2
4505,42.35889,117.39417,8023,2
4506,42.35972,117.21722,8023,2
4507,41.02139,80.95111,8016,0
4508,36.95667,81.32028,7016,4
4509,40.685,82.005,8016,0
4510,45.381,132.327,9026,0
4511,47.587,133.501,9026,0
4513,51.085,125.132,10025,3
4514,26.48694444,106.9988889,5021,1
4515,26.48666667,106.9780556,5021,1
4516,26.45805556,106.9519444,5021,1
4517,26.47166667,106.9427778,5021,1
4518,26.45833333,106.9502778,5021,1
4519,26.47111111,106.9430556,5021,1
4520,26.45583333,106.9547222,5021,1
4521,26.45777778,106.9519444,5021,1
4522,26.45694444,106.9513889,5021,1
4523,26.47027778,106.9441667,5021,1
4524,26.48722222,106.9805556,5021,1
4525,26.47,106.9441667,5021,1
4526,26.45722222,106.9508333,5021,1
4527,38.79,99.59,7019,3
4528,37.73,101.93,7020,4
4529,38.8,99.6,7019,3
4530,37.79,101.97,7020,4
4531,38.4,100.66,7020,4
4532,38.41,100.66,7020,4
4533,41.5167,86.8167,8017,3
4534,38.65,86.5,7017,3
4535,37.7333,75.25,7015,3
4536,39.1,75.5667,7015,3
4537,36.7833,100.2667,7020,4
4538,42.9,83.7167,8016,0
4539,36.8,111.5,7022,2
4540,35.8667,115.4667,7023,2
4541,35.05,114.3,7022,2
4542,45.6667,126.6167,9025,4
4543,34.4667,111.1167,6022,2
4544,34.4167,116.3333,6023,4
4545,32.9167,115.1,6023,4
4546,36.9,120.7,7024,3
4547,26.75,111.8667,5022,2
4548,36.5167,115.1,7023,2
4549,25.72,117.1,5023,4
4550,30.5333,114.8667,6022,2
4551,30.7,111.2667,6022,2
4552,32.2,114.1,6022,2
4553,45.8,84.7167,9016,0
4554,47.73333333,133.5166667,9026,0
4555,25.4667,114.4667,5022,2
4556,37.0333,75.5667,7015,3
4557,39.75,98.5333,7019,3
4558,48.81,87.0667,9017,0
4559,29.9667,113.8833,5022,2
4560,27.26542,105.623954,5021,1
4561,26.898675,105.364184,5021,1
4562,26.924694,105.515906,5021,1
4563,26.969233,105.488579,5021,1
4564,27.062095,103.874134,5020,4
4565,27.183223,105.427755,5021,1
4566,27.053695,105.778408,5021,1
4567,26.567115,105.226874,5021,1
4568,27.273076,106.15786,5021,1
4569,27.285424,106.164739,5021,1
4570,26.889893,105.350921,5021,1
4571,27.208778,106.175216,5021,1
4572,26.540913,105.224781,5021,1
4573,27.062159,105.774199,5021,1
4574,27.260901,105.496122,5021,1
4575,26.915642,104.111206,5020,4
4576,27.274942,105.62988,5021,1
4577,27.091172,105.781955,5021,1
4578,26.539836,105.224719,5021,1
4579,26.549269,105.228037,5021,1
4580,26.553771,105.222531,5021,1
4581,26.936248,104.116867,5020,4
4582,27.067393,103.896188,5020,4
4583,27.039557,104.150391,5020,4
4584,26.913782,104.113724,5020,4
4585,27.069952,103.934627,5020,4
4586,27.046865,103.840028,5020,4
4587,27.235233,104.18315,5020,4
4588,26.643611,104.290278,5020,4
4589,27.237779,104.200075,5020,4
4590,26.913099,103.945,5020,4
4591,26.90951,104.116578,5020,4
4592,27.052507,104.039902,5020,4
4593,27.129972,104.309558,5020,4
4594,27.05936,103.945762,5020,4
4595,26.8918,103.933998,5020,4
4596,26.919399,103.943001,5020,4
4597,27.020901,103.894997,5020,4
4598,27.07189,104.046926,5020,4
4599,27.066783,103.8536,5020,4
4600,27.034599,103.896004,5020,4
4601,27.05356,104.025633,5020,4
4602,27.060874,105.725129,5021,1
4603,27.081724,103.867991,5020,4
4604,26.992645,103.863242,5020,4
4605,27.0331,104.040875,5020,4
4606,27.319023,104.269038,5020,4
4607,26.878113,104.039107,5020,4
4608,27.034745,103.85312,5020,4
4609,27.301859,106.232564,5021,1
4610,26.89606,105.359957,5021,1
4611,27.286026,106.187595,5021,1
4612,27.050867,105.785093,5021,1
4613,27.318897,104.921971,5020,4
4614,26.549545,105.228164,5021,1
4615,26.906673,105.519577,5021,1
4616,26.556445,105.227966,5021,1
4617,27.178162,105.413371,5021,1
4618,27.180266,105.418945,5021,1
4619,27.29077,106.206989,5021,1
4620,27.053411,105.785983,5021,1
4621,26.768808,106.075011,5021,1
4622,27.198266,104.8879,5020,4
4623,27.178555,104.7218,5020,4
4624,27.344291,106.650048,5021,1
4625,27.23946,105.9913,5021,1
4626,26.933606,106.073062,5021,1
4627,27.443078,106.072901,5021,1
4628,27.303185,105.0301,5021,1
4629,27.25293,106.0087,5021,1
4630,27.326425,104.274627,5020,4
4631,27.618344,106.078081,5021,1
4632,27.618304,106.080614,5021,1
4633,27.566417,105.893054,5021,1
4634,27.3214,106.053,5021,1
4635,26.548355,105.226843,5021,1
4636,27.2813,105.918,5021,1
4637,27.620701,106.084542,5021,1
4638,27.571057,106.064589,5021,1
4639,27.570667,106.067773,5021,1
4640,27.573765,106.068507,5021,1
4641,27.619528,106.083406,5021,1
4642,27.19923,105.691,5021,1
4643,27.472795,106.067795,5021,1
4644,27.299072,106.23406,5021,1
4645,27.051498,105.775543,5021,1
4646,27.321345,104.927522,5020,4
4647,27.178653,105.412739,5021,1
4648,27.028567,105.763586,5021,1
4649,27.181892,105.420995,5021,1
4650,26.894323,105.354811,5021,1
4651,27.287279,106.180594,5021,1
4652,26.548703,105.226621,5021,1
4653,26.575693,105.223923,5021,1
4654,27.178525,105.424023,5021,1
4655,26.912277,105.367115,5021,1
4656,26.980526,105.702668,5021,1
4657,26.55556,105.231452,5021,1
4658,26.907601,105.519635,5021,1
4659,27.027672,105.77469,5021,1
4660,27.020502,105.722289,5021,1
4661,26.923897,105.51569,5021,1
4662,27.303944,106.230391,5021,1
4663,26.986791,105.713276,5021,1
4664,27.328201,104.268435,5020,4
4665,27.069497,104.041858,5020,4
4666,27.231297,104.233266,5020,4
4667,27.085153,103.874705,5020,4
4668,27.216772,104.181821,5020,4
4669,27.062215,103.877015,5020,4
4670,26.98596,105.713786,5021,1
4671,26.84906,105.2263,5021,1
4672,27.34764,105.802311,5021,1
4673,27.302242,106.199743,5021,1
4674,27.315171,104.927773,5020,4
4675,26.9559,103.936997,5020,4
4676,27.056536,105.777615,5021,1
4677,27.09096,103.877587,5020,4
4678,27.20549,105.6518,5021,1
4679,27.050115,103.850755,5020,4
4680,27.024695,103.993307,5020,4
4681,27.034252,103.998042,5020,4
4682,27.087998,105.780097,5021,1
4683,26.95479,105.47963,5021,1
4684,26.938906,105.480666,5021,1
4685,26.90529,105.37216,5021,1
4686,26.962069,105.486983,5021,1
4687,27.293337,106.230086,5021,1
4688,26.9863,105.653,5021,1
4689,26.895556,105.359417,5021,1
4690,27.213139,106.172922,5021,1
4691,27.028318,105.776036,5021,1
4692,27.041683,105.781077,5021,1
4693,27.291743,106.229897,5021,1
4694,27.305347,106.227917,5021,1
4695,27.212834,106.175548,5021,1
4696,27.255169,105.497229,5021,1
4697,27.047262,105.745686,5021,1
4698,26.91608,105.4879,5021,1
4699,26.89418,105.4194,5021,1
4700,27.417506,106.243415,5021,1
4701,27.33812,105.806206,5021,1
4702,27.278673,104.931367,5020,4
4703,27.31643,104.924829,5020,4
4704,27.300004,106.203162,5021,1
4705,27.285412,104.936983,5020,4
4706,27.12554,106.0085,5021,1
4707,27.091338,105.776191,5021,1
4708,26.987,106.278056,5021,1
4709,27.0604,105.7225,5021,1
4710,26.92045,105.5825,5021,1
4711,27.0095,105.616,5021,1
4712,27.0298,105.636,5021,1
4713,27.215783,105.1488,5021,1
4714,27.0319,105.629,5021,1
4715,27.063036,105.726547,5021,1
4716,27.036281,105.743004,5021,1
4717,26.539874,105.225196,5021,1
4718,26.894167,105.927222,5021,1
4719,26.8488,105.1936,5021,1
4720,27.188113,105.3417,5021,1
4721,26.93182,105.1124,5021,1
4722,26.88411,105.5981,5021,1
4723,27.096933,105.839534,5021,1
4724,26.999,105.618,5021,1
4725,27.004265,105.922236,5021,1
4726,26.848,105.4998,5021,1
4727,26.89612,105.4278,5021,1
4728,26.87928,105.0306,5021,1
4729,27.15081,105.7043,5021,1
4730,26.9883,106.293611,5021,1
4731,26.87187,105.5905,5021,1
4732,27.2921,106.0,5021,1
4733,26.551914,105.224296,5021,1
4734,27.18886,105.6501,5021,1
4735,27.05485,105.83009,5021,1
4736,27.286208,106.186275,5021,1
4737,27.285429,106.182525,5021,1
4738,27.260815,105.495272,5021,1
4739,27.092698,105.782275,5021,1
4740,27.25584,105.4972,5021,1
4741,26.93475,105.5782,5021,1
4742,26.95872,105.4368,5021,1
4743,26.93959,105.5444,5021,1
4744,27.05859,105.725,5021,1
4745,27.047986,105.85218,5021,1
4746,26.84102,105.5645,5021,1
4747,27.014515,105.857,5021,1
4748,26.92004,105.593,5021,1
4749,26.97124,105.502,5021,1
4750,26.8478,105.2107,5021,1
4751,27.268539,105.638424,5021,1
4752,26.559925,105.226808,5021,1
4753,27.298884,106.179859,5021,1
4754,27.205558,104.189889,5020,4
4755,26.932501,103.934998,5020,4
4756,27.088052,103.869922,5020,4
4757,27.009563,103.869112,5020,4
4758,27.073749,103.879668,5020,4
4759,27.041892,104.000882,5020,4
4760,27.133906,104.30807,5020,4
4761,27.038813,104.022358,5020,4
4762,26.948653,104.150559,5020,4
4763,27.076705,103.876715,5020,4
4764,26.870751,104.022145,5020,4
4765,27.091088,103.881148,5020,4
4766,27.072414,104.034491,5020,4
4767,27.232442,104.238176,5020,4
4768,27.049801,103.885002,5020,4
4769,27.070913,103.875253,5020,4
4770,27.0273,103.885002,5020,4
4771,27.226631,104.18849,5020,4
4772,26.946505,104.161622,5020,4
4773,27.073143,103.887062,5020,4
4774,27.027032,103.828635,5020,4
4775,27.061953,104.0367,5020,4
4776,27.067118,103.88193,5020,4
4777,26.908199,103.936997,5020,4
4778,26.987073,103.866645,5020,4
4779,26.905399,103.945,5020,4
4780,27.135977,104.309244,5020,4
4781,27.22377,104.198988,5020,4
4782,26.945501,104.159956,5020,4
4783,27.204087,104.195388,5020,4
4784,27.126904,106.194878,5021,1
4785,26.9067,103.953003,5020,4
4786,27.030399,103.890999,5020,4
4787,26.6425,104.286667,5020,4
4788,26.814899,103.991997,5020,4
4789,26.643611,104.290556,5020,4
4790,27.27666,106.161099,5021,1
4791,27.265641,105.625383,5021,1
4792,27.20931,106.169018,5021,1
4793,27.216239,106.175728,5021,1
4794,27.33899,105.799716,5021,1
4795,27.295127,104.944187,5020,4
4796,27.416832,106.243454,5021,1
4797,27.286189,106.167541,5021,1
4798,27.293191,106.239399,5021,1
4799,27.339661,105.798794,5021,1
4800,27.095394,105.776423,5021,1
4801,27.316753,104.928125,5020,4
4802,26.889943,105.351312,5021,1
4803,26.983183,105.705272,5021,1
4804,27.289909,104.914942,5020,4
4805,27.052228,103.943308,5020,4
4806,27.011801,103.898003,5020,4
4807,27.281179,106.162068,5021,1
4808,27.091025,103.862577,5020,4
4809,27.012887,103.822538,5020,4
4810,27.225441,104.184061,5020,4
4811,27.041339,104.012932,5020,4
4812,27.236067,104.244265,5020,4
4813,26.861099,104.001999,5020,4
4814,27.074201,103.868875,5020,4
4815,27.059433,103.850337,5020,4
4816,26.840959,104.125181,5020,4
4817,27.063192,105.726308,5021,1
4818,27.41739,106.244686,5021,1
4819,27.416011,106.243721,5021,1
4820,27.291932,104.941486,5020,4
4821,27.297499,106.204501,5021,1
4822,27.098805,105.776124,5021,1
4823,27.03746,103.824195,5020,4
4824,26.90952,105.0711,5021,1
4825,27.259251,103.831524,5020,4
4826,27.19621,105.6832,5021,1
4827,27.22883,105.6194,5021,1
4828,26.599142,103.796223,5020,4
4829,26.548948,104.027723,5020,4
4830,26.741944,104.396816,5020,4
4831,27.092559,103.693739,5020,4
4832,27.134958,103.752338,5020,4
4833,27.112022,103.859451,5020,4
4834,26.756389,103.995,5020,4
4835,27.176732,104.5223,5020,4
4836,27.197713,104.273216,5020,4
4837,27.200068,104.239163,5020,4
4838,27.191899,104.477637,5020,4
4839,27.211704,104.20169,5020,4
4840,27.057507,104.056595,5020,4
4841,27.251597,104.170229,5020,4
4842,27.213616,104.250802,5020,4
4843,27.214577,104.196337,5020,4
4844,27.174137,104.502474,5020,4
4845,27.242716,104.192761,5020,4
4846,27.167107,104.320082,5020,4
4847,27.166686,104.515275,5020,4
4848,27.04839,105.2707,5021,1
4849,27.369042,106.314998,5021,1
4850,27.272235,106.259465,5021,1
4851,27.411529,106.697851,5021,1
4852,26.981667,106.2875,5021,1
4853,27.12337,106.233695,5021,1
4854,26.985278,106.301944,5021,1
4855,26.55535,105.2524,5021,1
4856,26.8216,103.987999,5020,4
4857,26.917299,103.961998,5020,4
4858,27.390554,103.992548,5020,4
4859,27.264052,104.091049,5020,4
4860,26.8992,103.941002,5020,4
4861,26.9163,103.964996,5020,4
4862,26.905001,103.933998,5020,4
4863,27.049845,103.750764,5020,4
4864,27.103132,103.878725,5020,4
4865,27.3678,105.6359,5021,1
4866,27.089607,103.753799,5020,4
4867,26.731339,106.016252,5021,1
4868,27.06568,105.7286,5021,1
4869,27.336714,106.583031,5021,1
4870,27.588283,105.3712,5021,1
4871,27.232,105.9674,5021,1
4872,26.738038,106.09068,5021,1
4873,27.331668,104.001732,5020,4
4874,26.590014,104.608309,5020,4
4875,26.550293,103.8287,5020,4
4876,27.312494,104.108661,5020,4
4877,27.052437,104.4656,5020,4
4878,27.346764,104.046707,5020,4
4879,27.129424,104.4303,5020,4
4880,27.393098,103.980532,5020,4
4881,27.318724,104.028811,5020,4
4882,27.390521,103.974856,5020,4
4883,27.407557,103.97123,5020,4
4884,27.152567,104.3522,5020,4
4885,26.602742,104.08108,5020,4
4886,27.360962,103.994801,5020,4
4887,26.692447,103.868104,5020,4
4888,26.652226,103.877985,5020,4
4889,27.280932,104.145273,5020,4
4890,26.585017,104.062719,5020,4
4891,26.9422,103.943001,5020,4
4892,26.86994,105.5329,5021,1
4893,27.143029,104.306322,5020,4
4894,27.116614,103.834027,5020,4
4895,27.230844,103.824708,5020,4
4896,27.140843,103.782914,5020,4
4897,27.150841,103.743821,5020,4
4898,27.063502,103.688232,5020,4
4899,27.204787,103.836921,5020,4
4900,27.199744,103.824543,5020,4
4901,27.152092,103.726659,5020,4
4902,27.238481,103.8233,5020,4
4903,27.064434,103.763156,5020,4
4904,26.990805,103.830224,5020,4
4905,27.185479,104.005659,5020,4
4906,27.269884,103.881918,5020,4
4907,27.12681,103.811168,5020,4
4908,27.114205,103.820085,5020,4
4909,27.251802,103.855546,5020,4
4910,26.872868,104.446538,5020,4
4911,27.23367,104.202125,5020,4
4912,27.083525,103.814846,5020,4
4913,27.240992,104.173228,5020,4
4914,26.8704,104.010002,5020,4
4915,27.224502,104.177899,5020,4
4916,27.098991,103.860644,5020,4
4917,27.138945,103.807148,5020,4
4918,27.226751,103.793838,5020,4
4919,27.256799,103.829073,5020,4
4920,26.648935,104.632531,5020,4
4921,27.17096,104.506108,5020,4
4922,27.044757,104.150942,5020,4
4923,27.078503,103.825724,5020,4
4924,27.321488,104.001732,5020,4
4925,27.242707,104.4017,5020,4
4926,27.134915,103.816843,5020,4
4927,27.323264,104.272361,5020,4
4928,27.091911,103.846384,5020,4
4929,27.130403,103.849198,5020,4
4930,27.113415,103.704525,5020,4
4931,27.258702,104.209034,5020,4
4932,27.059365,104.061911,5020,4
4933,26.758889,103.993333,5020,4
4934,27.196564,104.240933,5020,4
4935,27.200813,104.297397,5020,4
4936,26.8391,103.990997,5020,4
4937,27.21657,104.281206,5020,4
4938,27.005795,103.831903,5020,4
4939,27.20401,104.284602,5020,4
4940,27.223674,103.821097,5020,4
4941,27.147546,104.313613,5020,4
4942,27.080525,103.666541,5020,4
4943,27.117441,103.827007,5020,4
4944,27.104757,103.817027,5020,4
4945,27.184763,103.999447,5020,4
4946,27.138194,103.745457,5020,4
4947,26.849961,104.186648,5020,4
4948,27.095226,103.821725,5020,4
4949,27.311231,104.011259,5020,4
4950,27.277098,104.4214,5020,4
4951,26.985038,103.847489,5020,4
4952,27.189614,103.829784,5020,4
4953,26.712169,104.515655,5020,4
4954,26.849228,104.184847,5020,4
4955,27.111139,103.744793,5020,4
4956,27.31003,104.121112,5020,4
4957,27.12131,103.792492,5020,4
4958,26.839441,104.155157,5020,4
4959,26.63931,104.087751,5020,4
4960,26.94914,105.134,5021,1
4961,26.859723,104.024898,5020,4
4962,27.184521,104.501396,5020,4
4963,27.232648,104.175039,5020,4
4964,27.269649,104.194906,5020,4
4965,27.275532,104.199564,5020,4
4966,26.822599,103.982002,5020,4
4967,27.198785,104.469494,5020,4
4968,27.209276,104.195717,5020,4
4969,26.56962,105.2576,5021,1
4970,27.486345,105.4032,5021,1
4971,26.83073,105.3471,5021,1
4972,26.857844,106.098436,5021,1
4973,27.367708,106.45812,5021,1
4974,26.9268,103.936997,5020,4
4975,27.078565,103.858663,5020,4
4976,27.069243,103.909872,5020,4
4977,26.875433,104.021137,5020,4
4978,27.072067,103.886348,5020,4
4979,26.911215,104.115366,5020,4
4980,27.227401,104.20428,5020,4
4981,27.049973,103.822855,5020,4
4982,27.020701,103.891998,5020,4
4983,27.072296,104.060768,5020,4
4984,27.004047,103.86568,5020,4
4985,27.03181,104.011534,5020,4
4986,26.9175,103.948998,5020,4
4987,27.051323,104.019367,5020,4
4988,27.040899,103.891998,5020,4
4989,27.0541,105.695,5021,1
4990,27.688962,105.3998,5021,1
4991,27.037701,103.889999,5020,4
4992,27.052733,103.879852,5020,4
4993,26.9555,103.941002,5020,4
4994,26.690542,104.53025,5020,4
4995,26.9245,106.021736,5021,1
4996,27.372739,106.457798,5021,1
4997,27.1014,103.70702,5020,4
4998,27.116233,103.713601,5020,4
4999,27.243756,103.808935,5020,4
5000,26.707904,104.536988,5020,4
5001,27.195843,104.4178,5020,4
5002,27.03906,104.4755,5020,4
5003,27.037913,104.4553,5020,4
5004,26.704199,104.527824,5020,4
5005,27.281527,104.097503,5020,4
5006,26.688537,104.14129,5020,4
5007,27.295815,103.972646,5020,4
5008,26.51609,104.052635,5020,4
5009,26.696545,104.525149,5020,4
5010,26.683614,104.198992,5020,4
5011,27.157913,104.3478,5020,4
5012,27.1935,104.4229,5020,4
5013,27.205595,104.4128,5020,4
5014,26.725419,104.145517,5020,4
5015,27.220746,104.4029,5020,4
5016,27.26111,104.060483,5020,4
5017,26.608669,103.795757,5020,4
5018,27.32349,105.2072,5021,1
5019,27.186605,104.4322,5020,4
5020,26.9083,103.940002,5020,4
5021,27.039125,104.140645,5020,4
5022,26.87724,104.024293,5020,4
5023,26.940901,103.934998,5020,4
5024,26.90307,105.6072,5021,1
5025,26.703656,104.3904,5020,4
5026,26.898199,103.946999,5020,4
5027,27.494292,106.584436,5021,1
5028,27.007,105.612,5021,1
5029,26.94184,105.5073,5021,1
5030,27.25087,104.194343,5020,4
5031,27.206717,104.47065,5020,4
5032,27.19629,104.476248,5020,4
5033,27.270834,104.184953,5020,4
5034,26.943253,104.133106,5020,4
5035,27.341522,104.9974,5020,4
5036,27.03204,105.1249,5021,1
5037,27.241276,104.7344,5020,4
5038,27.18204,104.7059,5020,4
5039,27.269374,104.187033,5020,4
5040,27.091492,103.811062,5020,4
5041,27.287435,104.019885,5020,4
5042,27.044757,103.765347,5020,4
5043,26.677655,104.175652,5020,4
5044,27.117398,103.84785,5020,4
5045,27.166527,103.731653,5020,4
5046,26.9182,103.953003,5020,4
5047,27.061595,103.884645,5020,4
5048,26.765278,103.978889,5020,4
5049,27.23584,104.192535,5020,4
5050,26.818899,103.988998,5020,4
5051,26.9146,103.955002,5020,4
5052,27.049754,104.012342,5020,4
5053,27.054045,103.860468,5020,4
5054,27.24967,106.0523,5021,1
5055,27.317,106.01,5021,1
5056,27.05841,105.1813,5021,1
5057,27.223272,104.203566,5020,4
5058,27.201046,104.473599,5020,4
5059,27.043872,103.814775,5020,4
5060,27.625102,105.3544,5021,1
5061,26.94801,105.926528,5021,1
5062,26.83129,105.972598,5021,1
5063,26.725944,106.033209,5021,1
5064,27.079871,106.001646,5021,1
5065,27.2438,104.167566,5020,4
5066,27.332201,106.317696,5021,1
5067,27.05672,103.980745,5020,4
5068,26.9198,103.934998,5020,4
5069,26.85742,105.5199,5021,1
5070,27.510707,105.3193,5021,1
5071,27.250838,104.177202,5020,4
5072,27.088339,106.001147,5021,1
5073,27.221322,104.202043,5020,4
5074,27.23127,104.167123,5020,4
5075,27.245399,104.208514,5020,4
5076,27.274123,104.7382,5020,4
5077,27.26413,105.6666,5021,1
5078,34.07688,107.69115,6021,2
5079,18.75556,108.97222,3021,2
5080,50.9443,121.49238,10024,4
5081,29.78417,110.09028,5022,2
5082,23.17037,112.54048,4022,1
5083,39.9778,115.42695,7023,2
5084,33.361708,88.495603,6017,1
5085,33.316872,88.427156,6017,1
5086,33.223575,88.304122,6017,1
5087,33.243756,88.747033,6017,1
5088,33.070592,88.674453,6017,1
5089,32.615067,88.939117,6017,1
5090,32.984542,88.356139,6017,1
5091,33.301803,88.585244,6017,1
5092,33.018567,88.688981,6017,1
5093,29.517356,94.426492,5018,4
5094,29.094158,93.410417,5018,4
5095,29.167311,93.523889,5018,4
5096,29.116306,93.831878,5018,4
5097,29.184897,94.002831,5018,4
5098,29.271228,94.312583,5018,4
5099,29.365689,94.409286,5018,4
5100,29.076497,92.913825,5018,4
5101,29.113817,93.114533,5018,4
5102,29.041539,93.160278,5018,4
5103,29.017717,93.219697,5018,4
5104,33.357486,88.550994,6017,1
5105,33.254589,88.675658,6017,1
5106,29.090589,92.749794,5018,4
5107,29.127597,92.655633,5018,4
5108,29.166628,92.561828,5018,4
5109,29.135208,92.532281,5018,4
5110,29.031917,92.351444,5018,4
5111,29.225914,92.211617,5018,4
5112,29.238522,91.994103,5018,4
5113,36.74,109.28,7021,1
5114,36.76,109.27,7021,1
5115,33.22709167,102.6142389,6020,4
5116,33.22717778,102.6141972,6020,4
5117,33.22706667,102.6143583,6020,4
5118,36.76,109.28,7021,1
5119,33.226975,102.6141306,6020,4
5120,33.226925,102.6142944,6020,4
5121,33.22705278,102.6142361,6020,4
5122,33.22711667,102.6141583,6020,4
5123,36.86,109.35,7021,1
5124,36.73,109.28,7021,1
5125,44.36417,116.3628,8023,2
5126,44.3625,116.3622,8023,2
5127,44.50039,117.6266,8023,2
5128,44.50159,117.6277,8023,2
5129,44.49571,117.6319,8023,2
5130,44.36389,116.3625,8023,2
5131,49.4264,120.2158,9024,0
5132,44.35694,116.3669,8023,2
5133,49.42624,120.216,9024,0
5134,44.35806,116.3658,8023,2
5135,49.42701,120.2182,9024,0
5136,43.44472,116.1827,8023,2
5137,43.44496,116.184,8023,2
5138,43.44488,116.1837,8023,2
5139,43.44524,116.1827,8023,2
5140,43.44468,116.1827,8023,2
5141,44.505,117.6221,8023,2
5142,50.37833,119.3845,10023,0
5143,50.40458,119.3752,10023,0
5144,50.38701,119.386,10023,0
5145,50.38524,119.3865,10023,0
5146,49.42731,120.2167,9024,0
5147,50.38423,119.3888,10023,0
5148,49.51269,118.8707,9023,1
5149,49.51357,118.8842,9023,1
5150,49.50902,118.8766,9023,1
5151,49.5109,118.8757,9023,1
5152,49.43161,120.2043,9024,0
5153,49.42975,120.2075,9024,0
5154,49.43032,120.2064,9024,0
5155,49.42995,120.2077,9024,0
5156,49.42798,120.2192,9024,0
5157,49.51476,118.8834,9023,1
5158,44.49651,117.6315,8023,2
5159,43.06666667,124.3166667,8024,2
5160,46.08333333,127.0333333,9025,4
5161,47.2,127.1,9025,4
5162,46.68333333,126.9666667,9025,4
5163,46.38333333,127.1666667,9025,4
5164,48.13333333,126.7166667,9025,4
5165,48.15,126.2166667,9025,4
5166,48.36666667,124.9,9024,0
5167,48.66666667,124.9833333,9024,0
5168,48.86666667,126.1166667,9025,4
5169,48.85,126.1,9025,4
5170,49.13333333,125.6,9025,4
5171,47.41666667,126.7666667,9025,4
5172,45.55,126.4666667,9025,4
5173,45.38333333,126.4,9025,4
5174,44.88333333,126.2166667,8025,1
5175,47.58333333,126.1166667,9025,4
5176,44.2,125.55,8025,1
5177,43.98333333,125.4,8025,1
5178,43.43333333,124.7,8024,2
5179,43.31666667,124.4666667,8024,2
5180,42.83333333,124.1,8024,2
5181,43.31666667,124.45,8024,2
5182,44.5,125.7333333,8025,1
5183,29.64381056,91.35254976,5018,4
5184,29.87148389,91.75931946,5018,4
5185,29.83763839,91.78811568,5018,4
5186,29.68818466,91.30834993,5018,4
5187,29.70319144,91.51414517,5018,4
5188,29.72552213,90.73833325,5018,4
5189,29.73465253,90.70197833,5018,4
5190,29.71042663,91.50324744,5018,4
5191,29.73630353,90.69495195,5018,4
5192,29.7404454,90.76281995,5018,4
5193,29.7539087,91.4180404,5018,4
5194,30.042041,92.11222442,6018,3
5195,29.67155275,91.35169242,5018,4
5196,30.02128813,91.14705981,6018,3
5197,30.02874167,90.78814221,6018,3
5198,30.07924592,91.5712916,6018,3
5199,30.10163189,92.22335653,6018,3
5200,30.22786272,91.37670562,6018,3
5201,30.29784975,91.52007715,6018,3
5202,30.32556639,91.64569673,6018,3
5203,30.42427039,91.73612571,6018,3
5204,30.02305561,90.81127456,6018,3
5205,30.0790318,91.61560588,6018,3
5206,30.43467594,91.80436273,6018,3
5207,30.02627479,90.82409131,6018,3
5208,30.43746209,91.87938873,6018,3
5209,30.44419382,91.83052383,6018,3
5210,30.50356077,91.76205624,6018,3
5211,30.55382352,91.7668671,6018,3
5212,29.90765493,91.05864854,5018,4
5213,29.92575028,91.96433172,5018,4
5214,29.94346478,91.95966424,5018,4
5215,29.97609333,91.92842661,5018,4
5216,30.0183386,92.03674437,6018,3
5217,29.86433744,91.75450935,5018,4
5218,36.05146111,108.542325,7021,1
5219,36.08420278,108.5268611,7021,1
5220,36.07672222,108.5349972,7021,1
5221,36.08494722,108.5266722,7021,1
5222,37.22,97.51,7019,3
5223,37.05,97.63,7019,3
5224,36.87,98.54,7019,3
5225,36.86,98.57,7019,3
5226,36.49,96.25,7019,3
5227,36.45,98.39,7019,3
5228,36.99,98.2,7019,3
5229,36.55,94.98,7018,1
5230,33.33,97.12,6019,0
5231,32.89,95.3,6019,0
5232,33.04,96.85,6019,0
5233,33.05,96.85,6019,0
5234,33.03,96.84,6019,0
5235,33.04,96.86,6019,0
5236,36.9,98.52,7019,3
5237,33.36,96.99,6019,0
5238,33.32,97.12,6019,0
5239,36.0,97.41,7019,3
5240,35.41,102.25,7020,4
5241,35.53,102.25,7020,4
5242,35.41,102.23,7020,4
5243,35.42,102.24,7020,4
5244,36.27,101.96,7020,4
5245,36.28,102.24,7020,4
5246,36.37,101.57,7020,4
5247,35.23,101.85,7020,4
5248,33.27,100.63,6020,4
5249,32.9,100.92,6020,4
5250,34.45,100.21,6020,4
5251,36.72,102.38,7020,4
5252,32.89,100.66,6020,4
5253,33.37,101.35,6020,4
5254,33.38,101.34,6020,4
5255,35.88,94.55,7018,1
5256,36.41,98.67,7019,3
5257,36.39,98.73,7019,3
5258,37.04,97.86,7019,3
5259,35.88,94.53,7018,1
5260,35.88,94.51,7018,1
5261,37.45,97.26,7019,3
5262,35.47,100.74,7020,4
5263,36.13,100.65,7020,4
5264,37.0,102.13,7020,4
5265,36.38,101.55,7020,4
5266,37.35,97.12,7019,3
5267,37.26,97.41,7019,3
5268,31.88,96.89,6019,0
5269,37.53,99.32,7019,3
5270,37.38,101.41,7020,4
5271,37.53,99.33,7019,3
5272,37.37,99.33,7019,3
5273,38.09,100.35,7020,4
5274,37.17,99.16,7019,3
5275,37.13,99.52,7019,3
5276,38.06,100.24,7020,4
5277,37.29,101.43,7020,4
5278,37.4,101.99,7020,4
5279,37.24,101.85,7020,4
5280,31.88,96.58,6019,0
5281,37.42333,109.52444,7021,1
5282,37.42583,109.51861,7021,1
5283,37.42639,109.51861,7021,1
5284,37.42222,109.52306,7021,1
5285,39.33028,110.62222,7022,2
5286,38.44028,110.29667,7022,2
5287,38.43972,110.29639,7022,2
5288,38.44111,110.29611,7022,2
5289,38.44,110.29667,7022,2
5290,38.44083,110.29667,7022,2
5291,39.31417,110.61417,7022,2
5292,39.30972,110.61306,7022,2
5293,39.33472,110.59472,7022,2
5294,39.3325,110.62083,7022,2
5295,37.42306,109.52417,7021,1
5296,38.44,110.29694,7022,2
5297,35.385,108.13972,7021,1
5298,35.37056,108.15889,7021,1
5299,34.51611,108.12194,6021,2
5300,34.31083,108.07222,6021,2
5301,34.55611,108.20806,6021,2
5302,35.38444,108.13944,7021,1
5303,35.38583,108.14028,7021,1
5304,35.38361,108.13861,7021,1
5305,35.38806,107.48306,7021,1
5306,34.52083,108.11833,6021,2
5307,36.18288889,117.1078333,7023,2
5308,36.20527778,117.0941944,7023,2
5309,36.2065,117.0970556,7023,2
5310,36.212,117.1137778,7023,2
5311,36.24266667,117.1078611,7023,2
5312,36.25633333,117.1053889,7023,2
5313,36.25822222,117.0822778,7023,2
5314,29.73555556,103.1969444,5020,4
5315,29.79333333,103.1677778,5020,4
5316,29.75722222,103.1902778,5020,4
5317,29.79555556,103.1738889,5020,4
5318,29.79305556,103.1752778,5020,4
5319,38.753915,100.646093,7020,4
5320,40.664649,101.420414,8020,2
5321,40.696687,101.259528,8020,2
5322,40.84137,101.032095,8020,2
5323,40.841427,101.031733,8020,2
5324,38.221498,100.963473,7020,4
5325,38.879652,99.879541,7019,3
5326,38.802138,99.943504,7019,3
5327,38.797446,98.552853,7019,3
5328,38.858698,99.643048,7019,3
5329,38.827725,98.466338,7019,3
5330,41.781944,97.399167,8019,2
5331,41.758125,97.023199,8019,2
5332,41.928217,97.069454,8019,2
5333,39.399589,98.647364,7019,3
5334,37.892753,100.751694,7020,4
5335,38.783129,99.743064,7019,3
5336,39.117143,98.171714,7019,3
5337,38.907965,98.299421,7019,3
5338,38.216318,99.875426,7019,3
5339,38.252684,100.198164,7020,4
5340,39.217028,99.645008,7019,3
5341,39.246364,99.951504,7019,3
5342,41.805776,99.920996,8019,2
5343,38.485532,101.553675,7020,4
5344,39.001281,99.483216,7019,3
5345,38.77149,99.463993,7019,3
5346,38.535755,99.483516,7019,3
5347,38.117366,100.293085,7020,4
5348,38.452979,100.629456,7020,4
5349,38.1195,100.675736,7020,4
5350,39.381931,97.635028,7019,3
5351,39.456144,97.699849,7019,3
5352,39.593636,97.697289,7019,3
5353,40.355956,97.024436,8019,2
5354,39.146285,99.352494,7019,3
5355,39.269256,99.060386,7019,3
5356,41.275852,100.659715,8020,2
5357,38.789669,98.742139,7019,3
5358,40.33082,99.140355,8019,2
5359,38.7564,101.217854,7020,4
5360,39.191344,99.485136,7019,3
5361,41.031626,100.422553,8020,2
5362,37.844953,101.105148,7020,4
5363,38.279087,99.903434,7019,3
5364,38.280972,100.768,7020,4
5365,34.83555556,108.0811111,6021,2
5366,34.84416667,108.085,6021,2
5367,34.83666667,108.0863889,6021,2
5368,34.83888889,108.0858333,6021,2
5369,34.83833333,108.0861111,6021,2
5370,29.611846,98.571988,5019,0
5371,29.9426,100.31444,5020,4
5372,29.648383,94.385595,5018,4
5373,29.640325,94.392455,5018,4
5374,31.11528,109.45667,6021,2
5375,31.11444,109.45694,6021,2
5376,31.11361,109.45722,6021,2
5377,44.03,81.23336667,8016,0
5378,44.02,81.24381667,8016,0
5379,44.06,81.2827,8016,0
5380,44.05,81.27211667,8016,0
5381,44.02,81.23925,8016,0
5382,44.04,81.24285,8016,0
5383,44.03,81.25745,8016,0
5384,44.03,81.2558,8016,0
5385,44.04,81.27783333,8016,0
5386,44.04,81.27816667,8016,0
5387,44.05,81.24946667,8016,0
5388,44.04,81.28006667,8016,0
5389,44.02,81.24298333,8016,0
5390,44.03,81.24375,8016,0
5391,44.07,81.27538333,8016,0
5392,44.07,81.27936667,8016,0
5393,44.07,81.25523333,8016,0
5394,44.04,81.26531667,8016,0
5395,44.06,81.25736667,8016,0
5396,44.06,81.25351667,8016,0
5397,44.04,81.25391667,8016,0
5398,44.05,81.23155,8016,0
5399,44.01,81.2075,8016,0
5400,44.1,81.26606667,8016,0
5401,44.06,81.181,8016,0
5402,44.05,81.20036667,8016,0
5403,44.08,81.18183333,8016,0
5404,44.09,81.162,8016,0
5405,44.12,81.17885,8016,0
5406,44.14,81.17186667,8016,0
5407,44.16,81.18605,8016,0
5408,44.06,81.15551667,8016,0
5409,44.05,81.14235,8016,0
5410,44.04,81.14318333,8016,0
5411,44.03,81.15051667,8016,0
5412,43.99,81.15558333,8016,0
5413,43.98,81.15438333,8016,0
5414,43.98,81.16976667,8016,0
5415,44.01,81.18058333,8016,0
5416,44.01,81.16368333,8016,0
5417,44.02,81.1756,8016,0
5418,44.09,81.20478333,8016,0
5419,44.15,81.2126,8016,0
5420,44.13,81.20246667,8016,0
5421,44.12,81.20135,8016,0
5422,44.13,81.27455,8016,0
5423,44.15,81.27295,8016,0
5424,44.13,81.22985,8016,0
5425,44.12,81.22773333,8016,0
5426,44.11,81.22531667,8016,0
5427,44.08,81.22606667,8016,0
5428,44.06,81.23228333,8016,0
5429,44.02,81.21293333,8016,0
5430,44.07,81.24485,8016,0
5431,44.03,81.21065,8016,0
5432,44.02,81.20756667,8016,0
5433,44.03,81.2028,8016,0
5434,44.0,81.19885,8016,0
5435,44.09,81.2837,8016,0
5436,44.01,81.21386667,8016,0
5437,44.01,81.20831667,8016,0
5438,44.01,81.25958333,8016,0
5439,44.1,81.20126667,8016,0
5440,44.04,81.20738333,8016,0
5441,44.11,81.29081667,8016,0
5442,44.05,81.40653333,8016,0
5443,44.12,81.30988333,8016,0
5444,44.03,81.31841667,8016,0
5445,44.03,81.31176667,8016,0
5446,43.97,81.13263333,8016,0
5447,43.97,81.14605,8016,0
5448,44.0,81.14025,8016,0
5449,43.99,81.17888333,8016,0
5450,43.99,81.17721667,8016,0
5451,44.02,81.19396667,8016,0
5452,44.02,81.18725,8016,0
5453,44.03,81.18205,8016,0
5454,44.01,81.1892,8016,0
5455,44.01,81.18926667,8016,0
5456,43.99,81.19473333,8016,0
5457,44.14,81.29868333,8016,0
5458,43.99,81.17788333,8016,0
5459,43.98,81.17703333,8016,0
5460,43.99,81.17435,8016,0
5461,43.98,81.17716667,8016,0
5462,43.98,81.18021667,8016,0
5463,43.98,81.17811667,8016,0
5464,43.98,81.12085,8016,0
5465,43.98,81.11081667,8016,0
5466,43.97,81.11135,8016,0
5467,43.98,81.10213333,8016,0
5468,43.98,81.08456667,8016,0
5469,43.98,81.08506667,8016,0
5470,43.97,81.08798333,8016,0
5471,44.04,81.33636667,8016,0
5472,44.05,81.32218333,8016,0
5473,43.99,81.18811667,8016,0
5474,44.07,81.322,8016,0
5475,44.12,81.43721667,8016,0
5476,44.13,81.46608333,8016,0
5477,44.16,81.4672,8016,0
5478,44.1,81.4571,8016,0
5479,44.07,81.4682,8016,0
5480,44.08,81.4266,8016,0
5481,44.1,81.41168333,8016,0
5482,44.06,81.4155,8016,0
5483,44.03,81.43561667,8016,0
5484,44.03,81.42258333,8016,0
5485,44.04,81.4142,8016,0
5486,44.04,81.40403333,8016,0
5487,44.14,81.34075,8016,0
5488,44.06,81.34913333,8016,0
5489,44.05,81.43665,8016,0
5490,44.09,81.4279,8016,0
5491,44.08,81.44881667,8016,0
5492,44.11,81.3973,8016,0
5493,44.08,81.34011667,8016,0
5494,44.14,81.40878333,8016,0
5495,44.1,81.3395,8016,0
5496,44.12,81.35686667,8016,0
5497,44.13,81.36191667,8016,0
5498,44.15,81.38078333,8016,0
5499,44.02,81.40465,8016,0
5500,44.04,81.37951667,8016,0
5501,44.06,81.30281667,8016,0
5502,44.06,81.3836,8016,0
5503,44.09,81.39121667,8016,0
5504,32.84944,98.46417,6019,0
5505,32.99833,98.35917,6019,0
5506,33.26556,98.25639,6019,0
5507,33.03639,97.95917,6019,0
5508,34.513,112.723,6022,2
5509,34.506,112.718,6022,2
5510,34.512,112.725,6022,2
5511,34.508,112.729,6022,2
5512,34.51,112.72,6022,2
5513,34.506,112.732,6022,2
5514,34.507,112.713,6022,2
5515,34.512,112.728,6022,2
5516,38.58333333,103.2,7020,4
5517,39.48333333,103.3666667,7020,4
5518,39.13333333,103.1833333,7020,4
5519,38.35,102.5833333,7020,4
5520,39.78389,111.25972,7022,2
5521,39.74222,111.21056,7022,2
5522,39.74944,111.2075,7022,2
5523,39.79472,111.26861,7022,2
5524,39.79972,111.27056,7022,2
5525,30.10916667,115.5875,6023,4
5526,30.71805556,112.3069444,6022,2
5527,23.02861111,108.4497222,4021,0
5528,30.46944444,114.3558333,6022,2
5529,22.01638889,108.4563889,4021,0
5530,22.99722222,108.4808333,4021,0
5531,22.99333333,108.4772222,4021,0
5532,23.02416667,108.4625,4021,0
5533,23.035,108.4436111,4021,0
5534,32.31666667,81.2,6016,3
5535,32.01666667,85.35,6017,1
5536,32.41666667,82.96666667,6016,3
5537,32.06666667,81.81666667,6016,3
5538,32.28333333,84.11666667,6016,3
5539,31.91666667,86.5,6017,1
5540,32.33333333,80.7,6016,3
5541,32.53333333,80.05,6016,3
5542,31.36666667,91.96666667,6018,3
5543,30.73333333,91.1,6018,3
5544,31.71666667,92.06666667,6018,3
5545,31.7,91.71666667,6018,3
5546,31.38333333,90.76666667,6018,3
5547,31.11666667,88.68333333,6017,1
5548,31.5,87.48333333,6017,1
5549,31.55,91.05,6018,3
5550,30.95,88.7,6017,1
5551,30.95,88.68333333,6017,1
5552,28.84555556,121.0811111,5024,3
5553,28.00277778,118.7652778,5023,4
5554,30.21916667,119.6780556,6023,4
5555,33.41666667,79.75,6015,4
5556,32.83333333,79.78333333,6015,4
5557,31.809,79.982,6015,4
5558,29.021,85.46,5017,1
5559,28.392,85.341,5017,1
5560,28.553,85.239,5017,1
5561,28.884,85.247,5017,1
5562,30.592,81.291,6016,3
5563,28.428,85.611,5017,1
5564,29.869,84.159,5016,0
5565,31.554,79.746,6015,4
5566,29.237,85.316,5017,1
5567,29.825,84.039,5016,0
5568,30.847,81.415,6016,3
5569,29.543,84.029,5016,0
5570,29.596,83.997,5016,0
5571,29.692,83.986,5016,0
5572,29.674,84.155,5016,0
5573,29.642,84.274,5016,0
5574,29.615,84.375,5016,0
5575,29.397,84.967,5016,0
5576,29.357,85.021,5017,1
5577,30.592,82.485,6016,3
5578,30.074,83.415,6016,3
5579,29.816,84.396,5016,0
5580,29.33,85.292,5017,1
5581,29.336,85.386,5017,1
5582,37.45,104.9833333,7020,4
5583,39.01666667,105.8666667,7021,1
5584,40.33333333,96.83333333,8019,2
5585,40.38333333,107.0,8021,3
5586,39.31666667,110.1833333,7022,2
5587,39.0,102.6166667,7020,4
5588,39.81666667,106.8166667,7021,1
5589,24.3,113.9333333,4022,1
5590,32.31666667,112.15,6022,2
5591,30.0,114.3666667,6022,2
5592,30.95,113.2333333,6022,2
5593,34.9,113.5333333,6022,2
5594,19.65,110.6833333,3022,1
5595,28.36666667,112.7666667,5022,2
5596,28.3667,112.7667,5022,2
5597,24.3,113.9333,4022,1
5598,30.95,114.3667,6022,2
5599,30.0,113.2333,6022,2
5600,35.57917,104.65306,7020,4
5601,35.58,104.65028,7020,4
5602,35.58194,104.63361,7020,4
5603,35.58083,104.6475,7020,4
5604,28.80694444,86.28055556,5017,1
5605,30.19361111,83.10611111,6016,3
5606,32.07444444,81.97666667,6016,3
5607,29.78638889,91.59138889,5018,4
5608,31.17305556,80.83777778,6016,3
5609,29.678382,94.73187,5018,4
5610,28.90305556,90.35527778,5018,4
5611,31.77972222,88.51666667,6017,1
5612,19.54594,109.50803,3021,2
5613,19.54621,109.50354,3021,2
5614,19.55454,109.50749,3021,2
5615,19.55285,109.50705,3021,2
5616,19.55285,109.50704,3021,2
5617,29.154678,92.56095,5018,4
5618,29.145639,92.535658,5018,4
5619,29.152833,92.582594,5018,4
5620,29.145719,92.540528,5018,4
5621,29.080989,92.731169,5018,4
5622,29.67805556,91.1075,5018,4
5623,29.67444444,91.10638889,5018,4
5624,29.67166667,91.10555556,5018,4
5625,29.66666667,91.11027778,5018,4
5626,29.66916667,91.11527778,5018,4
5627,45.6611,129.0814,9025,4
5628,44.0631,127.9364,8025,1
5629,41.3206,124.9028,8024,2
5630,40.9142,124.7883,8024,2
5631,42.385,128.0869,8025,1
5632,48.7508,129.775,9025,4
5633,47.2131,128.8764,9025,4
5634,46.5814,129.3461,9025,4
5635,43.1786,126.2306,8025,1
5636,42.4831,127.8639,8025,1
5637,41.8339,124.9131,8024,2
5639,49.4783,126.775,9025,4
5640,42.40972222,117.3211111,8023,2
5641,42.58,117.2438889,8023,2
5642,42.42138889,117.1588889,8023,2
5643,42.15916667,117.4191667,8023,2
5644,25.68194,100.10539,5020,4
5645,25.68004,100.09923,5020,4
5646,26.3244,106.4862,5021,1
5647,26.3221,106.4851,5021,1
5648,26.3209,106.4783,5021,1
5649,26.3485,106.5393,5021,1
5650,26.3163,106.48,5021,1
5651,25.68432,100.11051,5020,4
5652,25.68973,100.12315,5020,4
5653,25.69346,100.12874,5020,4
5654,25.6875,100.11932,5020,4
5655,25.68492,100.11254,5020,4
5656,35.23,107.7,7021,1
5657,35.23,107.68,7021,1
5658,36.68,109.38,7021,1
5659,36.67,109.34,7021,1
5660,35.17,109.53,7021,1
5661,37.47,110.07,7022,2
5662,37.44,110.06,7022,2
5663,37.44,110.05,7022,2
5664,35.16,109.54,7021,1
5665,36.67,109.37,7021,1
5666,39.98967,112.323,7022,2
5667,37.30983,106.92767,7021,1
5668,43.91567,117.1225,8023,2
5669,41.42133,106.97017,8021,3
5670,49.32967,119.99883,9023,1
5671,38.01983,101.50617,7020,4
5672,31.395,90.31133,6018,3
5673,30.49817,91.06217,6018,3
5674,32.073,92.02433,6018,3
5675,33.227,102.61413,6020,4
5676,49.12,125.6,9025,4
5677,47.2,127.03,9025,4
5678,48.64,126.21,9025,4
5679,43.61,124.95,8024,2
5680,44.39,125.68,8025,1
5681,44.92,126.07,8025,1
5682,45.12,126.19,9025,4
5683,45.36,126.34,9025,4
5684,45.63,126.52,9025,4
5685,46.17,126.67,9025,4
5686,43.38,124.46,8024,2
5687,47.59,126.23,9025,4
5688,48.01,126.25,9025,4
5689,48.31,126.45,9025,4
5690,47.39,126.83,9025,4
5691,46.8,126.96,9025,4
5692,37.63626389,101.8519611,7020,4
5693,37.63625556,101.8519528,7020,4
5694,37.63626667,101.8519639,7020,4
5695,37.63626944,101.8519667,7020,4
5696,37.63618056,101.8536194,7020,4
5697,28.9,116.2333333,5023,4
5698,28.93333333,116.1833333,5023,4
5699,28.85,116.15,5023,4
5700,37.63619167,101.8536306,7020,4
5701,37.63618611,101.853625,7020,4
5702,28.9,116.2666667,5023,4
5703,28.96666667,116.2,5023,4
5704,37.6362,101.8536389,7020,4
5705,30.044569,102.7407822,6020,4
5706,29.67,102.2,5020,4
5707,29.732565,100.4116,5020,4
5708,29.23,87.74,5017,1
5709,29.691212,89.110134,5017,1
5710,29.137234,91.79887,5018,4
5711,29.245259,91.390532,5018,4
5712,29.14019,92.653338,5018,4
5713,29.092006,92.165731,5018,4
5714,32.389601,82.768335,6016,3
5715,32.332874,83.210516,6016,3
5716,32.3329,83.2156,6016,3
5717,31.0699,85.0306,6017,1
5718,32.360678,82.765846,6016,3
5719,31.5228,86.7039,6017,1
5720,32.360823,82.778549,6016,3
5721,31.0672,85.0301,6017,1
5722,31.0695,85.0301,6017,1
5723,32.59541872,85.32410268,6017,1
5724,29.403,85.5598,5017,1
5725,31.523,86.704,6017,1
5726,30.545357,88.400956,6017,1
5727,31.5232,86.7039,6017,1
5728,31.5233,86.7039,6017,1
5729,31.5235,86.704,6017,1
5730,31.6219,86.7576,6017,1
5731,31.622,86.7575,6017,1
5732,31.622,86.7573,6017,1
5733,30.555908,88.382706,6017,1
5734,30.9252,88.6489,6017,1
5735,30.9156,88.6697,6017,1
5736,30.9152,88.6694,6017,1
5737,30.9149,88.6693,6017,1
5738,29.1216,87.6391,5017,1
5739,31.5231,86.7041,6017,1
5740,32.59542067,85.31419768,6017,1
5741,31.4527,89.8125,6017,1
5742,33.63691756,83.17328476,6016,3
5743,31.8106,87.2353,6017,1
5744,31.8106,87.2352,6017,1
5745,31.8107,87.2351,6017,1
5746,31.8415,87.1408,6017,1
5747,31.12532157,88.44246952,6017,1
5748,31.8417,87.1405,6017,1
5749,31.8417,87.1408,6017,1
5750,31.8419,87.1406,6017,1
5751,31.842,87.1409,6017,1
5752,31.8421,87.1407,6017,1
5753,31.7249,91.1041,6018,3
5754,31.996,91.3082,6018,3
5755,31.7249,91.1043,6018,3
5756,31.7251,91.1043,6018,3
5757,31.2697,92.1515,6018,3
5758,31.2697,92.1519,6018,3
5759,31.2696,92.1524,6018,3
5760,31.1405,88.425,6017,1
5761,31.1403,88.4251,6017,1
5762,31.1402,88.4252,6017,1
5763,31.0834,88.5094,6017,1
5764,31.0832,88.5095,6017,1
5765,31.1391705,88.42750183,6017,1
5766,31.13955667,88.42748083,6017,1
5767,31.725,91.104,6018,3
5768,31.139699,88.4274785,6017,1
5769,31.996,91.3083,6018,3
5770,30.9496,88.6307,6017,1
5771,30.9489,88.6283,6017,1
5772,30.9493,88.6295,6017,1
5773,30.9493,88.6293,6017,1
5774,30.9493,88.6294,6017,1
5775,30.9495,88.6303,6017,1
5776,31.5573,89.887,6017,1
5777,31.5575,89.8868,6017,1
5778,31.5577,89.8875,6017,1
5779,31.5578,89.8879,6017,1
5780,31.5581,89.8882,6017,1
5781,31.5581,89.8886,6017,1
5782,31.996,91.3081,6018,3
5783,31.5669,89.8799,6017,1
5784,31.5673,89.8797,6017,1
5785,31.587,89.8762,6017,1
5786,31.5872,89.8762,6017,1
5787,31.5875,89.8764,6017,1
5788,31.4818,87.0957,6017,1
5789,31.683578,91.123356,6018,3
5790,31.773258,91.246459,6018,3
5791,31.773356,91.246208,6018,3
5792,31.84354847,87.14151877,6017,1
5793,31.11507964,88.43231459,6017,1
5794,30.9496,88.6305,6017,1
5795,31.5671,89.8798,6017,1
5796,30.9487,88.6283,6017,1
5797,31.214358,90.135026,6018,3
5798,31.505782,87.151103,6017,1
5799,31.4631,89.8115,6017,1
5800,31.4632,89.8118,6017,1
5801,31.4632,89.8116,6017,1
5802,32.081874,88.410408,6017,1
5803,32.19243757,91.679066,6018,3
5804,32.19246617,91.67904809,6018,3
5805,31.0829,88.5094,6017,1
5806,31.7251,91.1048,6018,3
5807,31.7252,91.1045,6018,3
5808,31.4632,89.8121,6017,1
5809,31.6794,91.1217,6018,3
5810,31.463,89.812,6017,1
5811,33.5962,79.8227,6015,4
5812,31.4633,89.8117,6017,1
5813,31.27132733,92.18179817,6018,3
5814,31.6798,91.1213,6018,3
5815,31.6801,91.1211,6018,3
5816,31.0825,88.5093,6017,1
5817,30.9256,88.6489,6017,1
5818,30.9256,88.6487,6017,1
5819,30.9255,88.6491,6017,1
5820,30.9254,88.6493,6017,1
5821,30.9253,88.6488,6017,1
5822,33.06381253,83.17312563,6016,3
5823,33.608,79.8023,6015,4
5824,31.245809,90.135768,6018,3
5825,31.4625,89.8096,6017,1
5826,32.081752,88.416023,6017,1
5827,31.2717,92.15,6018,3
5828,31.2717,92.1503,6018,3
5829,31.2717,92.1506,6018,3
5830,31.4233,90.2307,6018,3
5831,31.4233,90.2305,6018,3
5832,31.4233,90.2313,6018,3
5833,31.4233,90.2303,6018,3
5834,31.4233,90.2311,6018,3
5835,31.4234,90.2313,6018,3
5836,31.4445,89.8002,6017,1
5837,31.4445,89.8001,6017,1
5838,31.4624,89.8095,6017,1
5839,31.4445,89.8,6017,1
5840,31.4505,90.248,6018,3
5841,31.4507,90.248,6018,3
5842,31.4526,89.8119,6017,1
5843,31.4526,89.8118,6017,1
5844,31.4526,89.812,6017,1
5845,31.4526,89.8125,6017,1
5846,31.08293917,88.50914167,6017,1
5847,31.4528,89.8125,6017,1
5848,31.4623,89.8095,6017,1
5849,31.84370325,87.14100376,6017,1
5850,32.071725,88.410726,6017,1
5851,31.4504,90.248,6018,3
5852,30.9484,88.6284,6017,1
5853,37.91,114.35,7022,2
5854,31.87,114.09,6022,2
5855,22.67,112.9,4022,1
5856,48.11,129.18,9025,4
5857,24.55531,113.71633,4022,1
5858,24.5572,113.69551,4022,1
5859,24.58762,113.58282,4022,1
5860,24.52134,113.69754,4022,1
5861,24.87164,113.53829,4022,1
5862,24.72153,113.57491,4022,1
5863,25.1259,113.35158,5022,2
5864,24.70586,113.64679,4022,1
5865,24.79852,113.59105,4022,1
5866,34.54523889,105.735125,6021,2
5867,34.54581389,105.734175,6021,2
5868,34.54462778,105.7349861,6021,2
5869,34.53656389,105.7340722,6021,2
5870,34.53620278,105.7354861,6021,2
5871,43.7833,125.4333,8025,1
5872,45.6333,126.35,9025,4
5873,44.8667,126.0333,8025,1
5874,44.0,125.6667,8025,1
5875,46.95,127.65,9025,4
5876,48.3333,126.8333,9025,4
5877,47.9333,126.1167,9025,4
5878,46.6,127.1833,9025,4
5879,47.6833,127.5833,9025,4
5880,43.5,124.7,8024,2
