Profile,Latitude,Longitude,CLCD,MAT,climate_zone,n_layers
1,21.44227,101.31306,Forest,23.19,Tropical,4
2,22.58412,101.77253,Forest,20.3,Tropical,4
3,22.79677,100.99384,Forest,19.08,Warm,5
4,21.57646,101.47014,Cropland,21.52,Tropical,3
5,22.58099,99.85086,Forest,18.69,Warm,4
6,22.63992,99.8559,Forest,18.3,Warm,4
7,22.61995,99.80832,Cropland,18.4,Warm,4
8,22.64616,103.13535,Forest,22.77,Tropical,4
9,22.6978,101.90491,Forest,17.82,Warm,5
10,21.91791,101.07939,Cropland,21.92,Tropical,5
11,22.54446,99.93537,Grassland,20.07,Tropical,4
12,22.73356,103.18616,Forest,19.71,Warm,4
13,22.83797,103.87203,Cropland,22.1,Tropical,4
14,22.64194,100.12508,Forest,20.97,Tropical,8
15,21.19861111,109.8075,Cropland,23.16,Tropical,5
16,20.89416667,110.1233333,Cropland,23.53,Tropical,5
17,20.33722222,110.0544444,Forest,24.04,Tropical,5
18,21.60472222,110.0905556,Cropland,22.87,Tropical,5
19,20.56472222,110.0733333,Cropland,23.58,Tropical,5
20,21.12527778,110.0255556,Cropland,23.29,Tropical,6
21,20.58333333,110.0666667,Cropland,23.53,Tropical,5
22,21.69944444,110.1086111,Cropland,22.64,Tropical,4
23,20.90055556,110.0586111,Forest,23.56,Tropical,4
24,21.19777778,109.9175,Cropland,23.22,Tropical,5
25,20.34305556,110.0758333,Cropland,24.01,Tropical,4
26,21.90111111,108.5105833,Cropland,21.78,Tropical,5
27,21.80713889,108.4816389,Cropland,21.87,Tropical,4
28,21.72825,108.0735278,Cropland,22.22,Tropical,4
29,22.19638889,108.7785,Cropland,21.58,Tropical,5
30,22.20433333,107.2082222,Cropland,22.39,Tropical,5
31,22.19002778,108.8049167,Cropland,21.61,Tropical,4
32,22.83552778,108.0266667,Cropland,22.19,Tropical,5
33,22.08263889,109.9991667,Cropland,22.12,Tropical,5
34,21.63636111,108.7865,Cropland,22.26,Tropical,5
35,21.72663889,109.2911111,Cropland,22.5,Tropical,5
36,22.48238889,107.4819167,Cropland,22.54,Tropical,5
37,22.80183333,108.0042778,Cropland,22.28,Tropical,4
38,22.05055556,107.0165278,Cropland,22.32,Tropical,5
39,22.32686111,107.4404167,Cropland,22.35,Tropical,4
40,22.21425,110.0000833,Cropland,22.22,Tropical,6
41,22.20133333,108.4800556,Cropland,21.5,Tropical,5
42,21.6095,109.4242222,Cropland,22.72,Tropical,4
43,21.52377778,109.7326389,Forest,22.66,Tropical,4
44,21.63986111,108.7669167,Cropland,22.14,Tropical,4
45,21.88477778,108.5107778,Grassland,21.81,Tropical,4
46,21.68486111,109.4205,Cropland,22.52,Tropical,4
47,21.85002778,108.6452778,Forest,21.59,Tropical,5
48,21.59130556,109.7019722,Cropland,22.66,Tropical,4
49,22.69694444,107.4366111,Cropland,22.35,Tropical,4
50,22.32913889,107.8870833,Cropland,22.05,Tropical,4
51,21.92580556,108.7418333,Forest,21.64,Tropical,5
52,21.78777778,108.8046667,Forest,21.87,Tropical,4
53,21.70358333,109.2635556,Grassland,22.45,Tropical,4
54,22.25169444,107.65325,Cropland,22.25,Tropical,4
55,19.09672222,108.6417222,Forest,25.27,Tropical,4
56,19.697,109.6968333,Cropland,24.28,Tropical,4
57,18.90030556,108.6716111,Cropland,25.25,Tropical,4
58,18.57166667,109.7133333,Cropland,25.24,Tropical,4
59,19.88422222,109.7394444,Other,24.3,Tropical,4
60,18.40019444,109.7338333,Cropland,25.7,Tropical,4
61,19.53258333,109.3807778,Forest,24.13,Tropical,5
62,18.41388889,110.0308333,Cropland,25.56,Tropical,3
63,18.47572222,109.6606944,Forest,25.03,Tropical,4
64,19.42627778,109.6711944,Forest,23.87,Tropical,5
65,19.81655556,109.3458333,Cropland,24.41,Tropical,3
66,19.44772222,109.2203889,Forest,24.31,Tropical,5
67,18.6385,109.6883056,Forest,25.18,Tropical,4
68,19.59622222,110.0048056,Forest,24.12,Tropical,4
69,18.57083333,110.0152778,Cropland,25.52,Tropical,4
70,19.02180556,108.9679444,Cropland,24.71,Tropical,4
71,18.44991667,108.9101944,Cropland,25.62,Tropical,4
72,19.70505556,109.69125,Cropland,24.28,Tropical,4
73,18.44180556,109.93675,Cropland,25.69,Tropical,4
74,18.47688889,109.8558889,Forest,25.39,Tropical,4
75,18.66577778,109.2072222,Cropland,24.43,Tropical,3
76,18.39338889,110.0500833,Forest,25.51,Tropical,4
77,18.46738889,108.8761944,Forest,25.6,Tropical,4
78,18.29658333,109.60375,Cropland,25.73,Tropical,4
79,18.74016667,109.4755278,Cropland,23.34,Tropical,4
80,18.74055556,109.5811667,Cropland,23.3,Tropical,4
81,19.80327778,109.9325278,Cropland,24.02,Tropical,4
82,19.66244444,109.7256667,Cropland,24.11,Tropical,4
83,18.77930556,108.6917222,Cropland,25.33,Tropical,4
84,19.99194444,109.7142778,Cropland,24.19,Tropical,3
85,18.39761111,109.1688333,Cropland,25.74,Tropical,3
86,19.79844444,109.3458333,Forest,24.47,Tropical,3
87,18.35438889,109.3266667,Cropland,25.27,Tropical,4
88,19.44544444,109.2358889,Forest,24.24,Tropical,4
89,19.60511111,109.1287778,Forest,24.46,Tropical,2
90,19.38222222,109.0887778,Cropland,24.54,Tropical,4
91,19.66522222,109.9986944,Cropland,24.16,Tropical,3
92,19.53952778,109.4604444,Forest,24.01,Tropical,4
93,19.90744444,109.7295556,Cropland,24.22,Tropical,4
94,19.54547222,109.5579167,Cropland,24.13,Tropical,5
95,19.10816667,108.7320833,Other,25.09,Tropical,3
96,18.42277778,109.1881667,Forest,25.59,Tropical,3
97,19.21230556,109.5590833,Forest,23.88,Tropical,4
98,19.56611111,109.8515278,Forest,24.07,Tropical,4
99,19.54022222,110.0465,Forest,24.04,Tropical,3
100,19.07419444,109.4078889,Forest,23.44,Tropical,4
101,18.61622222,109.9065556,Forest,25.2,Tropical,4
102,19.45566667,110.0268611,Forest,24.01,Tropical,3
103,19.3295,110.0686667,Forest,24.21,Tropical,3
104,19.68336111,110.0715833,Forest,24.32,Tropical,5
105,19.67886111,109.7374444,Cropland,24.12,Tropical,4
106,18.53252778,109.4696944,Forest,23.43,Tropical,4
107,19.93108333,110.1223889,Grassland,24.24,Tropical,4
108,18.65486111,109.9546944,Forest,25.01,Tropical,4
109,19.58041667,109.6934167,Forest,24.05,Tropical,3
110,18.35344444,109.1772778,Cropland,25.71,Tropical,3
111,18.37572222,109.6049722,Forest,24.85,Tropical,3
112,19.44216667,109.2115833,Forest,24.27,Tropical,4
113,19.04186111,109.7860278,Cropland,23.52,Tropical,4
114,18.50247222,109.2647778,Forest,24.91,Tropical,3
115,18.55958333,108.7526111,Cropland,25.55,Tropical,4
116,19.09736111,109.5645278,Forest,22.69,Tropical,5
117,19.38563889,109.0509444,Forest,24.69,Tropical,3
118,18.50613889,109.6301111,Forest,24.64,Tropical,3
119,19.59205556,109.3510556,Forest,24.32,Tropical,4
120,19.906,109.7477778,Forest,24.19,Tropical,3
121,19.57347222,109.3685278,Forest,24.17,Tropical,3
122,18.61838889,108.7145833,Cropland,25.48,Tropical,3
123,19.71794444,109.4596944,Forest,24.46,Tropical,4
124,19.10138889,108.7298889,Grassland,25.08,Tropical,4
125,19.39775,109.6147222,Forest,23.71,Tropical,3
126,19.10922222,108.8483889,Cropland,24.84,Tropical,3
127,19.92016667,109.7361667,Cropland,24.16,Tropical,4
128,19.152,109.4967222,Forest,23.93,Tropical,3
129,19.66952778,109.2344444,Cropland,24.6,Tropical,3
130,19.33333333,108.6833333,Cropland,24.69,Tropical,3
131,22.11305556,112.7752778,Cropland,22.8,Tropical,6
132,21.5825,111.585,Forest,23.27,Tropical,5
133,20.47388889,110.4122222,Cropland,23.89,Tropical,5
134,22.73722222,113.4738889,Cropland,22.42,Tropical,5
135,21.43111111,110.7141667,Cropland,23.31,Tropical,7
136,22.33555556,112.6266667,Cropland,22.77,Tropical,5
137,21.75611111,110.6913889,Cropland,23.02,Tropical,6
138,21.75694444,110.9302778,Cropland,23.19,Tropical,6
139,22.56972222,112.0061111,Forest,22.47,Tropical,6
140,22.33861111,111.9063889,Cropland,22.83,Tropical,5
141,22.57083333,112.9286111,Cropland,22.33,Tropical,6
142,22.39722222,111.0483333,Forest,20.57,Tropical,6
143,22.07777778,113.1961111,Cropland,22.65,Tropical,6
144,22.62361111,113.5966667,Cropland,22.51,Tropical,4
145,22.30222222,113.2038889,Cropland,22.58,Tropical,5
146,21.45777778,110.6655556,Cropland,23.2,Tropical,6
147,21.88694444,111.8944444,Cropland,23.09,Tropical,6
148,22.80222222,113.4341667,Grassland,22.31,Tropical,5
149,21.82638889,112.1486111,Cropland,23.05,Tropical,6
150,22.73166667,111.4686111,Cropland,22.77,Tropical,6
151,22.40444444,111.9041667,Cropland,22.82,Tropical,5
152,21.74111111,110.8572222,Cropland,23.21,Tropical,6
153,20.48277778,110.3358333,Cropland,23.54,Tropical,4
154,21.91777778,111.8433333,Grassland,23.01,Tropical,5
155,22.35638889,113.4125,Forest,22.65,Tropical,6
156,21.48666667,110.9344444,Forest,23.29,Tropical,6
157,21.92138889,112.2172222,Forest,22.74,Tropical,5
158,21.48833333,110.6836111,Cropland,23.2,Tropical,4
159,22.66861111,111.4263889,Forest,22.53,Tropical,4
160,21.21194444,110.2283333,Cropland,22.99,Tropical,4
161,22.08111111,110.8577778,Forest,22.8,Tropical,5
162,22.49416667,110.8975,Forest,21.52,Tropical,5
163,22.58333333,111.6433333,Forest,22.52,Tropical,4
164,22.32361111,111.0288889,Forest,21.49,Tropical,4
165,22.19527778,112.4780556,Cropland,22.65,Tropical,4
166,22.78083333,115.8316667,Cropland,22.29,Tropical,3
167,22.77944444,111.4819444,Forest,22.48,Tropical,1
168,22.15041667,110.2673333,Cropland,22.17,Tropical,4
169,22.15833333,110.2523056,Cropland,22.19,Tropical,4
170,22.68063889,110.3635556,Forest,21.84,Tropical,5
171,18.88183333,110.4583333,Cropland,25.17,Tropical,4
172,19.83961111,110.3700556,Cropland,24.34,Tropical,4
173,19.80805556,110.2504722,Cropland,24.2,Tropical,4
174,19.59577778,110.6994444,Cropland,24.33,Tropical,8
175,19.71188889,110.8266389,Cropland,24.34,Tropical,4
176,19.81444444,110.3829722,Cropland,24.37,Tropical,4
177,19.99805556,110.6623056,Cropland,24.25,Tropical,4
178,19.23466667,110.4021389,Cropland,24.74,Tropical,4
179,19.23888889,110.5777778,Cropland,24.8,Tropical,4
180,19.98277778,110.7334722,Cropland,24.27,Tropical,4
181,19.29727778,110.5023889,Cropland,24.73,Tropical,3
182,19.84872222,110.4009444,Cropland,24.33,Tropical,4
183,19.92577778,110.2069444,Forest,23.86,Tropical,3
184,18.95791667,110.3399167,Cropland,24.72,Tropical,4
185,19.86091667,110.7438889,Cropland,24.18,Tropical,3
186,27.43888889,88.9,Grassland,5.66,Temperate,5
187,27.43844444,88.91813889,Forest,8.78,Temperate,4
188,24.3847,97.98384,Cropland,19.66,Warm,5
189,24.06599,97.96277,Cropland,20.5,Tropical,4
190,24.04199,97.85522,Cropland,20.61,Tropical,4
191,26.86302778,104.2525,Cropland,11.07,Warm,3
192,26.92722222,104.2480833,Forest,10.85,Warm,4
193,26.90533333,104.2899722,Grassland,10.59,Warm,3
194,26.91977778,104.2581944,Grassland,10.91,Warm,2
195,26.86522222,104.2330278,Forest,11.17,Warm,2
196,26.88036111,104.2843889,Grassland,10.71,Warm,3
197,27.09536111,102.7060278,Forest,18.73,Warm,5
198,26.56736111,102.4191111,Cropland,16.41,Warm,4
199,26.6155,102.2556944,Grassland,16.53,Warm,5
200,26.80180556,102.0353333,Forest,19.94,Warm,6
201,27.02011111,102.7596389,Forest,19.42,Warm,5
202,27.12116667,102.244,Cropland,18.24,Warm,6
203,27.42819444,101.4893889,Forest,13.07,Warm,6
204,26.95555556,102.1514722,Cropland,18.86,Warm,3
205,27.12397222,102.2389167,Forest,18.47,Warm,5
206,26.89072222,101.5046667,Forest,19.26,Warm,6
207,27.09438889,102.2308056,Cropland,18.63,Warm,6
208,26.91077778,101.5148056,Grassland,19.03,Warm,5
209,26.49758333,101.8229167,Cropland,19.99,Warm,5
210,26.58252778,102.4860278,Cropland,15.54,Warm,3
211,26.561,102.3138333,Grassland,16.51,Warm,1
212,26.49727778,101.7956667,Forest,19.58,Warm,2
213,26.67677778,102.6207222,Forest,13.94,Warm,1
214,24.65978,102.91616,Grassland,15.81,Warm,4
215,23.6418,102.5558,Cropland,18.01,Warm,5
216,25.3945,100.43546,Cropland,17.32,Warm,4
217,25.71438,100.26404,Forest,15.65,Warm,6
218,23.953056,100.100556,Forest,18.76,Warm,6
219,24.71664,101.6332,Forest,15.44,Warm,4
220,23.501111,99.827222,Cropland,21.03,Tropical,5
221,25.1692,101.24839,Forest,16.6,Warm,7
222,26.93428,100.21301,Forest,12.92,Warm,4
223,24.9343,101.4993,Cropland,16.7,Warm,5
224,24.8319,103.1708,Cropland,16.83,Warm,4
225,25.27873,101.55521,Cropland,17.14,Warm,6
226,26.245018,99.992566,Forest,14.32,Warm,4
227,25.86444,100.59758,Grassland,18.94,Warm,4
228,23.476085,98.914833,Cropland,21.92,Tropical,6
229,25.04585,100.52189,Grassland,19.21,Warm,5
230,25.1764,103.6963,Cropland,14.43,Warm,4
231,24.03703,100.84338,Cropland,19.69,Warm,4
232,24.3323,102.7524,Forest,16.18,Warm,5
233,27.41209,99.82693,Forest,5.76,Temperate,6
234,25.21663,98.49185,Forest,15.24,Warm,3
235,24.75784,104.11103,Forest,14.4,Warm,4
236,25.60412,101.86384,Cropland,20.58,Tropical,5
237,27.3443,103.7393,Grassland,12.56,Warm,4
238,25.604358,101.849051,Forest,20.27,Tropical,6
239,25.43601,100.59501,Cropland,16.05,Warm,4
240,27.2796,103.666367,Forest,12.77,Warm,4
241,27.00606,100.2147,Cropland,11.67,Warm,5
242,23.566,104.078,Cropland,16.67,Warm,3
243,24.9293,100.48978,Cropland,15.95,Warm,4
244,26.40586,104.20216,Forest,12.33,Warm,5
245,26.06166,100.12775,Forest,14.22,Warm,4
246,23.82142,101.78486,Forest,23.07,Tropical,3
247,25.0976,103.38295,Forest,14.98,Warm,5
248,23.5949,103.8916,Cropland,16.72,Warm,4
249,23.09015,103.16876,Cropland,22.78,Tropical,3
250,23.5789,102.8751,Cropland,17.76,Warm,3
251,26.832934,100.083525,Forest,12.1,Warm,5
252,25.9391,103.73506,Cropland,13.47,Warm,3
253,24.26007,102.14857,Cropland,15.82,Warm,5
254,25.3706,103.8435,Cropland,14.68,Warm,4
255,24.01814,104.20226,Cropland,16.36,Warm,4
256,25.3589,103.3964,Cropland,14.66,Warm,4
257,26.75889,99.98824,Cropland,12.74,Warm,4
258,23.9358,102.1724,Forest,17.28,Warm,5
259,24.11998,104.16709,Cropland,16.57,Warm,3
260,23.1067,101.5327,Forest,17.28,Warm,4
261,25.3963,102.62849,Cropland,14.43,Warm,4
262,24.46259,98.59456,Forest,20.47,Tropical,3
263,26.3935,99.3883,Forest,13.25,Warm,4
264,23.6933,101.2524,Forest,18.14,Warm,3
265,23.0908,101.5991,Forest,17.24,Warm,3
266,24.44873,103.016448,Forest,14.02,Warm,8
267,26.76368,100.0078,Forest,10.93,Warm,5
268,24.52998,99.34814,Forest,21.21,Tropical,4
269,27.250704,103.671604,Cropland,12.8,Warm,4
270,26.01382,101.085777,Cropland,14.96,Warm,4
271,25.93974,100.59207,Cropland,18.91,Warm,4
272,25.8466,101.8205,Cropland,21.87,Tropical,4
273,26.58732,101.28589,Forest,20.12,Tropical,4
274,24.60789,100.50085,Forest,19.83,Warm,5
275,25.34396,100.49789,Forest,17.75,Warm,4
276,23.526799,98.97514,Forest,22.34,Tropical,4
277,26.269486,103.99995,Cropland,12.8,Warm,4
278,23.04055,102.54981,Forest,18.06,Warm,4
279,26.23545,103.84964,Forest,14.37,Warm,4
280,23.421,101.6254,Cropland,18.67,Warm,3
281,25.33809,103.08066,Cropland,15.07,Warm,4
282,24.013204,99.83263,Cropland,20.66,Tropical,4
283,26.12442,103.57751,Cropland,15.3,Warm,4
284,25.22607,102.51208,Forest,16.73,Warm,5
285,25.67772,102.85929,Forest,11.52,Warm,5
286,26.159,104.10184,Forest,13.43,Warm,4
287,25.77075,103.86932,Cropland,14.28,Warm,3
288,25.83305,99.52439,Grassland,14.43,Warm,3
289,24.8039,103.2728,Cropland,16.04,Warm,3
290,24.85909,100.47559,Cropland,16.21,Warm,4
291,27.32289,103.533296,Cropland,12.22,Warm,4
292,23.416,99.76546,Cropland,20.67,Tropical,5
293,23.60112,102.01619,Forest,23.26,Tropical,3
294,25.71851,100.45169,Cropland,16.88,Warm,5
295,26.80025,100.42619,Forest,17.37,Warm,4
296,26.7863,100.62846,Cropland,17.23,Warm,5
297,23.383889,99.694167,Cropland,21.23,Tropical,4
298,25.6481,101.901,Cropland,20.32,Tropical,5
299,25.7618,100.57779,Grassland,19.04,Warm,3
300,24.74734,101.98155,Forest,14.84,Warm,4
301,27.42078,99.84846,Forest,6.82,Temperate,4
302,26.658889,99.786297,Forest,7.93,Temperate,3
303,24.64241,102.94734,Forest,15.22,Warm,3
304,26.03963,102.82485,Forest,10.44,Warm,5
305,23.66051,101.76373,Forest,15.32,Warm,3
306,27.10964,100.27398,Forest,8.59,Temperate,5
307,24.95079,103.94293,Forest,13.55,Warm,3
308,25.14934,99.16317,Grassland,15.85,Warm,3
309,27.1167,100.28452,Forest,8.85,Temperate,5
310,26.384792,103.962478,Forest,12.61,Warm,3
311,24.16361,102.92287,Cropland,16.48,Warm,4
312,24.66423,98.80427,Forest,15.55,Warm,4
313,26.97655,100.20505,Cropland,12.33,Warm,5
314,25.966631,100.126769,Cropland,15.6,Warm,4
315,23.709416,99.588471,Cropland,19.32,Warm,4
316,22.95948,102.44022,Forest,15.46,Warm,4
317,24.23454,100.03876,Forest,19.17,Warm,4
318,24.111466,99.922391,Forest,20.7,Tropical,3
319,26.025409,99.912682,Cropland,13.17,Warm,4
320,24.89497,102.04716,Forest,18.41,Warm,3
321,25.63713,101.21856,Cropland,16.62,Warm,3
322,24.7166,101.63319,Forest,15.44,Warm,3
323,24.03483,101.53385,Forest,17.82,Warm,2
324,24.74627778,108.3469167,Cropland,19.81,Warm,5
325,24.67205556,107.8864167,Cropland,19.92,Warm,5
326,24.13552778,108.0162778,Cropland,20.53,Tropical,5
327,23.77163889,107.9361111,Cropland,21.37,Tropical,4
328,23.01497222,106.3471667,Cropland,20.07,Tropical,5
329,23.12238889,106.5336944,Forest,20.07,Tropical,4
330,23.19816667,106.5396944,Forest,19.96,Warm,5
331,25.24755556,107.4560833,Cropland,16.38,Warm,4
332,23.96961111,108.6588889,Cropland,20.89,Tropical,5
333,25.04486111,107.35075,Cropland,18.24,Warm,5
334,25.29294444,109.0915,Forest,17.88,Warm,4
335,25.81858333,109.8076944,Cropland,18.05,Warm,3
336,23.31866667,108.6442778,Cropland,21.12,Tropical,5
337,24.48680556,108.8586111,Cropland,20.33,Tropical,5
338,25.22827778,109.4906111,Cropland,19.21,Warm,5
339,25.10652778,107.1514722,Cropland,17.29,Warm,4
340,24.30294444,106.3315,Cropland,20.58,Tropical,5
341,23.18069444,106.7370833,Forest,20.71,Tropical,4
342,23.27002778,107.5643333,Forest,22.39,Tropical,5
343,23.16261111,108.6470278,Cropland,20.67,Tropical,6
344,23.74236111,106.8259722,Cropland,22.75,Tropical,5
345,24.74177778,108.0986111,Cropland,19.89,Warm,4
346,25.013,108.1374167,Cropland,19.2,Warm,4
347,24.27275,107.1015278,Forest,20.37,Tropical,5
348,23.50422222,109.2334167,Cropland,21.16,Tropical,5
349,23.23133333,109.3203333,Forest,21.07,Tropical,5
350,23.98625,109.8651111,Cropland,20.83,Tropical,5
351,24.27411111,108.4748056,Cropland,19.98,Warm,4
352,24.59391667,107.3291111,Cropland,19.83,Warm,5
353,24.35388889,109.9471667,Forest,20.21,Tropical,5
354,23.96536111,108.6244722,Cropland,21.05,Tropical,5
355,23.41338889,107.3952778,Cropland,22.38,Tropical,5
356,22.91586111,109.8622222,Forest,21.7,Tropical,4
357,25.07986111,110.1619444,Cropland,19.48,Warm,4
358,24.2145,109.1946667,Cropland,20.41,Tropical,5
359,24.14516667,108.9676389,Cropland,19.96,Warm,5
360,23.22052778,108.9111667,Cropland,21.39,Tropical,3
361,23.24116667,108.8525,Cropland,21.36,Tropical,4
362,23.82163889,106.6760556,Cropland,22.48,Tropical,4
363,23.83838889,106.7108611,Cropland,22.56,Tropical,4
364,23.58113889,107.2427778,Cropland,22.59,Tropical,5
365,23.57558333,107.2495833,Cropland,22.6,Tropical,4
366,23.53191667,109.6452222,Cropland,21.26,Tropical,5
367,23.21086111,108.7125,Cropland,21.03,Tropical,4
368,23.44844444,106.4882222,Cropland,19.29,Warm,4
369,23.97808333,107.4588611,Forest,21.22,Tropical,4
370,24.51627778,106.5434722,Forest,18.45,Warm,8
371,25.39438889,109.4509722,Forest,19.13,Warm,3
372,23.52905556,108.3330278,Forest,20.58,Tropical,3
373,25.36858333,107.2494444,Forest,16.25,Warm,4
374,23.86547222,109.5046389,Cropland,21.17,Tropical,3
375,23.77977778,106.7043333,Cropland,22.55,Tropical,3
376,24.90252778,107.0178611,Cropland,16.79,Warm,4
377,24.45211111,106.3510833,Forest,15.4,Warm,4
378,23.83630556,107.7954722,Cropland,20.72,Tropical,4
379,24.42822222,107.9226667,Cropland,20.44,Tropical,4
380,23.70194444,108.3813611,Cropland,19.86,Warm,7
381,23.26038889,107.4813889,Forest,21.8,Tropical,4
382,23.46719444,110.15375,Grassland,21.87,Tropical,5
383,23.47930556,108.4353889,Forest,15.45,Warm,2
384,23.51975,108.3833056,Forest,17.05,Warm,3
385,23.52547222,108.3700278,Forest,17.68,Warm,4
386,25.70219444,109.9936111,Forest,15.57,Warm,4
387,23.73883333,108.3668056,Forest,19.59,Warm,2
388,24.44588889,106.6355,Forest,18.21,Warm,4
389,25.71161111,109.80375,Forest,17.31,Warm,3
390,25.26666667,109.1365278,Forest,17.46,Warm,4
391,23.52680556,109.1563056,Cropland,20.99,Tropical,4
392,24.55413889,109.8661111,Cropland,19.98,Warm,3
393,24.65619444,107.4411389,Forest,18.07,Warm,4
394,23.54638889,109.1715833,Forest,20.98,Tropical,4
395,23.01566667,109.6920833,Forest,21.83,Tropical,4
396,23.29758333,110.0946944,Cropland,21.86,Tropical,2
397,23.6535,107.18275,Cropland,22.33,Tropical,2
398,25.03336111,109.4534167,Forest,18.45,Warm,5
399,23.52733333,110.1609444,Cropland,21.77,Tropical,4
400,24.25322222,106.2719722,Forest,21.11,Tropical,4
401,23.80811111,106.8498889,Cropland,22.72,Tropical,4
402,26.30469444,107.9821944,Forest,15.75,Warm,4
403,26.02591667,106.5008333,Cropland,15.63,Warm,5
404,26.67116667,108.2985833,Cropland,15.68,Warm,4
405,27.00761111,109.16075,Cropland,15.96,Warm,4
406,25.84675,108.8626667,Forest,16.76,Warm,4
407,26.53719444,108.1495556,Forest,15.28,Warm,4
408,26.96066667,106.7244444,Grassland,13.71,Warm,4
409,26.42233333,106.2788611,Forest,14.55,Warm,5
410,25.09427778,105.1927222,Cropland,16.75,Warm,5
411,26.92852778,106.6849444,Forest,13.69,Warm,5
412,26.34258333,108.0872222,Forest,15.03,Warm,4
413,26.98430556,104.8593056,Forest,10.38,Warm,2
414,26.70366667,104.6272778,Forest,9.61,Temperate,3
415,25.84016667,105.2713056,Cropland,15.23,Warm,2
416,26.86333333,104.6533889,Forest,9.6,Temperate,3
417,26.94927778,104.4206667,Forest,9.67,Temperate,8
418,25.17877778,105.964,Cropland,17.52,Warm,3
419,26.46125,104.6901667,Forest,10.63,Warm,6
420,26.98383333,104.8595,Forest,10.39,Warm,3
421,27.04269444,104.5901111,Forest,11.09,Warm,4
422,26.145,104.6021111,Grassland,10.32,Warm,3
423,26.97077778,104.7306389,Forest,9.28,Temperate,4
424,27.00058333,104.6685278,Forest,10.16,Warm,4
425,27.00091667,104.6684722,Forest,10.17,Warm,4
426,26.15941667,104.6226111,Forest,9.96,Temperate,2
427,27.07230556,108.3330278,Forest,15.6,Warm,3
428,26.18983333,109.127,Cropland,15.99,Warm,4
429,26.83516667,109.1670278,Cropland,15.66,Warm,3
430,26.978,107.8215833,Forest,15.24,Warm,4
431,27.01563889,106.7243889,Forest,14.3,Warm,3
432,26.08077778,105.7208611,Cropland,15.55,Warm,4
433,27.23472222,105.4788611,Grassland,14.07,Warm,3
434,25.78852778,107.4600556,Cropland,15.18,Warm,4
435,27.25763889,105.2286111,Forest,12.88,Warm,3
436,26.68011111,104.6304167,Forest,11.62,Warm,2
437,25.06938889,105.2155,Cropland,16.69,Warm,2
438,26.93911111,107.8983056,Cropland,14.77,Warm,4
439,25.64408333,105.1798889,Forest,15.1,Warm,3
440,26.78666667,105.79,Forest,14.19,Warm,3
441,27.13733333,107.2829444,Forest,14.48,Warm,3
442,25.51636111,107.8111389,Forest,15.8,Warm,3
443,26.04019444,105.7274167,Cropland,15.32,Warm,4
444,26.39325,104.8202222,Forest,11.4,Warm,3
445,25.79455556,107.4823889,Cropland,15.07,Warm,3
446,26.26236111,105.8263333,Forest,14.43,Warm,3
447,27.18736111,105.5765556,Forest,13.63,Warm,4
448,26.85908333,104.6986667,Forest,9.19,Temperate,3
449,25.78111111,104.8624167,Forest,15.77,Warm,3
450,26.98686111,104.8492222,Cropland,10.22,Warm,4
451,27.08536111,108.6293333,Forest,15.76,Warm,3
452,25.78916667,107.4224444,Forest,15.88,Warm,3
453,26.40358333,106.9085556,Forest,12.94,Warm,4
454,26.20680556,109.1111944,Grassland,16.0,Warm,3
455,27.30463889,109.03625,Cropland,16.72,Warm,5
456,27.01105556,109.1524444,Forest,15.99,Warm,3
457,27.20236111,107.9029167,Cropland,16.28,Warm,7
458,25.75761111,107.9065278,Cropland,16.32,Warm,3
459,27.32402778,109.0469722,Forest,16.82,Warm,3
460,25.56888889,105.1749167,Cropland,14.49,Warm,4
461,26.30577778,107.9856944,Forest,15.71,Warm,3
462,25.90569444,108.4978611,Grassland,17.95,Warm,3
463,26.39875,106.9113889,Forest,12.94,Warm,2
464,26.86680556,104.6650556,Forest,9.28,Temperate,2
465,26.74180556,107.5317222,Cropland,14.88,Warm,2
466,26.94938889,106.5114722,Cropland,14.36,Warm,2
467,27.15277778,107.9035278,Cropland,15.18,Warm,2
468,27.14883333,104.7748333,Forest,13.02,Warm,3
469,26.99302778,105.9831389,Cropland,14.57,Warm,3
470,26.96580556,107.8553333,Cropland,15.02,Warm,5
471,27.03016667,106.8206111,Forest,13.21,Warm,4
472,25.3285,105.0816944,Forest,15.25,Warm,3
473,25.05138889,105.7164722,Forest,17.2,Warm,3
474,24.99288889,105.7652778,Cropland,18.3,Warm,2
475,25.77594444,104.9019444,Forest,14.21,Warm,6
476,27.15963889,104.9064167,Forest,13.03,Warm,3
477,27.087,106.73375,Forest,14.97,Warm,3
478,27.12927778,107.4985278,Cropland,14.28,Warm,3
479,25.82772222,106.1872222,Cropland,15.52,Warm,3
480,25.68472222,105.1511111,Cropland,13.98,Warm,2
481,26.114,106.6100278,Forest,15.6,Warm,3
482,25.12497222,106.6142778,Forest,18.94,Warm,3
483,27.22530556,105.0959167,Cropland,12.56,Warm,2
484,25.57072222,105.174,Cropland,14.41,Warm,3
485,25.80105556,105.0995556,Cropland,17.04,Warm,3
486,26.59466667,107.5932222,Cropland,15.43,Warm,4
487,26.871,104.68925,Forest,9.06,Temperate,3
488,25.82130556,105.2054167,Forest,14.99,Warm,3
489,25.81958333,104.7438056,Cropland,15.13,Warm,3
490,25.158,105.0342778,Forest,16.49,Warm,3
491,26.33208333,105.3752778,Forest,15.02,Warm,3
492,26.5125,107.7898611,Forest,16.57,Warm,3
493,25.71905556,104.6299444,Cropland,15.74,Warm,3
494,26.93844444,104.3893333,Forest,10.25,Warm,2
495,26.10344444,107.8277778,Forest,16.73,Warm,2
496,27.03636111,108.1313889,Forest,16.48,Warm,3
497,25.79336111,105.0738056,Cropland,16.33,Warm,3
498,25.20355556,105.8962222,Forest,19.88,Warm,3
499,25.83977778,108.8582778,Forest,16.74,Warm,4
500,27.10472222,104.6628056,Forest,12.41,Warm,3
501,26.56653,108.1265556,Forest,15.68,Warm,2
502,27.45258333,106.19275,Forest,15.12,Warm,1
503,25.75763889,107.9065556,Cropland,16.32,Warm,1
504,25.56436111,105.6459722,Cropland,16.0,Warm,1
505,25.67336111,105.7587778,Forest,17.52,Warm,1
506,26.39347222,106.9063333,Forest,12.99,Warm,1
507,26.17375,104.6318056,Forest,9.98,Temperate,1
508,27.36916667,109.97,Forest,16.8,Warm,5
509,27.43722222,109.7163889,Cropland,17.06,Warm,5
510,27.00611111,109.7822222,Forest,16.42,Warm,4
511,26.67,110.0791667,Forest,16.85,Warm,4
512,27.44527778,109.6063889,Cropland,16.45,Warm,4
513,26.15,110.1355556,Forest,11.14,Warm,4
514,26.69611111,109.6991667,Cropland,17.0,Warm,3
515,27.3368,109.2251,Cropland,16.36,Warm,3
516,26.29694444,109.6063889,Cropland,17.04,Warm,7
517,27.21279722,109.7107972,Forest,17.06,Warm,2
518,25.40904,104.32082,Cropland,14.72,Warm,5
519,25.02617,104.48742,Cropland,17.07,Warm,6
520,24.95313,104.29819,Forest,15.88,Warm,4
521,23.3274,104.59296,Forest,17.44,Warm,4
522,23.13958,104.68442,Forest,17.74,Warm,4
523,23.60248,105.61153,Cropland,19.7,Warm,4
524,25.41805,104.43757,Cropland,13.57,Warm,3
525,26.29866,104.327377,Cropland,12.22,Warm,4
526,23.9863,104.66776,Cropland,16.63,Warm,3
527,23.0325,113.5791667,Forest,22.21,Tropical,5
528,22.93527778,115.765,Cropland,22.18,Tropical,4
529,23.41222222,113.7594444,Forest,21.62,Tropical,6
530,24.51,114.6266667,Cropland,19.37,Warm,4
531,23.04611111,112.6897222,Cropland,22.11,Tropical,5
532,23.705,113.3922222,Forest,21.53,Tropical,5
533,25.07416667,113.6097222,Other,19.91,Warm,5
534,22.90388889,112.1422222,Forest,21.88,Tropical,5
535,23.44277778,115.7997222,Grassland,21.64,Tropical,5
536,24.36388889,114.0977778,Cropland,20.85,Tropical,4
537,23.35333333,113.3511111,Grassland,21.95,Tropical,5
538,23.4775,113.3375,Forest,21.63,Tropical,6
539,24.42055556,114.5061111,Cropland,20.18,Tropical,4
540,25.26916667,114.41,Cropland,19.45,Warm,5
541,24.01083333,111.9686111,Cropland,21.16,Tropical,7
542,23.42305556,114.8188889,Forest,21.67,Tropical,5
543,23.08194444,114.5805556,Cropland,22.22,Tropical,5
544,24.67777778,112.2061111,Cropland,18.89,Warm,6
545,24.47194444,112.6988889,Cropland,19.3,Warm,5
546,25.05361111,113.7575,Cropland,20.04,Tropical,5
547,23.43305556,112.9122222,Grassland,21.92,Tropical,5
548,23.83388889,113.4836111,Forest,20.92,Tropical,6
549,23.57777778,113.4963889,Cropland,21.55,Tropical,5
550,23.71527778,114.2675,Forest,21.58,Tropical,5
551,23.67527778,113.4072222,Forest,21.56,Tropical,5
552,24.01833333,113.6186111,Cropland,20.82,Tropical,7
553,23.02333333,113.5630556,Forest,22.16,Tropical,5
554,22.94027778,113.4497222,Other,22.42,Tropical,6
555,22.92444444,113.5155556,Forest,22.29,Tropical,5
556,23.23888889,113.6313889,Cropland,21.73,Tropical,5
557,25.18083333,114.39,Cropland,20.0,Tropical,4
558,23.17166667,111.7988889,Cropland,22.35,Tropical,6
559,24.52333333,114.9322222,Forest,20.28,Tropical,4
560,23.95111111,114.0541667,Forest,18.41,Warm,4
561,24.96222222,112.5333333,Cropland,19.75,Warm,5
562,24.49861111,112.8319444,Cropland,18.66,Warm,6
563,24.21583333,113.4841667,Cropland,21.06,Tropical,6
564,24.21305556,115.6591667,Cropland,21.21,Tropical,4
565,24.19388889,115.4369444,Cropland,20.85,Tropical,4
566,23.38277778,113.0677778,Forest,21.85,Tropical,6
567,23.44861111,113.2377778,Grassland,21.95,Tropical,6
568,24.13666667,112.7566667,Forest,20.75,Tropical,3
569,23.27861111,114.0258333,Forest,17.71,Warm,4
570,23.24694444,113.6372222,Forest,21.69,Tropical,4
571,23.15583333,113.3544444,Grassland,22.17,Tropical,5
572,22.88277778,115.8852778,Cropland,22.26,Tropical,3
573,24.27166667,113.5375,Forest,20.7,Tropical,5
574,25.14944444,114.4647222,Cropland,20.04,Tropical,5
575,23.16833333,111.7858333,Forest,22.29,Tropical,4
576,22.93083333,113.8988889,Forest,22.48,Tropical,4
577,22.90444444,112.1427778,Forest,21.87,Tropical,5
578,25.33472222,114.3388889,Forest,18.46,Warm,4
579,23.23638889,113.5147222,Forest,21.07,Tropical,4
580,24.79305556,112.26,Forest,18.92,Warm,5
581,25.14972222,113.4202778,Forest,19.72,Warm,4
582,25.21694444,113.4508333,Forest,17.79,Warm,5
583,24.25666667,113.2713889,Cropland,20.81,Tropical,4
584,22.96611111,112.6869444,Cropland,22.07,Tropical,4
585,23.55583333,115.8469444,Forest,20.41,Tropical,4
586,25.18222222,114.4102778,Cropland,20.04,Tropical,4
587,25.10555556,113.5316667,Forest,19.17,Warm,4
588,24.68,112.2066667,Cropland,18.89,Warm,5
589,24.27805556,116.0241667,Forest,20.94,Tropical,4
590,23.105,114.0463889,Forest,22.39,Tropical,4
591,23.13972222,111.7827778,Other,22.44,Tropical,6
592,23.28194444,114.0194444,Forest,17.26,Warm,4
593,24.10472222,115.5816667,Grassland,20.92,Tropical,3
594,23.49027778,115.8683333,Forest,21.19,Tropical,4
595,24.55972222,115.9283333,Forest,20.57,Tropical,4
596,23.40138889,114.4230556,Cropland,21.91,Tropical,3
597,24.53277778,115.9569444,Forest,20.57,Tropical,4
598,25.04305556,113.7602778,Forest,19.9,Warm,4
599,24.01027778,114.7825,Forest,21.18,Tropical,4
600,24.23916667,114.7138889,Forest,21.03,Tropical,3
601,24.49027778,112.8166667,Cropland,18.71,Warm,5
602,24.975,112.5580556,Other,19.84,Warm,2
603,23.05233333,110.4343611,Forest,21.66,Tropical,5
604,24.38444444,111.6485278,Cropland,20.42,Tropical,5
605,23.26627778,111.2941944,Cropland,22.04,Tropical,5
606,23.97008333,111.0265833,Cropland,20.63,Tropical,4
607,25.06166667,111.3836389,Cropland,18.37,Warm,5
608,23.81338889,111.5416667,Other,21.28,Tropical,5
609,22.99125,110.774,Forest,21.68,Tropical,5
610,24.96258333,110.2724167,Cropland,19.2,Warm,4
611,23.54127778,110.7400556,Cropland,21.65,Tropical,5
612,23.87663889,111.0471389,Forest,21.08,Tropical,5
613,25.09841667,111.2494167,Forest,18.3,Warm,4
614,24.47816667,111.1676667,Cropland,19.98,Warm,5
615,23.47780556,110.5171389,Cropland,21.97,Tropical,5
616,25.45916667,110.3998611,Cropland,18.61,Warm,5
617,25.86347222,110.4938611,Forest,15.47,Warm,4
618,25.84483333,110.4931944,Forest,15.93,Warm,3
619,24.75380556,110.45675,Forest,19.79,Warm,4
620,24.03388889,111.5942778,Cropland,20.36,Tropical,3
621,24.93805556,110.8249722,Forest,19.44,Warm,4
622,23.85277778,111.7961389,Cropland,21.45,Tropical,4
623,24.22505556,110.8879722,Cropland,20.32,Tropical,4
624,25.85902778,110.484,Forest,16.53,Warm,4
625,22.95869444,110.8731944,Forest,22.04,Tropical,4
626,25.48413889,110.2776389,Cropland,18.79,Warm,5
627,25.86011111,110.4124167,Forest,11.27,Warm,4
628,25.88308333,110.4902778,Forest,14.07,Warm,3
629,25.91227778,110.4663333,Forest,11.96,Warm,3
630,23.72138889,110.3663611,Cropland,21.03,Tropical,3
631,24.65319444,110.4870278,Forest,19.67,Warm,4
632,25.01136111,110.8687222,Cropland,19.44,Warm,3
633,23.33475,110.7888056,Cropland,21.78,Tropical,4
634,23.04466667,110.6614722,Cropland,22.02,Tropical,4
635,24.503,111.4323056,Cropland,20.24,Tropical,3
636,23.81438889,111.5416389,Forest,21.28,Tropical,2
637,23.48863889,110.7483056,Cropland,21.79,Tropical,1
638,26.56386667,113.92485,Forest,17.08,Warm,6
639,27.25381667,113.3179,Forest,17.48,Warm,4
640,26.13090028,111.5061783,Forest,18.23,Warm,5
641,26.61148333,113.35905,Forest,18.2,Warm,5
642,26.8389,113.35905,Forest,17.67,Warm,5
643,26.00548083,113.4616019,Cropland,17.68,Warm,5
644,27.169,113.383,Cropland,17.85,Warm,7
645,26.06327,113.0807925,Cropland,18.58,Warm,6
646,27.23833333,111.7961944,Forest,17.39,Warm,5
647,26.97402778,112.3355,Cropland,18.44,Warm,5
648,26.62069444,110.7386389,Cropland,16.82,Warm,6
649,26.98501306,111.6841064,Forest,17.03,Warm,4
650,26.76280222,111.8782975,Cropland,18.04,Warm,5
651,26.89172222,111.2714444,Cropland,17.27,Warm,6
652,26.74502778,112.1368611,Cropland,18.29,Warm,5
653,25.87157667,112.7962272,Cropland,18.16,Warm,6
654,26.38111111,112.5825,Forest,18.46,Warm,4
655,25.7575,112.1305556,Cropland,17.71,Warm,4
656,25.30805556,111.5258333,Cropland,18.86,Warm,5
657,25.4425,111.9936111,Forest,18.35,Warm,5
658,26.71972222,112.6072222,Forest,18.21,Warm,4
659,25.38388889,111.5558333,Forest,18.95,Warm,5
660,25.63638889,112.4591667,Forest,18.33,Warm,4
661,26.38305556,113.6569444,Forest,17.42,Warm,4
662,26.73111111,112.145,Cropland,18.29,Warm,4
663,26.77555556,110.7027778,Cropland,17.11,Warm,4
664,26.96083333,111.345,Forest,16.93,Warm,4
665,26.57361111,113.8802778,Forest,17.07,Warm,4
666,27.43927778,111.7406111,Forest,16.39,Warm,3
667,26.40916667,111.2616667,Cropland,17.85,Warm,2
668,27.26611111,112.975,Cropland,17.86,Warm,4
669,27.0725,113.3652778,Cropland,17.89,Warm,4
670,26.66833333,113.3163889,Forest,17.58,Warm,5
671,25.53666667,112.5077778,Cropland,17.86,Warm,4
672,26.43436111,110.34125,Forest,16.47,Warm,4
673,27.30916667,111.8613889,Cropland,17.36,Warm,4
674,27.24777778,113.3236111,Forest,17.53,Warm,4
675,25.82455,113.8409167,Forest,15.09,Warm,3
676,27.10527778,110.5158333,Forest,16.13,Warm,2
677,25.09972222,110.9952778,Cropland,18.94,Warm,2
678,26.58313056,113.5977,Forest,17.61,Warm,4
679,26.47230556,110.7255833,Forest,16.84,Warm,3
680,25.33921389,112.1774639,Grassland,18.27,Warm,3
681,27.41822222,110.9463889,Forest,16.53,Warm,4
682,27.21047222,112.4418611,Cropland,18.09,Warm,3
683,27.3125,112.7988611,Cropland,17.8,Warm,5
684,26.51749722,113.6555,Forest,17.41,Warm,5
685,25.88056667,113.65625,Forest,14.89,Warm,4
686,26.01121389,113.5109167,Forest,17.33,Warm,3
687,26.05555556,113.0372222,Forest,18.49,Warm,2
688,25.44338056,113.1123806,Forest,18.48,Warm,5
689,25.54771389,113.3720667,Forest,16.92,Warm,3
690,26.61416667,112.9311111,Forest,18.36,Warm,1
691,25.38572222,114.2861944,Forest,18.88,Warm,5
692,27.11916667,113.9648056,Cropland,17.36,Warm,4
693,26.693,114.2961111,Forest,16.5,Warm,2
694,26.71847222,115.3691111,Forest,17.16,Warm,3
695,24.62205556,114.595,Forest,19.38,Warm,4
696,26.049091,114.685439,Forest,18.18,Warm,3
697,25.53613889,114.7053056,Cropland,19.18,Warm,4
698,24.7705,115.69,Cropland,20.13,Tropical,3
699,25.18313889,115.7466111,Forest,19.06,Warm,4
700,26.22341667,115.3023889,Forest,18.84,Warm,3
701,25.34741667,114.4003889,Forest,17.88,Warm,3
702,25.90305556,115.6823889,Forest,19.18,Warm,3
703,26.02944444,114.1041944,Forest,15.4,Warm,3
704,27.08472222,115.9036111,Forest,16.98,Warm,3
705,27.39325,115.7843056,Cropland,17.63,Warm,4
706,27.00147222,114.067,Forest,17.63,Warm,3
707,26.45833333,114.5956111,Cropland,18.37,Warm,4
708,26.44983333,115.8516111,Forest,18.32,Warm,3
709,27.41672222,115.7366111,Forest,17.75,Warm,4
710,25.51622222,115.7743889,Other,19.74,Warm,4
711,25.29686111,114.8756111,Grassland,19.79,Warm,2
712,27.30436111,115.3823056,Forest,18.18,Warm,2
713,27.02933333,115.7373056,Forest,17.72,Warm,4
714,26.60561111,114.1211111,Forest,12.64,Warm,2
715,27.21141667,114.3653056,Forest,17.57,Warm,2
716,27.35313889,115.1286111,Grassland,18.12,Warm,2
717,24.7665,115.0813056,Cropland,19.78,Warm,3
718,27.18836111,115.877,Forest,17.53,Warm,2
719,27.34931,115.7407806,Forest,17.41,Warm,3
720,26.78302778,114.6203889,Forest,17.81,Warm,3
721,25.86108333,114.7631111,Forest,19.12,Warm,4
722,26.82472222,115.1465,Forest,18.54,Warm,4
723,27.17358333,115.5313889,Forest,18.0,Warm,3
724,27.05891667,115.0777222,Forest,17.41,Warm,2
725,27.33725,114.8908889,Forest,18.0,Warm,2
726,27.08372222,114.7786944,Forest,18.0,Warm,1
727,26.98202778,114.4658889,Forest,17.7,Warm,2
728,27.41875,113.8043889,Forest,15.7,Warm,3
729,25.66111111,114.2797222,Forest,17.52,Warm,1
730,26.09377778,116.7332778,Forest,17.95,Warm,4
731,27.40527778,117.2086667,Forest,17.56,Warm,8
732,25.96111111,117.7369444,Forest,16.61,Warm,3
733,27.05933333,119.4056111,Forest,16.49,Warm,4
734,25.41736111,117.6261667,Forest,19.22,Warm,5
735,23.92152778,117.3954722,Cropland,21.38,Tropical,5
736,26.37811111,117.8711389,Cropland,19.99,Warm,5
737,24.07088889,117.0784167,Forest,20.11,Tropical,5
738,25.74919444,119.3969722,Other,20.05,Tropical,3
739,24.15502778,117.4868611,Cropland,21.19,Tropical,6
740,26.26008333,119.4616111,Cropland,19.4,Warm,6
741,24.58830556,117.0525556,Forest,17.42,Warm,6
742,24.39661111,117.3336389,Forest,21.18,Tropical,3
743,26.47058333,116.7488056,Forest,18.06,Warm,4
744,25.86791667,116.1630833,Forest,18.81,Warm,4
745,27.39911111,118.8309167,Forest,18.18,Warm,4
746,26.6055,119.5789722,Forest,19.1,Warm,4
747,26.87497222,119.9555556,Forest,18.5,Warm,4
748,26.12194444,117.8798611,Forest,17.07,Warm,8
749,25.81711111,117.1866111,Cropland,19.55,Warm,3
750,25.6055,116.7625278,Cropland,18.8,Warm,8
751,27.13577778,119.2685,Cropland,14.13,Warm,4
752,25.05358333,118.2558056,Cropland,20.22,Tropical,4
753,24.13602778,117.54225,Cropland,21.27,Tropical,5
754,26.9885,119.6225,Cropland,19.12,Warm,5
755,26.88108333,119.9422222,Forest,18.32,Warm,5
756,25.07355556,116.4110833,Grassland,20.35,Tropical,3
757,27.05808333,120.2393056,Grassland,18.5,Warm,3
758,27.13938889,118.6188611,Forest,19.09,Warm,3
759,24.21302778,117.6172222,Forest,20.91,Tropical,3
760,27.31111111,117.4652222,Cropland,18.36,Warm,3
761,24.23727778,117.9706944,Forest,21.23,Tropical,4
762,24.24141667,117.9719167,Forest,21.12,Tropical,4
763,24.98766667,118.8746111,Other,20.53,Tropical,4
764,26.69152778,118.1009444,Forest,14.83,Warm,3
765,25.56380556,117.0101667,Forest,16.36,Warm,3
766,27.31177778,117.4658333,Cropland,18.36,Warm,2
767,26.63422222,118.8671667,Forest,18.11,Warm,3
768,24.15741667,117.48225,Forest,21.17,Tropical,4
769,24.28608333,117.0393611,Forest,19.47,Warm,3
770,24.50083333,117.3691667,Forest,21.12,Tropical,4
771,25.31386111,118.3228056,Grassland,20.05,Tropical,5
772,25.33775,118.7533056,Forest,20.06,Tropical,4
773,26.03691667,117.3180556,Grassland,19.82,Warm,3
774,24.50155556,117.3684722,Forest,21.16,Tropical,4
775,24.79183333,118.4749167,Grassland,20.58,Tropical,4
776,27.09508333,119.3427778,Grassland,14.93,Warm,4
777,26.34508333,116.8537778,Forest,17.89,Warm,3
778,24.58886111,117.0546111,Forest,17.42,Warm,3
779,26.85711111,118.9579167,Forest,15.65,Warm,4
780,26.71986111,119.4419722,Forest,15.98,Warm,4
781,27.26952778,119.5524444,Forest,18.53,Warm,4
782,26.41433333,117.1181667,Forest,17.17,Warm,3
783,24.48113889,117.6403333,Forest,21.38,Tropical,4
784,27.07819444,118.4449444,Cropland,19.3,Warm,3
785,27.29208333,120.1143889,Forest,16.92,Warm,4
786,26.71108333,119.3551944,Forest,17.35,Warm,3
787,24.50941667,117.8086111,Other,21.24,Tropical,4
788,25.23480556,118.9995556,Forest,20.28,Tropical,4
789,24.03888889,117.696,Forest,21.27,Tropical,3
790,24.23697222,117.9711111,Forest,21.23,Tropical,3
791,26.67677778,118.0963333,Forest,14.67,Warm,3
792,27.24063889,119.0619167,Forest,14.27,Warm,3
793,26.03566667,117.3181111,Grassland,19.8,Warm,3
794,23.95433333,117.2505556,Forest,21.1,Tropical,4
795,24.24813889,117.3793889,Forest,20.38,Tropical,4
796,26.98763889,118.4743889,Forest,18.63,Warm,3
797,25.49277778,118.2073611,Grassland,17.87,Warm,3
798,27.29613889,120.1761944,Forest,18.34,Warm,5
799,24.51244444,117.7916389,Cropland,21.26,Tropical,4
800,24.49575,117.94575,Forest,21.09,Tropical,4
801,25.18836111,116.7831389,Forest,17.59,Warm,7
802,23.694,117.0791389,Cropland,21.25,Tropical,3
803,27.22638889,119.1123611,Cropland,14.31,Warm,4
804,26.92838889,120.2236111,Forest,18.22,Warm,5
805,24.19591667,117.9091389,Forest,21.26,Tropical,4
806,26.05336111,119.2073889,Forest,20.27,Tropical,3
807,23.93783333,117.7415556,Grassland,21.16,Tropical,3
808,25.48638889,119.2081389,Grassland,20.39,Tropical,4
809,27.36977778,118.0063889,Forest,18.58,Warm,4
810,27.37622222,117.8911111,Forest,18.4,Warm,3
811,24.50152778,117.36875,Forest,21.15,Tropical,4
812,26.44030556,117.8046667,Forest,19.92,Warm,4
813,25.243,118.40275,Grassland,19.65,Warm,5
814,25.99663889,119.2301944,Other,20.3,Tropical,3
815,25.02230556,118.8915833,Forest,20.55,Tropical,4
816,24.15672222,117.4816667,Grassland,21.18,Tropical,5
817,25.20030556,116.7954444,Forest,17.49,Warm,4
818,25.56308333,119.3326389,Cropland,19.93,Warm,3
819,23.93130556,117.7467222,Forest,20.99,Tropical,4
820,24.237,117.9713611,Forest,21.23,Tropical,2
821,24.19394444,117.90775,Forest,21.24,Tropical,4
822,24.23925,117.9715278,Cropland,21.23,Tropical,4
823,24.24247222,117.9716111,Forest,21.08,Tropical,3
824,25.59347222,116.9585833,Forest,14.57,Warm,3
825,27.13661111,119.2362222,Forest,13.33,Warm,3
826,26.85047222,118.6564444,Forest,13.9,Warm,4
827,26.36741667,116.8959444,Cropland,18.01,Warm,2
828,26.17466667,118.7998889,Forest,19.71,Warm,3
829,24.06219444,117.083,Forest,20.23,Tropical,2
830,25.60533333,116.7626389,Cropland,18.8,Warm,3
831,24.31116667,117.0650278,Forest,19.51,Warm,3
832,24.13622222,117.5411111,Forest,21.27,Tropical,4
833,23.77794444,117.1061111,Forest,21.37,Tropical,4
834,26.44533333,116.7033889,Cropland,17.92,Warm,4
835,23.64488889,117.39675,Other,21.28,Tropical,3
836,26.79366667,119.989,Cropland,18.77,Warm,3
837,26.15205556,119.1136944,Other,20.12,Tropical,3
838,23.93711111,117.7435556,Grassland,21.11,Tropical,3
839,24.18972222,117.9060556,Other,21.34,Tropical,3
840,27.03236111,118.3181111,Forest,19.54,Warm,3
841,26.87066667,117.1067778,Forest,18.16,Warm,4
842,24.72969444,117.6129722,Other,20.83,Tropical,3
843,24.51652778,117.7892778,Grassland,21.19,Tropical,5
844,25.78394444,118.8588056,Forest,19.56,Warm,1
845,26.38911111,117.7976111,Other,20.35,Tropical,2
846,26.91877778,117.1499722,Forest,18.02,Warm,1
847,24.3115,118.1163056,Forest,20.97,Tropical,3
848,26.70702778,118.7361111,Forest,17.48,Warm,2
849,24.50922222,117.8093611,Other,21.25,Tropical,3
850,26.67761111,118.09825,Forest,14.67,Warm,2
851,24.98669444,118.49125,Grassland,20.5,Tropical,1
852,24.49663889,117.9441667,Other,21.09,Tropical,4
853,24.8165,118.0482778,Forest,20.28,Tropical,3
854,23.53083333,116.8655556,Forest,21.55,Tropical,5
855,23.65861111,116.9611111,Forest,21.59,Tropical,4
856,23.53305556,116.4658333,Cropland,21.86,Tropical,4
857,23.57527778,116.5216667,Cropland,21.77,Tropical,5
858,23.59472222,116.8019444,Cropland,21.59,Tropical,5
859,23.52944444,116.8486111,Cropland,21.58,Tropical,5
860,23.32805556,116.1991667,Cropland,21.92,Tropical,5
861,24.42611111,116.4322222,Forest,19.19,Warm,4
862,23.20916667,116.1688889,Forest,20.24,Tropical,4
863,23.1925,116.1272222,Forest,19.1,Warm,3
864,24.41,116.4391667,Forest,19.0,Warm,4
865,24.71111111,116.1886111,Grassland,20.73,Tropical,4
866,23.82861111,116.1286111,Cropland,21.3,Tropical,3
867,23.26138889,116.1869444,Forest,21.61,Tropical,5
868,24.5075,116.6855556,Forest,20.92,Tropical,4
869,25.96483333,116.1373889,Cropland,19.17,Warm,5
870,27.31741667,116.2418056,Forest,16.81,Warm,6
871,27.34202778,116.8823889,Forest,18.47,Warm,4
872,27.11677778,116.6401944,Forest,18.45,Warm,4
873,26.78925,116.3341111,Forest,18.56,Warm,2
874,26.8875,116.0936944,Forest,17.68,Warm,1
875,27.43575,119.8736944,Forest,15.7,Warm,4
876,31.46664167,80.45793694,Forest,-0.77,Alpine,5
877,31.64786111,80.33030556,Forest,0.07,Temperate,5
878,31.54652333,79.97751583,Forest,-0.31,Alpine,5
879,31.3674075,80.55739778,Forest,-1.49,Alpine,5
880,31.53274667,79.98064667,Forest,-0.1,Alpine,4
881,31.78820389,85.09988028,Forest,-1.48,Alpine,4
882,30.59232083,82.48690333,Forest,-2.4,Alpine,4
883,31.51558,81.1956,Forest,-3.99,Alpine,5
884,29.37473083,85.24027417,Forest,2.29,Temperate,4
885,30.15111111,83.22861111,Other,1.37,Temperate,4
886,29.64263278,84.30661444,Forest,1.83,Temperate,5
887,30.21457722,85.32879444,Forest,-2.76,Alpine,6
888,30.60620889,82.43664528,Forest,-3.13,Alpine,4
889,29.88625056,85.74969889,Forest,-2.85,Alpine,5
890,29.54488889,85.7505,Forest,-0.47,Alpine,3
891,29.75538889,83.94933333,Forest,2.29,Temperate,4
892,30.68788889,81.71869444,Forest,-0.36,Alpine,5
893,27.66777778,89.08111111,Forest,0.53,Temperate,5
894,28.83872222,89.88944444,Forest,2.83,Temperate,4
895,31.98531528,90.37974,Forest,-0.82,Alpine,5
896,31.22775333,92.1595425,Forest,-0.23,Alpine,3
897,32.03191111,91.69346944,Forest,-2.59,Alpine,5
898,31.04619361,92.46049194,Forest,-4.06,Alpine,3
899,29.71710556,92.00639167,Forest,2.71,Temperate,2
900,30.37162778,90.91285556,Forest,3.01,Temperate,5
901,29.34663889,86.89443361,Forest,2.01,Temperate,4
902,30.59559167,91.50030278,Forest,-0.22,Alpine,3
903,28.06640556,91.95088333,Forest,-0.08,Alpine,4
904,27.98748333,91.98198611,Forest,1.75,Temperate,4
905,29.86527778,92.3325,Forest,-2.35,Alpine,3
906,29.72333167,89.79389694,Forest,0.92,Temperate,5
907,30.97783611,91.65646944,Forest,-1.47,Alpine,4
908,27.67704444,89.105,Forest,0.49,Temperate,4
909,28.85442778,91.99038611,Forest,-0.42,Alpine,4
910,30.22067222,90.63034167,Forest,0.66,Temperate,5
911,28.90361111,90.11416667,Forest,-0.18,Alpine,3
912,32.01818056,91.04029167,Forest,-1.44,Alpine,4
913,31.95201111,90.72153056,Forest,-1.54,Alpine,4
914,29.62194944,89.66602778,Forest,2.26,Temperate,3
915,28.36643611,91.92973333,Forest,-0.56,Alpine,3
916,28.886134,89.659258,Forest,4.27,Temperate,4
917,29.23558333,88.90858333,Forest,5.58,Temperate,4
918,29.18210833,91.77648056,Forest,6.68,Temperate,5
919,28.54435278,89.67041389,Forest,2.29,Temperate,5
920,29.56416667,90.9925,Forest,7.54,Temperate,3
921,29.36083333,90.77222222,Forest,7.83,Temperate,5
922,29.35273417,89.63678333,Forest,6.33,Temperate,3
923,28.45369444,97.05275,Cropland,14.12,Warm,6
924,29.67025,94.33108333,Forest,8.7,Temperate,5
925,29.63763889,94.71425,Forest,2.02,Temperate,4
926,30.96112583,92.58231944,Forest,-1.87,Alpine,5
927,30.20517222,97.28668611,Forest,2.23,Temperate,4
928,28.76606111,97.64378056,Forest,0.35,Temperate,4
929,29.335525,95.35640889,Forest,14.34,Warm,5
930,29.67224194,94.30632333,Forest,7.2,Temperate,5
931,29.67188278,94.30615556,Forest,7.2,Temperate,5
932,29.31716389,97.00011667,Forest,-1.46,Alpine,3
933,31.84733611,92.921075,Forest,0.35,Temperate,5
934,31.53302278,95.30103806,Forest,1.83,Temperate,3
935,31.93180111,93.89006806,Forest,1.76,Temperate,4
936,31.58845,95.71590556,Forest,-2.49,Alpine,4
937,29.33444694,97.08601111,Forest,-0.7,Alpine,4
938,30.400775,97.21813333,Forest,2.54,Temperate,5
939,31.14828056,97.24729722,Forest,3.09,Temperate,3
940,31.15545556,97.28036944,Forest,0.38,Temperate,3
941,28.45355556,97.05238889,Cropland,14.12,Warm,5
942,29.61224722,94.37199444,Forest,8.92,Temperate,4
943,31.14036944,97.22544722,Forest,4.67,Temperate,4
944,31.13426389,97.20994444,Forest,5.46,Temperate,5
945,31.11067222,96.70571111,Grassland,3.59,Temperate,5
946,29.64927222,94.71138056,Forest,2.92,Temperate,5
947,29.92861111,95.63916667,Grassland,8.93,Temperate,4
948,29.33884444,95.3349875,Forest,16.87,Warm,5
949,29.27231972,95.20445722,Forest,18.1,Warm,5
950,29.33178833,95.35560444,Forest,14.43,Warm,5
951,30.06055556,95.19855556,Forest,10.19,Warm,4
952,29.668025,94.37183889,Forest,7.88,Temperate,4
953,28.79517222,97.61198889,Forest,2.13,Temperate,4
954,28.8023,97.4847,Forest,7.64,Temperate,3
955,28.78991389,97.53398056,Grassland,5.28,Temperate,4
956,31.34555639,95.70619694,Forest,3.89,Temperate,3
957,30.06469778,96.92462806,Forest,7.6,Temperate,3
958,28.72215,97.7048,Other,-1.95,Alpine,3
959,31.37238889,97.71238889,Forest,0.39,Temperate,1
960,29.87257778,92.62134722,Forest,1.92,Temperate,2
961,28.47902778,102.5657778,Forest,11.34,Warm,1
962,30.76597222,104.2240278,Cropland,16.4,Warm,8
963,30.92466667,104.2008056,Forest,16.28,Warm,6
964,30.80875,103.6426389,Cropland,16.1,Warm,5
965,30.8915,104.0068056,Forest,16.17,Warm,6
966,31.45775,103.17075,Grassland,10.95,Warm,4
967,31.82013889,100.2683889,Forest,-0.73,Alpine,2
968,31.61716667,99.96011111,Forest,6.65,Temperate,6
969,31.44988889,103.1649167,Cropland,10.19,Warm,7
970,31.45488889,103.1693889,Cropland,10.95,Warm,6
971,27.56677778,101.7547222,Grassland,10.99,Warm,6
972,31.75380556,102.7269167,Grassland,5.21,Temperate,6
973,27.49569444,101.3835556,Cropland,13.42,Warm,4
974,30.96433333,101.13825,Forest,8.25,Temperate,5
975,31.44441667,103.1640556,Forest,10.36,Warm,6
976,31.44286111,103.1586944,Grassland,10.0,Warm,5
977,31.45263889,103.1651667,Forest,10.06,Warm,9
978,29.97986111,102.9841667,Cropland,17.07,Warm,5
979,29.575,103.5533889,Cropland,17.64,Warm,4
980,30.38780556,103.8890833,Forest,16.68,Warm,5
981,29.04627778,102.5226667,Forest,9.99,Temperate,5
982,27.80580556,103.1865833,Grassland,7.01,Temperate,6
983,27.94708333,102.7466944,Forest,11.73,Warm,6
984,28.66738889,102.5255,Cropland,14.24,Warm,6
985,28.10627778,102.2449444,Cropland,14.55,Warm,3
986,30.21911111,103.2979722,Cropland,16.65,Warm,5
987,27.75322222,102.7748611,Grassland,10.34,Warm,6
988,29.9385,103.7988611,Cropland,17.23,Warm,6
989,29.59791667,102.6219167,Cropland,12.72,Warm,5
990,28.28036111,102.7712778,Forest,10.63,Warm,3
991,31.14586111,104.0276111,Cropland,16.1,Warm,5
992,30.70363889,103.5776389,Forest,15.96,Warm,5
993,30.53436111,103.9288889,Cropland,16.47,Warm,5
994,29.23988889,103.8818889,Cropland,17.49,Warm,5
995,30.80238889,101.2885278,Forest,3.4,Temperate,2
996,31.81166667,99.42958333,Forest,3.57,Temperate,5
997,31.63961111,100.2439444,Forest,4.23,Temperate,5
998,30.02769444,100.7921944,Forest,1.65,Temperate,5
999,30.01811111,100.8111667,Forest,1.19,Temperate,6
1000,30.0775,101.8049444,Forest,0.3,Temperate,5
1001,31.9385,102.1350833,Forest,9.86,Temperate,5
1002,30.56805556,103.8133333,Other,16.54,Warm,6
1003,27.65911111,102.3904167,Cropland,12.79,Warm,4
1004,30.03522222,101.5066389,Forest,6.11,Temperate,5
1005,31.03013889,102.2271111,Grassland,11.71,Warm,4
1006,31.70519444,100.1845556,Forest,4.09,Temperate,5
1007,31.88566667,102.2531667,Grassland,9.2,Temperate,5
1008,31.48180556,100.0981389,Grassland,5.27,Temperate,6
1009,28.9945,102.7666389,Cropland,15.79,Warm,5
1010,29.32552778,102.5356667,Grassland,15.93,Warm,5
1011,30.90155556,101.22225,Forest,6.46,Temperate,4
1012,31.72805556,102.0101111,Grassland,10.89,Warm,6
1013,31.51941667,103.5496389,Forest,12.11,Warm,7
1014,31.45547222,103.1701944,Forest,10.95,Warm,5
1015,30.91819444,101.8710556,Forest,12.17,Warm,5
1016,31.01233333,102.3979444,Grassland,11.22,Warm,5
1017,31.45616667,103.1711389,Forest,10.95,Warm,6
1018,29.86244444,102.2810278,Grassland,7.54,Temperate,6
1019,30.07444444,102.7606389,Cropland,16.15,Warm,6
1020,29.17472222,103.6437222,Forest,16.12,Warm,5
1021,29.04411111,102.5911667,Forest,12.34,Warm,4
1022,29.94441667,104.2715,Cropland,17.12,Warm,3
1023,27.82786111,103.1744722,Grassland,7.88,Temperate,6
1024,29.48508333,103.6325556,Cropland,17.53,Warm,5
1025,27.53372222,101.7112778,Forest,8.54,Temperate,5
1026,30.21661111,103.4791667,Cropland,16.88,Warm,6
1027,28.19316667,102.9918611,Forest,13.42,Warm,4
1028,27.51238889,102.4598611,Forest,16.0,Warm,5
1029,28.11436111,102.2241111,Forest,14.58,Warm,3
1030,29.97994444,102.9869722,Cropland,17.06,Warm,6
1031,29.38227778,103.7773056,Cropland,17.7,Warm,4
1032,29.52911111,104.0111111,Cropland,17.57,Warm,3
1033,27.74927778,103.2514444,Cropland,12.27,Warm,5
1034,31.15713889,103.9529444,Cropland,15.66,Warm,4
1035,29.82180556,103.7727778,Cropland,17.15,Warm,6
1036,28.10283333,102.2454167,Cropland,14.55,Warm,5
1037,28.72711111,102.2596389,Forest,12.27,Warm,4
1038,30.65066667,103.4278889,Cropland,16.18,Warm,5
1039,30.68297222,103.7709722,Other,16.4,Warm,6
1040,31.79869444,101.6007778,Grassland,8.77,Temperate,3
1041,27.75808333,102.0444167,Forest,15.58,Warm,8
1042,31.7135,102.7403889,Forest,5.81,Temperate,5
1043,28.88202778,102.2969167,Forest,10.22,Warm,6
1044,30.31908333,103.1567222,Forest,16.03,Warm,2
1045,28.12913889,103.0071389,Forest,14.24,Warm,2
1046,31.79444444,99.48205556,Forest,3.55,Temperate,5
1047,31.56344444,103.4331111,Other,12.38,Warm,3
1048,31.25405556,100.7989167,Forest,7.34,Temperate,4
1049,31.16077778,103.9811667,Cropland,15.83,Warm,4
1050,30.23147222,103.9435,Cropland,16.71,Warm,2
1051,30.47363889,104.1669167,Cropland,16.43,Warm,2
1052,30.26594444,103.2056111,Cropland,16.78,Warm,1
1053,27.5761,103.76135,Cropland,11.54,Warm,5
1054,27.79461,99.69506,Forest,6.84,Temperate,4
1055,28.03172,104.13264,Forest,17.06,Warm,5
1056,27.88255556,107.6054722,Forest,14.96,Warm,5
1057,27.84980556,108.4886389,Forest,14.98,Warm,4
1058,27.60563889,106.755,Cropland,15.53,Warm,4
1059,27.83883333,108.0209722,Cropland,15.68,Warm,4
1060,27.62080556,109.1411111,Cropland,15.73,Warm,4
1061,27.68736111,108.6309167,Forest,16.27,Warm,4
1062,27.88341667,108.4228889,Forest,15.43,Warm,4
1063,28.40583333,106.4218333,Forest,14.22,Warm,5
1064,28.32830556,105.9590556,Forest,17.27,Warm,4
1065,27.66705556,108.7783056,Forest,16.58,Warm,2
1066,27.72286111,107.0626389,Other,15.4,Warm,2
1067,27.81088889,107.5062778,Cropland,15.1,Warm,3
1068,28.48375,107.6706389,Forest,15.51,Warm,4
1069,28.43433333,106.6793889,Cropland,13.73,Warm,3
1070,28.13725,108.8604444,Forest,15.53,Warm,3
1071,27.73586111,107.0685556,Forest,15.47,Warm,3
1072,28.20661111,108.3033611,Cropland,16.09,Warm,3
1073,27.912,107.7030833,Forest,15.16,Warm,4
1074,28.27933333,107.37925,Cropland,14.83,Warm,3
1075,27.97188889,108.037,Forest,14.73,Warm,3
1076,28.46891667,105.8202222,Cropland,17.69,Warm,3
1077,28.13719444,109.1890556,Cropland,16.82,Warm,3
1078,27.66777778,106.2525,Cropland,16.63,Warm,3
1079,28.11077778,108.9646944,Forest,16.51,Warm,4
1080,28.10041667,108.7875,Cropland,14.37,Warm,3
1081,28.15325,107.9171111,Cropland,15.26,Warm,3
1082,28.30772222,107.1241389,Forest,14.83,Warm,2
1083,28.51741667,107.7316667,Cropland,15.34,Warm,3
1084,28.32502778,107.8450833,Forest,15.34,Warm,3
1085,28.43683333,106.6475,Forest,12.62,Warm,3
1086,27.76,107.4817778,Forest,15.21,Warm,3
1087,27.85172222,107.569,Cropland,15.14,Warm,3
1088,28.391,106.7706944,Forest,16.3,Warm,3
1089,27.814,106.9133333,Forest,15.31,Warm,3
1090,27.98355556,108.4468333,Forest,15.73,Warm,3
1091,28.21780556,108.169,Cropland,16.29,Warm,3
1092,27.46869444,108.2128056,Forest,15.7,Warm,4
1093,27.72416667,109.2320833,Forest,17.12,Warm,3
1094,28.54525,105.6961111,Cropland,17.98,Warm,3
1095,28.48283333,105.6506389,Grassland,17.64,Warm,2
1096,28.23813889,107.2055833,Forest,13.54,Warm,2
1097,28.29691667,106.0523611,Cropland,17.23,Warm,2
1098,27.69783333,108.6288333,Forest,16.1,Warm,3
1099,27.81169444,107.91425,Cropland,16.32,Warm,3
1100,28.40705556,105.9710556,Forest,15.92,Warm,2
1101,27.94769444,109.2858889,Cropland,15.77,Warm,1
1102,28.47611111,107.6510833,Forest,14.92,Warm,2
1103,28.06372222,108.3207222,Cropland,16.18,Warm,1
1104,27.66836111,106.2522778,Cropland,16.57,Warm,2
1105,28.28311111,105.9863889,Grassland,17.89,Warm,2
1106,27.75591667,106.3431667,Forest,16.03,Warm,3
1107,28.43738889,106.6660833,Forest,12.92,Warm,1
1108,27.62880556,106.2804722,Forest,15.94,Warm,1
1109,30.36311111,109.366,Forest,15.76,Warm,4
1110,30.15833333,109.4988889,Forest,15.32,Warm,4
1111,30.18325,109.8159722,Cropland,11.07,Warm,3
1112,29.57777778,110.0569444,Forest,16.09,Warm,6
1113,28.33333333,109.5583333,Cropland,16.05,Warm,6
1114,29.18472222,109.935,Cropland,16.28,Warm,5
1115,29.37583333,109.4286111,Cropland,15.88,Warm,6
1116,28.06277778,110.0841667,Cropland,17.62,Warm,5
1117,28.83888889,109.2530556,Cropland,13.63,Warm,4
1118,28.92861111,110.1152778,Cropland,14.53,Warm,3
1119,29.18277778,109.8261111,Forest,15.45,Warm,4
1120,29.28083333,109.9191667,Forest,15.82,Warm,4
1121,28.8425,109.4269444,Forest,16.68,Warm,5
1122,28.62829722,110.00875,Forest,14.95,Warm,3
1123,27.52944444,110.1255556,Forest,16.43,Warm,2
1124,27.7287,109.7558,Forest,17.27,Warm,2
1125,28.3886,109.4981,Forest,15.43,Warm,3
1126,28.35916667,109.9675,Forest,17.13,Warm,2
1127,31.08397222,104.7775278,Cropland,16.37,Warm,6
1128,30.74833333,104.3550556,Cropland,16.46,Warm,5
1129,31.44380556,104.4562778,Cropland,16.08,Warm,7
1130,30.93075,104.4324444,Cropland,16.46,Warm,4
1131,28.83325,105.9026944,Cropland,18.3,Warm,5
1132,31.55569444,104.3449722,Cropland,15.68,Warm,5
1133,28.04169444,105.6074722,Cropland,14.58,Warm,5
1134,30.49980556,106.4566944,Cropland,17.43,Warm,5
1135,31.29022222,106.2417778,Forest,17.0,Warm,5
1136,30.50047222,106.8285,Cropland,17.65,Warm,5
1137,28.17386111,105.1380278,Forest,16.56,Warm,3
1138,30.27791667,104.8881389,Cropland,16.77,Warm,5
1139,31.10863889,107.4773056,Cropland,17.49,Warm,3
1140,28.59827778,104.8323333,Cropland,17.74,Warm,2
1141,29.62888889,105.1319722,Cropland,17.61,Warm,3
1142,30.35869444,106.2258333,Cropland,17.66,Warm,3
1143,28.78758333,104.3181389,Cropland,16.95,Warm,4
1144,31.61525,106.4656944,Cropland,16.55,Warm,2
1145,29.13888889,104.8543056,Cropland,17.92,Warm,2
1146,29.10177778,105.3338611,Cropland,17.65,Warm,4
1147,28.14838889,104.4637778,Cropland,17.3,Warm,5
1148,28.53005556,104.758,Cropland,17.68,Warm,4
1149,28.22738889,105.4103056,Cropland,18.16,Warm,5
1150,28.77558333,105.0825833,Cropland,17.77,Warm,5
1151,28.76852778,104.4342778,Cropland,17.83,Warm,5
1152,31.98486111,106.5958056,Forest,15.61,Warm,5
1153,31.78577778,104.9267778,Cropland,15.86,Warm,3
1154,31.16430556,104.4682778,Cropland,16.12,Warm,4
1155,31.70372222,104.5339444,Cropland,15.62,Warm,2
1156,30.96688889,105.9983333,Cropland,17.14,Warm,3
1157,31.22463889,106.1732222,Cropland,17.17,Warm,2
1158,29.42436111,104.7920278,Cropland,17.7,Warm,4
1159,30.80877778,105.3115833,Cropland,16.81,Warm,2
1160,30.32375,104.5825556,Grassland,16.8,Warm,5
1161,30.72280556,105.8496111,Cropland,17.25,Warm,4
1162,28.82275,104.94175,Cropland,18.13,Warm,3
1163,30.85008333,104.4678611,Forest,16.25,Warm,6
1164,31.08477778,104.5990556,Cropland,15.98,Warm,2
1165,30.17344444,105.378,Cropland,17.24,Warm,4
1166,30.79897222,107.0193889,Cropland,17.54,Warm,4
1167,30.59830556,105.6511111,Cropland,17.31,Warm,3
1168,28.87463889,105.5431389,Other,18.22,Warm,5
1169,30.20077778,104.6060556,Cropland,16.84,Warm,3
1170,31.88352778,105.0138333,Cropland,15.86,Warm,6
1171,30.77261111,107.1373056,Cropland,16.56,Warm,2
1172,31.07008333,107.9083611,Cropland,16.79,Warm,5
1173,31.14694444,105.2094444,Cropland,16.46,Warm,4
1174,30.3895,106.9761944,Cropland,17.27,Warm,3
1175,31.62277778,107.7586111,Forest,16.63,Warm,2
1176,31.84883333,106.8958611,Forest,16.66,Warm,3
1177,31.06827778,105.4776111,Forest,16.83,Warm,6
1178,31.79130556,107.8536389,Forest,15.91,Warm,6
1179,28.88752778,105.8931389,Grassland,18.35,Warm,5
1180,29.40447222,105.1915278,Cropland,17.43,Warm,2
1181,29.38333333,104.6310278,Forest,17.72,Warm,1
1182,28.82886111,104.57425,Forest,17.53,Warm,2
1183,31.69541667,104.4706944,Forest,15.04,Warm,2
1184,31.74525,107.02575,Cropland,16.72,Warm,2
1185,30.72619444,105.6919167,Cropland,16.97,Warm,1
1186,30.60580556,106.6973333,Cropland,17.26,Warm,1
1187,31.43916667,104.4988056,Cropland,16.02,Warm,1
1188,29.54613889,104.6006667,Cropland,17.64,Warm,5
1189,27.633494,104.819931,Forest,11.94,Warm,4
1190,27.888417,104.43635,Cropland,16.82,Warm,3
1191,27.86395,104.47767,Cropland,16.26,Warm,3
1192,29.23125,108.1419722,Forest,16.11,Warm,7
1193,30.39608333,108.0361389,Cropland,15.62,Warm,4
1194,29.60111111,108.8294167,Cropland,15.69,Warm,7
1195,30.22038889,107.2568333,Grassland,17.27,Warm,5
1196,30.783,108.9441389,Forest,14.84,Warm,6
1197,29.19919444,107.1459167,Forest,16.3,Warm,6
1198,29.06358333,106.1922778,Cropland,18.1,Warm,6
1199,29.26991667,105.7800556,Other,17.82,Warm,6
1200,29.45702778,106.92925,Forest,16.47,Warm,7
1201,29.61094444,105.38,Cropland,17.58,Warm,6
1202,28.82927778,106.5222222,Forest,14.79,Warm,5
1203,29.99708333,106.10425,Cropland,18.11,Warm,6
1204,29.96016667,107.1498056,Cropland,17.29,Warm,4
1205,30.94036111,108.3345833,Cropland,14.71,Warm,5
1206,29.05436111,106.1946111,Cropland,18.0,Warm,6
1207,29.80013889,106.2080556,Cropland,16.96,Warm,5
1208,30.18461111,106.2102778,Cropland,18.0,Warm,6
1209,29.61666667,105.3461111,Cropland,17.62,Warm,6
1210,29.55752778,108.6001111,Forest,15.96,Warm,6
1211,28.82825,106.5214444,Forest,14.79,Warm,6
1212,29.63061111,107.1782222,Forest,16.12,Warm,4
1213,29.39963889,107.2837222,Forest,16.36,Warm,4
1214,28.65602778,106.7703333,Cropland,17.61,Warm,6
1215,29.48516667,105.8608889,Cropland,17.63,Warm,6
1216,28.435,108.9564722,Cropland,17.15,Warm,8
1217,29.99244444,106.1517222,Cropland,18.02,Warm,6
1218,28.72508333,108.79475,Cropland,15.31,Warm,6
1219,30.6835,107.6238611,Cropland,17.2,Warm,6
1220,30.38741667,107.4296667,Cropland,17.42,Warm,6
1221,30.65322222,108.20275,Forest,16.6,Warm,6
1222,29.222,105.8827778,Cropland,17.95,Warm,7
1223,29.21316667,107.2944722,Forest,15.34,Warm,5
1224,30.50052778,107.6315833,Cropland,17.25,Warm,7
1225,30.08930556,105.7096944,Grassland,17.8,Warm,6
1226,29.59527778,105.7235278,Cropland,17.53,Warm,5
1227,30.88547222,109.6471389,Cropland,14.77,Warm,6
1228,30.10338889,105.8213333,Cropland,17.8,Warm,5
1229,29.331,105.8824167,Forest,17.98,Warm,6
1230,29.06147222,106.1970278,Cropland,18.1,Warm,5
1231,29.31547222,106.1639167,Forest,18.03,Warm,3
1232,29.58402778,105.38025,Cropland,17.44,Warm,5
1233,29.39275,107.7748056,Cropland,14.94,Warm,5
1234,31.42866667,109.1890556,Forest,11.34,Warm,5
1235,31.03911111,109.9044722,Forest,12.96,Warm,5
1236,31.00894444,109.886,Forest,12.72,Warm,5
1237,31.40916667,109.1935833,Forest,13.44,Warm,5
1238,31.33916667,109.5084722,Cropland,13.83,Warm,4
1239,31.57233333,109.0067778,Forest,6.46,Temperate,5
1240,31.62666667,108.9754722,Cropland,7.39,Temperate,4
1241,30.22447222,108.4093333,Forest,11.19,Warm,5
1242,30.01002778,108.3960833,Forest,11.95,Warm,4
1243,28.64875,106.4151667,Forest,14.17,Warm,4
1244,28.68702778,109.1444722,Forest,16.33,Warm,4
1245,30.64605556,107.5371667,Forest,16.42,Warm,5
1246,29.68902778,106.1365833,Forest,17.11,Warm,5
1247,28.73822222,106.4513056,Grassland,16.57,Warm,3
1248,28.47277778,109.00625,Forest,17.23,Warm,4
1249,29.13791667,108.3290833,Forest,16.58,Warm,5
1250,29.03255556,106.7686667,Forest,15.04,Warm,3
1251,29.76438889,106.4570278,Forest,18.01,Warm,6
1252,30.10216667,105.6979444,Forest,17.83,Warm,6
1253,30.00475,106.2839444,Cropland,18.24,Warm,7
1254,30.16483333,105.9316667,Cropland,17.93,Warm,5
1255,30.17255556,105.9318333,Cropland,17.87,Warm,7
1256,28.80377778,108.5882222,Forest,15.96,Warm,7
1257,29.00463889,105.8528889,Other,18.39,Warm,6
1258,31.13086111,108.4921111,Cropland,17.9,Warm,4
1259,30.10605556,108.2492222,Forest,14.61,Warm,2
1260,32.00238889,108.81925,Forest,10.7,Warm,5
1261,30.64758333,108.98475,Forest,13.3,Warm,5
1262,31.68727778,109.1714722,Forest,10.38,Warm,5
1263,31.59213889,109.0008333,Forest,5.74,Temperate,5
1264,28.75288889,108.4281667,Forest,14.56,Warm,3
1265,30.83688889,109.6989722,Forest,11.03,Warm,6
1266,29.42908333,107.7350278,Forest,11.86,Warm,4
1267,31.78186111,109.0849722,Forest,12.15,Warm,2
1268,29.45341667,107.7354444,Forest,10.77,Warm,4
1269,30.97913889,109.8069167,Cropland,14.21,Warm,4
1270,28.82933333,106.5224167,Forest,14.79,Warm,6
1271,28.85383333,108.7273333,Forest,14.32,Warm,7
1272,30.79111111,109.3138333,Forest,15.18,Warm,4
1273,29.76855556,107.352,Forest,17.31,Warm,3
1274,31.04469444,109.9222778,Cropland,14.8,Warm,5
1275,30.25102778,107.2715,Cropland,16.99,Warm,6
1276,30.67136111,108.4879444,Forest,15.15,Warm,2
1277,31.40383333,109.2533611,Forest,14.05,Warm,5
1278,29.26283333,108.7523889,Cropland,15.87,Warm,3
1279,31.07875,109.6140278,Cropland,17.34,Warm,5
1280,29.21772222,108.27975,Forest,16.64,Warm,3
1281,29.76036111,106.4318056,Forest,16.86,Warm,4
1282,29.20361111,106.471,Forest,18.24,Warm,3
1283,29.06727778,106.1944722,Cropland,18.15,Warm,5
1284,29.06166667,106.1925833,Cropland,18.1,Warm,3
1285,29.99333333,107.7520278,Cropland,17.87,Warm,3
1286,30.65697222,108.5982222,Cropland,17.08,Warm,4
1287,29.01880556,106.766,Forest,15.4,Warm,2
1288,29.24488889,106.4906667,Forest,17.77,Warm,5
1289,29.45041667,106.6641389,Forest,16.7,Warm,6
1290,29.05444444,106.1937222,Cropland,18.0,Warm,5
1291,29.66152778,106.0323889,Cropland,17.68,Warm,2
1292,28.73819444,106.4538333,Forest,16.55,Warm,5
1293,29.01833333,106.7657222,Forest,15.51,Warm,4
1294,29.93527778,107.032,Cropland,17.65,Warm,2
1295,29.73113889,105.6836111,Cropland,16.87,Warm,3
1296,29.50952778,105.4770833,Forest,17.29,Warm,5
1297,30.35033333,107.7088333,Cropland,16.96,Warm,3
1298,30.48241667,107.8603056,Forest,16.73,Warm,2
1299,30.18663889,106.17025,Cropland,17.68,Warm,2
1300,29.95963889,105.9681111,Cropland,17.82,Warm,3
1301,29.61408333,105.4046667,Cropland,17.47,Warm,3
1302,29.90130556,107.7125278,Forest,18.04,Warm,3
1303,30.36266667,107.8003333,Cropland,17.11,Warm,3
1304,29.8055,105.8602222,Cropland,17.84,Warm,2
1305,29.99669444,106.76125,Forest,16.22,Warm,3
1306,29.22183333,105.8820278,Cropland,17.95,Warm,3
1307,30.15808333,107.3191944,Cropland,17.43,Warm,4
1308,29.92458333,106.73825,Cropland,16.48,Warm,4
1309,29.34966667,106.1405278,Cropland,18.2,Warm,4
1310,30.1805,107.3782778,Cropland,17.49,Warm,5
1311,30.65177778,108.3970556,Forest,16.73,Warm,2
1312,29.71322222,107.4530556,Cropland,15.59,Warm,4
1313,31.92525,108.7056667,Forest,13.76,Warm,4
1314,31.02116667,109.4306944,Other,17.63,Warm,4
1315,29.72980556,107.5073611,Forest,16.11,Warm,5
1316,28.85116667,106.9057778,Cropland,16.29,Warm,4
1317,29.99658333,106.1019444,Cropland,18.11,Warm,6
1318,31.02536111,109.3979167,Other,17.34,Warm,5
1319,29.03286111,106.7685833,Forest,15.14,Warm,3
1320,30.07638889,106.3083056,Cropland,18.12,Warm,3
1321,29.06327778,106.1929722,Cropland,18.1,Warm,4
1322,30.23238889,106.1739722,Cropland,18.02,Warm,3
1323,31.14397222,108.8611111,Cropland,16.84,Warm,6
1324,31.21344444,108.42825,Forest,17.99,Warm,8
1325,29.99925,106.2783333,Cropland,18.23,Warm,6
1326,29.81691667,105.6728889,Cropland,16.66,Warm,2
1327,29.28063889,106.19975,Other,18.22,Warm,2
1328,31.018,109.3793889,Forest,17.42,Warm,3
1329,31.0155,108.7925278,Cropland,16.13,Warm,2
1330,29.277,107.7075,Forest,16.56,Warm,2
1331,30.21780556,105.8758333,Grassland,17.71,Warm,2
1332,29.76052778,106.4311111,Forest,16.86,Warm,2
1333,29.14566667,107.1945,Forest,15.77,Warm,4
1334,30.01247222,108.4836944,Cropland,12.78,Warm,2
1335,31.84408333,109.1809167,Forest,6.26,Temperate,3
1336,30.37805556,115.9753056,Forest,16.2,Warm,5
1337,31.14486111,115.7873333,Forest,10.53,Warm,4
1338,31.71261111,115.6081111,Forest,13.83,Warm,3
1339,31.98638889,114.8627778,Forest,15.85,Warm,3
1340,31.99166667,113.9283333,Cropland,15.28,Warm,3
1341,30.05944444,113.6672222,Forest,17.22,Warm,5
1342,30.09444444,112.6555556,Cropland,16.79,Warm,4
1343,29.29111111,113.8286111,Cropland,17.24,Warm,4
1344,29.99333333,113.2297222,Cropland,17.12,Warm,4
1345,30.02672222,113.3420278,Cropland,17.15,Warm,4
1346,30.69888889,114.0786111,Forest,16.91,Warm,3
1347,29.99717778,113.5056389,Cropland,17.21,Warm,3
1348,30.31855556,113.2521944,Cropland,16.91,Warm,4
1349,29.95997222,113.3628611,Cropland,17.17,Warm,4
1350,30.37419444,112.6838333,Cropland,16.68,Warm,4
1351,30.19633333,113.26425,Cropland,16.98,Warm,3
1352,30.28380833,113.7283056,Forest,17.02,Warm,4
1353,30.79394444,113.7016389,Forest,16.62,Warm,5
1354,29.21741667,113.9258056,Cropland,17.16,Warm,3
1355,29.13758333,113.9525278,Forest,16.99,Warm,6
1356,29.96011111,113.5384167,Cropland,17.29,Warm,4
1357,30.36594444,112.69725,Cropland,16.69,Warm,4
1358,30.36336111,113.7295833,Other,16.9,Warm,5
1359,29.83172222,114.0366667,Forest,17.12,Warm,4
1360,29.79852778,114.121,Cropland,17.2,Warm,5
1361,29.99391667,114.0065556,Cropland,17.23,Warm,5
1362,29.76475,113.7295278,Grassland,17.33,Warm,4
1363,30.32086111,112.7248056,Cropland,16.71,Warm,4
1364,30.62941667,112.1964167,Cropland,16.43,Warm,4
1365,29.65522222,113.8063611,Cropland,17.17,Warm,4
1366,29.27822222,113.9101667,Cropland,17.17,Warm,4
1367,31.10108333,112.4214722,Cropland,16.38,Warm,4
1368,29.51511111,114.0185,Cropland,17.31,Warm,4
1369,30.55822222,112.4197222,Cropland,16.41,Warm,4
1370,31.53077778,113.7771667,Cropland,15.94,Warm,5
1371,29.82738889,114.0119444,Forest,17.1,Warm,5
1372,29.88486111,113.9234722,Cropland,17.2,Warm,5
1373,31.17658333,112.7021944,Cropland,16.26,Warm,4
1374,30.92816667,112.4694722,Cropland,16.43,Warm,4
1375,29.53913889,114.0671111,Forest,17.35,Warm,4
1376,29.18544444,113.9465556,Forest,17.08,Warm,5
1377,31.74736111,113.8148611,Cropland,15.67,Warm,4
1378,29.88230556,113.5637778,Cropland,17.23,Warm,5
1379,30.07111111,113.4352778,Cropland,17.15,Warm,5
1380,29.48947222,113.03025,Cropland,17.24,Warm,4
1381,30.72866667,113.7460556,Cropland,16.72,Warm,4
1382,30.74772222,112.5054167,Cropland,16.36,Warm,4
1383,29.49333333,114.0295278,Cropland,17.22,Warm,4
1384,30.73702778,113.7670556,Cropland,16.7,Warm,4
1385,31.35691667,112.6234444,Cropland,16.3,Warm,4
1386,29.84,113.6645,Cropland,17.31,Warm,5
1387,30.01105556,113.7948889,Cropland,17.23,Warm,6
1388,30.14108333,113.4378889,Cropland,17.01,Warm,6
1389,29.44636111,114.0123333,Forest,17.23,Warm,3
1390,31.51494444,112.3039444,Cropland,16.08,Warm,5
1391,30.19319444,114.0625,Grassland,17.1,Warm,4
1392,29.91944444,114.2215278,Cropland,17.34,Warm,4
1393,30.36591667,112.7169167,Cropland,16.7,Warm,4
1394,31.03702778,112.6106944,Forest,16.38,Warm,5
1395,30.30738889,113.54255,Cropland,16.99,Warm,4
1396,31.48208333,112.7257222,Forest,15.94,Warm,3
1397,29.61113889,114.2576389,Cropland,16.84,Warm,4
1398,29.77936111,113.7660556,Cropland,17.33,Warm,5
1399,30.76345,113.9361806,Cropland,16.73,Warm,5
1400,29.81708333,114.5831667,Forest,16.44,Warm,3
1401,29.24486111,113.9274444,Cropland,17.05,Warm,3
1402,29.65888889,113.9166667,Forest,17.13,Warm,4
1403,29.54194444,114.1677778,Forest,17.13,Warm,4
1404,29.79638889,114.3027778,Forest,17.13,Warm,5
1405,29.42777778,114.2475,Forest,16.82,Warm,3
1406,29.68777778,113.875,Other,17.44,Warm,3
1407,29.89083333,113.8272222,Grassland,17.19,Warm,3
1408,30.01861111,114.3630556,Cropland,17.1,Warm,3
1409,31.68833333,112.0166667,Cropland,16.08,Warm,4
1410,31.58444444,112.8916667,Forest,15.32,Warm,3
1411,29.55333333,114.1205556,Cropland,17.22,Warm,3
1412,31.49805556,113.9419444,Forest,16.02,Warm,4
1413,31.29111111,112.4105556,Cropland,16.24,Warm,4
1414,29.71138889,114.3319444,Forest,17.01,Warm,4
1415,31.96777778,112.7725,Cropland,15.51,Warm,4
1416,31.17416667,112.7208333,Forest,16.18,Warm,4
1417,30.07133889,112.1407389,Cropland,16.72,Warm,3
1418,30.16956944,112.3072194,Cropland,16.59,Warm,3
1419,30.10045,112.2398,Cropland,16.73,Warm,3
1420,30.57901111,113.8044111,Grassland,16.83,Warm,4
1421,30.16131111,112.26445,Cropland,16.58,Warm,3
1422,30.45271944,113.0971194,Cropland,16.67,Warm,4
1423,30.97801944,112.63505,Cropland,16.37,Warm,9
1424,31.98391389,112.2096778,Forest,16.07,Warm,3
1425,30.67638889,113.6656111,Cropland,16.81,Warm,3
1426,30.02247222,114.0406,Cropland,17.23,Warm,5
1427,30.19481944,112.2669306,Forest,16.58,Warm,4
1428,30.25983056,114.0015,Grassland,17.01,Warm,6
1429,30.64331944,113.9870889,Forest,16.81,Warm,4
1430,30.36173889,112.7410806,Cropland,16.68,Warm,5
1431,30.39338056,112.7583,Cropland,16.66,Warm,4
1432,30.02486944,112.6723306,Cropland,16.86,Warm,4
1433,30.04528889,114.1183111,Cropland,17.25,Warm,6
1434,30.66371111,113.5085111,Cropland,16.66,Warm,5
1435,30.01561111,113.7097889,Forest,17.22,Warm,6
1436,30.11945,112.2127306,Cropland,16.66,Warm,3
1437,30.15446944,112.2960611,Forest,16.58,Warm,3
1438,30.15883889,113.7042611,Cropland,17.06,Warm,4
1439,29.91561944,114.2234306,Forest,17.35,Warm,4
1440,30.37806944,113.2717806,Forest,16.79,Warm,6
1441,30.169,113.7750611,Cropland,17.03,Warm,5
1442,30.60013889,113.64983,Cropland,16.69,Warm,4
1443,29.97298056,113.8252,Forest,17.08,Warm,5
1444,30.38293889,113.5722806,Other,16.83,Warm,4
1445,30.66076944,113.91478,Forest,16.77,Warm,5
1446,30.76127778,113.9895278,Other,16.79,Warm,4
1447,30.006,112.6540556,Cropland,16.86,Warm,4
1448,29.84902778,113.6381111,Cropland,17.22,Warm,4
1449,29.82419444,113.5745556,Cropland,17.18,Warm,4
1450,30.15423889,112.3481806,Cropland,16.57,Warm,5
1451,29.85527778,113.6036389,Cropland,17.12,Warm,4
1452,29.84113889,113.8734167,Grassland,17.1,Warm,2
1453,31.93961111,112.2072778,Cropland,16.17,Warm,2
1454,29.732,114.3578611,Forest,16.89,Warm,3
1455,31.51055556,111.7978056,Forest,14.73,Warm,2
1456,29.44008333,113.8818056,Forest,17.04,Warm,4
1457,29.05933333,113.9327778,Forest,13.16,Warm,3
1458,31.70563889,111.8646944,Forest,15.94,Warm,2
1459,29.45502778,113.9167778,Forest,17.09,Warm,3
1460,31.42672222,111.8659444,Cropland,15.26,Warm,4
1461,29.60469444,114.2635556,Forest,16.48,Warm,3
1462,29.64436111,113.9298056,Forest,16.57,Warm,3
1463,29.13011111,113.9859167,Forest,15.72,Warm,2
1464,29.05513889,113.8725556,Forest,13.36,Warm,2
1465,29.13294444,113.9479167,Forest,16.95,Warm,2
1466,29.61411111,114.2497778,Forest,16.79,Warm,2
1467,29.22644444,113.8638611,Forest,16.95,Warm,4
1468,29.336,114.1891389,Forest,16.49,Warm,3
1469,29.57869444,114.00775,Forest,16.96,Warm,4
1470,29.16941667,113.7806389,Forest,16.83,Warm,3
1471,31.94561111,112.4537778,Cropland,15.88,Warm,4
1472,31.79913889,111.7639444,Forest,15.56,Warm,2
1473,29.20791667,113.7813611,Forest,17.08,Warm,1
1474,31.38094444,111.5964167,Forest,14.83,Warm,1
1475,31.32336111,112.8407778,Forest,15.65,Warm,1
1476,31.88736111,112.8110833,Cropland,15.53,Warm,1
1477,31.31263889,111.8444722,Cropland,15.58,Warm,2
1478,31.789,111.8814444,Grassland,15.9,Warm,1
1479,31.83988889,111.3991389,Forest,12.02,Warm,1
1480,31.40697222,111.7407778,Forest,15.2,Warm,1
1481,31.5685,111.9637222,Forest,15.82,Warm,1
1482,28.51416667,113.4155556,Cropland,17.11,Warm,5
1483,27.7887,113.26105,Forest,17.43,Warm,6
1484,28.39444444,112.7811111,Cropland,17.57,Warm,5
1485,28.4725,113.9672222,Forest,16.73,Warm,6
1486,27.85456667,112.7626,Cropland,17.75,Warm,6
1487,28.86833333,111.6577778,Cropland,17.2,Warm,5
1488,28.49722222,112.5086111,Cropland,17.43,Warm,6
1489,28.27472222,113.3513889,Cropland,17.47,Warm,7
1490,28.93435,113.7682833,Cropland,16.64,Warm,6
1491,28.37138889,112.8758333,Cropland,17.37,Warm,6
1492,27.536,113.1759972,Cropland,17.72,Warm,5
1493,27.55445,112.8543333,Cropland,17.67,Warm,5
1494,29.56745,113.3516833,Cropland,17.4,Warm,5
1495,28.67888889,112.7497222,Cropland,17.48,Warm,5
1496,27.56226667,113.1801667,Cropland,17.73,Warm,6
1497,27.53191667,113.4640833,Cropland,17.68,Warm,5
1498,29.01583333,110.4927778,Grassland,15.41,Warm,6
1499,29.29333333,111.5966667,Cropland,16.89,Warm,6
1500,28.61,113.9555556,Forest,14.81,Warm,7
1501,28.33527778,112.6413889,Cropland,17.51,Warm,6
1502,28.46805556,114.0675,Cropland,16.62,Warm,7
1503,27.8615,112.19915,Forest,17.1,Warm,7
1504,28.68348333,113.5034667,Cropland,17.08,Warm,7
1505,29.09183333,113.5741667,Forest,16.72,Warm,5
1506,27.82683333,112.3195667,Cropland,17.6,Warm,6
1507,29.37722222,112.3644444,Cropland,17.14,Warm,5
1508,28.38083333,112.6080556,Forest,17.38,Warm,6
1509,28.38111111,113.8780556,Forest,17.24,Warm,7
1510,29.6732,111.7229,Cropland,17.07,Warm,5
1511,27.70877778,111.9387222,Cropland,17.7,Warm,7
1512,27.748,113.437,Grassland,17.56,Warm,6
1513,28.30416667,113.2613889,Grassland,17.35,Warm,6
1514,29.05722222,112.3519444,Cropland,17.23,Warm,6
1515,28.44527778,112.6955556,Cropland,17.5,Warm,7
1516,27.787,112.898,Forest,17.89,Warm,6
1517,29.09166667,113.5705556,Forest,16.83,Warm,6
1518,28.34638889,110.3841667,Cropland,17.03,Warm,5
1519,28.24833333,113.4197222,Forest,17.47,Warm,6
1520,29.45027778,112.2005556,Cropland,17.07,Warm,6
1521,28.43388889,114.1533333,Forest,11.47,Warm,5
1522,28.40388889,114.0780556,Forest,13.98,Warm,4
1523,28.45083333,114.0158333,Cropland,16.82,Warm,5
1524,28.22027778,113.4869444,Forest,17.18,Warm,3
1525,27.95833333,112.4983333,Cropland,17.42,Warm,4
1526,28.20138889,113.1083333,Forest,17.73,Warm,4
1527,28.30611111,113.4988889,Grassland,17.29,Warm,5
1528,28.43,114.1525,Forest,11.34,Warm,4
1529,28.42027778,114.0980556,Forest,11.94,Warm,5
1530,28.4275,114.0913889,Forest,12.49,Warm,3
1531,28.41083333,114.1002778,Forest,11.06,Warm,5
1532,28.42555556,114.0944444,Forest,12.25,Warm,3
1533,28.41638889,114.1019444,Forest,11.04,Warm,3
1534,28.42527778,114.0888889,Forest,12.85,Warm,4
1535,28.42222222,114.1194444,Forest,11.23,Warm,4
1536,27.90836111,111.5648333,Forest,16.23,Warm,2
1537,29.11527778,113.2233333,Other,17.39,Warm,4
1538,27.62361111,113.1441667,Forest,17.63,Warm,4
1539,28.42472222,114.0547222,Forest,15.17,Warm,2
1540,27.70388889,111.7261111,Forest,17.59,Warm,4
1541,28.56638889,113.0202778,Cropland,17.24,Warm,4
1542,28.28583333,113.7511111,Grassland,17.32,Warm,5
1543,28.20444444,113.1661111,Cropland,17.54,Warm,4
1544,27.64722222,113.1613889,Cropland,17.75,Warm,5
1545,27.73222222,112.4686111,Cropland,17.9,Warm,4
1546,28.47027778,112.6566667,Cropland,17.47,Warm,5
1547,29.44972222,111.7563889,Cropland,16.77,Warm,4
1548,29.4875,113.5411111,Forest,17.13,Warm,4
1549,27.815,112.3166667,Forest,17.66,Warm,4
1550,28.55083333,113.3252778,Forest,17.1,Warm,3
1551,27.9075,110.7155556,Forest,16.6,Warm,5
1552,29.37166944,110.2548472,Forest,15.77,Warm,3
1553,28.99277778,111.3594444,Cropland,17.09,Warm,3
1554,28.72686389,113.9769472,Grassland,17.14,Warm,4
1555,29.66555556,111.2327778,Forest,16.35,Warm,4
1556,29.5922,112.1921,Cropland,16.95,Warm,5
1557,29.28583333,112.5713889,Cropland,17.17,Warm,4
1558,28.43638889,114.16,Forest,11.14,Warm,2
1559,28.43361111,114.1516667,Forest,11.42,Warm,4
1560,28.43148056,114.08855,Forest,12.89,Warm,3
1561,28.4233,114.1351806,Forest,11.16,Warm,4
1562,28.42276667,114.0832167,Forest,13.03,Warm,4
1563,28.42824722,114.0667306,Forest,15.06,Warm,4
1564,29.32531944,110.9084889,Forest,16.19,Warm,3
1565,27.545,112.1933889,Forest,17.93,Warm,4
1566,28.69361111,113.4677778,Forest,16.88,Warm,2
1567,28.63734722,112.9283806,Forest,17.38,Warm,5
1568,28.4883,112.4076,Forest,17.33,Warm,5
1569,28.74173056,113.0554639,Grassland,17.37,Warm,4
1570,27.74428056,112.6940333,Cropland,17.77,Warm,4
1571,28.42738333,114.0586167,Forest,15.23,Warm,3
1572,28.24972222,112.1919444,Cropland,17.15,Warm,4
1573,27.859,111.7746944,Forest,17.35,Warm,4
1574,28.6765,111.2992,Forest,17.09,Warm,2
1575,28.95156667,113.7833806,Forest,16.0,Warm,3
1576,28.772,111.9356,Forest,17.23,Warm,4
1577,28.5025,112.1058,Forest,17.33,Warm,3
1578,29.2192,111.6174,Cropland,16.97,Warm,4
1579,29.092411,113.447372,Forest,17.32,Warm,2
1580,29.02341389,113.5085472,Forest,16.84,Warm,4
1581,28.5345,112.2875,Forest,17.42,Warm,2
1582,29.3874,111.3861,Cropland,16.87,Warm,2
1583,28.5312,112.3002,Forest,17.38,Warm,3
1584,29.4895,113.2636139,Cropland,17.43,Warm,3
1585,27.71711389,113.4448333,Cropland,17.59,Warm,4
1586,27.51703333,113.4673639,Forest,17.7,Warm,4
1587,28.41426389,114.0628306,Forest,14.49,Warm,4
1588,29.7076,111.5981972,Cropland,16.85,Warm,4
1589,27.9521,110.189,Forest,17.59,Warm,2
1590,28.45861111,113.935,Forest,16.62,Warm,4
1591,28.3124,111.2626,Forest,16.6,Warm,3
1592,27.85972222,112.1927778,Forest,17.17,Warm,4
1593,29.55996667,111.2507639,Forest,16.85,Warm,4
1594,28.41691389,114.0628806,Forest,14.45,Warm,4
1595,28.36472222,113.8683333,Forest,17.25,Warm,1
1596,27.645,112.7708333,Forest,17.75,Warm,2
1597,28.42,111.5366667,Forest,16.92,Warm,2
1598,29.1075,113.3716667,Forest,17.4,Warm,1
1599,28.41833333,114.0625,Forest,14.45,Warm,1
1600,28.41472222,114.1,Forest,11.17,Warm,2
1601,29.02247222,115.8996111,Cropland,17.6,Warm,4
1602,29.20052778,115.7316111,Cropland,17.51,Warm,4
1603,28.96,115.7741111,Cropland,17.57,Warm,5
1604,28.57063889,115.9463889,Forest,18.01,Warm,6
1605,28.68811111,115.7863056,Other,17.88,Warm,6
1606,29.69452778,115.764,Cropland,17.45,Warm,4
1607,27.86886111,114.7763889,Forest,17.47,Warm,4
1608,29.25252778,114.8516111,Cropland,16.99,Warm,3
1609,27.928,113.8571111,Forest,17.22,Warm,5
1610,27.97969444,115.2031944,Cropland,17.99,Warm,4
1611,27.53455556,115.3693056,Cropland,17.98,Warm,2
1612,28.93791667,114.5253056,Cropland,16.87,Warm,3
1613,28.49116667,115.4718056,Other,17.76,Warm,4
1614,28.92013889,114.9226111,Forest,12.67,Warm,2
1615,29.22911111,115.1738056,Cropland,17.1,Warm,4
1616,27.75311111,114.1413056,Forest,17.27,Warm,4
1617,27.67697222,114.4988056,Forest,16.95,Warm,3
1618,27.68377778,115.8498056,Cropland,17.92,Warm,3
1619,28.25597222,115.3921944,Forest,17.7,Warm,3
1620,28.39794444,114.7956944,Other,17.53,Warm,3
1621,27.85316667,115.9616111,Forest,17.84,Warm,5
1622,28.87772222,115.3653056,Forest,17.34,Warm,2
1623,28.50683333,115.0343889,Forest,17.27,Warm,2
1624,28.42816667,114.8296944,Forest,17.34,Warm,3
1625,29.2895,115.7173889,Other,17.38,Warm,4
1626,29.32252778,114.6318056,Cropland,16.25,Warm,3
1627,29.73019444,115.8448056,Other,17.38,Warm,3
1628,27.9315,115.4136944,Grassland,18.09,Warm,4
1629,29.39213889,114.6571944,Forest,11.59,Warm,2
1630,29.03391667,115.3800833,Forest,16.7,Warm,3
1631,29.37669444,114.6783056,Forest,12.66,Warm,3
1632,29.44363889,115.2516944,Forest,16.02,Warm,3
1633,27.61027778,115.7566944,Cropland,18.0,Warm,2
1634,29.38127778,114.6926111,Forest,13.45,Warm,2
1635,28.33336111,115.7003056,Cropland,17.96,Warm,2
1636,27.48327778,115.8093056,Forest,17.42,Warm,3
1637,28.17227778,116.0268056,Cropland,17.82,Warm,2
1638,27.46755556,115.7528056,Forest,17.6,Warm,3
1639,28.35525,114.6171389,Forest,17.23,Warm,3
1640,28.94069444,114.9153889,Forest,14.21,Warm,3
1641,28.66672222,114.6166944,Forest,16.49,Warm,3
1642,27.67358333,115.7677222,Forest,17.77,Warm,3
1643,27.74538889,115.3246111,Forest,17.75,Warm,2
1644,27.60363889,113.8325,Forest,17.67,Warm,3
1645,27.49341667,115.725,Forest,17.74,Warm,3
1646,29.03658333,114.5363889,Grassland,17.05,Warm,2
1647,27.97511111,114.3633056,Forest,16.97,Warm,3
1648,28.97838889,114.2233333,Cropland,17.02,Warm,3
1649,28.62788889,114.4031944,Forest,15.04,Warm,3
1650,29.40652778,115.173,Forest,17.01,Warm,2
1651,27.76394444,113.8581944,Forest,16.61,Warm,3
1652,28.77577778,115.0898889,Forest,14.22,Warm,2
1653,28.18288889,114.8936111,Forest,17.28,Warm,1
1654,28.09430556,114.4911111,Forest,16.72,Warm,1
1655,28.52638889,114.7504722,Grassland,17.25,Warm,3
1656,29.34980556,116.0041111,Forest,17.56,Warm,3
1657,27.58772222,115.7223056,Forest,17.91,Warm,2
1658,31.48630556,118.5140278,Cropland,15.91,Warm,4
1659,31.00688889,116.9087222,Cropland,16.36,Warm,4
1660,31.50036111,116.8475278,Cropland,16.05,Warm,4
1661,30.15447222,118.4911667,Other,15.33,Warm,5
1662,30.41438889,116.2570556,Forest,16.87,Warm,6
1663,31.27394444,118.26525,Forest,16.16,Warm,5
1664,31.65711111,117.7692778,Cropland,15.75,Warm,5
1665,31.16452778,117.3731944,Cropland,16.26,Warm,4
1666,30.61708333,116.5175556,Cropland,16.71,Warm,5
1667,31.25027778,117.5469444,Cropland,16.15,Warm,5
1668,31.17286111,117.6477778,Cropland,16.33,Warm,5
1669,29.85480556,118.3683611,Forest,16.55,Warm,5
1670,31.06361111,118.8510278,Cropland,16.0,Warm,5
1671,30.78802778,118.9632222,Forest,16.13,Warm,5
1672,31.41758333,118.7412222,Cropland,15.93,Warm,5
1673,31.31388889,118.5386944,Cropland,16.03,Warm,4
1674,29.75891667,118.2926389,Cropland,16.45,Warm,5
1675,30.80527778,118.6383889,Cropland,15.93,Warm,5
1676,31.01183333,118.9402778,Cropland,15.85,Warm,5
1677,29.726,118.2130833,Cropland,16.47,Warm,5
1678,30.85983333,118.8048889,Forest,16.04,Warm,5
1679,30.841,118.7472222,Grassland,15.98,Warm,5
1680,30.76058333,118.9695833,Cropland,15.95,Warm,5
1681,31.34191667,118.18025,Forest,16.1,Warm,5
1682,29.80444444,116.8330556,Forest,16.87,Warm,4
1683,30.82972222,118.5377222,Cropland,16.13,Warm,5
1684,31.0135,118.5900833,Cropland,16.03,Warm,5
1685,31.10641667,118.7894444,Cropland,16.08,Warm,5
1686,31.45941667,117.1246944,Forest,16.02,Warm,5
1687,31.07736111,118.7949167,Cropland,16.07,Warm,6
1688,31.24402778,117.4733056,Forest,16.14,Warm,5
1689,30.78011111,118.9371667,Cropland,16.11,Warm,5
1690,31.21930556,118.944,Other,15.82,Warm,5
1691,30.44027778,116.3960278,Cropland,16.88,Warm,5
1692,30.90655556,119.2929444,Cropland,15.74,Warm,5
1693,30.91677778,118.8063889,Cropland,16.19,Warm,4
1694,31.22755556,117.3546111,Forest,16.22,Warm,5
1695,31.22855556,118.9185278,Cropland,15.91,Warm,4
1696,31.66913889,117.6331389,Cropland,15.95,Warm,5
1697,31.8135,117.7225278,Cropland,15.8,Warm,4
1698,30.86002778,118.7229444,Cropland,15.93,Warm,4
1699,30.46069444,117.1150833,Cropland,16.77,Warm,5
1700,30.51936111,118.8844167,Forest,15.48,Warm,5
1701,31.49936111,116.8500278,Cropland,16.05,Warm,5
1702,30.71222222,117.8535556,Grassland,16.4,Warm,5
1703,31.17583333,118.9931389,Cropland,15.82,Warm,5
1704,30.67938889,118.8774722,Forest,15.87,Warm,2
1705,30.21975,117.4870278,Forest,16.27,Warm,5
1706,31.92438889,117.0835556,Cropland,15.71,Warm,4
1707,30.69986111,119.2744167,Cropland,15.69,Warm,3
1708,30.88186111,118.6806389,Forest,15.89,Warm,4
1709,30.74588889,116.5201111,Cropland,14.34,Warm,4
1710,29.84686111,117.5020556,Cropland,16.4,Warm,4
1711,29.99213889,117.3303333,Forest,15.04,Warm,3
1712,30.1995,118.2948333,Forest,14.9,Warm,2
1713,31.01655556,117.3495833,Cropland,16.27,Warm,3
1714,31.50083333,116.8464167,Cropland,16.05,Warm,5
1715,30.61019444,118.1002778,Forest,15.26,Warm,4
1716,31.47361111,116.63325,Cropland,15.86,Warm,4
1717,31.21108333,116.4466944,Forest,15.02,Warm,4
1718,31.41411111,116.8464722,Cropland,16.06,Warm,5
1719,31.23775,117.4282778,Forest,16.17,Warm,4
1720,30.71808333,118.4087778,Grassland,16.24,Warm,5
1721,30.14863889,116.8089167,Other,17.05,Warm,5
1722,30.43891667,117.0125556,Grassland,16.77,Warm,5
1723,30.48244444,117.024,Cropland,16.81,Warm,5
1724,30.83397222,116.9385278,Cropland,16.54,Warm,5
1725,30.71713889,118.4085278,Grassland,16.24,Warm,4
1726,30.98,116.5418056,Forest,13.26,Warm,4
1727,30.52636111,117.1936667,Other,16.6,Warm,4
1728,30.38094444,116.8330556,Cropland,16.91,Warm,5
1729,30.86972222,117.0505278,Cropland,16.47,Warm,4
1730,29.78211111,118.0651111,Forest,16.21,Warm,3
1731,31.17902778,117.2030556,Cropland,16.14,Warm,2
1732,29.4265,118.1564167,Forest,16.04,Warm,3
1733,30.54433333,118.6659722,Forest,13.3,Warm,3
1734,29.53325,118.217,Forest,15.2,Warm,2
1735,29.80869444,118.0157222,Forest,15.47,Warm,4
1736,29.55169444,118.2498611,Forest,15.31,Warm,3
1737,29.94272222,117.7440556,Forest,15.82,Warm,3
1738,30.72233333,116.4556111,Forest,13.92,Warm,3
1739,29.84777778,118.4576389,Forest,16.33,Warm,3
1740,31.18822222,116.5233333,Forest,15.28,Warm,2
1741,30.05263889,117.57375,Forest,16.02,Warm,2
1742,30.07205556,118.5434722,Forest,16.01,Warm,2
1743,31.28072222,116.3996667,Forest,14.87,Warm,2
1744,30.55163889,118.4811389,Forest,15.39,Warm,2
1745,31.59755556,116.2644722,Forest,15.64,Warm,2
1746,31.44861111,117.5633333,Other,15.88,Warm,2
1747,30.66869444,118.4413889,Forest,16.09,Warm,2
1748,28.02158333,118.5305556,Cropland,17.67,Warm,3
1749,28.02319444,118.53025,Cropland,17.67,Warm,4
1750,27.86511111,118.7568056,Cropland,17.34,Warm,3
1751,28.06175,118.5217778,Cropland,17.6,Warm,3
1752,27.58827778,118.8254444,Forest,18.13,Warm,4
1753,27.60675,118.7261944,Forest,17.9,Warm,5
1754,27.56827778,117.9865833,Forest,18.25,Warm,4
1755,27.64411111,117.9148611,Grassland,18.4,Warm,3
1756,27.66777778,117.8161111,Forest,17.65,Warm,3
1757,27.63855556,117.9672778,Forest,18.54,Warm,4
1758,27.86166667,117.7883333,Forest,9.13,Temperate,4
1759,27.51738889,118.7944722,Cropland,18.33,Warm,3
1760,27.67397222,117.7695833,Forest,16.94,Warm,2
1761,27.91008333,118.55065,Forest,17.82,Warm,3
1762,28.03844444,118.5295278,Forest,17.32,Warm,1
1763,30.91388333,120.4888333,Forest,16.07,Warm,5
1764,30.86919778,120.64953,Other,16.24,Warm,6
1765,31.7705,119.78823,Cropland,15.62,Warm,4
1766,31.49267,120.29683,Other,15.87,Warm,5
1767,31.28568333,121.0775167,Forest,15.89,Warm,5
1768,31.54858056,120.40195,Forest,15.97,Warm,5
1769,31.76542222,120.2353194,Forest,15.65,Warm,5
1770,31.78195,120.6498028,Forest,15.61,Warm,4
1771,31.78453,120.6932,Forest,15.46,Warm,4
1772,31.56547,119.9993,Grassland,15.67,Warm,6
1773,31.53982,120.71048,Forest,15.69,Warm,5
1774,31.95007,118.40045,Grassland,15.59,Warm,5
1775,31.78331,120.6815,Cropland,15.53,Warm,5
1776,31.806,120.563,Forest,15.69,Warm,6
1777,31.74279,120.6707,Grassland,15.53,Warm,5
1778,31.8411,120.6679,Forest,15.58,Warm,5
1779,31.8321,120.5835,Grassland,15.71,Warm,6
1780,31.83354,120.6581,Grassland,15.62,Warm,5
1781,31.13538,120.69158,Other,16.12,Warm,5
1782,31.10325,120.2679,Forest,15.62,Warm,4
1783,31.38737,119.965,Cropland,15.72,Warm,5
1784,31.7665625,119.2983125,Forest,15.31,Warm,4
1785,31.44435833,119.05913,Cropland,15.5,Warm,4
1786,31.63453,118.85729,Cropland,15.45,Warm,3
1787,31.2288,119.79963,Forest,15.64,Warm,4
1788,31.4545,119.06112,Cropland,15.54,Warm,4
1789,31.8584,118.74145,Cropland,15.45,Warm,4
1790,31.63588,118.85722,Forest,15.45,Warm,4
1791,29.3165,116.6021111,Forest,17.65,Warm,5
1792,28.84555556,116.1553056,Other,17.77,Warm,6
1793,28.78491667,116.6173889,Cropland,17.96,Warm,6
1794,28.72177778,116.6371111,Cropland,18.09,Warm,7
1795,29.37444444,116.5843889,Forest,17.63,Warm,6
1796,28.86766667,116.1973056,Cropland,17.72,Warm,4
1797,29.16308333,116.8901111,Cropland,17.77,Warm,5
1798,29.47355556,116.7111944,Forest,17.51,Warm,5
1799,29.47644444,116.2355,Forest,17.38,Warm,4
1800,29.54427778,116.5095,Forest,17.01,Warm,5
1801,27.85527778,116.4648056,Cropland,18.44,Warm,4
1802,29.34041667,116.9066944,Cropland,17.54,Warm,2
1803,28.56319444,117.7325,Forest,17.54,Warm,3
1804,28.01655556,117.0676944,Forest,17.72,Warm,4
1805,28.72916667,118.2916667,Grassland,17.83,Warm,3
1806,29.76472222,116.308,Cropland,17.28,Warm,5
1807,28.34925,117.2046944,Other,18.77,Warm,3
1808,28.23527778,116.9851111,Cropland,18.67,Warm,2
1809,28.23608333,116.4921944,Forest,18.02,Warm,4
1810,28.66266667,117.4876111,Forest,17.84,Warm,3
1811,29.47408333,117.3776111,Forest,16.87,Warm,3
1812,27.94727778,116.9463889,Forest,17.76,Warm,4
1813,28.36047222,117.6438056,Forest,18.61,Warm,3
1814,28.11358333,116.7063056,Forest,17.98,Warm,4
1815,27.97983333,117.9566944,Forest,14.43,Warm,4
1816,27.72102778,116.8278056,Forest,18.2,Warm,3
1817,28.91308333,116.4981111,Forest,17.71,Warm,4
1818,28.93508333,116.3573056,Cropland,17.62,Warm,4
1819,29.03375,116.7901111,Forest,17.9,Warm,6
1820,28.90413889,116.2695,Cropland,17.63,Warm,3
1821,28.979,116.6788056,Cropland,17.87,Warm,4
1822,28.96725,117.2566944,Forest,18.0,Warm,4
1823,29.03016667,117.7393056,Forest,16.53,Warm,2
1824,28.02216667,117.9261944,Forest,16.37,Warm,3
1825,27.61838889,116.598,Cropland,18.32,Warm,2
1826,29.23688889,117.8491944,Grassland,17.27,Warm,2
1827,28.068,116.2973889,Forest,18.27,Warm,3
1828,28.48672222,118.2505,Forest,18.12,Warm,4
1829,29.27386111,116.2473056,Forest,17.61,Warm,4
1830,28.75916667,116.383,Grassland,17.75,Warm,4
1831,29.09688889,116.0458889,Cropland,17.64,Warm,4
1832,28.72997222,117.0431944,Cropland,17.87,Warm,1
1833,28.33825,117.2403056,Other,18.68,Warm,2
1834,27.57805556,116.15,Forest,17.77,Warm,4
1835,29.39908333,116.095,Other,17.17,Warm,2
1836,30.95986111,121.1986111,Cropland,16.04,Warm,5
1837,31.07019444,121.2046111,Forest,16.15,Warm,4
1838,31.07333333,121.2086944,Forest,16.16,Warm,4
1839,31.05302778,121.1583056,Cropland,16.06,Warm,4
1840,30.90894444,121.0616667,Cropland,15.98,Warm,5
1841,31.07711111,121.0288056,Cropland,15.93,Warm,4
1842,31.24461111,121.1616111,Forest,16.02,Warm,5
1843,30.81030556,121.2376944,Cropland,16.02,Warm,6
1844,30.91977778,121.3917778,Grassland,16.1,Warm,5
1845,30.98047222,121.0668056,Forest,16.03,Warm,4
1846,31.60661111,121.4636667,Cropland,15.48,Warm,5
1847,31.22797222,121.1861111,Cropland,16.03,Warm,4
1848,31.20263889,121.3635556,Other,16.38,Warm,5
1849,31.027,121.0133056,Cropland,15.97,Warm,4
1850,31.61933333,121.5655556,Cropland,15.5,Warm,5
1851,30.999,121.7641667,Forest,16.26,Warm,4
1852,31.04827778,121.8199167,Forest,16.2,Warm,5
1853,31.76902778,121.2036944,Cropland,15.13,Warm,11
1854,31.10861111,121.74475,Other,16.18,Warm,5
1855,31.43338889,121.3442222,Forest,16.1,Warm,5
1856,30.93066667,121.8110556,Forest,16.18,Warm,4
1857,30.77083333,121.2376944,Cropland,16.07,Warm,4
1858,30.94883333,121.6224167,Cropland,16.13,Warm,4
1859,31.03722222,121.4718889,Other,16.32,Warm,5
1860,31.524,121.6690833,Cropland,15.6,Warm,5
1861,31.20725,121.2349167,Grassland,16.21,Warm,4
1862,31.04263889,120.9065556,Cropland,15.89,Warm,5
1863,30.99130556,121.4547778,Cropland,16.28,Warm,5
1864,30.87163889,121.4448333,Cropland,16.22,Warm,5
1865,31.61780556,121.4748333,Grassland,15.49,Warm,6
1866,31.27077778,121.1496944,Forest,16.02,Warm,5
1867,30.99780556,121.1076944,Cropland,15.97,Warm,5
1868,31.51911111,121.6898889,Forest,15.59,Warm,6
1869,31.38086111,121.2004722,Forest,15.97,Warm,5
1870,31.14119444,121.2718611,Forest,16.3,Warm,4
1871,30.94419444,121.2564167,Forest,16.01,Warm,5
1872,30.87036111,121.6118611,Cropland,16.17,Warm,4
1873,30.88494444,121.8373056,Grassland,16.25,Warm,4
1874,31.07383333,121.8450278,Grassland,16.15,Warm,5
1875,31.02452778,121.8187222,Cropland,16.2,Warm,4
1876,30.99052778,121.8744722,Cropland,16.2,Warm,4
1877,31.80586111,121.3421389,Cropland,15.35,Warm,4
1878,31.54,121.7754167,Forest,15.72,Warm,4
1879,31.23213889,121.2796389,Other,16.3,Warm,5
1880,31.31133333,121.6557778,Forest,16.28,Warm,4
1881,31.61772222,121.7245278,Forest,15.62,Warm,5
1882,30.17375,119.7617778,Forest,15.9,Warm,5
1883,27.54130556,120.5215833,Forest,18.21,Warm,4
1884,27.90288889,120.0334444,Forest,14.47,Warm,4
1885,27.91422222,120.11925,Forest,15.47,Warm,4
1886,29.52333333,120.9640278,Other,16.58,Warm,4
1887,29.86766667,120.3894167,Grassland,16.77,Warm,5
1888,30.53325,120.4505,Forest,16.26,Warm,6
1889,28.65952778,118.5475278,Forest,17.92,Warm,4
1890,30.00536111,121.2423333,Grassland,16.53,Warm,5
1891,29.77913889,120.2054444,Cropland,16.83,Warm,5
1892,31.00580556,120.953,Forest,16.02,Warm,5
1893,29.08022222,118.9609167,Forest,17.47,Warm,3
1894,28.8515,118.9750278,Forest,17.12,Warm,4
1895,29.68711111,120.1098611,Cropland,16.67,Warm,3
1896,28.55055556,119.9618889,Forest,16.06,Warm,6
1897,29.49938889,121.71425,Cropland,16.53,Warm,5
1898,28.74536111,120.6009444,Cropland,17.02,Warm,4
1899,28.15680556,120.7056389,Forest,17.41,Warm,5
1900,30.69108333,119.6118333,Forest,16.04,Warm,5
1901,27.60144444,119.76925,Forest,16.37,Warm,3
1902,28.06647222,118.9459444,Forest,17.03,Warm,4
1903,27.78963889,119.1149444,Forest,14.69,Warm,3
1904,28.87463889,118.9719444,Forest,17.32,Warm,5
1905,30.98433333,119.8394167,Forest,15.9,Warm,6
1906,28.05133333,119.4576111,Forest,14.78,Warm,5
1907,29.06827778,118.9443611,Forest,17.49,Warm,6
1908,29.09397222,118.9618889,Cropland,17.43,Warm,5
1909,30.17730556,119.7115,Cropland,15.96,Warm,6
1910,28.47941667,119.4545,Forest,17.8,Warm,4
1911,28.0465,119.4760556,Forest,16.54,Warm,4
1912,28.16013889,120.3155,Forest,15.95,Warm,5
1913,29.46933333,121.9006111,Other,16.99,Warm,5
1914,30.94122222,119.7495,Cropland,15.89,Warm,4
1915,29.05288889,118.9621111,Cropland,17.55,Warm,3
1916,29.08055556,118.9520278,Forest,17.47,Warm,4
1917,30.53547222,120.4673889,Grassland,16.23,Warm,6
1918,30.73580556,120.4965,Forest,16.12,Warm,5
1919,30.86894444,120.1547222,Grassland,16.1,Warm,7
1920,30.56136111,120.4161111,Cropland,16.22,Warm,5
1921,30.93772222,120.8712778,Grassland,16.03,Warm,6
1922,30.92277778,120.1591667,Forest,15.88,Warm,5
1923,28.89458333,120.1167222,Forest,17.17,Warm,5
1924,29.23586111,121.6981389,Forest,16.97,Warm,5
1925,28.62536111,118.4379167,Cropland,17.89,Warm,3
1926,29.64561111,120.7925833,Cropland,16.39,Warm,4
1927,29.07838889,118.9440278,Forest,17.47,Warm,5
1928,30.68377778,120.8366667,Cropland,16.07,Warm,4
1929,30.88083333,120.8785278,Forest,16.17,Warm,4
1930,30.14525,121.1048611,Cropland,16.6,Warm,6
1931,28.52247222,121.0339444,Cropland,16.86,Warm,4
1932,30.70166667,121.2237778,Grassland,16.15,Warm,4
1933,30.46263889,120.6289444,Cropland,16.27,Warm,5
1934,29.19736111,120.6962222,Forest,14.46,Warm,6
1935,28.87025,118.978,Other,17.32,Warm,5
1936,30.86766667,120.1558889,Forest,16.1,Warm,5
1937,30.02863889,118.977,Forest,11.07,Warm,4
1938,29.51733333,120.8975833,Cropland,16.68,Warm,4
1939,30.52341667,119.5585278,Forest,15.3,Warm,3
1940,28.08041667,119.1251111,Forest,17.89,Warm,4
1941,30.16483333,120.0443611,Cropland,16.34,Warm,5
1942,28.87513889,118.96525,Forest,17.36,Warm,6
1943,30.17955556,120.0894167,Forest,16.34,Warm,4
1944,28.71852778,119.0676667,Forest,13.93,Warm,3
1945,30.19144444,120.0856667,Forest,16.07,Warm,4
1946,28.60563889,121.2105833,Forest,16.9,Warm,3
1947,30.16891667,119.72875,Forest,15.14,Warm,4
1948,30.29111111,119.0235556,Forest,14.16,Warm,5
1949,28.874,118.9705278,Forest,17.29,Warm,4
1950,27.60061111,119.7696111,Forest,16.43,Warm,4
1951,30.16358333,120.0428333,Forest,16.28,Warm,5
1952,30.16177778,120.0428056,Cropland,16.3,Warm,4
1953,30.16427778,120.0436667,Forest,16.32,Warm,4
1954,30.22847222,120.1150278,Forest,16.43,Warm,4
1955,28.92316667,121.0632222,Forest,16.88,Warm,4
1956,28.58855556,120.1278056,Forest,15.34,Warm,4
1957,29.32472222,121.5402222,Forest,16.01,Warm,3
1958,30.23019444,120.1122222,Grassland,16.46,Warm,4
1959,30.22963889,120.1130278,Forest,16.46,Warm,4
1960,27.83919444,121.1650833,Forest,16.84,Warm,3
1961,30.94627778,119.6588333,Forest,15.75,Warm,4
1962,27.82366667,121.1656667,Cropland,16.89,Warm,3
1963,29.03930556,121.3569444,Cropland,16.48,Warm,3
1964,29.198,120.8893056,Cropland,16.46,Warm,4
1965,28.91977778,121.6263611,Cropland,17.08,Warm,5
1966,27.50433333,120.6130833,Forest,17.98,Warm,4
1967,28.42016667,121.5750278,Forest,17.32,Warm,4
1968,30.05266667,120.8328333,Cropland,16.79,Warm,5
1969,30.30483333,121.2050278,Forest,16.4,Warm,5
1970,30.01961111,121.6223333,Cropland,16.81,Warm,4
1971,29.0855,118.9750833,Forest,17.44,Warm,3
1972,30.52363889,120.0541667,Forest,16.31,Warm,3
1973,28.38163889,121.4524722,Grassland,17.05,Warm,4
1974,29.23619444,121.6122222,Cropland,16.83,Warm,4
1975,31.00236111,120.9463889,Forest,16.05,Warm,4
1976,30.21988889,121.2257222,Forest,16.75,Warm,4
1977,27.59444444,120.4276667,Forest,18.12,Warm,4
1978,30.93475,120.1701667,Forest,15.82,Warm,5
1979,27.80355556,119.1715833,Forest,12.12,Warm,3
1980,30.37544444,119.4800556,Forest,12.88,Warm,3
1981,30.34447222,119.4401944,Forest,10.83,Warm,4
1982,28.04258333,119.4327778,Forest,13.31,Warm,4
1983,27.86536111,119.0821389,Forest,12.92,Warm,4
1984,27.898,119.8875278,Forest,14.58,Warm,3
1985,30.24413889,118.9396667,Forest,13.76,Warm,3
1986,30.22561111,120.1070833,Forest,16.1,Warm,4
1987,28.89441667,120.1173333,Forest,17.14,Warm,3
1988,28.70486111,119.0707222,Forest,13.69,Warm,3
1989,29.0885,118.9417222,Cropland,17.37,Warm,2
1990,28.93663889,119.0000556,Cropland,17.59,Warm,2
1991,30.16216667,120.0440833,Cropland,16.34,Warm,4
1992,30.19169444,120.0857778,Forest,16.04,Warm,4
1993,30.25722222,120.1308889,Forest,16.77,Warm,4
1994,28.96263889,121.0394722,Forest,16.65,Warm,3
1995,28.84580556,118.9716667,Forest,16.72,Warm,5
1996,28.06183333,119.0455833,Forest,16.88,Warm,3
1997,30.14791667,119.7119444,Forest,14.84,Warm,3
1998,30.16352778,120.0429167,Forest,16.29,Warm,3
1999,28.51158333,121.4465,Forest,17.29,Warm,3
2000,29.50505556,121.1563056,Forest,15.52,Warm,3
2001,29.49327778,120.9954722,Cropland,16.03,Warm,5
2002,28.55677778,119.3791667,Forest,17.55,Warm,3
2003,30.92227778,120.0123056,Other,15.78,Warm,4
2004,29.64919444,120.7843056,Cropland,16.25,Warm,4
2005,28.37622222,120.1021389,Forest,16.75,Warm,4
2006,30.17394444,119.7624722,Forest,15.9,Warm,3
2007,28.75369444,120.9793056,Forest,14.58,Warm,3
2008,29.61841667,121.2758889,Forest,14.91,Warm,3
2009,30.27752778,121.2084167,Forest,16.43,Warm,4
2010,30.14241667,120.7037778,Forest,16.53,Warm,5
2011,28.43491667,120.7207222,Grassland,16.82,Warm,4
2012,28.75963889,120.5627222,Forest,16.87,Warm,3
2013,29.07763889,118.9431111,Forest,17.46,Warm,1
2014,29.36938889,120.5058056,Forest,15.79,Warm,2
2015,28.40563889,120.0655278,Forest,16.16,Warm,2
2016,29.14047222,118.94825,Forest,16.86,Warm,2
2017,28.09761111,118.8965278,Forest,15.74,Warm,2
2018,30.16163889,120.0430556,Cropland,16.31,Warm,3
2019,33.35557306,79.72817444,Forest,-0.69,Alpine,2
2020,32.82466389,79.78633611,Other,-0.88,Alpine,4
2021,33.05859722,80.06058306,Forest,-3.08,Alpine,4
2022,33.77289611,80.47105194,Other,-1.22,Alpine,4
2023,33.54865139,80.17163444,Other,-0.22,Alpine,4
2024,33.37800222,79.72432722,Forest,0.13,Temperate,5
2025,32.21529278,81.55001028,Forest,-2.93,Alpine,5
2026,32.29048861,84.13032361,Forest,0.66,Temperate,4
2027,32.3930775,82.43796167,Forest,-2.43,Alpine,4
2028,32.18238889,81.29490667,Forest,-1.19,Alpine,4
2029,34.09895,92.33852,Forest,-4.79,Alpine,4
2030,32.11918611,91.76586389,Forest,-3.06,Alpine,4
2031,32.21930278,91.71083056,Forest,-2.27,Alpine,4
2032,32.32826667,91.72213889,Forest,-3.23,Alpine,5
2033,32.74783889,91.72126306,Forest,-4.83,Alpine,4
2034,32.03998972,91.06729361,Forest,-1.61,Alpine,4
2035,32.74476472,91.85751722,Forest,-5.23,Alpine,3
2036,32.67261111,91.87152778,Forest,-5.25,Alpine,4
2037,32.20294167,91.55738611,Forest,-1.94,Alpine,3
2038,33.76862,96.96281,Forest,-5.41,Alpine,4
2039,36.44767,96.35499,Cropland,4.75,Temperate,5
2040,35.88472,98.14477,Other,1.63,Temperate,3
2041,36.37862,96.48488,Other,4.65,Temperate,4
2042,36.42786,95.75959,Other,5.07,Temperate,4
2043,35.82523,98.15518,Forest,1.55,Temperate,4
2044,36.40371,94.49127,Forest,5.47,Temperate,4
2045,36.29115,97.09065,Forest,4.93,Temperate,4
2046,34.49651,95.5594,Forest,-3.6,Alpine,3
2047,33.96644,96.59666,Forest,-5.29,Alpine,4
2048,34.68184,95.18719,Forest,-4.42,Alpine,5
2049,34.04283,95.22071,Forest,-4.13,Alpine,5
2050,35.17905,93.95214,Forest,-3.4,Alpine,4
2051,34.36623,95.70051,Forest,-4.06,Alpine,4
2052,34.45861,95.60437,Forest,-4.35,Alpine,8
2053,34.1594,95.9719,Forest,-5.46,Alpine,4
2054,34.15381,95.98257,Forest,-4.97,Alpine,3
2055,35.01452,94.42963,Forest,-2.78,Alpine,3
2056,34.98229,94.57661,Forest,-2.75,Alpine,3
2057,34.90331,94.7904,Forest,-3.34,Alpine,5
2058,33.93209,95.32201,Forest,-3.99,Alpine,4
2059,34.1522,95.95084,Forest,-5.48,Alpine,2
2060,32.81779,94.39651,Forest,-3.45,Alpine,4
2061,32.81647,94.39621,Forest,-3.38,Alpine,4
2062,33.93701,96.56499,Forest,-2.38,Alpine,4
2063,32.95933,96.201,Forest,-1.33,Alpine,4
2064,33.77515,96.97757,Forest,-5.65,Alpine,4
2065,34.13542,96.0134,Forest,-4.62,Alpine,3
2066,32.54908,96.47993,Forest,0.93,Temperate,4
2067,34.09559,96.14801,Forest,-3.65,Alpine,4
2068,34.64508,95.24196,Forest,-3.51,Alpine,4
2069,35.17427,93.94714,Forest,-3.42,Alpine,4
2070,35.23679,93.91029,Forest,-3.48,Alpine,6
2071,32.962811,95.893456,Forest,-1.84,Alpine,3
2072,33.96558,96.5818,Forest,-3.99,Alpine,4
2073,34.10732,96.09231,Forest,-3.92,Alpine,5
2074,34.73396,95.12297,Forest,-3.55,Alpine,3
2075,34.76204,95.05866,Forest,-2.84,Alpine,4
2076,35.00606,94.51221,Forest,-2.79,Alpine,4
2077,32.2812,96.2039,Forest,-2.22,Alpine,4
2078,33.76215,96.98817,Forest,-5.43,Alpine,3
2079,36.40716,95.07038,Grassland,5.35,Temperate,5
2080,36.21209,98.1691,Forest,2.18,Temperate,3
2081,35.97815,97.85829,Forest,3.32,Temperate,5
2082,36.02749,97.79915,Forest,3.74,Temperate,5
2083,32.23982,96.35691,Forest,3.22,Temperate,4
2084,36.5354,94.23751,Other,5.14,Temperate,3
2085,33.85195,95.632,Other,-0.95,Alpine,3
2086,34.15587,95.94971,Forest,-5.45,Alpine,2
2087,33.91868,96.42167,Forest,-2.18,Alpine,3
2088,34.66703,98.11269,Forest,-3.48,Alpine,4
2089,35.10728333,104.0180897,Cropland,5.28,Temperate,4
2090,34.22068611,102.4010561,Forest,1.23,Temperate,4
2091,34.75905833,102.6050753,Forest,1.86,Temperate,5
2092,35.069045,102.9076417,Grassland,2.68,Temperate,5
2093,35.33175083,103.4899375,Cropland,4.94,Temperate,4
2094,34.56290389,102.5436889,Forest,2.4,Temperate,4
2095,36.47135833,103.3879831,Cropland,8.04,Temperate,5
2096,34.543495,103.7881167,Forest,4.44,Temperate,5
2097,35.37907194,102.9145647,Forest,4.97,Temperate,3
2098,34.54142222,103.7851308,Grassland,4.46,Temperate,3
2099,34.62505889,104.1251947,Forest,3.11,Temperate,4
2100,33.90472472,104.0117456,Grassland,9.1,Temperate,4
2101,35.65268389,103.2065892,Forest,7.33,Temperate,4
2102,35.28021194,103.8504944,Cropland,6.74,Temperate,5
2103,34.03616389,103.2705339,Forest,5.71,Temperate,4
2104,34.82215722,104.2658228,Grassland,5.27,Temperate,4
2105,35.77457667,104.2912256,Cropland,7.06,Temperate,5
2106,36.4208175,104.2219081,Forest,9.07,Temperate,5
2107,36.02747889,103.7210792,Cropland,8.32,Temperate,4
2108,36.23272333,103.8013036,Other,8.28,Temperate,4
2109,35.95942722,103.3051547,Grassland,8.93,Temperate,4
2110,36.20766028,103.4405992,Forest,9.03,Temperate,4
2111,35.72654389,103.7398967,Forest,7.5,Temperate,4
2112,35.97736389,103.5510811,Forest,5.45,Temperate,4
2113,33.95165694,102.0381153,Forest,1.69,Temperate,3
2114,34.20987722,104.2434978,Grassland,5.92,Temperate,4
2115,32.92324,100.76637,Forest,2.13,Temperate,4
2116,35.76,102.34462,Forest,5.65,Temperate,5
2117,36.14785,100.92702,Forest,4.16,Temperate,4
2118,34.72992,100.77782,Forest,1.02,Temperate,4
2119,35.57384,102.74417,Forest,-0.38,Alpine,5
2120,35.25671,100.537,Grassland,2.59,Temperate,3
2121,34.46438,99.91619,Forest,-1.9,Alpine,5
2122,33.42336,100.66739,Forest,-2.23,Alpine,3
2123,35.08448,101.63446,Forest,-1.03,Alpine,5
2124,33.85599,99.83467,Forest,-2.11,Alpine,4
2125,33.39734,100.16668,Forest,-2.04,Alpine,3
2126,33.45696,100.86205,Forest,-1.69,Alpine,3
2127,36.53894,98.62303,Other,0.1,Temperate,3
2128,36.01116,101.3621,Forest,6.55,Temperate,4
2129,32.818574,100.81656,Forest,2.26,Temperate,4
2130,36.06901,101.91281,Cropland,7.49,Temperate,5
2131,36.54197,101.95272,Forest,6.59,Temperate,4
2132,36.09995,100.37363,Forest,2.86,Temperate,5
2133,35.57184,102.04538,Grassland,5.91,Temperate,4
2134,35.88814,102.83617,Cropland,8.23,Temperate,5
2135,35.81109,102.07845,Forest,7.31,Temperate,5
2136,36.29556,102.66668,Forest,6.94,Temperate,4
2137,32.89054,100.80696,Forest,2.47,Temperate,2
2138,36.13626,102.6908,Grassland,4.85,Temperate,3
2139,36.38463,102.00068,Forest,4.68,Temperate,4
2140,36.10053,102.28453,Forest,3.05,Temperate,4
2141,36.18714,102.06991,Grassland,3.61,Temperate,4
2142,36.12772,102.22397,Forest,2.82,Temperate,3
2143,36.39912,102.49296,Grassland,6.85,Temperate,4
2144,36.11417,100.37303,Forest,2.89,Temperate,2
2145,36.24939,102.70204,Forest,6.65,Temperate,4
2146,32.92777778,103.4390833,Forest,1.63,Temperate,3
2147,33.50366667,103.01525,Forest,1.89,Temperate,5
2148,33.50352778,103.0137222,Forest,1.89,Temperate,3
2149,32.30605556,102.481,Forest,2.66,Temperate,2
2150,33.28105556,103.7793889,Forest,5.82,Temperate,3
2151,33.56986111,102.9845278,Forest,1.71,Temperate,5
2152,32.90211111,103.6804722,Grassland,2.99,Temperate,5
2153,32.91441667,101.8351944,Forest,1.78,Temperate,5
2154,32.30608333,102.481,Forest,2.66,Temperate,5
2155,32.42986111,100.4004167,Forest,-1.7,Alpine,5
2156,32.07738889,100.3053056,Forest,2.07,Temperate,6
2157,33.09011111,102.0451944,Forest,2.11,Temperate,2
2158,32.27438889,100.9630278,Forest,3.71,Temperate,3
2159,32.30161111,100.9173056,Forest,3.32,Temperate,5
2160,33.20722222,102.5661944,Forest,2.54,Temperate,5
2161,33.08353056,102.6000556,Forest,2.5,Temperate,1
2162,32.84888889,104.2825833,Forest,3.52,Temperate,1
2163,33.92362556,105.817775,Forest,11.44,Warm,5
2164,34.01033056,105.2637419,Forest,8.96,Temperate,5
2165,35.43706972,107.9510533,Cropland,9.41,Temperate,6
2166,33.93685278,104.514095,Forest,8.32,Temperate,4
2167,33.56362861,105.5103361,Forest,12.88,Warm,5
2168,35.19455278,106.5791817,Forest,8.37,Temperate,5
2169,35.85140028,107.7971333,Cropland,9.01,Temperate,5
2170,34.03682,105.0403364,Grassland,9.41,Temperate,5
2171,35.58307583,106.7098694,Forest,8.22,Temperate,5
2172,34.55961167,105.5670419,Forest,10.21,Warm,5
2173,33.82278917,105.9773528,Cropland,12.88,Warm,5
2174,33.93862278,106.3614806,Forest,11.53,Warm,5
2175,34.31498889,105.6861475,Forest,8.78,Temperate,5
2176,34.6623425,105.048535,Cropland,7.27,Temperate,5
2177,34.73928083,106.1300211,Cropland,9.27,Temperate,5
2178,34.83348417,104.4776986,Grassland,6.43,Temperate,6
2179,35.54097778,104.6614797,Forest,6.32,Temperate,5
2180,35.10237028,104.4185053,Grassland,6.53,Temperate,4
2181,34.79742278,105.0569333,Forest,8.02,Temperate,5
2182,36.31705611,107.5019925,Cropland,9.47,Temperate,6
2183,36.53929472,107.3511131,Forest,9.21,Temperate,4
2184,33.48292278,104.7269975,Forest,12.5,Warm,5
2185,33.37621889,104.9304914,Other,13.25,Warm,2
2186,33.34391056,105.5791617,Forest,11.89,Warm,1
2187,36.37552778,105.66025,Grassland,4.56,Temperate,4
2188,36.11461111,105.72025,Forest,4.46,Temperate,3
2189,35.93969444,105.6511944,Grassland,5.86,Temperate,3
2190,35.73638889,106.21,Forest,3.88,Temperate,3
2191,36.131,106.0634722,Forest,6.41,Temperate,4
2192,36.03805556,106.085,Forest,7.19,Temperate,3
2193,35.45355556,106.2973611,Grassland,5.61,Temperate,2
2194,36.11097222,105.7771667,Forest,5.18,Temperate,3
2195,35.80986111,106.3895556,Forest,7.02,Temperate,3
2196,36.46333333,106.1588889,Forest,8.62,Temperate,3
2197,36.01694444,105.9830556,Forest,5.98,Temperate,3
2198,35.61358333,105.9341389,Grassland,6.29,Temperate,3
2199,35.42505556,106.1055556,Cropland,5.8,Temperate,3
2200,36.02141667,106.0737222,Forest,6.36,Temperate,4
2201,36.60277778,105.7013889,Forest,7.65,Temperate,3
2202,36.09719444,106.602,Forest,7.24,Temperate,3
2203,36.4125,105.7983333,Grassland,7.15,Temperate,3
2204,35.77616667,106.7712222,Forest,8.24,Temperate,3
2205,35.97652778,106.3569444,Forest,7.06,Temperate,3
2206,36.10927778,105.5105,Forest,5.78,Temperate,2
2207,35.78427778,105.5004444,Grassland,6.67,Temperate,3
2208,35.61072222,106.2756944,Cropland,5.65,Temperate,3
2209,35.38194444,106.3363889,Forest,5.18,Temperate,4
2210,35.8115,106.1095833,Forest,5.32,Temperate,3
2211,35.98527778,105.9741667,Grassland,5.95,Temperate,1
2212,35.74305556,106.22,Forest,4.62,Temperate,1
2213,32.9275,106.0783333,Forest,14.31,Warm,4
2214,33.02416667,106.3580556,Cropland,13.53,Warm,5
2215,33.04,106.8316667,Cropland,14.77,Warm,5
2216,32.98722222,106.7203056,Cropland,13.53,Warm,4
2217,33.02027778,106.9919167,Forest,14.8,Warm,5
2218,33.06583333,106.5491667,Forest,13.48,Warm,5
2219,33.83277778,106.8297222,Forest,7.63,Temperate,6
2220,32.99666667,107.8847222,Cropland,13.8,Warm,7
2221,33.17694444,106.8688889,Cropland,14.66,Warm,5
2222,33.10638889,107.0636111,Cropland,14.68,Warm,4
2223,33.16527778,106.6519444,Forest,14.84,Warm,4
2224,33.16694444,106.78,Cropland,14.74,Warm,5
2225,33.19166667,107.05,Forest,14.29,Warm,4
2226,33.15055556,106.7461111,Other,14.82,Warm,5
2227,32.985,107.7816667,Grassland,14.75,Warm,5
2228,33.02194444,107.2175,Cropland,14.18,Warm,4
2229,34.35333333,107.5175,Cropland,12.41,Warm,5
2230,34.81777778,108.8433333,Cropland,11.79,Warm,5
2231,34.2998,108.0690167,Cropland,12.69,Warm,5
2232,34.23155556,108.2071389,Cropland,13.03,Warm,5
2233,34.01125,108.6290667,Forest,12.28,Warm,5
2234,34.13191667,108.1940278,Cropland,13.02,Warm,5
2235,34.38361111,109.1827778,Cropland,13.58,Warm,4
2236,34.88388889,109.3177778,Cropland,12.99,Warm,5
2237,34.08633333,109.0571944,Cropland,12.76,Warm,5
2238,34.14833333,107.9841667,Cropland,12.44,Warm,4
2239,34.283115,107.5598889,Other,13.01,Warm,5
2240,34.09233333,108.1516111,Other,12.8,Warm,5
2241,34.31436111,108.1990556,Cropland,12.66,Warm,6
2242,34.92166667,109.7585833,Cropland,13.67,Warm,6
2243,34.95527778,108.4355556,Cropland,9.52,Temperate,4
2244,35.20944444,109.4072222,Cropland,10.7,Warm,4
2245,34.34555556,107.3036111,Grassland,13.29,Warm,4
2246,34.695,108.47,Cropland,10.21,Warm,5
2247,33.82027778,106.615,Grassland,11.41,Warm,4
2248,34.78722222,107.1316667,Forest,10.22,Warm,4
2249,35.49522222,109.8326389,Cropland,8.61,Temperate,4
2250,34.29833333,107.3660583,Forest,12.22,Warm,4
2251,34.52361111,109.2069444,Forest,13.41,Warm,5
2252,34.48361111,108.1058333,Cropland,12.29,Warm,4
2253,35.60741667,109.1160833,Cropland,10.17,Warm,5
2254,35.34638889,109.235,Cropland,9.59,Temperate,3
2255,34.67416667,107.0638889,Cropland,11.72,Warm,4
2256,35.17722222,109.395,Cropland,11.17,Warm,4
2257,33.24,107.1925,Grassland,14.32,Warm,5
2258,33.66638889,106.8891667,Forest,10.58,Warm,3
2259,33.90472222,109.8658333,Cropland,12.61,Warm,4
2260,33.75388889,110.1488889,Forest,13.96,Warm,10
2261,33.83556667,108.8687222,Forest,5.44,Temperate,10
2262,32.77916667,109.3660278,Other,15.28,Warm,5
2263,33.21416667,108.1222222,Forest,12.08,Warm,4
2264,33.95944444,107.6302778,Forest,4.29,Temperate,5
2265,32.51425,108.5420833,Cropland,14.93,Warm,5
2266,34.03638889,110.0513889,Forest,11.89,Warm,4
2267,33.99083333,107.2125,Forest,8.9,Temperate,3
2268,32.89638889,107.5641667,Forest,14.34,Warm,4
2269,34.74013889,110.1269444,Cropland,14.1,Warm,5
2270,34.61875,110.0170278,Cropland,14.03,Warm,5
2271,34.58691667,109.9557778,Cropland,14.02,Warm,5
2272,33.03833333,106.9283333,Cropland,14.88,Warm,6
2273,32.90388889,108.4775,Grassland,14.67,Warm,5
2274,33.05905556,107.6260556,Forest,13.76,Warm,6
2275,32.95944444,106.0388889,Forest,15.19,Warm,5
2276,33.27666667,107.4236111,Cropland,13.8,Warm,4
2277,34.13261111,108.3475833,Forest,13.05,Warm,5
2278,34.78,107.8438889,Forest,8.98,Temperate,4
2279,35.78969444,109.4489167,Cropland,9.59,Temperate,5
2280,36.00311111,110.1634167,Forest,10.1,Warm,4
2281,34.97277778,107.89,Cropland,9.25,Temperate,4
2282,34.54791667,107.8640278,Cropland,10.66,Warm,4
2283,34.53119444,109.8673056,Other,13.72,Warm,4
2284,36.585,110.0797222,Forest,10.0,Warm,4
2285,35.59711111,109.5991944,Cropland,9.92,Temperate,5
2286,35.4675,109.2902778,Cropland,10.39,Warm,4
2287,35.743,109.8261667,Forest,7.65,Temperate,6
2288,34.71277778,108.3830556,Cropland,10.35,Warm,5
2289,36.26583333,109.4783333,Forest,9.29,Temperate,4
2290,34.85833333,106.7486111,Cropland,10.64,Warm,4
2291,34.99444444,108.3855556,Cropland,9.29,Temperate,4
2292,34.61638889,108.2447222,Cropland,11.4,Warm,4
2293,34.70908333,110.1114444,Cropland,14.09,Warm,5
2294,34.2375,108.7408333,Other,13.3,Warm,5
2295,34.64888889,108.7908333,Cropland,13.03,Warm,5
2296,36.59444444,109.1805556,Forest,9.27,Temperate,3
2297,36.03105556,110.1600833,Grassland,10.46,Warm,4
2298,34.95083333,108.9325,Grassland,11.98,Warm,4
2299,34.36472222,109.4244444,Cropland,12.13,Warm,4
2300,34.17833333,107.6616667,Forest,11.98,Warm,4
2301,32.74833333,106.8794722,Forest,11.0,Warm,4
2302,33.88277778,106.5547222,Forest,11.04,Warm,6
2303,32.99694444,107.8841667,Cropland,13.82,Warm,5
2304,33.41055556,107.9783333,Cropland,11.96,Warm,3
2305,33.43666667,108.4294444,Forest,8.25,Temperate,3
2306,32.97786111,106.7059167,Forest,13.57,Warm,5
2307,33.33833333,106.1872222,Forest,13.98,Warm,3
2308,33.09833333,107.5427778,Cropland,13.65,Warm,4
2309,33.33805556,107.5652778,Cropland,13.21,Warm,4
2310,33.11833333,106.5475,Cropland,14.53,Warm,4
2311,34.17194444,110.1575,Forest,11.69,Warm,4
2312,33.27638889,107.4233333,Cropland,13.77,Warm,4
2313,33.03902778,106.7834444,Cropland,14.54,Warm,5
2314,33.475,109.6458333,Forest,12.51,Warm,4
2315,33.48805556,109.475,Forest,12.74,Warm,4
2316,33.0,108.1480556,Forest,13.68,Warm,4
2317,32.40241667,108.7276944,Grassland,15.15,Warm,4
2318,33.52222222,109.7697222,Forest,13.43,Warm,4
2319,32.63138889,110.1427778,Forest,12.98,Warm,5
2320,33.89808333,108.8522639,Forest,8.7,Temperate,4
2321,33.99055556,108.8238889,Forest,11.37,Warm,5
2322,34.85411111,109.9360833,Grassland,13.87,Warm,5
2323,32.70027778,109.9038889,Forest,14.77,Warm,5
2324,33.93166667,109.1230556,Forest,8.08,Temperate,3
2325,34.02725806,108.6207061,Cropland,12.75,Warm,4
2326,32.591,105.2285833,Grassland,14.36,Warm,5
2327,32.49608333,104.9384167,Forest,14.56,Warm,6
2328,32.29669444,105.5291111,Cropland,15.97,Warm,6
2329,32.34216667,105.5824444,Forest,15.99,Warm,4
2330,32.13436111,106.4685833,Cropland,15.07,Warm,3
2331,33.28769444,115.5502778,Cropland,15.16,Warm,5
2332,33.96938889,115.5921667,Cropland,14.7,Warm,6
2333,33.17191667,115.5614167,Cropland,15.33,Warm,5
2334,32.88302778,115.8982778,Forest,15.52,Warm,5
2335,32.65869444,115.6017222,Other,15.51,Warm,2
2336,36.46391667,114.9273889,Other,13.38,Warm,6
2337,36.60183333,113.6611667,Cropland,12.04,Warm,5
2338,36.4565,113.8599722,Grassland,12.52,Warm,1
2339,36.42802778,113.9575,Cropland,11.9,Warm,1
2340,32.17416667,114.8133333,Grassland,15.64,Warm,4
2341,32.26833333,114.5886111,Cropland,15.51,Warm,4
2342,32.13916667,114.1583333,Grassland,15.51,Warm,4
2343,32.31916667,114.5530556,Forest,15.47,Warm,5
2344,32.3875,115.1161111,Cropland,15.55,Warm,5
2345,32.24361111,114.5536111,Forest,15.53,Warm,5
2346,32.07416667,114.1175,Grassland,15.67,Warm,9
2347,32.24083333,113.9625,Forest,15.39,Warm,5
2348,32.27111111,114.6461111,Forest,15.51,Warm,5
2349,32.04888889,114.1013889,Cropland,15.43,Warm,5
2350,32.91,112.6005556,Forest,15.35,Warm,5
2351,34.28194444,112.6508333,Cropland,14.22,Warm,4
2352,35.10444444,112.3105556,Forest,13.13,Warm,4
2353,34.45027778,112.6044444,Cropland,14.04,Warm,4
2354,34.09333333,113.4719444,Forest,14.73,Warm,4
2355,34.56527778,112.7277778,Cropland,14.39,Warm,4
2356,35.86166667,114.4930556,Other,14.02,Warm,4
2357,34.635,112.0869444,Cropland,14.06,Warm,4
2358,34.19888889,112.1161111,Cropland,14.37,Warm,5
2359,34.0,111.7480556,Other,13.93,Warm,5
2360,34.44361111,112.2247222,Cropland,14.03,Warm,4
2361,34.79944444,111.7636111,Cropland,13.27,Warm,4
2362,34.41777778,112.9705556,Forest,13.8,Warm,5
2363,34.48972222,113.4122222,Forest,14.4,Warm,4
2364,35.11444444,112.5080556,Other,14.59,Warm,4
2365,34.41972222,113.2208333,Forest,13.86,Warm,5
2366,34.20333333,113.4472222,Forest,14.72,Warm,5
2367,34.80138889,112.9197222,Forest,14.35,Warm,5
2368,34.56861111,112.5269444,Forest,14.77,Warm,5
2369,35.93833333,114.4358333,Forest,14.04,Warm,5
2370,34.80722222,113.5688889,Other,14.64,Warm,5
2371,34.56611111,113.0175,Forest,11.73,Warm,3
2372,32.26666667,114.5211111,Forest,15.47,Warm,4
2373,33.20027778,113.4711111,Cropland,14.75,Warm,4
2374,32.64444444,114.4041667,Cropland,15.19,Warm,4
2375,33.01472222,112.4575,Cropland,15.5,Warm,4
2376,32.06888889,114.9438889,Other,15.74,Warm,4
2377,33.185,111.6747222,Forest,15.64,Warm,4
2378,32.23361111,114.0425,Forest,15.3,Warm,3
2379,32.88611111,113.2786111,Cropland,15.01,Warm,5
2380,32.67333333,114.4283333,Cropland,15.17,Warm,4
2381,33.46972222,113.3277778,Cropland,15.0,Warm,3
2382,34.26666667,110.4927778,Forest,10.89,Warm,4
2383,33.18583333,113.4763889,Cropland,14.62,Warm,4
2384,34.27166667,110.5794444,Forest,11.76,Warm,4
2385,32.62333333,112.2002778,Cropland,15.7,Warm,4
2386,33.00055556,112.8119444,Forest,15.22,Warm,4
2387,32.43277778,112.2608333,Cropland,15.78,Warm,5
2388,33.11916667,114.3858333,Forest,15.06,Warm,5
2389,32.76472222,112.1261111,Forest,15.68,Warm,5
2390,33.435,113.8630556,Cropland,15.02,Warm,5
2391,32.91888889,112.1425,Grassland,15.55,Warm,5
2392,32.73833333,112.1477778,Forest,15.7,Warm,5
2393,32.95555556,113.2883333,Cropland,15.11,Warm,4
2394,33.29361111,113.9641667,Cropland,15.03,Warm,5
2395,32.82166667,112.6383333,Cropland,15.38,Warm,5
2396,32.45222222,115.3219444,Cropland,15.53,Warm,5
2397,32.33166667,114.5238889,Cropland,15.46,Warm,4
2398,32.40305556,115.0002778,Forest,15.55,Warm,4
2399,32.07777778,114.0391667,Cropland,15.52,Warm,3
2400,34.56083333,115.8866667,Grassland,14.43,Warm,4
2401,34.86833333,113.8063889,Cropland,14.13,Warm,4
2402,34.92,113.6083333,Forest,14.18,Warm,5
2403,34.92555556,113.6122222,Other,14.18,Warm,6
2404,35.00805556,113.9072222,Cropland,14.08,Warm,5
2405,34.34388889,112.3858333,Cropland,14.65,Warm,4
2406,34.79833333,114.7202778,Other,14.25,Warm,5
2407,33.81361111,115.3827778,Cropland,14.69,Warm,6
2408,33.09194444,112.9638889,Forest,15.23,Warm,4
2409,32.86361111,114.3527778,Grassland,15.12,Warm,4
2410,33.10944444,113.7794444,Cropland,15.17,Warm,4
2411,33.30611111,113.7672222,Forest,15.03,Warm,5
2412,32.87277778,114.1441667,Other,15.08,Warm,4
2413,34.88611111,113.5458333,Other,14.22,Warm,4
2414,34.59555556,112.1791667,Cropland,14.31,Warm,3
2415,34.54388889,110.925,Forest,13.92,Warm,3
2416,34.19444444,113.3088889,Grassland,14.42,Warm,4
2417,35.58444444,114.6905556,Cropland,13.98,Warm,4
2418,33.87861111,114.2325,Cropland,14.89,Warm,6
2419,34.78166667,112.1936111,Cropland,14.34,Warm,3
2420,34.57361111,112.9919444,Forest,12.13,Warm,3
2421,34.69,113.0791667,Forest,12.67,Warm,3
2422,34.85555556,112.3686111,Other,14.25,Warm,4
2423,35.25194444,113.9358333,Forest,14.25,Warm,4
2424,34.83194444,113.7227778,Other,14.75,Warm,5
2425,34.79972222,113.8244444,Other,14.28,Warm,3
2426,34.66472222,113.6872222,Other,14.33,Warm,3
2427,34.70833333,113.5911111,Other,14.35,Warm,4
2428,34.86388889,113.5155556,Forest,14.25,Warm,5
2429,34.71305556,113.7422222,Other,14.55,Warm,6
2430,34.56444444,112.2158333,Cropland,14.67,Warm,4
2431,34.52361111,113.7330556,Forest,14.13,Warm,5
2432,34.68083333,111.8233333,Cropland,13.45,Warm,4
2433,34.22916667,112.065,Cropland,14.04,Warm,2
2434,33.89611111,113.1169444,Grassland,15.0,Warm,3
2435,34.20638889,112.0,Cropland,13.81,Warm,4
2436,33.91861111,113.1458333,Forest,14.92,Warm,3
2437,34.89083333,112.3488889,Forest,14.13,Warm,2
2438,34.81388889,111.7780556,Cropland,13.13,Warm,3
2439,34.8125,111.7777778,Cropland,13.13,Warm,5
2440,35.69805556,114.4175,Cropland,14.06,Warm,4
2441,35.45388889,114.0783333,Forest,14.28,Warm,5
2442,34.495,110.8980556,Forest,13.83,Warm,3
2443,35.83388889,114.2977778,Cropland,14.19,Warm,4
2444,34.96333333,112.2247222,Forest,14.6,Warm,3
2445,34.75444444,112.755,Forest,14.7,Warm,4
2446,34.9275,112.0513889,Grassland,13.72,Warm,4
2447,34.025,113.425,Cropland,14.82,Warm,5
2448,34.29638889,114.9327778,Cropland,14.48,Warm,4
2449,35.11444444,114.4341667,Cropland,14.09,Warm,4
2450,34.76472222,113.8713889,Other,14.31,Warm,4
2451,34.43694444,112.8169444,Grassland,13.15,Warm,3
2452,34.36166667,113.7008333,Forest,14.48,Warm,3
2453,34.50638889,113.7588889,Other,14.15,Warm,5
2454,34.62888889,110.9169444,Grassland,14.13,Warm,3
2455,34.91166667,113.6197222,Cropland,14.19,Warm,3
2456,34.81083333,111.7775,Cropland,13.13,Warm,3
2457,34.90444444,113.6036111,Grassland,14.23,Warm,6
2458,34.94194444,113.5047222,Grassland,13.98,Warm,3
2459,34.92666667,113.5722222,Forest,14.22,Warm,3
2460,34.66333333,113.5325,Cropland,14.02,Warm,5
2461,34.59722222,112.7041667,Grassland,14.53,Warm,3
2462,34.56722222,112.7288889,Cropland,14.41,Warm,4
2463,34.53944444,113.6447222,Other,14.06,Warm,3
2464,34.87833333,113.6366667,Other,14.27,Warm,4
2465,34.68416667,113.6547222,Other,14.43,Warm,4
2466,35.01694444,114.5494444,Forest,14.16,Warm,5
2467,35.7025,114.5275,Forest,14.11,Warm,4
2468,34.74361111,114.5730556,Cropland,14.24,Warm,5
2469,35.15694444,113.8522222,Cropland,14.16,Warm,6
2470,35.83,114.2891667,Forest,14.18,Warm,4
2471,34.835,113.7713889,Other,14.43,Warm,4
2472,34.73444444,112.0805556,Cropland,14.47,Warm,5
2473,34.17611111,113.5936111,Forest,14.66,Warm,4
2474,34.84888889,113.5563889,Cropland,14.4,Warm,4
2475,34.84305556,113.6927778,Forest,14.65,Warm,4
2476,34.81083333,111.7766667,Cropland,13.13,Warm,4
2477,34.71638889,112.6294444,Cropland,14.69,Warm,2
2478,34.69777778,112.6905556,Forest,14.68,Warm,4
2479,34.69,113.5358333,Other,14.09,Warm,3
2480,34.41916667,113.5308333,Grassland,14.28,Warm,4
2481,34.83333333,113.4711111,Grassland,14.19,Warm,3
2482,34.18083333,112.9225,Forest,14.39,Warm,2
2483,34.65027778,113.6616667,Other,14.2,Warm,4
2484,34.87277778,113.5436111,Forest,14.23,Warm,3
2485,34.63916667,113.7627778,Grassland,14.31,Warm,5
2486,35.64027778,114.1577778,Cropland,14.34,Warm,4
2487,35.19,112.4219444,Forest,13.29,Warm,3
2488,34.57361111,113.1488889,Cropland,12.46,Warm,4
2489,34.21,112.7316667,Forest,14.35,Warm,5
2490,33.07361111,112.1861111,Forest,15.49,Warm,3
2491,33.66472222,111.7747222,Forest,8.97,Temperate,4
2492,33.66444444,111.7738889,Forest,9.04,Temperate,3
2493,33.31666667,114.825,Forest,15.04,Warm,5
2494,33.17833333,115.2408333,Other,15.13,Warm,5
2495,33.43388889,113.9402778,Cropland,15.07,Warm,5
2496,33.36833333,113.5983333,Cropland,15.08,Warm,3
2497,33.13333333,112.8422222,Cropland,15.05,Warm,3
2498,33.1175,112.7627778,Cropland,15.1,Warm,3
2499,32.90166667,113.4155556,Forest,15.13,Warm,2
2500,33.55305556,113.6247222,Forest,15.0,Warm,3
2501,32.65972222,113.7047222,Forest,14.61,Warm,4
2502,33.03138889,113.5011111,Forest,15.07,Warm,3
2503,32.83611111,114.5716667,Grassland,15.22,Warm,5
2504,33.34888889,111.495,Forest,15.51,Warm,4
2505,32.90111111,113.415,Forest,15.13,Warm,2
2506,33.185,111.6752778,Grassland,15.65,Warm,2
2507,34.88361111,113.7061111,Grassland,14.21,Warm,3
2508,34.71,113.8219444,Other,14.39,Warm,4
2509,34.85944444,113.7505556,Forest,14.35,Warm,4
2510,35.66888889,114.1288889,Grassland,13.62,Warm,4
2511,34.52527778,114.3855556,Cropland,14.47,Warm,5
2512,34.67166667,113.7725,Other,14.35,Warm,5
2513,32.88361111,113.3455556,Cropland,14.99,Warm,2
2514,32.21277778,112.215,Forest,15.85,Warm,3
2515,32.34972222,111.4319444,Forest,15.77,Warm,4
2516,32.38694444,113.005,Cropland,15.25,Warm,3
2517,32.33805556,112.2588889,Forest,15.72,Warm,4
2518,32.10833333,112.5127778,Forest,15.76,Warm,4
2519,32.24,111.9461111,Cropland,15.84,Warm,4
2520,32.05083333,112.7675,Grassland,15.61,Warm,4
2521,32.20041667,112.3725833,Grassland,15.85,Warm,3
2522,32.33002778,113.0031667,Forest,15.25,Warm,4
2523,36.40139083,115.9001285,Forest,13.34,Warm,4
2524,34.76669444,116.0211944,Forest,14.34,Warm,4
2525,34.90983333,115.8660556,Cropland,14.28,Warm,5
2526,35.26955556,115.565,Other,14.14,Warm,4
2527,34.70488889,115.7774444,Forest,14.32,Warm,4
2528,35.63891667,115.9479722,Cropland,13.82,Warm,5
2529,35.65622,110.7223094,Other,13.43,Warm,5
2530,34.95121583,110.9599275,Forest,14.42,Warm,5
2531,35.47752417,110.5805286,Other,13.45,Warm,4
2532,36.08643083,113.6544733,Forest,8.92,Temperate,3
2533,35.83665472,113.3270619,Forest,8.13,Temperate,4
2534,35.59153278,112.9685364,Cropland,11.59,Warm,5
2535,35.81014333,113.0169303,Cropland,10.69,Warm,4
2536,35.01028083,110.8878186,Cropland,14.06,Warm,6
2537,35.66244944,111.3036669,Cropland,13.3,Warm,4
2538,36.36372028,110.8167114,Grassland,10.45,Warm,3
2539,35.43302083,111.3371297,Forest,13.3,Warm,5
2540,36.24655722,113.1905889,Cropland,9.86,Temperate,5
2541,36.44464722,113.3540567,Forest,11.33,Warm,3
2542,36.12870694,110.6475311,Grassland,10.13,Warm,5
2543,34.74434111,110.2924117,Cropland,13.96,Warm,4
2544,36.14162806,113.4423514,Forest,8.32,Temperate,2
2545,36.24948389,111.4985258,Forest,12.21,Warm,4
2546,35.87062778,113.3999089,Forest,8.12,Temperate,4
2547,35.56149528,110.6773842,Forest,13.66,Warm,5
2548,36.3657975,111.6658264,Cropland,12.51,Warm,4
2549,36.00320417,112.3340383,Forest,10.63,Warm,6
2550,35.73834583,111.768065,Forest,12.44,Warm,4
2551,34.61376361,110.4597428,Grassland,14.12,Warm,4
2552,34.92376167,110.2819575,Cropland,13.81,Warm,4
2553,35.57886389,110.9929078,Other,13.47,Warm,5
2554,36.12036806,110.4488292,Other,12.29,Warm,3
2555,34.84625667,110.2500339,Grassland,13.92,Warm,4
2556,36.44756889,112.3294933,Forest,9.54,Temperate,2
2557,34.75633806,111.0517478,Cropland,14.29,Warm,4
2558,33.55361111,110.7866667,Forest,14.93,Warm,4
2559,35.61280556,110.5193056,Forest,13.12,Warm,4
2560,34.48111111,110.3190833,Forest,13.07,Warm,3
2561,35.28061111,110.1669167,Forest,11.93,Warm,5
2562,35.14441667,110.32775,Forest,13.58,Warm,5
2563,36.52694444,110.1869444,Forest,10.67,Warm,3
2564,33.45916667,110.8730556,Forest,15.13,Warm,3
2565,33.66694444,110.3591667,Grassland,14.22,Warm,4
2566,32.51472222,117.9386111,Forest,15.48,Warm,5
2567,32.46819444,117.6062222,Grassland,15.25,Warm,5
2568,32.42583333,117.99,Cropland,15.24,Warm,5
2569,32.58322222,117.4302778,Forest,15.39,Warm,5
2570,32.47222222,117.9336111,Forest,15.46,Warm,5
2571,32.53719444,117.3796944,Other,15.34,Warm,5
2572,32.55888889,118.0325,Cropland,15.31,Warm,4
2573,32.42730556,117.6806111,Forest,15.39,Warm,5
2574,32.8495,117.8079722,Forest,15.37,Warm,4
2575,32.58316667,117.1454167,Grassland,15.55,Warm,5
2576,32.51805556,117.7911111,Cropland,15.33,Warm,5
2577,33.34841667,116.6614444,Cropland,15.22,Warm,5
2578,33.33216667,116.5434722,Forest,15.19,Warm,9
2579,32.36186111,117.5721389,Other,15.38,Warm,5
2580,32.60861111,117.6352778,Cropland,15.08,Warm,5
2581,32.83333333,118.1974722,Cropland,15.17,Warm,5
2582,33.29005556,116.4792222,Grassland,15.21,Warm,4
2583,33.71344444,116.2604722,Forest,14.92,Warm,4
2584,33.15902778,116.7660278,Other,15.25,Warm,5
2585,33.08294444,116.5520556,Other,15.27,Warm,5
2586,33.25205556,116.5963056,Other,15.43,Warm,5
2587,33.16261111,116.5493056,Grassland,15.23,Warm,5
2588,33.09958333,117.2868889,Cropland,15.43,Warm,5
2589,33.324,116.4213056,Forest,15.16,Warm,5
2590,32.96891667,116.6163611,Forest,15.29,Warm,5
2591,32.98188889,116.7378889,Cropland,15.29,Warm,4
2592,32.83322222,118.1929167,Forest,15.26,Warm,5
2593,34.45744444,116.5518333,Cropland,14.43,Warm,5
2594,34.26555556,116.8216667,Grassland,14.46,Warm,6
2595,34.48947222,116.5470833,Grassland,14.44,Warm,6
2596,34.51791667,116.2013611,Cropland,14.5,Warm,5
2597,34.09833333,116.9872222,Cropland,14.77,Warm,5
2598,33.69097222,117.6985833,Cropland,14.99,Warm,6
2599,32.61608333,116.7119167,Cropland,15.53,Warm,5
2600,33.21894444,116.6215,Other,15.28,Warm,6
2601,33.19816667,116.6926389,Cropland,15.25,Warm,6
2602,33.38266667,116.4118889,Grassland,15.16,Warm,5
2603,33.81647222,116.7747778,Other,15.05,Warm,6
2604,33.75841667,116.8610278,Forest,15.08,Warm,5
2605,33.27097222,116.6156111,Grassland,15.3,Warm,5
2606,33.31733333,116.5133611,Forest,15.23,Warm,5
2607,33.36444444,116.4413611,Cropland,15.17,Warm,5
2608,33.25758333,116.5945,Forest,15.43,Warm,5
2609,33.00586111,116.6529444,Cropland,15.28,Warm,5
2610,33.44736111,116.4383611,Cropland,15.14,Warm,4
2611,34.14,117.0513889,Grassland,14.7,Warm,5
2612,32.90263889,117.1378611,Cropland,15.44,Warm,5
2613,33.59230556,117.9763889,Cropland,15.06,Warm,5
2614,32.96575,117.1108889,Other,15.42,Warm,5
2615,33.37786111,116.5975,Cropland,15.19,Warm,5
2616,32.59905556,118.0367778,Forest,15.29,Warm,5
2617,32.57022222,118.5107222,Cropland,14.83,Warm,2
2618,32.8496,119.4517,Cropland,15.02,Warm,5
2619,33.17556,118.80226,Forest,14.6,Warm,4
2620,32.83412,119.8165,Forest,15.07,Warm,5
2621,32.85483,120.14103,Cropland,14.9,Warm,4
2622,32.53331111,119.31755,Grassland,15.35,Warm,5
2623,32.24043,120.65928,Cropland,15.09,Warm,5
2624,32.91945,118.3489,Forest,15.31,Warm,5
2625,33.29474167,119.0430667,Cropland,14.76,Warm,4
2626,33.69472222,118.6269583,Other,14.57,Warm,5
2627,33.24867,119.40285,Cropland,14.74,Warm,5
2628,33.613,119.37937,Cropland,14.35,Warm,5
2629,33.83701,118.37854,Other,14.55,Warm,5
2630,34.08116,119.14512,Forest,13.96,Warm,4
2631,34.15657,119.00722,Forest,13.98,Warm,4
2632,33.35561,118.9518,Forest,14.63,Warm,5
2633,33.04763333,119.96955,Grassland,14.9,Warm,5
2634,33.29336,118.89042,Forest,14.64,Warm,5
2635,33.59175,119.32909,Forest,14.32,Warm,5
2636,34.21113,118.90768,Cropland,13.99,Warm,4
2637,33.96988,118.6122,Grassland,14.28,Warm,6
2638,32.97324,118.50487,Cropland,15.12,Warm,4
2639,33.23853,119.04806,Forest,14.81,Warm,3
2640,33.01754,118.53962,Other,15.09,Warm,5
2641,34.31559,118.86555,Cropland,13.9,Warm,4
2642,34.22383,118.80713,Cropland,14.07,Warm,5
2643,34.10853,118.73078,Cropland,14.27,Warm,6
2644,32.08458667,118.45255,Cropland,15.64,Warm,5
2645,33.6237,119.22756,Cropland,14.27,Warm,6
2646,34.28444,118.72503,Cropland,14.04,Warm,5
2647,33.23735,118.1318833,Grassland,15.2,Warm,5
2648,34.02183,119.20294,Cropland,14.03,Warm,5
2649,33.89061,120.07174,Cropland,14.03,Warm,4
2650,33.91407,119.55055,Cropland,14.03,Warm,5
2651,33.87977,120.1649,Cropland,14.0,Warm,5
2652,34.2458,118.84625,Cropland,13.97,Warm,5
2653,34.26666,118.96624,Cropland,13.96,Warm,5
2654,33.5,119.7420333,Forest,14.47,Warm,5
2655,34.1449,118.96233,Forest,14.0,Warm,5
2656,32.34353,120.43695,Cropland,15.13,Warm,5
2657,32.25278,120.80675,Cropland,15.11,Warm,6
2658,32.53205,120.88413,Forest,14.98,Warm,5
2659,34.1966,119.06448,Forest,14.03,Warm,5
2660,32.36103611,120.6904,Grassland,15.08,Warm,5
2661,32.21793,120.38878,Grassland,15.17,Warm,5
2662,32.41812,121.1764,Forest,15.03,Warm,5
2663,32.10492,120.5769,Other,15.27,Warm,5
2664,32.4499,120.14986,Cropland,15.09,Warm,4
2665,34.10126,119.03239,Cropland,13.96,Warm,5
2666,32.03427,120.18012,Forest,15.34,Warm,4
2667,33.96456,118.97607,Forest,14.04,Warm,6
2668,32.20197,119.85213,Forest,15.53,Warm,4
2669,32.2572,120.63302,Forest,15.09,Warm,5
2670,32.11392,120.66335,Cropland,15.19,Warm,5
2671,34.04042,118.8770167,Forest,14.03,Warm,4
2672,34.18633167,118.986,Cropland,14.02,Warm,5
2673,32.13333,120.45107,Forest,15.23,Warm,4
2674,33.8924,118.38159,Grassland,14.47,Warm,6
2675,32.96908,120.86346,Forest,15.08,Warm,4
2676,33.56768,119.2298797,Other,14.36,Warm,4
2677,33.88965,118.75933,Grassland,14.2,Warm,5
2678,34.14075,118.90789,Cropland,14.06,Warm,5
2679,34.1088,118.90756,Cropland,14.04,Warm,5
2680,33.81272,119.23015,Grassland,14.14,Warm,5
2681,33.0992,120.10068,Other,14.78,Warm,4
2682,33.20702,120.61266,Cropland,14.51,Warm,4
2683,34.66932,118.59244,Cropland,13.59,Warm,5
2684,34.90663,118.88449,Cropland,13.45,Warm,3
2685,34.43202556,117.3652125,Forest,14.29,Warm,5
2686,34.60417,118.4635,Forest,13.78,Warm,5
2687,34.81424,118.84085,Grassland,13.48,Warm,4
2688,34.23415,118.4065,Forest,14.21,Warm,5
2689,34.22928611,118.2662981,Forest,14.27,Warm,5
2690,32.46527,118.85473,Forest,14.94,Warm,4
2691,33.01177,118.55117,Other,15.02,Warm,5
2692,32.82248,118.3212,Forest,15.31,Warm,5
2693,32.82248,118.32117,Forest,15.31,Warm,4
2694,32.13801,118.80255,Cropland,15.57,Warm,5
2695,32.12617,119.665,Cropland,15.43,Warm,4
2696,33.2712,117.98565,Grassland,15.12,Warm,5
2697,34.22972889,118.2299922,Cropland,14.29,Warm,3
2698,34.24858,118.60447,Cropland,14.22,Warm,4
2699,34.31178,118.65366,Cropland,14.06,Warm,6
2700,34.23505,118.491,Grassland,14.15,Warm,5
2701,34.96815,119.03472,Forest,13.32,Warm,5
2702,34.48835,118.65463,Forest,13.83,Warm,5
2703,34.24222,118.45526,Forest,14.2,Warm,4
2704,32.92745,118.36748,Cropland,15.27,Warm,4
2705,34.21192,118.38749,Cropland,14.28,Warm,5
2706,34.27638,118.93106,Cropland,13.92,Warm,4
2707,34.50805667,118.81496,Cropland,13.79,Warm,4
2708,34.23008056,119.57569,Forest,13.91,Warm,4
2709,34.12346,118.93431,Cropland,14.01,Warm,5
2710,33.66998,119.22774,Forest,14.26,Warm,5
2711,32.3784,119.75667,Cropland,15.28,Warm,4
2712,33.6839,119.20866,Cropland,14.24,Warm,5
2713,33.74406,119.27467,Cropland,14.41,Warm,5
2714,34.0813,118.9205,Forest,14.03,Warm,5
2715,32.45992,120.14882,Grassland,15.1,Warm,4
2716,32.96949,120.86701,Forest,15.1,Warm,4
2717,34.79094,119.13723,Other,13.76,Warm,5
2718,33.75144,120.08367,Cropland,14.08,Warm,4
2719,33.81901,120.37195,Forest,14.08,Warm,4
2720,33.82285,120.46948,Other,14.3,Warm,5
2721,33.85728333,120.2267667,Cropland,14.06,Warm,4
2722,33.94863,118.7253,Other,14.23,Warm,5
2723,34.8425475,116.7605028,Cropland,14.17,Warm,4
2724,33.06111,120.66637,Cropland,14.58,Warm,4
2725,33.05199,120.75009,Cropland,14.61,Warm,4
2726,33.4517,120.55207,Cropland,14.38,Warm,5
2727,34.54663333,116.7824667,Cropland,14.29,Warm,3
2728,34.42905833,119.8873625,Other,13.82,Warm,3
2729,34.72543833,116.4828767,Forest,14.25,Warm,5
2730,34.81939278,116.4499511,Forest,14.28,Warm,6
2731,32.75624,120.67651,Forest,14.88,Warm,4
2732,33.4167,120.51906,Forest,14.38,Warm,5
2733,33.12224,120.5753,Forest,14.58,Warm,5
2734,32.87937,120.76154,Cropland,14.64,Warm,4
2735,33.98798,120.24863,Forest,13.9,Warm,5
2736,34.24528,118.3956,Cropland,14.26,Warm,5
2737,34.87883,118.92014,Cropland,13.48,Warm,4
2738,34.08941,118.77728,Forest,14.24,Warm,5
2739,35.03452,119.07543,Cropland,13.28,Warm,5
2740,34.82919,118.94224,Grassland,13.46,Warm,6
2741,35.02766,119.07544,Cropland,13.29,Warm,4
2742,35.00008889,118.90424,Cropland,13.36,Warm,4
2743,35.00021,118.91992,Cropland,13.29,Warm,1
2744,34.51544,118.66043,Grassland,13.78,Warm,4
2745,34.42688333,117.3602167,Forest,14.24,Warm,2
2746,34.42176667,117.3653333,Other,14.42,Warm,2
2747,34.21978333,118.34185,Other,14.38,Warm,2
2748,34.17881,118.35171,Forest,14.38,Warm,4
2749,32.13815,118.80157,Cropland,15.57,Warm,4
2750,32.14982,119.30643,Forest,15.42,Warm,3
2751,34.61809,118.57379,Forest,13.6,Warm,1
2752,32.89663333,118.3913833,Forest,15.12,Warm,2
2753,35.62765028,118.8342892,Other,12.39,Warm,6
2754,34.70141667,117.7425833,Grassland,13.91,Warm,5
2755,34.65647222,117.6837778,Other,13.93,Warm,5
2756,36.54436111,118.8764167,Forest,12.42,Warm,2
2757,35.76991667,116.7697778,Other,13.64,Warm,4
2758,35.94487111,117.0837547,Other,13.35,Warm,8
2759,36.13447222,116.7050833,Cropland,13.25,Warm,3
2760,36.44869444,117.7438056,Forest,11.51,Warm,4
2761,35.26238889,118.0249444,Other,13.21,Warm,3
2762,34.78666667,117.5358333,Forest,13.8,Warm,4
2763,34.80236111,117.5014722,Forest,13.96,Warm,5
2764,36.08500306,119.6665,Cropland,12.24,Warm,5
2765,36.0741675,119.5884192,Cropland,12.34,Warm,5
2766,35.82731306,118.4933539,Forest,12.63,Warm,5
2767,36.44921861,120.5357347,Forest,12.61,Warm,5
2768,34.78199889,118.6279883,Forest,13.6,Warm,5
2769,35.96441667,119.2188889,Forest,12.37,Warm,4
2770,34.69616667,117.7296389,Forest,13.9,Warm,5
2771,34.7365,117.7083611,Other,13.86,Warm,4
2772,34.88824583,118.64477,Cropland,13.47,Warm,5
2773,34.78738889,118.3951667,Cropland,13.55,Warm,5
2774,35.98041667,117.5818333,Grassland,12.99,Warm,5
2775,36.50283333,119.7203056,Cropland,12.61,Warm,5
2776,35.54130167,116.4191125,Cropland,13.78,Warm,5
2777,36.42641667,116.06175,Other,13.42,Warm,5
2778,36.33758333,117.4039722,Forest,12.73,Warm,4
2779,35.11647222,118.6565278,Cropland,13.01,Warm,4
2780,35.42203722,117.035205,Other,13.79,Warm,4
2781,35.9776625,117.5515933,Grassland,13.0,Warm,5
2782,34.94694444,117.1479444,Cropland,13.87,Warm,4
2783,35.48063889,117.7735556,Cropland,13.2,Warm,4
2784,35.42041667,116.0486944,Other,14.02,Warm,4
2785,36.13766667,116.5884444,Other,13.3,Warm,5
2786,36.58527778,116.1557778,Cropland,13.34,Warm,4
2787,35.52675,116.9933889,Cropland,13.69,Warm,4
2788,36.1675,116.6570556,Grassland,13.35,Warm,5
2789,36.13352778,116.66725,Cropland,13.39,Warm,4
2790,36.45294444,117.8562222,Forest,12.15,Warm,4
2791,36.44455556,117.8503611,Cropland,11.88,Warm,3
2792,36.421,116.9800556,Forest,12.73,Warm,3
2793,36.44861111,116.8933889,Other,13.38,Warm,5
2794,36.44133333,116.9171944,Forest,13.0,Warm,3
2795,35.64011111,117.7015,Cropland,12.94,Warm,3
2796,35.40080556,117.1006667,Cropland,13.62,Warm,2
2797,36.43505556,116.9013056,Forest,13.22,Warm,2
2798,36.51791667,118.8483889,Cropland,12.38,Warm,3
2799,36.43138889,117.9443889,Forest,11.55,Warm,4
2800,36.46197222,117.8720556,Grassland,12.6,Warm,4
2801,36.396,117.953,Other,12.03,Warm,4
2802,36.10505556,119.3303333,Cropland,12.37,Warm,3
2803,35.98827778,119.1892778,Forest,12.43,Warm,2
2804,36.15866667,119.8413889,Cropland,12.45,Warm,3
2805,36.11947222,119.5497778,Cropland,12.38,Warm,4
2806,36.11330556,119.3450278,Forest,12.38,Warm,3
2807,35.862,119.0795833,Cropland,12.47,Warm,2
2808,36.58044444,120.4439444,Grassland,12.39,Warm,3
2809,35.52805556,119.0775,Cropland,12.14,Warm,3
2810,35.47530556,119.4375556,Other,12.86,Warm,2
2811,36.00711111,119.1597778,Other,12.41,Warm,2
2812,35.02687583,117.4745064,Grassland,13.03,Warm,2
2813,36.44252778,117.8522222,Cropland,11.82,Warm,2
2814,36.39155556,117.36875,Forest,11.33,Warm,1
2815,36.38205556,117.3720556,Forest,11.72,Warm,3
2816,35.396515,117.1783553,Cropland,13.31,Warm,2
2817,36.555165,118.8825783,Forest,12.43,Warm,2
2818,35.66736111,117.7434722,Forest,12.62,Warm,2
2819,35.86547222,119.0621111,Cropland,12.49,Warm,2
2820,38.41527778,77.21166667,Cropland,12.54,Warm,5
2821,38.24277778,74.91805556,Other,-1.63,Alpine,4
2822,38.01975,77.03925,Forest,12.87,Warm,4
2823,37.80083333,75.23083333,Grassland,4.49,Temperate,4
2824,36.85194444,75.43361111,Forest,-6.77,Alpine,5
2825,37.78444444,75.21888889,Forest,4.42,Temperate,5
2826,38.95055556,75.50333333,Other,9.3,Temperate,5
2827,38.265,85.50472222,Cropland,11.02,Warm,5
2828,40.83083333,81.36944444,Other,11.83,Warm,6
2829,40.59816667,81.07322222,Forest,11.32,Warm,4
2830,38.18416667,85.44583333,Cropland,10.8,Warm,6
2831,39.1675,88.175,Other,10.55,Warm,6
2832,39.125,88.16666667,Other,10.51,Warm,7
2833,38.74805556,87.44194444,Grassland,10.46,Warm,7
2834,39.03583333,88.1425,Cropland,9.93,Temperate,6
2835,39.00944444,88.08694444,Cropland,10.12,Warm,5
2836,39.10833333,88.32305556,Other,10.66,Warm,6
2837,40.4725,97.02443611,Grassland,7.43,Temperate,6
2838,40.44571583,95.76891083,Cropland,8.86,Temperate,5
2839,39.77317972,97.90938611,Other,5.39,Temperate,2
2840,39.89815139,98.36258,Other,7.38,Temperate,3
2841,40.3486,97.24357806,Other,7.47,Temperate,7
2842,40.80455889,95.20817083,Other,8.68,Temperate,5
2843,40.94354361,95.51841222,Other,7.57,Temperate,5
2844,39.81423583,94.34769333,Other,8.37,Temperate,5
2845,39.69815917,98.32420917,Other,6.18,Temperate,7
2846,40.2426875,97.86556333,Forest,7.76,Temperate,4
2847,40.36230778,97.64900722,Other,7.73,Temperate,7
2848,40.31689944,97.81301583,Other,7.82,Temperate,8
2849,39.59800278,98.40876667,Forest,5.36,Temperate,3
2850,40.26312861,94.76038306,Cropland,9.47,Temperate,5
2851,40.51948389,96.92161667,Forest,7.53,Temperate,5
2852,39.89517667,97.3347375,Other,5.47,Temperate,3
2853,39.54857056,98.39960806,Other,4.8,Temperate,2
2854,38.14608,95.01187,Other,1.03,Temperate,4
2855,37.29464,95.54227,Other,3.82,Temperate,4
2856,36.76751,93.59652,Other,3.83,Temperate,4
2857,37.26131,94.10111,Other,4.42,Temperate,4
2858,36.90684,93.15979,Forest,2.81,Temperate,5
2859,38.00122,94.16027,Other,3.93,Temperate,5
2860,38.76606,98.23507,Forest,-3.2,Alpine,6
2861,38.79302,98.3319,Forest,-1.4,Alpine,4
2862,38.79053,98.25247,Forest,-2.18,Alpine,2
2863,38.6238,98.38472,Forest,-5.39,Alpine,4
2864,37.22295,97.20383,Other,4.26,Temperate,4
2865,37.25412,98.21377,Forest,-2.56,Alpine,4
2866,37.18276,98.20292,Forest,-2.27,Alpine,4
2867,38.81126,98.3997,Forest,-1.17,Alpine,4
2868,38.20516,94.33151,Other,3.66,Temperate,4
2869,39.490065,99.65260833,Cropland,6.03,Temperate,8
2870,39.13597222,100.223045,Cropland,7.05,Temperate,7
2871,38.94575222,100.5357256,Cropland,7.16,Temperate,5
2872,39.73172139,98.56177194,Forest,6.74,Temperate,9
2873,38.88606,100.3762172,Cropland,6.41,Temperate,8
2874,38.82375167,101.0235686,Cropland,6.75,Temperate,5
2875,38.47820667,100.8611308,Cropland,3.46,Temperate,5
2876,38.56592917,103.0842919,Cropland,7.92,Temperate,5
2877,38.33872667,102.079445,Other,5.06,Temperate,5
2878,39.83651528,98.78669333,Other,6.66,Temperate,8
2879,38.28739861,101.7666067,Forest,3.61,Temperate,4
2880,39.65829389,98.77638694,Forest,6.08,Temperate,5
2881,40.43926917,99.05446361,Other,7.6,Temperate,2
2882,40.76265861,99.4045675,Other,7.53,Temperate,5
2883,39.36425528,98.9012725,Other,3.64,Temperate,4
2884,39.04201167,102.50135,Other,7.26,Temperate,4
2885,40.226055,98.73316667,Forest,7.74,Temperate,5
2886,39.71685944,98.71088861,Cropland,6.12,Temperate,4
2887,39.62841833,98.85718472,Cropland,6.03,Temperate,6
2888,39.31585083,99.43934417,Other,5.22,Temperate,3
2889,38.48530944,101.553675,Forest,2.53,Temperate,5
2890,38.43175833,101.4480714,Forest,1.21,Temperate,8
2891,40.01690889,98.896065,Cropland,7.32,Temperate,7
2892,39.01061507,100.2953717,Forest,6.83,Temperate,7
2893,39.46398167,98.86160667,Forest,5.24,Temperate,4
2894,39.13304028,99.29610056,Cropland,1.14,Temperate,5
2895,38.50282889,100.9463614,Forest,3.77,Temperate,7
2896,37.27691556,102.8725703,Forest,2.76,Temperate,4
2897,38.98469528,100.0101708,Other,4.94,Temperate,4
2898,37.94756111,102.5155994,Cropland,6.72,Temperate,5
2899,36.97270722,103.3266639,Forest,3.48,Temperate,5
2900,37.83402194,102.0119239,Grassland,3.13,Temperate,4
2901,39.29332778,99.24606722,Other,3.8,Temperate,4
2902,38.92825611,100.83189,Forest,4.48,Temperate,7
2903,38.56068972,101.48663,Forest,3.86,Temperate,8
2904,39.77455611,98.55129278,Forest,6.93,Temperate,4
2905,39.45738278,98.71993111,Other,4.92,Temperate,6
2906,39.33393917,98.81166639,Other,2.14,Temperate,8
2907,38.56217,101.3691164,Forest,4.23,Temperate,4
2908,38.83751806,101.1534008,Forest,4.85,Temperate,5
2909,38.75391472,100.6460925,Other,6.98,Temperate,4
2910,38.61935833,101.0290228,Other,5.3,Temperate,3
2911,38.29189278,100.9081864,Cropland,0.98,Temperate,8
2912,38.67370222,100.9274336,Forest,5.82,Temperate,6
2913,37.93907611,102.3007139,Cropland,4.78,Temperate,6
2914,36.83637778,104.1537192,Forest,8.0,Temperate,4
2915,38.176215,101.592495,Forest,2.46,Temperate,4
2916,39.23216306,99.64189444,Forest,3.72,Temperate,4
2917,38.68414694,100.9519364,Forest,6.13,Temperate,5
2918,38.39308056,101.0127192,Forest,2.52,Temperate,6
2919,36.99257361,103.2114183,Forest,3.55,Temperate,4
2920,36.73396972,103.5040458,Forest,5.82,Temperate,5
2921,37.46028778,102.9016314,Grassland,5.27,Temperate,9
2922,39.31361111,99.73444444,Cropland,6.06,Temperate,4
2923,39.35686306,99.14115917,Other,4.45,Temperate,3
2924,39.62054667,99.60005333,Other,6.58,Temperate,4
2925,37.48538611,103.2287431,Forest,5.28,Temperate,4
2926,39.55220583,98.85944194,Other,5.81,Temperate,6
2927,40.16214111,99.41900333,Other,7.82,Temperate,8
2928,40.32721056,99.13733389,Other,8.02,Temperate,2
2929,39.97984639,98.68039611,Other,7.43,Temperate,3
2930,40.53311167,98.64637,Other,7.48,Temperate,4
2931,40.4352775,99.38564417,Other,7.93,Temperate,5
2932,39.12240722,102.5606139,Other,7.28,Temperate,1
2933,38.89493722,100.11074,Other,4.76,Temperate,2
2934,39.16135028,99.91660111,Other,5.22,Temperate,1
2935,39.255725,99.385825,Other,4.31,Temperate,1
2936,39.255185,99.64269111,Other,4.82,Temperate,3
2937,40.88085,100.7321167,Other,9.23,Temperate,6
2938,40.97949722,100.6850556,Other,9.14,Temperate,4
2939,40.91267222,100.3335611,Other,8.85,Temperate,7
2940,40.77945556,101.1259,Other,9.44,Temperate,9
2941,40.80464167,101.0877111,Other,9.38,Temperate,10
2942,40.67937222,101.3993472,Other,9.47,Temperate,5
2943,40.74023889,101.1697583,Other,9.48,Temperate,6
2944,40.79422222,101.1016444,Other,9.4,Temperate,5
2945,41.031625,100.4225528,Other,8.96,Temperate,4
2946,37.8557,101.10515,Forest,-3.28,Alpine,5
2947,36.79208,99.05104,Forest,1.3,Temperate,4
2948,38.00149,100.62564,Forest,-0.45,Alpine,5
2949,38.27667,99.88833,Forest,-1.69,Alpine,5
2950,37.26763,101.35633,Forest,-0.3,Alpine,4
2951,38.015239,100.25036,Forest,-4.58,Alpine,5
2952,38.25051,99.88318,Forest,-2.76,Alpine,4
2953,37.13229,101.80698,Forest,0.82,Temperate,4
2954,38.26372,99.88279,Forest,-2.22,Alpine,4
2955,37.33827,101.0295,Forest,-2.13,Alpine,4
2956,37.10703,101.82378,Grassland,0.89,Temperate,4
2957,37.11905,101.84335,Forest,0.25,Temperate,3
2958,37.15076,101.83157,Forest,-0.12,Alpine,4
2959,36.98819,101.67263,Forest,3.27,Temperate,4
2960,37.05217,101.47157,Cropland,2.39,Temperate,5
2961,38.82773,98.46634,Forest,-1.58,Alpine,4
2962,38.26667,99.87806,Forest,-2.0,Alpine,4
2963,37.94255,100.90813,Forest,-1.24,Alpine,7
2964,38.00244,100.90028,Forest,-2.12,Alpine,3
2965,38.22838,99.89638,Forest,-4.22,Alpine,7
2966,38.37852,99.32063,Forest,-2.63,Alpine,3
2967,38.23413,99.89186,Forest,-3.88,Alpine,4
2968,38.7044,98.47,Forest,-3.24,Alpine,4
2969,38.04855,100.22299,Forest,-3.66,Alpine,7
2970,37.48186,101.33782,Forest,0.12,Temperate,4
2971,38.23992,99.88897,Forest,-3.64,Alpine,4
2972,38.08369,100.42748,Forest,-1.2,Alpine,5
2973,38.71711,99.20508,Forest,-2.46,Alpine,8
2974,38.35641,99.39027,Forest,-2.55,Alpine,6
2975,38.27669,99.89361,Forest,-1.95,Alpine,4
2976,38.22806,100.04694,Grassland,-0.06,Alpine,5
2977,38.73713,98.59045,Forest,-1.96,Alpine,7
2978,37.27264,99.91578,Forest,0.24,Temperate,4
2979,38.84918,98.44326,Forest,-1.55,Alpine,5
2980,38.19043,100.02543,Cropland,-1.0,Alpine,4
2981,38.26308,99.87553,Forest,-2.39,Alpine,4
2982,36.93276,100.07155,Other,0.52,Temperate,5
2983,38.35868,99.73277,Forest,-1.77,Alpine,4
2984,38.19028,100.02239,Forest,-0.91,Alpine,2
2985,37.87809,100.77894,Forest,-3.42,Alpine,3
2986,38.84403,98.88969,Other,-3.52,Alpine,5
2987,38.27418,99.88852,Forest,-1.78,Alpine,3
2988,38.27547,99.89524,Forest,-1.93,Alpine,4
2989,36.62266,101.52756,Grassland,4.76,Temperate,4
2990,36.68609,99.45139,Forest,0.2,Temperate,3
2991,37.00521,99.46357,Forest,0.08,Temperate,4
2992,36.67027,101.52162,Cropland,4.97,Temperate,5
2993,37.02121,100.79013,Forest,0.22,Temperate,5
2994,36.87722,101.88554,Forest,3.23,Temperate,5
2995,36.8676,101.88848,Grassland,3.14,Temperate,5
2996,37.18688,102.16606,Forest,2.34,Temperate,4
2997,36.81556,100.79512,Forest,0.75,Temperate,4
2998,36.90581,101.75348,Cropland,3.88,Temperate,4
2999,37.0796,101.56637,Cropland,2.53,Temperate,2
3000,38.76493,98.74163,Other,-5.71,Alpine,5
3001,38.78157,98.74942,Forest,-5.34,Alpine,2
3002,38.25257,100.19805,Forest,0.65,Temperate,2
3003,38.78949,98.74171,Forest,-5.23,Alpine,2
3004,38.78146,98.73932,Other,-5.51,Alpine,2
3005,38.07327,100.23307,Forest,-2.76,Alpine,3
3006,36.697475,104.6780419,Cropland,9.23,Temperate,4
3007,36.70002,104.9204114,Forest,8.44,Temperate,5
3008,41.13325,107.1893333,Cropland,7.74,Temperate,4
3009,40.94641667,108.3390278,Forest,7.08,Temperate,4
3010,40.35656111,107.0496556,Cropland,8.06,Temperate,4
3011,40.56631111,109.8262778,Cropland,6.64,Temperate,4
3012,40.87808333,107.7598611,Forest,7.64,Temperate,4
3013,41.05163889,108.1900833,Cropland,7.12,Temperate,5
3014,41.07027778,107.8470556,Cropland,7.4,Temperate,4
3015,41.18066667,107.5977778,Cropland,7.53,Temperate,5
3016,40.87288611,107.367925,Cropland,7.86,Temperate,5
3017,40.54701111,109.7331861,Cropland,6.69,Temperate,5
3018,40.56388889,109.3483333,Forest,6.97,Temperate,5
3019,41.07454444,108.200225,Forest,7.12,Temperate,5
3020,40.00439444,109.0947583,Grassland,5.58,Temperate,5
3021,40.00625,110.0187778,Forest,6.16,Temperate,3
3022,41.04972222,109.9130556,Forest,4.81,Temperate,4
3023,39.242125,107.8933639,Forest,7.23,Temperate,4
3024,39.45609722,109.7272806,Forest,6.89,Temperate,3
3025,39.05800833,109.5096361,Forest,7.09,Temperate,5
3026,40.93759722,107.1775194,Cropland,7.83,Temperate,4
3027,40.84898333,106.8982611,Other,7.93,Temperate,4
3028,39.90886944,109.9498083,Grassland,6.01,Temperate,3
3029,38.63126667,107.3588472,Forest,7.51,Temperate,4
3030,40.33766667,109.9893056,Forest,6.72,Temperate,4
3031,40.85472222,110.0819444,Forest,4.03,Temperate,4
3032,39.56311944,106.8854528,Forest,7.63,Temperate,3
3033,40.81444444,108.8052778,Cropland,7.06,Temperate,4
3034,40.76244444,107.9678056,Forest,7.77,Temperate,1
3035,40.28236667,106.9621111,Grassland,8.25,Temperate,2
3036,39.02916667,106.6808333,Forest,7.62,Temperate,4
3037,38.37811111,106.3238333,Cropland,8.67,Temperate,3
3038,38.63152778,106.4351667,Cropland,7.99,Temperate,3
3039,37.54827778,105.1559167,Cropland,9.32,Temperate,4
3040,38.09163889,106.1096389,Cropland,9.25,Temperate,2
3041,37.46791667,105.7143611,Cropland,9.71,Temperate,3
3042,38.29402778,106.1605833,Cropland,9.05,Temperate,2
3043,38.82411111,106.2558056,Grassland,8.0,Temperate,3
3044,38.93108333,106.7343056,Cropland,7.76,Temperate,5
3045,38.48319444,106.4660278,Cropland,8.27,Temperate,3
3046,38.588,106.3891389,Cropland,8.1,Temperate,3
3047,37.959,106.1121944,Forest,9.27,Temperate,3
3048,38.90486111,106.5791667,Forest,7.65,Temperate,3
3049,37.09161111,105.1501111,Grassland,7.31,Temperate,3
3050,37.75008333,106.1453611,Forest,9.61,Temperate,3
3051,37.43880556,104.8385556,Forest,8.34,Temperate,3
3052,37.03508333,105.4754167,Other,8.27,Temperate,4
3053,37.61508333,105.9728056,Forest,9.36,Temperate,2
3054,37.30497222,105.6015556,Grassland,9.27,Temperate,3
3055,37.33555556,105.4352778,Forest,8.39,Temperate,3
3056,37.17336111,106.6795,Forest,8.26,Temperate,2
3057,37.10575,105.8853889,Forest,9.27,Temperate,3
3058,37.18916667,106.4141667,Forest,8.53,Temperate,6
3059,37.33308333,104.91675,Forest,8.35,Temperate,4
3060,36.8085,105.5620278,Forest,8.01,Temperate,3
3061,37.22172222,105.1014444,Forest,6.81,Temperate,3
3062,37.64425,106.2652222,Forest,9.39,Temperate,3
3063,36.8935,105.8611111,Grassland,8.93,Temperate,3
3064,37.66866667,106.5390278,Forest,9.1,Temperate,2
3065,37.36505556,105.2340278,Forest,8.78,Temperate,3
3066,37.32416667,106.1980556,Forest,8.26,Temperate,2
3067,37.74394444,106.9906111,Forest,8.3,Temperate,3
3068,38.95769444,106.4091111,Other,7.76,Temperate,3
3069,38.84891667,106.3690833,Other,7.77,Temperate,3
3070,37.88747222,107.08975,Forest,7.82,Temperate,2
3071,36.78472222,106.5077778,Grassland,6.98,Temperate,3
3072,38.16730556,106.2719722,Cropland,9.02,Temperate,2
3073,37.90108333,106.3214722,Cropland,9.23,Temperate,3
3074,38.4275,106.5108333,Forest,8.57,Temperate,3
3075,39.08380556,106.5276667,Forest,7.75,Temperate,5
3076,36.71833333,105.6325,Forest,8.42,Temperate,4
3077,38.86258333,106.6325278,Forest,7.66,Temperate,3
3078,38.55108333,106.2434722,Other,8.32,Temperate,3
3079,36.72138889,105.9388889,Forest,8.39,Temperate,3
3080,37.43555556,106.1108333,Forest,9.15,Temperate,3
3081,37.41875,106.9683056,Forest,7.92,Temperate,3
3082,37.11194444,106.1452778,Forest,7.47,Temperate,2
3083,38.11361111,106.6627778,Forest,8.52,Temperate,2
3084,36.91527778,106.1469444,Forest,7.83,Temperate,3
3085,37.17355556,107.3058333,Forest,7.67,Temperate,3
3086,36.69111111,106.1891667,Forest,8.2,Temperate,2
3087,36.63330556,105.2932222,Forest,5.82,Temperate,3
3088,37.02027778,106.4391667,Forest,7.67,Temperate,3
3089,36.72194444,106.0719444,Forest,8.88,Temperate,3
3090,38.63977778,105.9559722,Forest,8.06,Temperate,2
3091,37.15686111,105.7335556,Forest,9.15,Temperate,2
3092,37.31897222,106.6553889,Forest,8.75,Temperate,3
3093,37.77705556,107.2216389,Grassland,7.71,Temperate,3
3094,37.45169444,106.4104444,Forest,9.09,Temperate,3
3095,37.83927778,106.6730556,Other,8.14,Temperate,3
3096,37.60144444,107.2218889,Grassland,7.84,Temperate,3
3097,39.32025,106.7290556,Forest,7.97,Temperate,3
3098,38.36,106.0019444,Cropland,9.22,Temperate,3
3099,38.65986111,106.6211389,Forest,8.35,Temperate,1
3100,39.32183333,106.718,Forest,7.91,Temperate,1
3101,38.31577778,105.9489167,Forest,9.39,Temperate,1
3102,38.26094444,105.9543611,Forest,9.46,Temperate,1
3103,37.8875,107.0889722,Forest,7.83,Temperate,1
3104,38.09022222,107.2089722,Forest,7.38,Temperate,1
3105,37.45002778,106.7428333,Forest,8.68,Temperate,1
3106,37.85991667,106.4823889,Forest,8.86,Temperate,1
3107,37.57869444,105.5744444,Other,9.78,Temperate,1
3108,36.98638889,105.7019444,Forest,9.09,Temperate,2
3109,38.87611111,106.1786111,Other,7.86,Temperate,2
3110,37.345,105.4125,Forest,8.19,Temperate,1
3111,37.26055556,105.5577778,Forest,8.56,Temperate,1
3112,37.33305556,105.464,Forest,8.79,Temperate,2
3113,37.67625,106.8003056,Forest,8.66,Temperate,3
3114,37.91025,107.3533056,Forest,8.36,Temperate,3
3115,39.00638889,106.1691944,Other,6.23,Temperate,1
3116,38.60777778,105.9283333,Forest,6.97,Temperate,2
3117,39.28608333,106.6564722,Other,7.11,Temperate,1
3118,38.71888889,106.10875,Cropland,8.69,Temperate,2
3119,37.89552778,106.4833611,Forest,8.57,Temperate,2
3120,38.39666667,106.0055556,Forest,9.26,Temperate,1
3121,38.64313889,106.2699167,Cropland,8.19,Temperate,2
3122,37.74666667,105.8843889,Cropland,9.47,Temperate,1
3123,37.52,108.0688889,Grassland,8.24,Temperate,5
3124,38.86163889,109.8264444,Forest,7.34,Temperate,5
3125,37.98611111,109.8294444,Cropland,9.4,Temperate,3
3126,38.97013889,109.84025,Forest,7.36,Temperate,5
3127,38.03916667,109.3325,Forest,8.9,Temperate,4
3128,37.73694444,107.6183333,Forest,8.47,Temperate,5
3129,38.40991667,110.0180556,Forest,7.74,Temperate,5
3130,37.45277778,108.6958333,Forest,7.81,Temperate,3
3131,36.88166667,110.0988889,Grassland,10.07,Warm,4
3132,37.44361111,107.2866667,Cropland,8.38,Temperate,4
3133,37.57222222,108.1238889,Cropland,8.12,Temperate,3
3134,37.47361111,108.0969444,Cropland,8.06,Temperate,4
3135,37.61361111,110.1655556,Grassland,9.45,Temperate,3
3136,36.85972222,110.0275,Grassland,10.05,Warm,3
3137,37.52972222,108.6538889,Cropland,7.75,Temperate,3
3138,37.21361111,109.765,Forest,9.37,Temperate,3
3139,37.47305556,107.4086111,Cropland,8.35,Temperate,4
3140,36.70694444,109.0972222,Forest,9.04,Temperate,3
3141,36.87944444,108.7355556,Grassland,8.37,Temperate,3
3142,38.47347222,109.9625833,Forest,7.59,Temperate,5
3143,37.6925,109.9486111,Forest,9.32,Temperate,4
3144,37.47805556,108.1002778,Cropland,8.12,Temperate,4
3145,37.68861111,107.5302778,Forest,8.46,Temperate,4
3146,37.59611111,108.1375,Forest,8.17,Temperate,3
3147,39.08791667,109.9584722,Forest,7.04,Temperate,4
3148,38.51041667,109.6420833,Forest,8.13,Temperate,5
3149,37.54,109.58,Forest,9.09,Temperate,4
3150,36.72055556,108.7738889,Grassland,9.01,Temperate,4
3151,39.98188889,115.7511111,Forest,9.96,Temperate,4
3152,39.98830556,115.4286111,Forest,5.76,Temperate,3
3153,40.03588889,115.4679444,Grassland,2.76,Temperate,2
3154,40.03666667,115.4706111,Forest,2.77,Temperate,2
3155,40.48330556,115.8361389,Forest,9.18,Temperate,3
3156,40.00433333,115.7485,Forest,10.47,Warm,3
3157,39.98097222,115.728,Forest,10.28,Warm,4
3158,40.34905556,115.9773056,Forest,8.88,Temperate,3
3159,39.60978056,115.9678278,Cropland,12.22,Warm,3
3160,40.04016667,116.0358333,Forest,9.88,Temperate,3
3161,39.94633333,115.6974167,Forest,9.65,Temperate,4
3162,40.00530556,115.4839167,Forest,6.51,Temperate,3
3163,39.8675,115.5704167,Forest,7.44,Temperate,4
3164,39.97727778,115.4285833,Forest,6.05,Temperate,4
3165,39.8845,115.5506389,Forest,8.95,Temperate,2
3166,39.89691667,115.5571389,Forest,9.1,Temperate,2
3167,39.963,115.7136667,Forest,9.88,Temperate,3
3168,40.07911111,116.03175,Forest,7.93,Temperate,2
3169,40.45283333,115.8629167,Cropland,9.57,Temperate,3
3170,40.35444444,115.9547778,Forest,9.12,Temperate,2
3171,39.97875,115.7254444,Forest,10.3,Warm,3
3172,39.98830556,115.429,Forest,5.76,Temperate,3
3173,40.03797222,115.468,Grassland,2.74,Temperate,2
3174,39.86783333,115.5793056,Forest,7.21,Temperate,2
3175,39.8745,115.5709167,Forest,7.4,Temperate,3
3176,40.03966667,115.4859444,Grassland,4.25,Temperate,2
3177,39.97638889,115.7045833,Other,10.41,Warm,1
3178,40.45347222,115.8561389,Other,9.58,Temperate,3
3179,40.00172222,115.7757778,Forest,10.25,Warm,2
3180,39.96616667,115.6779444,Forest,10.15,Warm,2
3181,40.00108333,115.7768056,Forest,10.29,Warm,1
3182,39.99936111,115.4835,Forest,6.88,Temperate,2
3183,40.07066667,116.0225278,Forest,7.4,Temperate,2
3184,40.35763889,115.3501111,Cropland,9.98,Temperate,4
3185,40.12858333,115.4673889,Grassland,7.46,Temperate,4
3186,40.71372222,114.4365,Cropland,8.03,Temperate,3
3187,40.33016667,115.0232222,Cropland,9.12,Temperate,4
3188,39.89986111,114.6111389,Forest,7.47,Temperate,5
3189,41.09866667,114.7616111,Grassland,4.45,Temperate,3
3190,41.03905556,114.6026111,Forest,4.13,Temperate,3
3191,39.81777778,114.9511667,Grassland,4.03,Temperate,5
3192,40.84877778,115.7518889,Forest,5.58,Temperate,6
3193,39.92133333,114.3762222,Grassland,6.02,Temperate,4
3194,37.68613889,114.3581111,Cropland,13.22,Warm,3
3195,40.44416667,115.107,Forest,7.06,Temperate,4
3196,39.72216667,115.46225,Grassland,10.17,Warm,5
3197,37.06425,114.1615556,Forest,12.73,Warm,3
3198,39.4595,114.9693056,Grassland,8.17,Temperate,2
3199,38.14738889,114.8715,Forest,13.06,Warm,4
3200,38.84294444,115.9652778,Cropland,12.89,Warm,3
3201,39.53786111,115.9308611,Grassland,12.21,Warm,4
3202,37.18119444,115.1071389,Cropland,13.33,Warm,4
3203,40.98288889,115.1808056,Grassland,5.89,Temperate,3
3204,40.63069444,114.9729722,Cropland,9.36,Temperate,3
3205,38.27233333,115.6358333,Cropland,13.07,Warm,4
3206,38.87983333,113.9679722,Grassland,9.65,Temperate,3
3207,37.60919444,114.7985833,Cropland,13.3,Warm,5
3208,40.09177778,115.4807778,Forest,6.11,Temperate,4
3209,41.13944444,115.0188056,Grassland,4.27,Temperate,4
3210,40.81880556,115.3617222,Forest,2.93,Temperate,2
3211,38.45852778,113.9980833,Other,12.09,Warm,4
3212,40.71175,114.3052778,Forest,7.04,Temperate,2
3213,40.39772222,114.8726111,Forest,6.49,Temperate,3
3214,40.68008333,114.9785278,Cropland,8.87,Temperate,3
3215,40.65655556,114.733,Cropland,8.24,Temperate,2
3216,39.14605556,115.3613889,Cropland,12.74,Warm,4
3217,40.27575,114.5274167,Forest,6.3,Temperate,4
3218,38.15547222,113.82975,Grassland,9.54,Temperate,3
3219,37.35969444,115.63025,Cropland,13.17,Warm,4
3220,38.62644444,115.1749167,Forest,12.86,Warm,5
3221,36.90405556,114.5646389,Forest,13.5,Warm,3
3222,37.15536111,114.0725556,Other,12.44,Warm,3
3223,36.89483333,113.9330278,Forest,11.02,Warm,1
3224,36.93291667,114.1792222,Forest,12.83,Warm,2
3225,36.77805556,113.7263611,Grassland,9.78,Temperate,1
3226,39.18147222,114.8150833,Grassland,10.48,Warm,1
3227,39.22530556,115.0223056,Grassland,11.61,Warm,1
3228,38.42791667,114.2248889,Other,12.65,Warm,2
3229,39.4195,115.3511667,Forest,11.97,Warm,3
3230,40.82491667,114.6251111,Forest,6.54,Temperate,1
3231,36.76822222,113.7291667,Forest,9.68,Temperate,1
3232,39.94716667,114.1386667,Forest,6.21,Temperate,1
3233,40.00158333,115.2952778,Forest,3.93,Temperate,1
3234,41.08833333,110.6272222,Forest,1.81,Temperate,6
3235,40.54317778,110.4453111,Cropland,5.71,Temperate,10
3236,41.03758333,111.4786111,Forest,2.55,Temperate,5
3237,40.34666667,110.8367222,Cropland,6.1,Temperate,6
3238,40.21272222,111.3999444,Cropland,6.24,Temperate,5
3239,40.35452778,111.1448333,Forest,6.32,Temperate,4
3240,40.61622222,111.0053333,Forest,6.04,Temperate,4
3241,40.62241667,111.9236944,Cropland,5.79,Temperate,4
3242,40.43655556,112.0119167,Grassland,3.1,Temperate,3
3243,40.49813889,111.42425,Cropland,6.32,Temperate,4
3244,40.74525,111.3802778,Cropland,6.3,Temperate,4
3245,41.03758333,111.9811111,Grassland,2.05,Temperate,4
3246,39.78633333,110.1878917,Forest,5.76,Temperate,2
3247,39.82305556,111.4202778,Grassland,6.44,Temperate,2
3248,40.73055556,110.2597222,Forest,5.14,Temperate,5
3249,37.56434083,113.7122136,Cropland,9.11,Temperate,4
3250,37.60151944,112.320125,Other,10.38,Warm,6
3251,40.11399167,113.6211972,Grassland,5.88,Temperate,4
3252,40.32549167,113.9107483,Cropland,6.87,Temperate,7
3253,36.69597639,112.6977256,Forest,9.82,Temperate,3
3254,40.26558333,113.0076778,Grassland,5.74,Temperate,5
3255,39.93172222,112.7082556,Forest,4.38,Temperate,4
3256,39.36783611,113.8248639,Forest,5.03,Temperate,5
3257,38.94416389,113.3462611,Forest,4.48,Temperate,5
3258,37.32932639,113.7360669,Grassland,6.18,Temperate,3
3259,37.47306972,111.1872931,Grassland,8.61,Temperate,4
3260,38.89201556,111.0318756,Grassland,8.33,Temperate,4
3261,38.03004472,111.0830803,Forest,7.72,Temperate,4
3262,38.67773889,112.6096806,Cropland,8.82,Temperate,4
3263,37.95898889,112.9784167,Cropland,7.65,Temperate,5
3264,36.98803306,111.2280411,Forest,7.57,Temperate,4
3265,36.950705,113.5419061,Grassland,9.72,Temperate,4
3266,37.88319444,111.9969556,Grassland,6.81,Temperate,4
3267,39.08008056,113.5691583,Forest,-4.36,Alpine,3
3268,39.069275,113.5897917,Forest,-2.77,Alpine,5
3269,39.06122778,113.6749417,Forest,-0.42,Alpine,4
3270,38.725025,111.8429194,Forest,-1.35,Alpine,6
3271,38.72907222,111.8657667,Grassland,-1.14,Alpine,5
3272,39.78376667,113.2614778,Forest,7.4,Temperate,6
3273,37.239425,112.11325,Cropland,10.56,Warm,3
3274,40.53308833,114.199755,Forest,7.25,Temperate,4
3275,36.85443194,112.9912625,Cropland,9.43,Temperate,6
3276,37.12370556,111.9687667,Forest,11.01,Warm,6
3277,40.29486111,113.8075778,Cropland,6.9,Temperate,5
3278,40.63263889,114.0749722,Forest,6.05,Temperate,4
3279,39.52730278,114.2731472,Grassland,6.35,Temperate,2
3280,39.51613472,111.8014556,Forest,5.73,Temperate,5
3281,38.45260472,111.6710531,Grassland,5.73,Temperate,4
3282,38.50389444,112.2968611,Forest,3.87,Temperate,3
3283,38.67888056,111.4503278,Grassland,6.38,Temperate,4
3284,40.37243611,114.0603889,Cropland,6.84,Temperate,6
3285,40.39838611,114.2258083,Forest,5.53,Temperate,4
3286,39.64975222,114.2614556,Forest,5.78,Temperate,5
3287,38.93705,113.3532333,Forest,5.38,Temperate,4
3288,39.76356667,114.2358917,Grassland,7.05,Temperate,4
3289,39.50251111,113.8304056,Grassland,5.1,Temperate,3
3290,37.26943972,113.4914592,Forest,6.14,Temperate,2
3291,39.56814,111.4361189,Forest,6.91,Temperate,3
3292,37.89301111,112.3196972,Grassland,7.31,Temperate,4
3293,36.63272639,113.0764833,Cropland,9.18,Temperate,4
3294,36.98726528,112.9183431,Grassland,9.36,Temperate,3
3295,37.84325278,112.6606361,Forest,8.52,Temperate,4
3296,36.74382778,111.9067833,Forest,8.73,Temperate,4
3297,37.27990556,112.4788944,Forest,9.98,Temperate,2
3298,37.42658056,112.7141722,Grassland,10.03,Warm,4
3299,38.02175278,113.0549194,Cropland,7.48,Temperate,4
3300,36.68150167,113.3888589,Grassland,10.42,Warm,2
3301,39.043125,113.6147806,Grassland,0.49,Temperate,3
3302,39.00169167,113.4997806,Forest,-0.32,Alpine,4
3303,38.90528889,113.6256778,Grassland,4.39,Temperate,3
3304,40.42141667,114.1081389,Forest,7.01,Temperate,5
3305,40.23001944,114.0568639,Forest,6.09,Temperate,5
3306,37.29797778,111.82932,Cropland,10.68,Warm,4
3307,37.79154028,112.4425178,Other,8.83,Temperate,5
3308,40.12861667,113.3999806,Forest,6.93,Temperate,4
3309,37.43815,112.4397667,Forest,10.32,Warm,3
3310,36.85366361,113.4750103,Forest,10.05,Warm,4
3311,40.15962222,112.4453778,Cropland,4.2,Temperate,3
3312,39.37040278,113.9775222,Grassland,6.71,Temperate,2
3313,37.50968389,111.1853553,Forest,8.96,Temperate,4
3314,38.54615833,112.2135417,Grassland,4.77,Temperate,1
3315,36.82501667,111.7222278,Other,10.8,Warm,1
3316,37.93459722,111.9742889,Grassland,7.54,Temperate,1
3317,38.51553889,112.2673333,Forest,4.26,Temperate,1
3318,37.88043611,112.0609,Forest,8.29,Temperate,1
3319,38.79601111,111.908525,Grassland,1.92,Temperate,3
3320,39.21461111,110.4551667,Forest,7.27,Temperate,4
3321,38.23472222,110.23,Forest,8.46,Temperate,3
3322,39.17305556,110.6522222,Grassland,7.17,Temperate,4
3323,39.28658333,110.4795278,Forest,7.15,Temperate,4
3324,38.04194444,110.1727778,Forest,8.38,Temperate,3
3325,38.88569444,110.4317778,Forest,8.22,Temperate,5
3326,38.15416667,110.3341667,Forest,8.69,Temperate,3
3327,39.51986111,110.9838333,Cropland,7.84,Temperate,6
3328,38.06055556,110.2736111,Grassland,8.73,Temperate,3
3329,38.70969444,110.4914722,Forest,8.47,Temperate,5
3330,40.054675,116.4906472,Forest,11.87,Warm,3
3331,40.14102778,116.1775556,Cropland,11.74,Warm,6
3332,40.16784167,116.1589444,Forest,11.86,Warm,6
3333,38.72645833,117.4691444,Other,13.08,Warm,5
3334,38.80015556,117.4824222,Other,13.16,Warm,5
3335,38.79530833,117.4875444,Other,13.18,Warm,6
3336,39.21998333,117.9701167,Other,11.93,Warm,4
3337,39.17365556,117.7768833,Other,12.29,Warm,4
3338,38.64120278,117.3937389,Other,13.02,Warm,3
3339,38.87381944,117.4745056,Other,13.13,Warm,4
3340,39.29996944,117.5813806,Forest,12.23,Warm,4
3341,39.29965,117.5585111,Grassland,12.22,Warm,3
3342,38.75501111,117.2663806,Cropland,12.65,Warm,3
3343,40.15461111,117.294,Forest,10.6,Warm,2
3344,40.15638889,117.2891667,Forest,10.52,Warm,4
3345,40.23666667,116.1572222,Other,11.66,Warm,3
3346,40.01080556,116.0468333,Forest,10.76,Warm,2
3347,39.19499722,116.5783472,Cropland,12.55,Warm,5
3348,39.59985833,116.0918056,Grassland,12.12,Warm,5
3349,40.02779444,116.281975,Other,12.13,Warm,3
3350,39.77428889,116.0415028,Cropland,12.26,Warm,3
3351,40.44191111,116.7944861,Other,11.17,Warm,3
3352,39.68396111,116.0794,Grassland,12.21,Warm,4
3353,40.595,117.01725,Forest,10.28,Warm,4
3354,40.38377778,116.953575,Cropland,10.88,Warm,4
3355,40.15702778,117.2929444,Forest,10.6,Warm,3
3356,40.25980556,116.1701667,Forest,11.29,Warm,2
3357,40.34266667,116.3397778,Forest,10.37,Warm,4
3358,40.56311111,117.0276944,Forest,10.4,Warm,3
3359,40.56166667,117.0158056,Forest,10.36,Warm,3
3360,40.33247222,116.2853611,Forest,9.94,Temperate,3
3361,40.33133333,116.2828889,Forest,9.95,Temperate,3
3362,38.90296667,117.3089167,Cropland,12.93,Warm,4
3363,39.60491667,116.9048,Cropland,12.02,Warm,6
3364,39.61841389,117.5066583,Forest,11.87,Warm,3
3365,38.85385,116.77835,Forest,12.88,Warm,3
3366,39.55308333,117.7576,Forest,11.87,Warm,4
3367,38.67781667,117.2498833,Cropland,12.9,Warm,4
3368,39.41236667,117.8602,Cropland,11.93,Warm,4
3369,39.66476667,117.3708028,Other,11.86,Warm,6
3370,40.09436667,116.1895444,Cropland,11.8,Warm,2
3371,39.46222,117.7924561,Forest,11.92,Warm,5
3372,40.10066667,116.1174722,Grassland,11.75,Warm,6
3373,40.23038889,116.3135556,Forest,11.48,Warm,3
3374,39.02541667,116.9780333,Other,12.82,Warm,4
3375,38.65773611,117.5172194,Grassland,12.77,Warm,5
3376,38.6697,117.4356167,Other,12.98,Warm,3
3377,38.88455,117.13375,Other,12.88,Warm,4
3378,38.9051,117.2486833,Other,12.72,Warm,4
3379,39.06283333,117.04025,Other,12.98,Warm,4
3380,39.27261667,117.5754333,Other,12.26,Warm,5
3381,38.66815,117.3684167,Other,13.04,Warm,3
3382,38.84263333,117.1110667,Other,12.98,Warm,5
3383,39.46005,117.55895,Forest,11.96,Warm,5
3384,39.30313333,117.9336167,Forest,11.87,Warm,5
3385,39.37325,116.9029,Forest,12.41,Warm,4
3386,38.81341667,116.8707333,Cropland,12.86,Warm,4
3387,39.3381,117.7795333,Forest,12.24,Warm,4
3388,38.80823333,117.01095,Cropland,12.9,Warm,6
3389,38.61792222,117.3403639,Forest,13.04,Warm,6
3390,38.86241667,117.0111333,Grassland,12.95,Warm,4
3391,38.76095,117.2403333,Cropland,12.75,Warm,4
3392,39.40273333,117.2862333,Other,12.31,Warm,3
3393,38.60436389,117.4159083,Other,12.96,Warm,4
3394,38.89073611,117.4785972,Cropland,13.04,Warm,6
3395,38.73827222,117.2234111,Forest,12.81,Warm,6
3396,39.52026667,117.8384667,Forest,11.79,Warm,5
3397,39.52403333,116.9750833,Forest,12.09,Warm,3
3398,38.89781667,117.37575,Forest,13.06,Warm,3
3399,38.58619167,117.3591056,Other,13.02,Warm,7
3400,38.80757778,117.2979611,Forest,12.71,Warm,5
3401,38.66095,117.1232667,Cropland,12.97,Warm,5
3402,38.63066944,117.2761083,Forest,12.98,Warm,5
3403,39.47868333,116.97695,Forest,12.2,Warm,5
3404,38.61419167,117.2708222,Cropland,12.99,Warm,4
3405,39.44283333,117.3781333,Forest,12.13,Warm,4
3406,39.48431667,117.0293017,Cropland,12.13,Warm,5
3407,39.25843333,117.5847278,Other,12.25,Warm,7
3408,39.45343333,117.7701167,Cropland,11.92,Warm,4
3409,39.26838333,117.7620167,Forest,12.33,Warm,3
3410,39.41831667,117.8169333,Forest,11.94,Warm,4
3411,40.16986389,116.2271278,Other,11.93,Warm,5
3412,39.65813333,117.3713583,Other,11.86,Warm,5
3413,39.53841667,116.8400667,Cropland,12.16,Warm,4
3414,39.65045,116.8753167,Cropland,11.97,Warm,4
3415,40.13605,116.3523639,Grassland,11.69,Warm,4
3416,39.77198333,116.4305278,Other,12.17,Warm,3
3417,39.65509722,116.7821278,Grassland,12.02,Warm,3
3418,39.82782778,116.78205,Cropland,11.84,Warm,5
3419,40.06988611,117.0095222,Cropland,11.52,Warm,9
3420,39.67241667,116.4569389,Cropland,11.95,Warm,3
3421,39.60918333,116.7690056,Forest,12.14,Warm,4
3422,40.09379167,116.1257444,Grassland,11.76,Warm,4
3423,40.65836111,117.2269444,Forest,9.77,Temperate,3
3424,40.35936111,116.3072778,Forest,10.31,Warm,2
3425,40.17045556,116.0714028,Forest,11.59,Warm,2
3426,40.27700833,116.2099,Cropland,11.42,Warm,3
3427,40.27453889,116.6813139,Cropland,11.44,Warm,3
3428,40.25696944,116.8402639,Cropland,11.41,Warm,4
3429,39.92608333,116.0793611,Forest,11.8,Warm,3
3430,40.19239167,117.0366056,Forest,11.39,Warm,3
3431,40.43727222,116.94825,Forest,10.84,Warm,3
3432,40.37725833,116.7880944,Cropland,11.46,Warm,4
3433,40.32635833,116.5162417,Forest,11.04,Warm,3
3434,40.51752778,116.4646944,Forest,6.61,Temperate,1
3435,40.328,116.3521389,Forest,9.91,Temperate,4
3436,40.34986111,116.2929444,Forest,10.17,Warm,3
3437,40.34661111,116.3534167,Cropland,10.66,Warm,2
3438,40.22916389,116.7062611,Forest,11.47,Warm,6
3439,39.50710556,116.3461389,Forest,12.14,Warm,3
3440,40.51808333,116.4696111,Forest,6.78,Temperate,1
3441,40.61355556,116.77675,Forest,9.77,Temperate,1
3442,40.08310556,116.0841667,Cropland,11.17,Warm,1
3443,40.34116667,116.48525,Forest,10.74,Warm,1
3444,39.77030556,119.33725,Cropland,10.6,Warm,5
3445,40.69655556,117.9216389,Forest,9.28,Temperate,4
3446,39.23486111,118.77675,Forest,11.0,Warm,5
3447,39.25947222,118.2378056,Other,11.88,Warm,3
3448,39.31672222,118.4538611,Grassland,11.46,Warm,3
3449,38.04358333,117.3220278,Cropland,13.11,Warm,4
3450,39.44008333,119.1555278,Grassland,10.88,Warm,4
3451,38.49275,117.5174167,Cropland,12.84,Warm,3
3452,41.17166667,116.0847222,Forest,5.79,Temperate,4
3453,40.2005,118.0654167,Grassland,10.64,Warm,3
3454,40.00102778,119.4653056,Cropland,10.0,Warm,3
3455,40.16602778,118.5282222,Forest,10.71,Warm,5
3456,39.94358333,118.0647222,Cropland,11.0,Warm,4
3457,40.91783333,118.6877222,Cropland,8.34,Temperate,4
3458,39.96786111,118.0388611,Cropland,10.92,Warm,4
3459,40.83138889,117.0436389,Grassland,9.16,Temperate,3
3460,40.95366667,118.3030556,Grassland,8.87,Temperate,3
3461,39.47002778,117.9700278,Cropland,11.78,Warm,4
3462,37.53363889,116.0653611,Forest,13.01,Warm,5
3463,39.97252778,117.0353611,Grassland,11.62,Warm,3
3464,39.73422222,117.0588333,Grassland,11.83,Warm,4
3465,38.94263889,116.0954167,Grassland,12.85,Warm,4
3466,38.85305556,116.5008056,Grassland,12.85,Warm,4
3467,38.45061111,116.9186111,Cropland,13.01,Warm,4
3468,38.05427778,116.22125,Cropland,12.94,Warm,4
3469,39.90302778,118.7515278,Cropland,10.76,Warm,3
3470,40.01169444,119.2976111,Cropland,10.17,Warm,4
3471,39.47341667,118.7443056,Forest,11.08,Warm,3
3472,40.68694444,116.0947778,Grassland,8.51,Temperate,1
3473,41.06213889,116.4141111,Cropland,6.53,Temperate,2
3474,40.87180556,118.4713889,Cropland,7.73,Temperate,3
3475,41.17413889,117.2613889,Forest,6.47,Temperate,3
3476,40.78416667,118.36725,Other,8.78,Temperate,3
3477,40.60169444,118.8646111,Forest,8.19,Temperate,4
3478,41.08472222,117.7489444,Forest,8.48,Temperate,2
3479,41.03713889,117.5831389,Forest,7.83,Temperate,3
3480,40.16877778,118.9521111,Forest,9.64,Temperate,2
3481,40.04736111,117.9685556,Forest,10.51,Warm,3
3482,41.15977778,118.8242778,Forest,6.93,Temperate,3
3483,40.27369444,119.4646944,Grassland,8.32,Temperate,3
3484,39.61463889,117.8255,Cropland,11.73,Warm,4
3485,39.79175,118.4388056,Cropland,10.96,Warm,1
3486,40.41297222,118.3143056,Forest,9.69,Temperate,1
3487,40.09402778,119.33275,Grassland,9.68,Temperate,1
3488,41.08861111,116.8943056,Forest,8.28,Temperate,2
3489,40.37133333,119.0923056,Forest,9.57,Temperate,1
3490,40.20647222,119.0763889,Forest,9.74,Temperate,1
3491,40.40511111,118.3254444,Grassland,9.88,Temperate,1
3492,40.58752778,118.2968611,Forest,9.28,Temperate,1
3493,39.74241667,119.1431389,Grassland,10.15,Warm,1
3494,40.10372222,118.9948611,Other,10.42,Warm,1
3495,40.38525,117.5699444,Cropland,7.72,Temperate,1
3496,41.17752778,121.6878333,Forest,8.96,Temperate,6
3497,40.86352778,119.7303333,Grassland,8.26,Temperate,4
3498,41.18402778,119.9786389,Cropland,8.11,Temperate,4
3499,41.18666667,119.2216389,Forest,8.19,Temperate,4
3500,41.14530556,119.4947222,Cropland,8.48,Temperate,3
3501,41.15,119.4888611,Cropland,8.44,Temperate,6
3502,41.09438889,119.1189722,Forest,7.68,Temperate,4
3503,41.06833333,120.8185,Other,9.03,Temperate,5
3504,41.15088889,119.1508889,Grassland,7.66,Temperate,6
3505,39.16005556,121.7726389,Forest,10.24,Warm,4
3506,38.99252778,121.6068889,Other,11.33,Warm,4
3507,40.87744444,120.97175,Forest,9.0,Temperate,5
3508,39.15219444,121.7474444,Forest,10.37,Warm,4
3509,40.85833333,120.9526667,Grassland,9.01,Temperate,5
3510,40.792,120.19475,Grassland,8.61,Temperate,4
3511,40.66447222,119.9290278,Forest,8.52,Temperate,3
3512,41.11797222,121.2763056,Grassland,8.96,Temperate,5
3513,41.10811111,119.6815278,Cropland,8.49,Temperate,5
3514,41.16763889,119.6483333,Forest,8.38,Temperate,5
3515,40.28544444,120.2716667,Cropland,9.37,Temperate,3
3516,39.31755556,121.8430833,Forest,10.17,Warm,5
3517,40.49077778,120.1212778,Cropland,9.26,Temperate,5
3518,41.16880556,119.6475,Forest,8.38,Temperate,2
3519,41.05369444,120.8348889,Forest,8.94,Temperate,3
3520,37.7275,118.9973611,Other,12.9,Warm,4
3521,37.75338889,118.9199444,Cropland,12.86,Warm,4
3522,37.79654083,120.9050539,Cropland,11.95,Warm,5
3523,36.63003389,119.1979853,Forest,12.55,Warm,5
3524,37.47577778,121.0246667,Forest,11.9,Warm,4
3525,36.66794444,118.4076111,Forest,13.19,Warm,4
3526,36.77194444,117.2768611,Other,13.42,Warm,5
3527,37.42497222,120.1885833,Cropland,12.2,Warm,4
3528,36.66544444,120.8183056,Grassland,12.55,Warm,3
3529,36.74869444,119.1899167,Other,12.94,Warm,4
3530,36.77886111,117.2766944,Forest,13.42,Warm,5
3531,36.61911111,119.8433889,Cropland,12.52,Warm,4
3532,37.92419444,118.5106389,Other,13.14,Warm,5
3533,37.16841667,118.0688611,Cropland,13.58,Warm,5
3534,37.44472222,118.3669444,Cropland,13.56,Warm,4
3535,37.61847222,118.8456111,Forest,13.07,Warm,5
3536,37.53286111,117.9892778,Cropland,13.42,Warm,4
3537,37.80255556,117.9153333,Grassland,13.28,Warm,4
3538,37.10759583,116.4086464,Cropland,13.03,Warm,4
3539,37.28372111,116.3700975,Forest,13.07,Warm,5
3540,37.67680556,118.8033056,Cropland,13.03,Warm,4
3541,37.6606125,118.4668767,Cropland,13.29,Warm,4
3542,37.69627778,117.8368333,Cropland,13.28,Warm,5
3543,37.61133333,117.1546667,Forest,13.1,Warm,5
3544,36.73412944,119.4314078,Other,12.59,Warm,4
3545,37.38055556,117.1444444,Other,13.18,Warm,4
3546,36.82327778,116.9199167,Cropland,13.21,Warm,4
3547,36.84305333,119.1738053,Other,12.73,Warm,4
3548,36.83847222,118.9378611,Forest,13.02,Warm,5
3549,36.93338889,118.9856944,Cropland,12.99,Warm,4
3550,36.92508333,116.1015556,Forest,13.13,Warm,4
3551,37.45259417,120.1237025,Cropland,12.4,Warm,4
3552,36.82985222,119.3883231,Other,12.75,Warm,5
3553,37.37938889,117.1506389,Forest,13.18,Warm,4
3554,36.72388889,117.2885556,Other,13.43,Warm,5
3555,37.19,116.5473889,Cropland,13.08,Warm,4
3556,36.79225,118.6451667,Cropland,13.25,Warm,4
3557,37.34625,120.2103333,Forest,11.88,Warm,2
3558,37.41455556,120.6285556,Forest,11.69,Warm,2
3559,37.31352778,120.1854722,Forest,12.17,Warm,2
3560,37.39908333,120.2030278,Other,12.17,Warm,3
3561,36.66173528,118.3862042,Forest,12.64,Warm,4
3562,36.67858333,119.3346944,Cropland,12.56,Warm,3
3563,37.59111111,118.9495833,Other,13.14,Warm,5
3564,37.63186111,118.8596111,Cropland,13.06,Warm,5
3565,37.39999,120.1962892,Cropland,12.17,Warm,3
3566,36.66661111,120.822,Other,12.54,Warm,1
3567,36.92038889,121.5821389,Grassland,12.0,Warm,1
3568,41.15131667,126.2052333,Forest,7.08,Temperate,3
3569,40.67538889,122.4268333,Other,9.25,Temperate,5
3570,40.97188889,122.3046944,Cropland,9.09,Temperate,6
3571,40.80533333,124.7945556,Forest,6.05,Temperate,4
3572,40.71325,124.6332778,Forest,6.8,Temperate,5
3573,40.71475,124.7592222,Forest,7.26,Temperate,5
3574,41.16541667,125.1009167,Forest,5.74,Temperate,5
3575,40.72625,122.85475,Forest,8.77,Temperate,3
3576,39.68430556,122.01455,Forest,9.53,Temperate,4
3577,40.04113889,124.0658889,Forest,8.93,Temperate,3
3578,40.72313889,124.6976389,Cropland,7.02,Temperate,4
3579,39.92591667,123.5873889,Forest,9.62,Temperate,6
3580,40.66502778,122.5861944,Grassland,8.82,Temperate,5
3581,39.898,123.6950833,Cropland,9.58,Temperate,4
3582,39.82008333,123.5361389,Forest,9.8,Temperate,4
3583,40.55811111,123.2335556,Cropland,7.7,Temperate,5
3584,40.66941667,124.7313889,Cropland,7.31,Temperate,4
3585,40.33363889,124.1106111,Forest,8.55,Temperate,4
3586,40.29633333,123.3944444,Forest,8.71,Temperate,5
3587,41.09213889,125.0999722,Forest,4.73,Temperate,4
3588,39.77708333,122.9704722,Cropland,9.78,Temperate,4
3589,40.00072222,123.7958889,Forest,9.34,Temperate,3
3590,40.69675,124.6167222,Forest,7.07,Temperate,5
3591,40.49761111,122.4105278,Forest,9.37,Temperate,5
3592,40.99608333,123.7523611,Forest,7.07,Temperate,4
3593,40.69155556,124.7051111,Forest,7.15,Temperate,4
3594,40.47516667,124.1459444,Forest,8.47,Temperate,4
3595,39.93255556,122.8476389,Forest,9.38,Temperate,4
3596,39.56338889,122.013,Cropland,9.78,Temperate,4
3597,37.26886111,122.0302778,Other,11.52,Warm,2
3598,37.3965,122.2458611,Forest,11.85,Warm,2
3599,41.26611111,80.19138889,Forest,10.37,Warm,6
3600,44.23361111,80.57833333,Forest,8.48,Temperate,5
3601,44.19194444,80.50805556,Cropland,8.74,Temperate,6
3602,44.14611111,80.72944444,Cropland,8.75,Temperate,5
3603,44.07388889,80.76888889,Cropland,8.93,Temperate,10
3604,41.69813889,80.40091667,Forest,4.39,Temperate,4
3605,44.56027778,86.24694444,Forest,8.36,Temperate,5
3606,41.24194444,86.36972222,Forest,11.45,Warm,5
3607,43.07555556,81.10305556,Grassland,3.38,Temperate,5
3608,44.65222222,82.81833333,Cropland,9.33,Temperate,6
3609,43.13805556,84.33611111,Forest,-4.56,Alpine,2
3610,43.13805556,84.485,Forest,-6.09,Alpine,5
3611,43.08805556,86.05388889,Forest,-6.3,Alpine,3
3612,43.10277778,85.39527778,Forest,-2.52,Alpine,5
3613,44.82388889,82.5025,Cropland,8.81,Temperate,7
3614,43.88694444,81.24333333,Cropland,8.69,Temperate,6
3615,43.83416667,81.61694444,Cropland,8.06,Temperate,5
3616,44.58583333,86.2575,Cropland,8.33,Temperate,5
3617,42.2225,86.42833333,Cropland,10.04,Warm,6
3618,41.97333333,86.40833333,Cropland,10.38,Warm,5
3619,41.33611111,82.70944444,Cropland,11.44,Warm,6
3620,43.59388889,81.1825,Cropland,6.41,Temperate,5
3621,44.57416667,82.90944444,Cropland,9.24,Temperate,4
3622,43.72972222,81.16861111,Cropland,8.38,Temperate,4
3623,41.54388889,82.68361111,Cropland,11.04,Warm,6
3624,45.4475,84.94222222,Cropland,8.65,Temperate,6
3625,42.25194444,86.035,Cropland,9.83,Temperate,4
3626,41.28694444,86.26833333,Cropland,11.37,Warm,5
3627,44.71,82.79555556,Cropland,9.48,Temperate,5
3628,44.91666667,82.005,Cropland,7.5,Temperate,5
3629,43.02138889,81.10805556,Forest,3.56,Temperate,5
3630,44.85583333,82.18055556,Cropland,8.16,Temperate,4
3631,45.07611111,86.11277778,Cropland,8.35,Temperate,3
3632,43.12388889,81.10777778,Cropland,3.33,Temperate,6
3633,43.77527778,82.57638889,Cropland,5.77,Temperate,10
3634,44.31027778,85.87444444,Cropland,8.34,Temperate,3
3635,44.25527778,86.34638889,Cropland,8.3,Temperate,4
3636,43.10861111,83.62833333,Other,-8.5,Alpine,5
3637,44.45555556,84.54722222,Cropland,8.38,Temperate,3
3638,45.66361111,85.04527778,Other,9.0,Temperate,2
3639,44.53888889,86.24166667,Cropland,8.37,Temperate,5
3640,44.26527778,86.31416667,Cropland,8.28,Temperate,4
3641,43.99083333,81.45111111,Cropland,7.66,Temperate,5
3642,44.32611111,84.5775,Grassland,7.62,Temperate,4
3643,44.18944444,86.56,Cropland,8.0,Temperate,5
3644,44.29638889,85.78083333,Cropland,8.27,Temperate,8
3645,44.36333333,85.05611111,Grassland,8.38,Temperate,4
3646,43.97777778,81.55833333,Cropland,7.62,Temperate,4
3647,44.3375,85.76972222,Cropland,8.31,Temperate,4
3648,44.02333333,80.95,Forest,8.96,Temperate,4
3649,44.375,87.60777778,Forest,7.62,Temperate,6
3650,43.8575,90.55916667,Forest,5.35,Temperate,4
3651,42.79555556,89.44638889,Forest,15.16,Warm,6
3652,42.65861111,89.81111111,Forest,14.73,Warm,5
3653,42.65833333,89.81083333,Forest,14.74,Warm,6
3654,42.65361111,89.41333333,Other,15.57,Warm,6
3655,42.73666667,89.44138889,Other,15.37,Warm,6
3656,42.16305556,86.74166667,Grassland,9.76,Temperate,4
3657,44.17,88.83,Cropland,7.04,Temperate,5
3658,44.22833333,88.9275,Grassland,6.95,Temperate,6
3659,44.09388889,89.19305556,Cropland,6.64,Temperate,6
3660,42.79388889,88.70027778,Cropland,14.38,Warm,7
3661,44.15305556,87.59166667,Cropland,7.6,Temperate,3
3662,44.01916667,89.18944444,Cropland,6.67,Temperate,6
3663,43.77222222,90.225,Forest,4.33,Temperate,5
3664,43.79472222,90.23138889,Forest,4.76,Temperate,4
3665,43.81583333,90.31527778,Forest,4.86,Temperate,5
3666,42.89555556,86.90666667,Forest,-2.06,Alpine,5
3667,42.27861111,86.68916667,Cropland,9.99,Temperate,4
3668,43.79166667,88.92333333,Grassland,1.28,Temperate,4
3669,43.84055556,90.19361111,Forest,4.99,Temperate,3
3670,43.85888889,90.13555556,Forest,5.34,Temperate,4
3671,42.81972222,86.68916667,Forest,-6.31,Alpine,7
3672,44.07333333,90.25305556,Other,6.4,Temperate,6
3673,43.915,90.21,Forest,5.36,Temperate,5
3674,44.02472222,87.38361111,Grassland,7.74,Temperate,5
3675,44.18972222,86.74555556,Grassland,8.02,Temperate,4
3676,44.17194444,86.96083333,Cropland,7.88,Temperate,4
3677,44.15,86.87027778,Forest,7.91,Temperate,2
3678,44.205,87.25555556,Forest,7.69,Temperate,3
3679,44.11638889,87.32083333,Cropland,7.7,Temperate,4
3680,44.43194444,88.80472222,Other,7.15,Temperate,5
3681,41.71088167,97.63678972,Other,5.92,Temperate,6
3682,41.93140444,96.67388,Other,4.37,Temperate,2
3683,41.61710361,96.98588028,Other,4.44,Temperate,4
3684,41.50028417,96.96383889,Other,4.19,Temperate,5
3685,41.92,97.54166667,Other,5.46,Temperate,4
3686,44.2675,92.97277778,Other,6.56,Temperate,4
3687,43.60111111,94.97277778,Other,8.34,Temperate,5
3688,42.60388889,93.47527778,Other,10.72,Warm,4
3689,42.42166667,92.99166667,Other,11.28,Warm,6
3690,43.02,93.64583333,Other,8.42,Temperate,5
3691,43.45027778,94.83194444,Other,6.45,Temperate,4
3692,42.62527778,93.66805556,Other,10.21,Warm,10
3693,42.70833333,93.79,Other,9.56,Temperate,5
3694,41.805775,99.92099722,Other,8.46,Temperate,4
3695,41.83230278,102.8196472,Other,8.77,Temperate,5
3696,41.44355,100.76315,Other,8.88,Temperate,8
3697,42.02553889,100.0795,Other,8.33,Temperate,3
3698,42.07016667,100.3380944,Other,8.35,Temperate,8
3699,41.93933611,100.88655,Other,8.98,Temperate,5
3700,41.92046667,101.0326306,Other,9.12,Temperate,5
3701,41.80789167,100.4534889,Other,8.68,Temperate,3
3702,42.01695278,101.9152778,Other,8.81,Temperate,3
3703,42.028825,100.9041278,Other,8.95,Temperate,6
3704,41.43996389,100.283075,Other,8.66,Temperate,4
3705,41.98083333,101.2502778,Other,9.26,Temperate,5
3706,41.97824722,100.6306583,Forest,8.55,Temperate,7
3707,42.50248889,101.2489361,Other,8.62,Temperate,5
3708,41.78798056,100.9998389,Other,9.12,Temperate,4
3709,41.23335833,100.50875,Forest,8.9,Temperate,4
3710,41.87040833,100.581525,Other,8.69,Temperate,7
3711,42.12765278,100.9237,Other,8.82,Temperate,3
3712,41.69688333,100.2894972,Other,8.53,Temperate,4
3713,42.32246667,101.0651694,Other,8.66,Temperate,3
3714,41.91232222,99.92041111,Other,8.55,Temperate,7
3715,41.49040833,100.9466528,Other,9.12,Temperate,6
3716,41.85916667,100.5975,Grassland,8.72,Temperate,5
3717,41.72861667,100.7229278,Other,8.88,Temperate,5
3718,41.98413056,101.1196639,Forest,8.83,Temperate,5
3719,41.74208056,100.0996778,Other,8.4,Temperate,3
3720,41.92462222,110.1225056,Forest,4.65,Temperate,2
3721,42.12836111,107.7767222,Other,5.76,Temperate,3
3722,41.37747222,106.0956667,Other,6.98,Temperate,4
3723,41.45636111,106.9884722,Forest,4.88,Temperate,4
3724,42.25875833,109.848,Forest,5.64,Temperate,5
3725,41.48895,108.24405,Forest,5.71,Temperate,3
3726,41.72366667,108.3183611,Forest,5.0,Temperate,4
3727,41.51250833,108.6778639,Forest,5.88,Temperate,5
3728,41.42463889,109.2476111,Forest,4.16,Temperate,3
3729,41.52519444,114.2884722,Forest,4.48,Temperate,2
3730,41.47305556,113.9834722,Grassland,4.5,Temperate,2
3731,41.36766667,114.8030278,Grassland,4.42,Temperate,4
3732,41.27702778,114.4666667,Grassland,4.61,Temperate,4
3733,42.03783333,114.6514722,Forest,3.2,Temperate,4
3734,41.34894444,115.5716667,Forest,2.55,Temperate,3
3735,41.51955556,116.0173056,Cropland,2.59,Temperate,3
3736,41.4835,115.3134167,Grassland,3.89,Temperate,3
3737,41.74533333,115.6517222,Forest,3.29,Temperate,5
3738,41.48811111,115.5095,Forest,3.63,Temperate,4
3739,41.68925,114.7546389,Forest,3.72,Temperate,3
3740,41.23869444,114.0898611,Forest,3.98,Temperate,2
3741,41.20355556,111.2819167,Forest,3.19,Temperate,4
3742,41.96630833,115.2772306,Grassland,2.64,Temperate,4
3743,42.28544444,114.7776389,Forest,3.92,Temperate,3
3744,43.81991667,115.8876944,Forest,2.57,Temperate,3
3745,43.03765833,112.4652556,Forest,4.28,Temperate,5
3746,41.75692222,111.5850833,Forest,3.81,Temperate,4
3747,42.21819444,112.2713889,Forest,4.42,Temperate,4
3748,43.77808889,113.2011556,Forest,3.41,Temperate,4
3749,41.56363889,110.7053333,Forest,3.93,Temperate,5
3750,44.44344444,115.9159444,Forest,2.55,Temperate,5
3751,41.41466667,110.3908611,Forest,3.87,Temperate,4
3752,44.00366667,113.0530833,Forest,3.26,Temperate,3
3753,44.16377778,115.0250556,Forest,0.78,Temperate,2
3754,42.04659722,112.0809056,Forest,3.14,Temperate,4
3755,42.14,113.89,Forest,3.18,Temperate,5
3756,42.73941389,112.610975,Forest,4.96,Temperate,4
3757,41.88502778,114.0953333,Forest,3.49,Temperate,3
3758,43.69808333,114.8221389,Forest,2.08,Temperate,4
3759,41.25277778,111.6919444,Cropland,2.5,Temperate,3
3760,42.27501667,111.6124806,Forest,4.33,Temperate,5
3761,41.64972222,111.7663889,Grassland,3.37,Temperate,4
3762,43.54508333,115.0916389,Forest,2.85,Temperate,2
3763,43.64863889,112.3534306,Forest,3.88,Temperate,2
3764,42.40011111,117.2891667,Forest,0.8,Temperate,2
3765,42.39602778,117.3401944,Forest,0.61,Temperate,3
3766,42.19836111,117.0428056,Forest,2.53,Temperate,2
3767,42.23944444,117.2714444,Forest,1.53,Temperate,1
3768,41.82305556,117.8686944,Forest,6.09,Temperate,2
3769,42.54275,117.6628611,Forest,1.19,Temperate,3
3770,42.18480556,117.2214167,Forest,1.33,Temperate,4
3771,42.18344444,117.2188333,Forest,1.37,Temperate,3
3772,42.47338889,117.6739167,Grassland,2.82,Temperate,2
3773,42.38425,117.7505,Forest,3.53,Temperate,5
3774,42.33055556,117.1852222,Forest,1.25,Temperate,4
3775,42.31908333,117.0129722,Grassland,1.6,Temperate,4
3776,42.40641667,117.3802778,Grassland,0.17,Temperate,5
3777,42.37791667,117.3779167,Forest,0.07,Temperate,3
3778,42.31766667,117.02025,Grassland,1.42,Temperate,3
3779,42.31908333,117.0121111,Grassland,1.6,Temperate,8
3780,41.48316667,117.5410278,Forest,5.94,Temperate,3
3781,41.24272222,118.5567222,Forest,6.35,Temperate,5
3782,42.56625,117.6864167,Grassland,0.45,Temperate,4
3783,41.56880556,117.1293333,Cropland,6.46,Temperate,5
3784,42.19586111,117.2472778,Forest,1.47,Temperate,2
3785,41.81494444,116.7733889,Forest,2.41,Temperate,2
3786,42.38122222,117.74625,Grassland,3.13,Temperate,3
3787,41.93080556,118.1156667,Forest,5.42,Temperate,3
3788,41.56758333,116.7175,Forest,3.65,Temperate,3
3789,42.39219444,117.7770278,Grassland,4.72,Temperate,4
3790,41.34513889,118.0340556,Cropland,7.98,Temperate,3
3791,42.50547222,117.5067778,Forest,1.79,Temperate,4
3792,42.19416667,117.213,Forest,1.73,Temperate,5
3793,41.72091667,117.5341667,Forest,5.11,Temperate,2
3794,42.39325,117.2589444,Forest,0.88,Temperate,4
3795,41.94141667,117.37475,Forest,5.29,Temperate,1
3796,41.47463889,116.3470556,Forest,5.18,Temperate,3
3797,41.84708333,117.7439444,Forest,5.01,Temperate,2
3798,42.47425,117.5319722,Grassland,1.08,Temperate,1
3799,42.21633333,117.4762778,Forest,2.73,Temperate,2
3800,42.39894444,117.3454167,Forest,0.55,Temperate,1
3801,41.92869444,116.9408611,Forest,4.53,Temperate,1
3802,41.36894444,116.1273333,Grassland,1.22,Temperate,2
3803,41.59613889,116.0786111,Forest,2.15,Temperate,2
3804,41.55086111,120.5043611,Forest,8.33,Temperate,5
3805,42.02722222,119.8294167,Cropland,6.52,Temperate,6
3806,41.43197222,120.02325,Cropland,8.48,Temperate,5
3807,41.51994444,120.3438056,Grassland,8.89,Temperate,5
3808,41.52833333,120.2743333,Forest,8.48,Temperate,3
3809,41.65852778,119.9061944,Cropland,7.72,Temperate,6
3810,41.41002778,121.6820556,Cropland,9.03,Temperate,6
3811,41.65058333,120.4698889,Forest,8.8,Temperate,5
3812,41.7145,120.5714167,Forest,8.52,Temperate,4
3813,42.02863889,120.9505833,Cropland,8.01,Temperate,5
3814,41.32097222,119.5162778,Forest,7.36,Temperate,5
3815,42.18277778,121.3490556,Forest,7.34,Temperate,5
3816,41.46855556,120.7446944,Forest,8.41,Temperate,3
3817,42.32544444,121.8805278,Forest,7.69,Temperate,5
3818,41.20986111,119.5733889,Grassland,8.12,Temperate,4
3819,41.38752778,119.8659167,Cropland,8.25,Temperate,4
3820,41.21094444,119.5683333,Cropland,8.12,Temperate,5
3821,41.45913889,121.6486944,Cropland,8.83,Temperate,3
3822,41.54486111,119.5888889,Forest,7.43,Temperate,4
3823,41.31622222,121.5507778,Grassland,8.98,Temperate,2
3824,43.38511111,116.7121111,Forest,1.53,Temperate,6
3825,43.81983333,116.513,Forest,1.96,Temperate,4
3826,44.20363611,117.6966167,Forest,1.76,Temperate,3
3827,43.56241667,117.6095278,Forest,-0.29,Alpine,3
3828,43.77501667,117.4932472,Forest,-0.22,Alpine,4
3829,43.73453889,117.4826417,Grassland,-0.68,Alpine,3
3830,43.91355556,118.563125,Cropland,3.62,Temperate,7
3831,43.49984444,116.8239444,Forest,0.67,Temperate,4
3832,45.62222222,119.5898333,Forest,1.07,Temperate,4
3833,45.33908333,119.8216528,Grassland,0.88,Temperate,4
3834,44.82795833,119.66765,Grassland,3.56,Temperate,4
3835,44.9168,121.6595,Cropland,6.37,Temperate,5
3836,41.37645833,119.2356639,Forest,7.9,Temperate,4
3837,43.13780278,118.7737667,Forest,6.49,Temperate,6
3838,42.88066389,119.6920472,Cropland,7.34,Temperate,5
3839,44.93255556,120.3184444,Forest,3.54,Temperate,5
3840,43.34134167,119.5668417,Forest,6.8,Temperate,4
3841,45.45194444,119.5119444,Forest,1.12,Temperate,6
3842,42.38185,118.3830333,Cropland,6.76,Temperate,5
3843,43.32344444,116.3403639,Forest,0.98,Temperate,3
3844,44.13702778,119.7397778,Grassland,5.27,Temperate,4
3845,44.66602778,117.8874167,Forest,1.04,Temperate,3
3846,41.87905,119.0265583,Cropland,7.64,Temperate,5
3847,43.52466667,118.0515278,Forest,4.78,Temperate,5
3848,44.59409722,119.7546167,Grassland,4.43,Temperate,4
3849,42.687425,119.0109722,Forest,6.86,Temperate,6
3850,45.25011389,117.1958833,Forest,2.13,Temperate,5
3851,42.65708611,118.7121722,Forest,6.13,Temperate,3
3852,43.583625,116.1480778,Forest,1.75,Temperate,4
3853,42.20903056,116.3777556,Forest,2.51,Temperate,4
3854,44.96450833,116.1975472,Forest,2.2,Temperate,4
3855,43.47165278,117.7011111,Forest,3.25,Temperate,5
3856,44.04069444,119.4189167,Forest,5.32,Temperate,5
3857,45.69985556,117.9138944,Forest,1.24,Temperate,4
3858,41.5647,118.7766806,Cropland,7.47,Temperate,3
3859,44.90836111,117.4324167,Forest,1.9,Temperate,4
3860,44.10896667,118.9326639,Cropland,4.0,Temperate,4
3861,43.78708611,117.8914417,Forest,3.0,Temperate,4
3862,44.66455556,119.4107778,Grassland,2.86,Temperate,4
3863,44.49636111,121.0817889,Forest,6.85,Temperate,4
3864,41.80317778,118.4491361,Cropland,6.47,Temperate,5
3865,44.44765833,117.0870194,Forest,1.87,Temperate,4
3866,42.50529444,119.5740194,Forest,7.2,Temperate,7
3867,45.11422222,120.0436111,Forest,2.08,Temperate,4
3868,44.631225,119.0906,Grassland,1.55,Temperate,3
3869,44.49072778,119.4768361,Grassland,4.04,Temperate,1
3870,45.05083333,120.3022222,Forest,3.73,Temperate,3
3871,43.21238889,117.9278611,Forest,5.15,Temperate,3
3872,45.4835,126.9999722,Grassland,3.93,Temperate,3
3873,45.35988889,127.3100278,Forest,3.18,Temperate,5
3874,45.29255556,127.3858333,Cropland,3.38,Temperate,2
3875,45.27480556,127.35425,Forest,3.42,Temperate,2
3876,42.85781667,126.5176,Cropland,4.72,Temperate,4
3877,44.77048333,123.7177667,Other,5.9,Temperate,4
3878,45.3689,122.5255833,Forest,5.78,Temperate,4
3879,44.8419,122.9522167,Grassland,6.23,Temperate,4
3880,44.935,123.494,Other,6.04,Temperate,5
3881,44.803,123.716,Other,5.87,Temperate,4
3882,43.45901667,123.652,Cropland,7.06,Temperate,4
3883,44.06951667,125.2051167,Forest,5.05,Temperate,4
3884,45.42685,123.1302667,Cropland,5.83,Temperate,5
3885,45.71743333,122.0984833,Cropland,5.19,Temperate,5
3886,45.41238333,122.894,Cropland,5.65,Temperate,5
3887,45.11775,125.9240333,Cropland,4.99,Temperate,4
3888,44.16321667,124.7244167,Cropland,5.26,Temperate,4
3889,45.42915,122.22315,Grassland,5.71,Temperate,5
3890,44.46843333,126.0273,Cropland,4.44,Temperate,4
3891,44.91953333,123.25785,Cropland,6.08,Temperate,3
3892,45.24038333,125.7466,Forest,5.0,Temperate,4
3893,44.42735,124.5515667,Cropland,4.99,Temperate,4
3894,43.63955,124.8233667,Cropland,5.03,Temperate,2
3895,42.50311667,126.2504333,Cropland,4.73,Temperate,4
3896,44.0983,125.2332,Cropland,5.05,Temperate,5
3897,43.1572,124.3203167,Forest,6.87,Temperate,4
3898,45.03821667,126.7378333,Cropland,3.95,Temperate,4
3899,45.00591667,126.7913667,Cropland,3.88,Temperate,5
3900,43.75763333,124.89095,Cropland,4.88,Temperate,4
3901,41.628,127.233,Forest,4.58,Temperate,5
3902,43.557,124.828,Forest,4.96,Temperate,5
3903,44.92693333,126.2348,Cropland,4.34,Temperate,5
3904,43.23543333,124.4703667,Forest,6.13,Temperate,4
3905,44.84345,126.2346,Forest,4.25,Temperate,4
3906,45.12788333,126.5584333,Grassland,4.06,Temperate,4
3907,44.81181667,126.2642833,Cropland,4.18,Temperate,4
3908,43.01415,124.3902667,Forest,6.28,Temperate,4
3909,43.0159,124.6141333,Cropland,5.65,Temperate,3
3910,42.32766667,127.2013333,Forest,4.49,Temperate,3
3911,45.12228333,126.5943833,Cropland,3.99,Temperate,5
3912,43.22666667,125.8947,Cropland,4.34,Temperate,5
3913,42.79411667,126.3774,Forest,4.67,Temperate,6
3914,44.84905,126.74895,Cropland,3.81,Temperate,4
3915,44.61625,126.8803667,Cropland,3.65,Temperate,5
3916,42.32533333,126.9872167,Grassland,4.18,Temperate,4
3917,42.53728333,126.4670167,Cropland,4.57,Temperate,5
3918,44.92083333,125.80625,Cropland,4.92,Temperate,6
3919,45.01608333,124.1159833,Other,5.41,Temperate,4
3920,44.53033333,125.0127,Forest,4.86,Temperate,4
3921,41.19423333,126.2913833,Grassland,7.15,Temperate,4
3922,44.921,125.806,Cropland,4.92,Temperate,6
3923,44.5706,126.0543833,Cropland,4.53,Temperate,4
3924,44.468,126.027,Cropland,4.44,Temperate,5
3925,43.42793333,126.0339833,Cropland,4.14,Temperate,3
3926,43.03996667,126.6565667,Cropland,4.29,Temperate,4
3927,42.81553333,125.99905,Cropland,4.59,Temperate,3
3928,43.97601667,126.6620833,Cropland,3.39,Temperate,5
3929,44.58823333,123.1614,Other,6.39,Temperate,6
3930,45.00213333,124.3023,Other,5.17,Temperate,5
3931,43.084,124.716,Cropland,5.41,Temperate,3
3932,45.04011667,123.2479167,Forest,5.96,Temperate,4
3933,45.53256667,122.0309833,Cropland,5.54,Temperate,4
3934,44.72635,123.0263833,Cropland,6.3,Temperate,4
3935,45.15833333,123.8645333,Cropland,5.54,Temperate,4
3936,44.52853333,122.8043333,Cropland,6.53,Temperate,6
3937,44.28595,124.0175167,Cropland,5.8,Temperate,3
3938,45.29891667,125.00875,Cropland,4.59,Temperate,4
3939,45.03636667,124.1042667,Cropland,5.41,Temperate,4
3940,45.24238333,125.0754167,Cropland,4.69,Temperate,4
3941,45.14523333,124.1529,Cropland,5.3,Temperate,4
3942,41.56641667,127.1801167,Forest,4.67,Temperate,3
3943,42.7969,125.2884833,Grassland,5.12,Temperate,3
3944,43.181,126.0811667,Cropland,4.2,Temperate,5
3945,42.296,127.11925,Grassland,4.65,Temperate,4
3946,44.78476667,125.949,Forest,4.74,Temperate,4
3947,44.778,126.072,Grassland,4.48,Temperate,3
3948,42.04336667,125.8078833,Forest,4.73,Temperate,4
3949,43.86005,124.5696333,Cropland,5.21,Temperate,4
3950,42.52178333,127.1353833,Cropland,4.22,Temperate,4
3951,41.97491667,126.41495,Forest,4.47,Temperate,4
3952,44.5821,122.6077,Forest,6.48,Temperate,4
3953,44.93183333,125.2296833,Cropland,4.96,Temperate,3
3954,42.04606667,127.7744833,Forest,1.66,Temperate,10
3955,42.5531,126.4739333,Cropland,4.38,Temperate,4
3956,45.12156667,125.92505,Cropland,4.99,Temperate,4
3957,41.53458333,125.0685,Cropland,4.84,Temperate,3
3958,42.69013889,124.6819444,Cropland,5.94,Temperate,4
3959,41.823,125.2725,Cropland,4.74,Temperate,5
3960,41.43661111,125.3786667,Cropland,5.13,Temperate,3
3961,41.30722222,121.9899722,Cropland,8.92,Temperate,5
3962,42.82491667,124.0225833,Cropland,7.01,Temperate,5
3963,43.19661111,124.0386667,Other,6.97,Temperate,5
3964,42.75030556,123.338,Other,7.6,Temperate,5
3965,42.72922222,124.7212222,Other,6.18,Temperate,3
3966,42.22858333,125.1693611,Cropland,5.17,Temperate,7
3967,43.21752778,123.8988611,Cropland,7.05,Temperate,6
3968,41.28641667,124.2013333,Forest,6.97,Temperate,3
3969,42.15913889,125.0424722,Forest,5.66,Temperate,6
3970,41.99791667,124.5967778,Cropland,6.62,Temperate,5
3971,42.06644444,123.8304444,Grassland,7.01,Temperate,5
3972,42.95511111,124.2315278,Cropland,6.72,Temperate,6
3973,42.14944444,124.1256667,Cropland,7.15,Temperate,5
3974,41.22866667,124.5144722,Forest,6.46,Temperate,5
3975,42.88166667,123.7477778,Cropland,7.3,Temperate,5
3976,41.57263889,123.9053889,Forest,6.63,Temperate,4
3977,42.23766667,125.1676389,Forest,5.17,Temperate,5
3978,42.04316667,123.8391111,Cropland,7.04,Temperate,5
3979,42.22841667,125.1718889,Forest,5.17,Temperate,6
3980,41.53175,125.0638611,Cropland,4.86,Temperate,6
3981,41.94461111,125.0686389,Forest,4.86,Temperate,5
3982,41.44708333,124.5923889,Cropland,5.88,Temperate,3
3983,41.63030556,125.1489722,Forest,4.61,Temperate,5
3984,41.96980556,123.3880556,Grassland,7.76,Temperate,5
3985,41.59344444,123.5530833,Forest,7.98,Temperate,6
3986,41.63686111,123.6493333,Cropland,7.83,Temperate,4
3987,41.74069444,123.6668056,Forest,7.72,Temperate,6
3988,41.83388889,123.5666667,Forest,7.91,Temperate,6
3989,41.94336111,124.1116111,Grassland,7.28,Temperate,5
3990,42.30988889,122.4075556,Forest,7.91,Temperate,6
3991,42.79102778,123.3083056,Other,7.51,Temperate,5
3992,42.67741667,122.7074167,Cropland,7.23,Temperate,5
3993,41.90305556,123.3181389,Forest,7.91,Temperate,6
3994,41.82363889,123.55425,Grassland,8.1,Temperate,4
3995,41.41961111,122.5366667,Cropland,8.72,Temperate,5
3996,41.77536111,122.1979167,Cropland,8.63,Temperate,6
3997,42.319,122.3974167,Grassland,7.89,Temperate,3
3998,42.97252778,123.2943333,Cropland,7.32,Temperate,6
3999,41.88888889,122.6157222,Grassland,8.26,Temperate,5
4000,42.54927778,123.2596667,Cropland,7.12,Temperate,4
4001,43.26794444,124.0410278,Cropland,6.82,Temperate,5
4002,41.44380556,125.3979722,Forest,5.0,Temperate,4
4003,41.50844444,125.116,Cropland,4.86,Temperate,6
4004,42.83405556,124.637,Cropland,5.93,Temperate,6
4005,42.69144444,124.6875,Grassland,6.01,Temperate,4
4006,42.72675,124.9136111,Forest,5.62,Temperate,3
4007,42.28,125.2313889,Forest,4.99,Temperate,3
4008,42.01555556,124.19275,Grassland,6.98,Temperate,3
4009,41.74866667,125.2685,Cropland,4.76,Temperate,5
4010,42.90794444,123.7919722,Cropland,7.17,Temperate,5
4011,42.29975,124.2779167,Forest,6.26,Temperate,6
4012,43.24416667,124.0123333,Cropland,6.93,Temperate,6
4013,42.03766667,123.8376667,Cropland,7.13,Temperate,4
4014,41.38713889,124.8271389,Forest,5.19,Temperate,5
4015,41.43761111,123.9184444,Forest,7.56,Temperate,3
4016,41.88461111,124.7158056,Forest,4.97,Temperate,4
4017,41.78758333,124.6015556,Forest,6.48,Temperate,2
4018,41.37405556,125.3678333,Forest,5.34,Temperate,4
4019,42.65283333,124.90275,Grassland,5.39,Temperate,2
4020,41.27722222,124.8183333,Forest,4.39,Temperate,4
4021,41.49763889,124.3648056,Cropland,6.3,Temperate,5
4022,42.07713889,123.9878333,Forest,6.56,Temperate,4
4023,42.64511667,123.7777778,Forest,7.25,Temperate,5
4024,41.24544444,122.8645556,Grassland,8.68,Temperate,4
4025,42.10736111,123.4978056,Forest,7.67,Temperate,6
4026,42.06125,123.4267778,Cropland,7.67,Temperate,4
4027,41.89,123.5886111,Cropland,7.47,Temperate,4
4028,42.71036111,122.5251111,Forest,6.9,Temperate,5
4029,43.32669444,123.7859444,Forest,7.02,Temperate,5
4030,42.82183333,122.3743611,Forest,6.83,Temperate,3
4031,41.39802778,124.9616111,Forest,5.0,Temperate,6
4032,42.29488889,123.1261944,Forest,7.72,Temperate,2
4033,42.12694444,123.836,Grassland,7.36,Temperate,2
4034,42.00538889,123.8493889,Forest,7.08,Temperate,3
4035,43.20818056,122.2426222,Grassland,7.0,Temperate,5
4036,43.17029167,123.162925,Cropland,7.23,Temperate,4
4037,43.36691667,123.0339583,Cropland,7.1,Temperate,5
4038,44.1325,122.3761111,Forest,6.77,Temperate,6
4039,43.33055556,123.2672222,Cropland,7.17,Temperate,6
4040,41.83441944,123.5733556,Forest,7.8,Temperate,4
4041,43.67388889,123.3958333,Cropland,7.0,Temperate,5
4042,44.10944444,123.2433333,Other,6.7,Temperate,5
4043,43.69666667,123.3183333,Cropland,6.96,Temperate,5
4044,45.72866667,133.2188611,Cropland,3.43,Temperate,5
4045,45.74980556,133.2888056,Cropland,3.43,Temperate,6
4046,43.96375,129.3580556,Forest,2.25,Temperate,3
4047,45.53772222,133.082,Cropland,3.56,Temperate,2
4048,45.63591667,133.2255556,Cropland,3.45,Temperate,2
4049,45.72186111,132.7475833,Cropland,3.6,Temperate,5
4050,45.64216667,131.8605,Cropland,3.9,Temperate,5
4051,45.77125,132.3997222,Cropland,3.6,Temperate,5
4052,45.65152778,131.9806389,Cropland,3.83,Temperate,4
4053,44.29225,129.5243333,Cropland,4.22,Temperate,4
4054,44.08958333,129.3671667,Cropland,3.73,Temperate,4
4055,44.06819444,129.3351111,Cropland,3.64,Temperate,5
4056,45.39013889,130.2759444,Cropland,3.47,Temperate,6
4057,45.63313889,133.3683611,Forest,3.39,Temperate,5
4058,45.65277778,131.8598889,Cropland,3.81,Temperate,4
4059,45.30558333,131.3785278,Cropland,4.08,Temperate,5
4060,44.30875,129.5268056,Cropland,4.13,Temperate,4
4061,45.65066667,133.2270278,Grassland,3.45,Temperate,4
4062,45.40252778,128.1959167,Cropland,3.59,Temperate,4
4063,45.16344444,128.7825556,Cropland,3.14,Temperate,3
4064,45.14919444,128.8056944,Cropland,3.24,Temperate,4
4065,45.74558333,128.1581389,Forest,2.61,Temperate,4
4066,45.64311111,133.3783889,Cropland,3.37,Temperate,2
4067,45.49730556,130.1832222,Cropland,3.19,Temperate,5
4068,45.65955556,131.8621389,Forest,3.51,Temperate,3
4069,42.31713333,128.1506167,Forest,2.31,Temperate,5
4070,43.34088333,128.3065333,Cropland,3.23,Temperate,4
4071,43.5566,128.43435,Cropland,3.51,Temperate,5
4072,42.51938333,128.61475,Forest,-0.13,Alpine,3
4073,41.50245,128.23325,Forest,2.11,Temperate,3
4074,43.39565,128.51365,Forest,2.94,Temperate,3
4075,42.68241667,129.5239167,Forest,4.69,Temperate,3
4076,43.58948333,128.1042667,Forest,3.19,Temperate,3
4077,43.49486667,128.2245667,Cropland,3.4,Temperate,3
4078,43.53041667,127.9548667,Forest,2.9,Temperate,4
4079,42.41305,128.1061333,Forest,2.94,Temperate,4
4080,43.3597,127.9557333,Cropland,2.48,Temperate,4
4081,43.3964,128.2090333,Cropland,3.48,Temperate,4
4082,43.29191667,129.7899167,Cropland,4.6,Temperate,4
4083,43.77578333,130.3008833,Cropland,3.62,Temperate,5
4084,42.059,128.0590167,Forest,-2.37,Alpine,2
4085,42.07351667,128.0632667,Forest,-1.87,Alpine,2
4086,43.2703,128.6372167,Forest,3.01,Temperate,5
4087,43.74688333,128.163,Forest,3.37,Temperate,6
4088,41.43861667,128.1256667,Forest,2.5,Temperate,3
4089,43.75068333,128.3110833,Cropland,3.39,Temperate,5
4090,43.19536667,128.3204167,Forest,2.99,Temperate,5
4091,42.932,129.478,Cropland,5.48,Temperate,5
4092,42.47195,129.7025833,Forest,5.36,Temperate,3
4093,42.804,129.792,Forest,5.58,Temperate,3
4094,42.02888333,128.0655333,Other,-5.35,Alpine,3
4095,42.43238333,128.1166833,Forest,3.02,Temperate,3
4096,43.22561667,130.0990333,Forest,3.44,Temperate,4
4097,46.50055556,83.48555556,Cropland,7.17,Temperate,5
4098,46.53833333,83.71916667,Cropland,6.54,Temperate,5
4099,46.87277778,84.21777778,Forest,4.71,Temperate,5
4100,46.74388889,83.90305556,Forest,5.77,Temperate,5
4101,46.57388889,83.62638889,Cropland,6.59,Temperate,4
4102,46.55583333,83.60777778,Forest,6.65,Temperate,5
4103,46.93833333,83.12055556,Cropland,4.91,Temperate,5
4104,46.75,83.59888889,Cropland,5.54,Temperate,5
4105,46.54472222,83.31555556,Forest,7.5,Temperate,5
4106,46.70722222,82.95222222,Forest,7.13,Temperate,5
4107,46.82111111,83.03111111,Cropland,6.22,Temperate,5
4108,46.51944444,82.89972222,Cropland,7.77,Temperate,6
4109,47.27944444,87.742538,Other,5.78,Temperate,5
4110,47.50138889,87.57222222,Forest,5.71,Temperate,4
4111,47.64027778,88.26833333,Forest,4.48,Temperate,5
4112,47.42527778,87.70944444,Forest,5.83,Temperate,6
4113,47.77777778,88.04111111,Cropland,4.48,Temperate,4
4114,47.48416667,87.85138889,Cropland,5.7,Temperate,5
4115,47.54861111,87.1825,Cropland,5.69,Temperate,4
4116,47.0675,87.41833333,Forest,5.98,Temperate,6
4117,47.02805556,87.35444444,Forest,6.01,Temperate,5
4118,47.62583333,87.16916667,Forest,5.63,Temperate,6
4119,47.27944444,87.7425,Other,5.78,Temperate,6
4120,49.18916667,120.3391667,Forest,-1.58,Alpine,4
4121,49.40433333,117.6511667,Forest,0.41,Temperate,4
4122,49.32033333,120.7981667,Other,-2.31,Alpine,6
4123,49.223,120.2275,Grassland,-1.91,Alpine,4
4124,49.18666667,120.3415,Forest,-1.58,Alpine,4
4125,49.57883333,117.3031667,Forest,-0.46,Alpine,4
4126,49.1855,120.0823333,Grassland,-1.23,Alpine,4
4127,48.04516667,117.8121667,Forest,0.48,Temperate,4
4128,48.53283333,119.6271667,Forest,-1.38,Alpine,6
4129,48.44883333,117.2533333,Forest,0.58,Temperate,4
4130,45.8955,121.4983333,Grassland,3.8,Temperate,5
4131,46.63266667,121.113,Cropland,1.98,Temperate,3
4132,49.3141,119.3982167,Grassland,-1.26,Alpine,6
4133,49.55231667,117.5551,Forest,-0.2,Alpine,3
4134,46.83523333,121.72785,Forest,2.51,Temperate,6
4135,49.27516667,120.1831667,Grassland,-1.86,Alpine,4
4136,46.57428333,121.3084167,Forest,2.39,Temperate,6
4137,45.91713889,117.0922778,Forest,0.45,Temperate,5
4138,46.58535,121.1130167,Grassland,1.73,Temperate,3
4139,49.20468333,119.78895,Forest,-1.26,Alpine,3
4140,48.2635,120.01995,Forest,-1.79,Alpine,3
4141,49.18008333,120.3438833,Forest,-1.57,Alpine,4
4142,48.71777778,126.1130556,Grassland,0.74,Temperate,5
4143,46.92677778,125.9255556,Cropland,2.64,Temperate,5
4144,46.47811111,125.4313333,Other,3.72,Temperate,14
4145,48.49727778,126.2025556,Forest,1.08,Temperate,1
4146,46.88602778,124.0736111,Grassland,4.08,Temperate,3
4147,48.92727778,126.8967778,Grassland,-0.38,Alpine,2
4148,48.17638889,124.6974722,Cropland,2.0,Temperate,5
4149,48.139,124.9771111,Cropland,1.96,Temperate,5
4150,47.22952778,125.8973889,Forest,2.21,Temperate,5
4151,47.05372222,125.6806111,Grassland,2.65,Temperate,5
4152,47.82802778,124.6807778,Cropland,2.55,Temperate,4
4153,47.83741667,124.6081111,Other,2.58,Temperate,4
4154,46.88702778,124.1127778,Grassland,3.99,Temperate,4
4155,46.90686111,124.3293889,Other,4.02,Temperate,4
4156,47.30641667,123.2353056,Cropland,3.79,Temperate,5
4157,47.31291667,123.2483889,Grassland,3.85,Temperate,4
4158,47.22355556,123.3791944,Cropland,3.76,Temperate,6
4159,46.26491667,125.2985278,Forest,3.95,Temperate,5
4160,46.85522222,125.6811111,Cropland,2.91,Temperate,6
4161,46.80591667,124.4213333,Forest,3.99,Temperate,6
4162,46.76247222,125.5869444,Cropland,3.16,Temperate,5
4163,46.50263889,125.2356667,Forest,3.85,Temperate,4
4164,48.96736111,125.0054167,Forest,0.68,Temperate,5
4165,48.07297222,126.3948611,Cropland,1.41,Temperate,4
4166,48.99766667,125.0013889,Cropland,0.74,Temperate,5
4167,48.68825,124.8283611,Cropland,1.39,Temperate,5
4168,48.41427778,126.2064167,Cropland,1.11,Temperate,4
4169,48.69541667,124.8196389,Cropland,1.35,Temperate,5
4170,48.38830556,126.2203889,Forest,1.12,Temperate,5
4171,46.69672222,126.1271667,Forest,3.21,Temperate,4
4172,47.74433333,123.3445278,Cropland,3.27,Temperate,5
4173,47.41958333,126.0644444,Cropland,1.99,Temperate,5
4174,45.77486111,127.5725833,Cropland,3.84,Temperate,5
4175,46.82711111,127.4410556,Cropland,2.77,Temperate,5
4176,46.69113889,127.0895556,Grassland,3.05,Temperate,5
4177,47.45397222,126.3904722,Cropland,2.35,Temperate,4
4178,46.83566667,126.5123611,Other,3.01,Temperate,4
4179,47.7435,126.1794722,Cropland,1.9,Temperate,5
4180,48.05755556,126.3486111,Forest,1.57,Temperate,4
4181,47.65191667,126.0713056,Cropland,1.93,Temperate,5
4182,46.71880556,127.4278611,Cropland,2.76,Temperate,5
4183,47.83122222,124.4517778,Grassland,2.75,Temperate,5
4184,46.67244444,126.6839444,Cropland,3.18,Temperate,3
4185,47.36705556,124.2510278,Other,3.42,Temperate,5
4186,46.88827778,124.1124722,Grassland,3.99,Temperate,4
4187,46.66475,124.6476111,Cropland,3.96,Temperate,4
4188,46.60308333,125.1859167,Other,3.96,Temperate,5
4189,46.61958333,125.1923333,Cropland,3.86,Temperate,5
4190,47.41502778,123.2360833,Forest,3.78,Temperate,5
4191,46.60472222,124.6380278,Cropland,4.04,Temperate,4
4192,46.64566667,125.7275278,Cropland,3.22,Temperate,4
4193,46.88336111,124.4014167,Grassland,4.06,Temperate,6
4194,47.2595,124.6181944,Forest,3.34,Temperate,6
4195,46.52308333,125.2448056,Forest,3.83,Temperate,6
4196,45.84430556,127.7760833,Cropland,3.58,Temperate,4
4197,47.71088889,123.2447778,Cropland,3.33,Temperate,3
4198,48.87352778,126.8273611,Forest,-0.25,Alpine,2
4199,49.04997222,127.0441111,Forest,-0.56,Alpine,2
4200,48.69383333,124.8978611,Cropland,1.12,Temperate,4
4201,49.43816667,127.2599444,Grassland,-0.16,Alpine,3
4202,46.68780556,126.6823611,Grassland,3.22,Temperate,3
4203,47.74483333,126.1794167,Forest,1.9,Temperate,5
4204,46.8805,122.5503333,Cropland,3.87,Temperate,4
4205,47.52616667,122.4365,Forest,2.93,Temperate,4
4206,47.721,122.6051667,Forest,3.0,Temperate,4
4207,48.31133333,124.4621667,Cropland,1.98,Temperate,4
4208,49.52183333,124.2721667,Forest,0.02,Temperate,3
4209,48.49233333,124.3891667,Forest,1.84,Temperate,3
4210,50.09611667,125.0097167,Forest,-0.84,Alpine,3
4211,46.60295,123.21685,Cropland,4.72,Temperate,2
4212,49.8028,124.6186167,Cropland,-0.27,Alpine,3
4213,49.55968333,124.1518167,Cropland,-0.21,Alpine,4
4214,47.34526667,121.9216833,Forest,1.88,Temperate,4
4215,46.79993333,121.9580167,Forest,3.32,Temperate,3
4216,45.90805556,132.3797222,Cropland,3.61,Temperate,3
4217,46.82972222,131.693,Cropland,3.56,Temperate,5
4218,49.28633333,128.2646111,Cropland,0.02,Temperate,5
4219,49.24891667,128.2018611,Cropland,-0.01,Alpine,5
4220,47.01541667,128.0545556,Grassland,2.17,Temperate,5
4221,46.80986111,131.7419167,Cropland,3.59,Temperate,4
4222,46.70633333,131.8470833,Cropland,3.64,Temperate,4
4223,46.85927778,131.7186389,Cropland,3.53,Temperate,5
4224,46.79366667,131.7451389,Cropland,3.66,Temperate,4
4225,46.68513889,131.82775,Cropland,3.68,Temperate,4
4226,49.25627778,128.2274722,Cropland,-0.04,Alpine,3
4227,45.81005556,129.3469444,Forest,2.78,Temperate,4
4228,46.18486111,133.0695,Cropland,3.45,Temperate,5
4229,46.31905556,132.8172222,Forest,3.09,Temperate,5
4230,46.16819444,132.9828611,Forest,2.89,Temperate,4
4231,45.7935,128.8632778,Cropland,2.87,Temperate,5
4232,45.82055556,133.0341389,Cropland,3.65,Temperate,5
4233,49.49430556,128.2843611,Cropland,0.47,Temperate,4
4234,46.00991667,132.9932778,Cropland,3.45,Temperate,4
4235,45.79038889,128.8605,Cropland,2.86,Temperate,5
4236,46.85466667,133.4746111,Cropland,2.37,Temperate,4
4237,47.101,128.2371667,Grassland,1.8,Temperate,4
4238,47.18997222,128.3689722,Other,1.51,Temperate,4
4239,47.16925,128.3454167,Forest,1.67,Temperate,2
4240,45.77252778,129.9718333,Cropland,3.44,Temperate,4
4241,47.10269444,128.237,Forest,1.8,Temperate,3
4242,45.83122222,129.3627778,Cropland,2.88,Temperate,3
4243,47.42666667,128.4380833,Forest,0.63,Temperate,3
4244,46.6845,131.8285556,Cropland,3.68,Temperate,2
4245,47.59525,128.49775,Forest,0.92,Temperate,2
4246,45.81525,129.8269167,Forest,3.28,Temperate,3
4247,46.84622222,133.2150556,Cropland,2.73,Temperate,1
4248,46.87491667,133.97825,Cropland,2.72,Temperate,5
4249,47.36086111,133.8843611,Cropland,2.14,Temperate,5
4250,51.60963889,123.9468056,Forest,-3.49,Alpine,5
4251,51.56147222,124.3299444,Forest,-2.89,Alpine,5
4252,51.62597222,124.1348056,Grassland,-2.93,Alpine,2
4253,50.4515,124.135,Forest,-1.27,Alpine,4
4254,50.55366667,123.8908333,Grassland,-1.56,Alpine,5
4255,50.57498333,123.6965167,Forest,-1.71,Alpine,3
4256,37.525736,118.90878,Other,13.33,Warm,1
4257,38.076017,118.81435,Forest,12.81,Warm,1
4258,38.075839,118.81434,Forest,12.81,Warm,1
4259,38.075535,118.81431,Forest,12.81,Warm,1
4260,38.076059,118.8141,Forest,12.81,Warm,1
4261,38.075751,118.81408,Forest,12.81,Warm,1
4262,38.075434,118.81406,Forest,12.81,Warm,1
4263,38.076093,118.8139,Forest,12.81,Warm,1
4264,38.075404,118.81391,Forest,12.81,Warm,1
4265,37.731367,118.98476,Forest,12.9,Warm,1
4266,37.731427,118.9843,Forest,12.9,Warm,1
4267,37.731588,118.98385,Forest,12.9,Warm,1
4268,37.7311,118.98473,Other,12.9,Warm,1
4269,37.731308,118.98435,Forest,12.9,Warm,1
4270,37.731376,118.98399,Forest,12.9,Warm,1
4271,38.075734,118.81389,Forest,12.81,Warm,1
4272,37.525353,118.90849,Other,13.33,Warm,1
4273,37.52537,118.9089,Other,13.32,Warm,1
4274,37.525387,118.90929,Other,13.32,Warm,1
4275,37.525668,118.90802,Other,13.33,Warm,1
4276,37.525702,118.90836,Other,13.33,Warm,1
4277,37.525931,118.90847,Other,13.34,Warm,1
4278,37.525961,118.90886,Other,13.33,Warm,1
4279,37.526323,118.90763,Other,13.34,Warm,1
4280,37.525893,118.9081,Other,13.34,Warm,1
4281,37.526416,118.90828,Other,13.34,Warm,1
4282,37.5265,118.908,Other,13.34,Warm,1
4283,37.526565,118.908,Other,13.34,Warm,1
4284,37.526595,118.90832,Other,13.34,Warm,1
4285,37.525144,118.90918,Other,13.32,Warm,1
4286,37.525165,118.90953,Other,13.32,Warm,1
4287,37.525183,118.90992,Other,13.32,Warm,1
4288,37.526348,118.90797,Other,13.34,Warm,1
4289,43.00528,119.64889,Cropland,7.02,Temperate,3
4290,43.04083,119.64,Forest,7.03,Temperate,3
4291,43.00361,119.63861,Grassland,7.03,Temperate,3
4292,32.3667,80.4,Other,-1.18,Alpine,1
4293,29.6,94.6,Grassland,1.34,Temperate,1
4294,30.5167,91.05,Forest,1.24,Temperate,1
4295,30.7667,90.9833,Forest,-1.02,Alpine,1
4296,30.5667,91.1,Forest,0.45,Temperate,1
4297,39.95,115.4166667,Forest,5.62,Temperate,1
4298,39.96666667,115.4333333,Forest,6.48,Temperate,1
4299,24.9167,117.5,Forest,19.97,Warm,1
4300,25.1333,117.45,Forest,18.92,Warm,1
4301,25.0833,116.3667,Forest,20.15,Tropical,1
4302,25.7167,116.9,Forest,16.81,Warm,1
4303,26.5,117.6833,Forest,18.99,Warm,1
4304,26.8,117.9833,Forest,19.22,Warm,1
4305,27.75,117.85,Forest,15.95,Warm,1
4306,26.8333,119.9167,Forest,16.79,Warm,1
4307,26.15,117.4667,Forest,19.72,Warm,1
4308,36.7425,109.2591667,Grassland,9.4,Temperate,2
4309,36.72333333,109.2458333,Grassland,8.96,Temperate,2
4310,36.73666667,109.2611111,Grassland,9.15,Temperate,2
4311,36.74583333,109.2533333,Grassland,9.5,Temperate,2
4312,36.72,109.2508333,Forest,9.09,Temperate,2
4313,36.73944444,109.2533333,Cropland,9.26,Temperate,2
4314,36.76166667,109.2508333,Forest,9.41,Temperate,2
4315,36.75222222,109.2513889,Grassland,9.43,Temperate,2
4316,35.73639167,104.5069278,Forest,6.74,Temperate,12
4317,35.75350278,104.560375,Forest,6.13,Temperate,6
4318,35.74019167,104.5108639,Forest,6.83,Temperate,6
4319,35.72527778,104.4883333,Forest,6.41,Temperate,6
4320,35.72515833,104.4915861,Forest,6.43,Temperate,6
4321,47.21583333,128.8713889,Forest,1.13,Temperate,6
4322,47.21361111,128.87,Forest,1.14,Temperate,5
4323,36.63960556,109.6788667,Grassland,9.67,Temperate,1
4324,36.53434444,109.5394722,Forest,9.37,Temperate,1
4325,36.70145278,109.5979639,Cropland,10.21,Warm,1
4326,36.59217222,109.6099944,Cropland,9.83,Temperate,1
4327,36.64249722,109.6775528,Grassland,9.75,Temperate,1
4328,36.63381389,109.5731722,Other,10.19,Warm,1
4329,36.67203611,109.6430694,Other,10.29,Warm,1
4330,36.58966111,109.5824139,Forest,10.0,Warm,1
4331,36.69955833,109.5997194,Forest,10.22,Warm,1
4332,36.67903611,109.6707139,Other,10.33,Warm,1
4333,36.67532778,109.6715694,Forest,10.19,Warm,1
4334,36.64437778,109.5945222,Grassland,10.11,Warm,1
4335,36.53456111,109.5400111,Forest,9.35,Temperate,1
4336,36.70143333,109.5982222,Cropland,10.2,Warm,1
4337,36.59225,109.6105111,Cropland,9.85,Temperate,1
4338,36.64228056,109.6780194,Grassland,9.73,Temperate,1
4339,36.64047778,109.5932444,Grassland,9.94,Temperate,1
4340,36.63138611,109.5978694,Grassland,9.74,Temperate,1
4341,36.61145833,109.5897,Forest,10.16,Warm,1
4342,36.62801111,109.5424139,Other,10.32,Warm,1
4343,28.397694,114.831389,Cropland,17.57,Warm,1
4344,30.106389,112.361056,Cropland,16.63,Warm,1
4345,31.613889,117.291806,Forest,15.94,Warm,1
4346,47.20325,124.20675,Other,3.58,Temperate,1
4347,48.5375,123.086611,Forest,1.65,Temperate,1
4348,22.894167,111.101056,Grassland,22.22,Tropical,1
4349,48.8625,126.295556,Cropland,0.02,Temperate,1
4350,49.178333,120.975,Forest,-2.27,Alpine,1
4351,50.648889,121.595833,Forest,-4.15,Alpine,1
4352,42.759333,124.096,Forest,7.0,Temperate,1
4353,44.020278,125.206111,Cropland,5.05,Temperate,1
4354,44.526667,126.853333,Grassland,3.63,Temperate,1
4355,45.543056,123.376389,Other,5.6,Temperate,1
4356,45.085611,123.896111,Forest,5.54,Temperate,1
4357,42.242778,119.055556,Forest,7.54,Temperate,1
4358,40.382778,117.540833,Grassland,7.82,Temperate,1
4359,41.348917,122.087139,Cropland,8.86,Temperate,1
4360,31.491667,114.245,Forest,15.64,Warm,1
4361,41.285278,114.026944,Forest,4.16,Temperate,1
4362,41.416111,115.786389,Cropland,3.12,Temperate,1
4363,37.16875,105.147222,Forest,6.23,Temperate,1
4364,37.273917,107.335583,Forest,7.69,Temperate,1
4365,37.853056,106.373861,Grassland,9.39,Temperate,1
4366,31.391944,107.120556,Forest,17.09,Warm,1
4367,24.394444,111.517778,Cropland,20.53,Tropical,1
4368,21.2625,110.222083,Cropland,22.82,Tropical,1
4369,25.680833,112.038222,Cropland,18.17,Warm,1
4370,23.235833,102.808056,Cropland,22.81,Tropical,1
4371,23.905278,108.130556,Cropland,21.22,Tropical,1
4372,26.286389,105.888333,Forest,14.17,Warm,1
4373,36.828889,108.2075,Cropland,8.69,Temperate,1
4374,33.354722,104.981389,Other,13.54,Warm,1
4375,35.424167,116.04,Grassland,14.0,Warm,1
4376,33.596944,117.558056,Grassland,15.26,Warm,1
4377,36.291306,103.426833,Forest,8.81,Temperate,1
4378,34.351306,119.820833,Cropland,13.86,Warm,1
4379,42.4018,128.0953,Forest,2.82,Temperate,3
4380,23.1723,112.5356,Forest,20.63,Tropical,3
4381,23.1687,112.5483,Forest,21.41,Tropical,3
4382,23.1759,112.5235,Forest,20.0,Tropical,3
4383,42.1414,128.1284,Forest,0.54,Temperate,3
4384,23.1657,112.557,Forest,21.91,Tropical,3
4385,42.061,128.068,Forest,-2.43,Alpine,3
4386,42.0667,128.0659,Forest,-1.99,Alpine,3
4387,31.3689,110.4988,Forest,12.91,Warm,3
4388,31.6454,110.3337,Forest,6.09,Temperate,3
4389,39.958,115.4256,Forest,5.87,Temperate,3
4390,31.3086,110.4777,Forest,10.22,Warm,3
4391,31.5139,110.3413,Forest,8.03,Temperate,3
4392,31.6576,110.3374,Forest,6.24,Temperate,3
4393,37.42194444,110.1652778,Grassland,9.66,Temperate,1
4394,34.78,108.5288889,Cropland,10.57,Warm,1
4395,36.74027778,109.2530556,Cropland,9.26,Temperate,1
4396,38.74611111,110.4966667,Forest,8.06,Temperate,1
4397,37.02,118.81,Cropland,13.17,Warm,1
4398,37.02,118.47,Forest,13.7,Warm,1
4399,37.0,118.33,Grassland,13.55,Warm,1
4400,37.0,118.64,Cropland,13.4,Warm,1
4401,37.47,118.76,Forest,13.46,Warm,1
4402,37.63,118.51,Grassland,13.39,Warm,1
4403,37.8,118.97,Cropland,12.76,Warm,1
4404,37.14,118.52,Cropland,13.48,Warm,1
4405,37.44,118.42,Grassland,13.59,Warm,1
4406,37.18,118.39,Forest,13.53,Warm,1
4407,37.6,118.73,Forest,13.25,Warm,1
4408,37.83,118.35,Other,13.13,Warm,1
4409,37.88,118.42,Other,13.15,Warm,1
4410,37.72,118.5,Forest,13.22,Warm,1
4411,37.87,118.34,Cropland,13.09,Warm,1
4412,37.76,119.09,Cropland,13.1,Warm,1
4413,37.29,118.49,Forest,13.44,Warm,2
4414,37.36,118.57,Cropland,13.45,Warm,3
4415,37.54,118.8,Cropland,13.27,Warm,2
4416,37.66,118.49,Forest,13.29,Warm,1
4417,37.47,118.27,Cropland,13.44,Warm,1
4418,37.53,118.78,Grassland,13.23,Warm,1
4419,37.66,118.5,Other,13.28,Warm,1
4420,37.76,119.06,Forest,12.82,Warm,1
4421,37.86,118.35,Cropland,13.1,Warm,1
4422,37.87,118.78,Other,13.13,Warm,1
4423,37.83,118.8,Forest,13.19,Warm,1
4424,37.82,118.36,Cropland,13.12,Warm,1
4425,37.69,118.86,Cropland,12.98,Warm,1
4426,37.8,118.82,Cropland,12.95,Warm,1
4427,44.53333333,86.51666667,Grassland,8.16,Temperate,1
4428,44.51666667,86.08333333,Cropland,8.4,Temperate,1
4429,31.39451,90.31165,Forest,-0.24,Alpine,2
4430,31.99041,84.82623,Forest,0.21,Temperate,2
4431,29.47731,86.63114,Forest,2.26,Temperate,2
4432,30.60217,91.24899,Forest,1.52,Temperate,1
4433,31.03267,85.15258,Forest,0.89,Temperate,2
4434,31.27495,92.15315,Forest,0.03,Temperate,2
4436,32.26039,91.64105,Forest,-2.45,Alpine,2
4437,31.80736,87.41588,Forest,1.38,Temperate,2
4438,37.6,101.3,Forest,-0.61,Alpine,10
4439,37.6,101.3167,Forest,-0.73,Alpine,5
4440,25.62311111,116.45625,Forest,19.0,Warm,1
4441,40.73,105.61,Other,7.32,Temperate,1
4442,40.79,104.88,Other,7.81,Temperate,1
4443,39.86,98.66,Other,7.17,Temperate,1
4444,40.14,97.26,Other,7.05,Temperate,1
4445,40.57,96.67,Other,7.6,Temperate,1
4446,25.67094444,116.4348889,Forest,19.2,Warm,1
4447,25.66158333,116.4822222,Forest,18.9,Warm,1
4448,25.67136111,116.4353889,Forest,19.2,Warm,1
4449,25.67555556,116.4823611,Forest,18.78,Warm,1
4450,41.57,95.3,Other,5.53,Temperate,1
4451,25.66713889,116.4569167,Forest,19.18,Warm,1
4452,41.45,107.0,Forest,4.9,Temperate,1
4453,43.27,91.26,Other,8.26,Temperate,1
4454,40.88,104.45,Other,6.98,Temperate,1
4455,42.99,90.43,Other,11.39,Warm,1
4456,41.14,100.46,Other,8.93,Temperate,1
4457,45.43,119.72,Forest,0.98,Temperate,1
4458,44.99,118.75,Forest,1.14,Temperate,1
4459,44.67,117.9,Forest,1.13,Temperate,1
4460,44.47,117.18,Forest,1.69,Temperate,1
4461,44.22,116.51,Forest,1.65,Temperate,1
4462,43.93,115.7,Forest,2.15,Temperate,1
4463,43.98,114.83,Forest,1.6,Temperate,1
4464,43.85,114.09,Forest,2.91,Temperate,1
4465,43.82,113.47,Forest,3.16,Temperate,1
4466,43.71,112.92,Forest,3.43,Temperate,1
4467,43.63,112.2,Forest,3.91,Temperate,1
4468,43.38,111.96,Forest,4.19,Temperate,1
4469,43.15,111.36,Forest,4.6,Temperate,1
4470,42.93,110.82,Forest,5.06,Temperate,1
4471,42.62,110.29,Forest,5.71,Temperate,1
4472,43.4,91.91,Other,6.7,Temperate,1
4473,43.13,92.81,Other,8.99,Temperate,1
4474,42.97,93.46,Other,9.52,Temperate,1
4475,42.7,93.98,Other,9.33,Temperate,1
4476,42.26,94.28,Other,9.94,Temperate,1
4477,42.01,101.71,Other,8.99,Temperate,1
4478,41.66,100.98,Other,8.96,Temperate,1
4479,41.96,102.34,Other,8.34,Temperate,1
4480,41.8,107.47,Forest,4.92,Temperate,1
4481,41.83,107.61,Forest,5.03,Temperate,1
4482,41.87,108.05,Forest,5.34,Temperate,1
4483,41.91,108.71,Forest,4.09,Temperate,1
4484,42.16,109.17,Forest,5.06,Temperate,1
4485,42.42,109.81,Forest,5.58,Temperate,1
4486,41.72,103.11,Other,8.88,Temperate,1
4487,41.36,103.76,Other,9.4,Temperate,1
4488,42.22,87.38,Other,9.28,Temperate,1
4489,49.53,118.01,Forest,-0.39,Alpine,1
4490,49.88,119.99,Forest,-2.91,Alpine,1
4491,50.05,119.28,Forest,-1.91,Alpine,1
4492,49.78,118.53,Forest,-0.83,Alpine,1
4493,40.24,99.34,Forest,8.05,Temperate,1
4494,49.34,117.09,Forest,-0.35,Alpine,1
4495,48.86,116.89,Forest,1.02,Temperate,1
4496,48.5,117.15,Forest,0.79,Temperate,1
4497,48.34,117.98,Forest,0.32,Temperate,1
4498,48.09,118.46,Forest,-0.56,Alpine,1
4499,47.66,119.3,Grassland,-1.75,Alpine,1
4500,46.38,120.48,Forest,0.91,Temperate,1
4501,40.69,106.04,Other,6.32,Temperate,1
4502,37.6,101.3166667,Forest,-0.73,Alpine,5
4503,42.40389,117.25861,Grassland,0.93,Temperate,1
4504,42.40472,117.28139,Forest,0.83,Temperate,1
4505,42.35889,117.39417,Forest,0.51,Temperate,1
4506,42.35972,117.21722,Forest,1.37,Temperate,1
4507,41.02139,80.95111,Other,11.31,Warm,1
4508,36.95667,81.32028,Forest,12.37,Warm,1
4509,40.685,82.005,Other,11.81,Warm,1
4510,45.381,132.327,Cropland,3.99,Temperate,2
4511,47.587,133.501,Cropland,1.93,Temperate,2
4513,51.085,125.132,Forest,-1.97,Alpine,1
4514,26.48694444,106.9988889,Forest,14.64,Warm,1
4515,26.48666667,106.9780556,Forest,14.83,Warm,1
4516,26.45805556,106.9519444,Grassland,14.87,Warm,1
4517,26.47166667,106.9427778,Forest,14.83,Warm,1
4518,26.45833333,106.9502778,Forest,14.87,Warm,1
4519,26.47111111,106.9430556,Forest,14.85,Warm,1
4520,26.45583333,106.9547222,Forest,14.87,Warm,1
4521,26.45777778,106.9519444,Grassland,14.87,Warm,1
4522,26.45694444,106.9513889,Forest,14.87,Warm,1
4523,26.47027778,106.9441667,Forest,14.85,Warm,1
4524,26.48722222,106.9805556,Forest,14.83,Warm,1
4525,26.47,106.9441667,Forest,14.85,Warm,1
4526,26.45722222,106.9508333,Forest,14.87,Warm,1
4527,38.79,99.59,Forest,-0.93,Alpine,3
4528,37.73,101.93,Forest,0.78,Temperate,3
4529,38.8,99.6,Forest,-0.54,Alpine,3
4530,37.79,101.97,Forest,0.75,Temperate,3
4531,38.4,100.66,Forest,1.41,Temperate,3
4532,38.41,100.66,Grassland,1.51,Temperate,3
4533,41.5167,86.8167,Other,9.51,Temperate,1
4534,38.65,86.5,Forest,10.88,Warm,1
4535,37.7333,75.25,Other,4.22,Temperate,1
4536,39.1,75.5667,Grassland,10.72,Warm,1
4537,36.7833,100.2667,Other,0.71,Temperate,1
4538,42.9,83.7167,Forest,-2.9,Alpine,1
4539,36.8,111.5,Cropland,9.24,Temperate,1
4540,35.8667,115.4667,Forest,13.73,Warm,1
4541,35.05,114.3,Forest,14.09,Warm,1
4542,45.6667,126.6167,Other,4.4,Temperate,1
4543,34.4667,111.1167,Forest,10.6,Warm,1
4544,34.4167,116.3333,Other,14.72,Warm,1
4545,32.9167,115.1,Cropland,15.32,Warm,1
4546,36.9,120.7,Forest,12.34,Warm,1
4547,26.75,111.8667,Forest,17.88,Warm,1
4548,36.5167,115.1,Other,13.25,Warm,1
4549,25.72,117.1,Forest,18.65,Warm,1
4550,30.5333,114.8667,Cropland,16.88,Warm,1
4551,30.7,111.2667,Other,17.18,Warm,1
4552,32.2,114.1,Forest,15.41,Warm,1
4553,45.8,84.7167,Other,5.93,Temperate,1
4554,47.73333333,133.5166667,Cropland,1.68,Temperate,1
4555,25.4667,114.4667,Cropland,19.32,Warm,1
4556,37.0333,75.5667,Forest,-3.03,Alpine,1
4557,39.75,98.5333,Grassland,7.0,Temperate,1
4558,48.81,87.0667,Forest,-2.3,Alpine,1
4559,29.9667,113.8833,Cropland,17.24,Warm,1
4560,27.26542,105.623954,Cropland,13.32,Warm,1
4561,26.898675,105.364184,Cropland,13.89,Warm,1
4562,26.924694,105.515906,Cropland,13.86,Warm,1
4563,26.969233,105.488579,Cropland,13.49,Warm,1
4564,27.062095,103.874134,Cropland,11.75,Warm,1
4565,27.183223,105.427755,Cropland,13.72,Warm,1
4566,27.053695,105.778408,Cropland,14.22,Warm,1
4567,26.567115,105.226874,Cropland,13.82,Warm,1
4568,27.273076,106.15786,Cropland,14.33,Warm,1
4569,27.285424,106.164739,Cropland,14.15,Warm,1
4570,26.889893,105.350921,Cropland,13.9,Warm,1
4571,27.208778,106.175216,Cropland,14.9,Warm,1
4572,26.540913,105.224781,Cropland,13.89,Warm,1
4573,27.062159,105.774199,Cropland,13.96,Warm,1
4574,27.260901,105.496122,Cropland,13.91,Warm,1
4575,26.915642,104.111206,Cropland,11.16,Warm,1
4576,27.274942,105.62988,Cropland,13.49,Warm,1
4577,27.091172,105.781955,Cropland,13.39,Warm,1
4578,26.539836,105.224719,Cropland,13.92,Warm,1
4579,26.549269,105.228037,Cropland,13.92,Warm,1
4580,26.553771,105.222531,Cropland,13.63,Warm,1
4581,26.936248,104.116867,Cropland,11.04,Warm,1
4582,27.067393,103.896188,Cropland,11.44,Warm,1
4583,27.039557,104.150391,Forest,10.75,Warm,1
4584,26.913782,104.113724,Cropland,11.16,Warm,1
4585,27.069952,103.934627,Cropland,11.56,Warm,1
4586,27.046865,103.840028,Cropland,12.05,Warm,1
4587,27.235233,104.18315,Cropland,11.54,Warm,1
4588,26.643611,104.290278,Cropland,12.67,Warm,1
4589,27.237779,104.200075,Cropland,11.67,Warm,1
4590,26.913099,103.945,Forest,11.63,Warm,1
4591,26.90951,104.116578,Cropland,11.16,Warm,1
4592,27.052507,104.039902,Forest,11.92,Warm,1
4593,27.129972,104.309558,Cropland,12.77,Warm,1
4594,27.05936,103.945762,Cropland,11.59,Warm,1
4595,26.8918,103.933998,Cropland,11.58,Warm,1
4596,26.919399,103.943001,Cropland,11.63,Warm,1
4597,27.020901,103.894997,Cropland,11.53,Warm,1
4598,27.07189,104.046926,Cropland,12.01,Warm,1
4599,27.066783,103.8536,Cropland,11.87,Warm,1
4600,27.034599,103.896004,Cropland,11.53,Warm,1
4601,27.05356,104.025633,Cropland,11.79,Warm,1
4602,27.060874,105.725129,Cropland,13.98,Warm,1
4603,27.081724,103.867991,Forest,11.66,Warm,1
4604,26.992645,103.863242,Cropland,11.59,Warm,1
4605,27.0331,104.040875,Cropland,11.59,Warm,1
4606,27.319023,104.269038,Forest,11.2,Warm,1
4607,26.878113,104.039107,Cropland,11.49,Warm,1
4608,27.034745,103.85312,Cropland,11.79,Warm,1
4609,27.301859,106.232564,Cropland,14.48,Warm,1
4610,26.89606,105.359957,Cropland,13.89,Warm,1
4611,27.286026,106.187595,Cropland,14.41,Warm,1
4612,27.050867,105.785093,Cropland,14.25,Warm,1
4613,27.318897,104.921971,Cropland,12.47,Warm,1
4614,26.549545,105.228164,Cropland,13.91,Warm,1
4615,26.906673,105.519577,Cropland,13.53,Warm,1
4616,26.556445,105.227966,Cropland,13.86,Warm,1
4617,27.178162,105.413371,Cropland,13.31,Warm,1
4618,27.180266,105.418945,Cropland,13.48,Warm,1
4619,27.29077,106.206989,Cropland,14.48,Warm,1
4620,27.053411,105.785983,Cropland,14.24,Warm,1
4621,26.768808,106.075011,Cropland,14.06,Warm,1
4622,27.198266,104.8879,Forest,12.94,Warm,1
4623,27.178555,104.7218,Cropland,12.57,Warm,1
4624,27.344291,106.650048,Forest,15.7,Warm,1
4625,27.23946,105.9913,Cropland,12.33,Warm,1
4626,26.933606,106.073062,Cropland,14.62,Warm,1
4627,27.443078,106.072901,Forest,12.86,Warm,1
4628,27.303185,105.0301,Cropland,11.48,Warm,1
4629,27.25293,106.0087,Forest,12.96,Warm,1
4630,27.326425,104.274627,Forest,11.07,Warm,1
4631,27.618344,106.078081,Cropland,14.02,Warm,1
4632,27.618304,106.080614,Cropland,14.02,Warm,1
4633,27.566417,105.893054,Forest,13.09,Warm,1
4634,27.3214,106.053,Forest,13.35,Warm,1
4635,26.548355,105.226843,Cropland,13.93,Warm,1
4636,27.2813,105.918,Forest,11.66,Warm,1
4637,27.620701,106.084542,Forest,14.13,Warm,1
4638,27.571057,106.064589,Cropland,14.32,Warm,1
4639,27.570667,106.067773,Cropland,14.32,Warm,1
4640,27.573765,106.068507,Cropland,14.32,Warm,1
4641,27.619528,106.083406,Cropland,14.13,Warm,1
4642,27.19923,105.691,Cropland,12.75,Warm,1
4643,27.472795,106.067795,Forest,13.6,Warm,1
4644,27.299072,106.23406,Cropland,14.39,Warm,1
4645,27.051498,105.775543,Cropland,14.19,Warm,1
4646,27.321345,104.927522,Cropland,13.08,Warm,1
4647,27.178653,105.412739,Cropland,13.31,Warm,1
4648,27.028567,105.763586,Cropland,14.47,Warm,1
4649,27.181892,105.420995,Cropland,13.48,Warm,1
4650,26.894323,105.354811,Cropland,13.63,Warm,1
4651,27.287279,106.180594,Cropland,14.43,Warm,1
4652,26.548703,105.226621,Cropland,13.93,Warm,1
4653,26.575693,105.223923,Cropland,13.98,Warm,1
4654,27.178525,105.424023,Cropland,13.55,Warm,1
4655,26.912277,105.367115,Cropland,13.95,Warm,1
4656,26.980526,105.702668,Cropland,14.33,Warm,1
4657,26.55556,105.231452,Cropland,13.85,Warm,1
4658,26.907601,105.519635,Cropland,13.49,Warm,1
4659,27.027672,105.77469,Cropland,14.56,Warm,1
4660,27.020502,105.722289,Cropland,14.1,Warm,1
4661,26.923897,105.51569,Cropland,13.82,Warm,1
4662,27.303944,106.230391,Cropland,14.45,Warm,1
4663,26.986791,105.713276,Cropland,14.26,Warm,1
4664,27.328201,104.268435,Cropland,11.07,Warm,1
4665,27.069497,104.041858,Cropland,12.23,Warm,1
4666,27.231297,104.233266,Cropland,12.06,Warm,1
4667,27.085153,103.874705,Cropland,11.53,Warm,1
4668,27.216772,104.181821,Cropland,11.12,Warm,1
4669,27.062215,103.877015,Cropland,11.67,Warm,1
4670,26.98596,105.713786,Cropland,14.26,Warm,1
4671,26.84906,105.2263,Cropland,13.08,Warm,1
4672,27.34764,105.802311,Cropland,12.85,Warm,1
4673,27.302242,106.199743,Cropland,14.52,Warm,1
4674,27.315171,104.927773,Cropland,13.45,Warm,1
4675,26.9559,103.936997,Cropland,11.06,Warm,1
4676,27.056536,105.777615,Cropland,14.21,Warm,1
4677,27.09096,103.877587,Cropland,11.51,Warm,1
4678,27.20549,105.6518,Cropland,12.72,Warm,1
4679,27.050115,103.850755,Cropland,11.88,Warm,1
4680,27.024695,103.993307,Cropland,12.09,Warm,1
4681,27.034252,103.998042,Cropland,12.45,Warm,1
4682,27.087998,105.780097,Cropland,13.53,Warm,1
4683,26.95479,105.47963,Cropland,13.72,Warm,1
4684,26.938906,105.480666,Cropland,13.65,Warm,1
4685,26.90529,105.37216,Cropland,13.73,Warm,1
4686,26.962069,105.486983,Cropland,13.83,Warm,1
4687,27.293337,106.230086,Cropland,14.59,Warm,1
4688,26.9863,105.653,Cropland,14.08,Warm,1
4689,26.895556,105.359417,Cropland,13.89,Warm,1
4690,27.213139,106.172922,Cropland,14.93,Warm,1
4691,27.028318,105.776036,Cropland,14.52,Warm,1
4692,27.041683,105.781077,Cropland,14.33,Warm,1
4693,27.291743,106.229897,Cropland,14.59,Warm,1
4694,27.305347,106.227917,Cropland,14.45,Warm,1
4695,27.212834,106.175548,Cropland,14.88,Warm,1
4696,27.255169,105.497229,Cropland,13.91,Warm,1
4697,27.047262,105.745686,Cropland,13.82,Warm,1
4698,26.91608,105.4879,Cropland,14.34,Warm,1
4699,26.89418,105.4194,Cropland,14.16,Warm,1
4700,27.417506,106.243415,Cropland,14.93,Warm,1
4701,27.33812,105.806206,Cropland,12.82,Warm,1
4702,27.278673,104.931367,Cropland,12.49,Warm,1
4703,27.31643,104.924829,Cropland,12.93,Warm,1
4704,27.300004,106.203162,Cropland,14.55,Warm,1
4705,27.285412,104.936983,Cropland,12.4,Warm,1
4706,27.12554,106.0085,Cropland,14.17,Warm,1
4707,27.091338,105.776191,Cropland,13.38,Warm,1
4708,26.987,106.278056,Cropland,14.63,Warm,1
4709,27.0604,105.7225,Cropland,14.01,Warm,1
4710,26.92045,105.5825,Cropland,13.94,Warm,1
4711,27.0095,105.616,Cropland,14.06,Warm,1
4712,27.0298,105.636,Cropland,13.88,Warm,1
4713,27.215783,105.1488,Cropland,12.28,Warm,1
4714,27.0319,105.629,Cropland,13.98,Warm,1
4715,27.063036,105.726547,Cropland,13.95,Warm,1
4716,27.036281,105.743004,Cropland,14.02,Warm,1
4717,26.539874,105.225196,Cropland,13.9,Warm,1
4718,26.894167,105.927222,Cropland,14.0,Warm,1
4719,26.8488,105.1936,Cropland,12.99,Warm,1
4720,27.188113,105.3417,Cropland,13.09,Warm,1
4721,26.93182,105.1124,Cropland,13.07,Warm,1
4722,26.88411,105.5981,Cropland,13.72,Warm,1
4723,27.096933,105.839534,Cropland,13.78,Warm,1
4724,26.999,105.618,Cropland,14.04,Warm,1
4725,27.004265,105.922236,Cropland,14.5,Warm,1
4726,26.848,105.4998,Cropland,13.89,Warm,1
4727,26.89612,105.4278,Cropland,14.02,Warm,1
4728,26.87928,105.0306,Cropland,12.26,Warm,1
4729,27.15081,105.7043,Cropland,13.28,Warm,1
4730,26.9883,106.293611,Cropland,14.54,Warm,1
4731,26.87187,105.5905,Cropland,13.89,Warm,1
4732,27.2921,106.0,Cropland,12.84,Warm,1
4733,26.551914,105.224296,Cropland,13.68,Warm,1
4734,27.18886,105.6501,Cropland,12.76,Warm,1
4735,27.05485,105.83009,Cropland,14.18,Warm,1
4736,27.286208,106.186275,Cropland,14.41,Warm,1
4737,27.285429,106.182525,Cropland,14.41,Warm,1
4738,27.260815,105.495272,Cropland,13.91,Warm,1
4739,27.092698,105.782275,Cropland,13.32,Warm,1
4740,27.25584,105.4972,Cropland,13.91,Warm,1
4741,26.93475,105.5782,Cropland,14.14,Warm,1
4742,26.95872,105.4368,Cropland,13.37,Warm,1
4743,26.93959,105.5444,Cropland,13.87,Warm,1
4744,27.05859,105.725,Cropland,14.0,Warm,1
4745,27.047986,105.85218,Cropland,13.99,Warm,1
4746,26.84102,105.5645,Cropland,14.23,Warm,1
4747,27.014515,105.857,Cropland,14.2,Warm,1
4748,26.92004,105.593,Cropland,13.97,Warm,1
4749,26.97124,105.502,Cropland,13.49,Warm,1
4750,26.8478,105.2107,Cropland,12.97,Warm,1
4751,27.268539,105.638424,Cropland,13.31,Warm,1
4752,26.559925,105.226808,Cropland,13.67,Warm,1
4753,27.298884,106.179859,Cropland,14.38,Warm,1
4754,27.205558,104.189889,Cropland,11.01,Warm,1
4755,26.932501,103.934998,Cropland,11.44,Warm,1
4756,27.088052,103.869922,Cropland,11.54,Warm,1
4757,27.009563,103.869112,Cropland,11.47,Warm,1
4758,27.073749,103.879668,Cropland,11.7,Warm,1
4759,27.041892,104.000882,Cropland,12.37,Warm,1
4760,27.133906,104.30807,Cropland,12.66,Warm,1
4761,27.038813,104.022358,Forest,12.49,Warm,1
4762,26.948653,104.150559,Cropland,11.08,Warm,1
4763,27.076705,103.876715,Cropland,11.58,Warm,1
4764,26.870751,104.022145,Cropland,11.67,Warm,1
4765,27.091088,103.881148,Cropland,11.51,Warm,1
4766,27.072414,104.034491,Cropland,12.29,Warm,1
4767,27.232442,104.238176,Cropland,12.03,Warm,1
4768,27.049801,103.885002,Cropland,11.57,Warm,1
4769,27.070913,103.875253,Cropland,11.72,Warm,1
4770,27.0273,103.885002,Cropland,11.62,Warm,1
4771,27.226631,104.18849,Cropland,11.48,Warm,1
4772,26.946505,104.161622,Cropland,11.17,Warm,1
4773,27.073143,103.887062,Cropland,11.64,Warm,1
4774,27.027032,103.828635,Cropland,12.09,Warm,1
4775,27.061953,104.0367,Cropland,12.11,Warm,1
4776,27.067118,103.88193,Cropland,11.71,Warm,1
4777,26.908199,103.936997,Cropland,11.56,Warm,1
4778,26.987073,103.866645,Cropland,11.22,Warm,1
4779,26.905399,103.945,Cropland,11.64,Warm,1
4780,27.135977,104.309244,Cropland,12.74,Warm,1
4781,27.22377,104.198988,Cropland,11.3,Warm,1
4782,26.945501,104.159956,Cropland,11.17,Warm,1
4783,27.204087,104.195388,Cropland,11.24,Warm,1
4784,27.126904,106.194878,Cropland,15.11,Warm,1
4785,26.9067,103.953003,Cropland,11.68,Warm,1
4786,27.030399,103.890999,Cropland,11.57,Warm,1
4787,26.6425,104.286667,Cropland,12.9,Warm,1
4788,26.814899,103.991997,Forest,11.33,Warm,1
4789,26.643611,104.290556,Cropland,12.67,Warm,1
4790,27.27666,106.161099,Cropland,14.24,Warm,1
4791,27.265641,105.625383,Cropland,13.31,Warm,1
4792,27.20931,106.169018,Cropland,14.93,Warm,1
4793,27.216239,106.175728,Cropland,14.87,Warm,1
4794,27.33899,105.799716,Cropland,12.8,Warm,1
4795,27.295127,104.944187,Forest,12.41,Warm,1
4796,27.416832,106.243454,Cropland,14.87,Warm,1
4797,27.286189,106.167541,Cropland,14.27,Warm,1
4798,27.293191,106.239399,Cropland,14.32,Warm,1
4799,27.339661,105.798794,Forest,12.78,Warm,1
4800,27.095394,105.776423,Cropland,13.32,Warm,1
4801,27.316753,104.928125,Cropland,13.08,Warm,1
4802,26.889943,105.351312,Cropland,13.91,Warm,1
4803,26.983183,105.705272,Forest,14.36,Warm,1
4804,27.289909,104.914942,Cropland,13.95,Warm,1
4805,27.052228,103.943308,Cropland,11.39,Warm,1
4806,27.011801,103.898003,Cropland,11.36,Warm,1
4807,27.281179,106.162068,Cropland,14.21,Warm,1
4808,27.091025,103.862577,Cropland,11.61,Warm,1
4809,27.012887,103.822538,Cropland,12.01,Warm,1
4810,27.225441,104.184061,Cropland,11.36,Warm,1
4811,27.041339,104.012932,Cropland,12.2,Warm,1
4812,27.236067,104.244265,Cropland,11.96,Warm,1
4813,26.861099,104.001999,Cropland,11.94,Warm,1
4814,27.074201,103.868875,Cropland,11.69,Warm,1
4815,27.059433,103.850337,Cropland,11.91,Warm,1
4816,26.840959,104.125181,Cropland,10.67,Warm,1
4817,27.063192,105.726308,Cropland,13.95,Warm,1
4818,27.41739,106.244686,Cropland,14.93,Warm,1
4819,27.416011,106.243721,Cropland,14.79,Warm,1
4820,27.291932,104.941486,Forest,12.93,Warm,1
4821,27.297499,106.204501,Cropland,14.55,Warm,1
4822,27.098805,105.776124,Cropland,13.32,Warm,1
4823,27.03746,103.824195,Forest,12.04,Warm,1
4824,26.90952,105.0711,Cropland,11.98,Warm,1
4825,27.259251,103.831524,Cropland,12.26,Warm,1
4826,27.19621,105.6832,Forest,12.84,Warm,1
4827,27.22883,105.6194,Cropland,12.68,Warm,1
4828,26.599142,103.796223,Cropland,12.57,Warm,1
4829,26.548948,104.027723,Forest,12.43,Warm,1
4830,26.741944,104.396816,Cropland,13.51,Warm,1
4831,27.092559,103.693739,Cropland,14.3,Warm,1
4832,27.134958,103.752338,Cropland,14.06,Warm,1
4833,27.112022,103.859451,Cropland,11.34,Warm,1
4834,26.756389,103.995,Forest,11.78,Warm,1
4835,27.176732,104.5223,Forest,11.28,Warm,1
4836,27.197713,104.273216,Forest,11.77,Warm,1
4837,27.200068,104.239163,Cropland,11.88,Warm,1
4838,27.191899,104.477637,Cropland,11.79,Warm,1
4839,27.211704,104.20169,Forest,11.53,Warm,1
4840,27.057507,104.056595,Forest,11.48,Warm,1
4841,27.251597,104.170229,Cropland,12.34,Warm,1
4842,27.213616,104.250802,Cropland,11.96,Warm,1
4843,27.214577,104.196337,Cropland,11.3,Warm,1
4844,27.174137,104.502474,Forest,11.34,Warm,1
4845,27.242716,104.192761,Forest,12.14,Warm,1
4846,27.167107,104.320082,Forest,12.59,Warm,1
4847,27.166686,104.515275,Cropland,11.07,Warm,1
4848,27.04839,105.2707,Cropland,13.21,Warm,1
4849,27.369042,106.314998,Cropland,14.9,Warm,1
4850,27.272235,106.259465,Cropland,14.72,Warm,1
4851,27.411529,106.697851,Forest,15.69,Warm,1
4852,26.981667,106.2875,Cropland,14.54,Warm,1
4853,27.12337,106.233695,Forest,15.04,Warm,1
4854,26.985278,106.301944,Cropland,14.56,Warm,1
4855,26.55535,105.2524,Cropland,13.83,Warm,1
4856,26.8216,103.987999,Forest,11.99,Warm,1
4857,26.917299,103.961998,Cropland,11.6,Warm,1
4858,27.390554,103.992548,Forest,11.82,Warm,1
4859,27.264052,104.091049,Forest,11.0,Warm,1
4860,26.8992,103.941002,Cropland,11.63,Warm,1
4861,26.9163,103.964996,Cropland,11.56,Warm,1
4862,26.905001,103.933998,Cropland,11.54,Warm,1
4863,27.049845,103.750764,Forest,12.56,Warm,1
4864,27.103132,103.878725,Forest,11.06,Warm,1
4865,27.3678,105.6359,Cropland,13.24,Warm,1
4866,27.089607,103.753799,Cropland,12.27,Warm,1
4867,26.731339,106.016252,Cropland,13.99,Warm,1
4868,27.06568,105.7286,Cropland,13.94,Warm,1
4869,27.336714,106.583031,Cropland,15.68,Warm,1
4870,27.588283,105.3712,Forest,13.64,Warm,1
4871,27.232,105.9674,Cropland,12.35,Warm,1
4872,26.738038,106.09068,Cropland,14.19,Warm,1
4873,27.331668,104.001732,Cropland,12.19,Warm,1
4874,26.590014,104.608309,Cropland,13.14,Warm,1
4875,26.550293,103.8287,Forest,13.31,Warm,1
4876,27.312494,104.108661,Cropland,12.41,Warm,1
4877,27.052437,104.4656,Cropland,11.72,Warm,1
4878,27.346764,104.046707,Cropland,11.94,Warm,1
4879,27.129424,104.4303,Forest,11.8,Warm,1
4880,27.393098,103.980532,Forest,11.93,Warm,1
4881,27.318724,104.028811,Cropland,12.83,Warm,1
4882,27.390521,103.974856,Cropland,11.74,Warm,1
4883,27.407557,103.97123,Forest,12.13,Warm,1
4884,27.152567,104.3522,Cropland,11.3,Warm,1
4885,26.602742,104.08108,Forest,12.62,Warm,1
4886,27.360962,103.994801,Cropland,13.34,Warm,1
4887,26.692447,103.868104,Cropland,12.6,Warm,1
4888,26.652226,103.877985,Cropland,11.78,Warm,1
4889,27.280932,104.145273,Cropland,12.78,Warm,1
4890,26.585017,104.062719,Forest,12.73,Warm,1
4891,26.9422,103.943001,Cropland,11.23,Warm,1
4892,26.86994,105.5329,Cropland,13.79,Warm,1
4893,27.143029,104.306322,Cropland,12.56,Warm,1
4894,27.116614,103.834027,Cropland,11.79,Warm,1
4895,27.230844,103.824708,Cropland,12.91,Warm,1
4896,27.140843,103.782914,Cropland,12.94,Warm,1
4897,27.150841,103.743821,Cropland,12.9,Warm,1
4898,27.063502,103.688232,Cropland,14.96,Warm,1
4899,27.204787,103.836921,Cropland,12.34,Warm,1
4900,27.199744,103.824543,Cropland,12.88,Warm,1
4901,27.152092,103.726659,Cropland,13.31,Warm,1
4902,27.238481,103.8233,Cropland,13.05,Warm,1
4903,27.064434,103.763156,Cropland,11.95,Warm,1
4904,26.990805,103.830224,Forest,11.73,Warm,1
4905,27.185479,104.005659,Forest,11.68,Warm,1
4906,27.269884,103.881918,Cropland,11.2,Warm,1
4907,27.12681,103.811168,Cropland,12.15,Warm,1
4908,27.114205,103.820085,Cropland,11.94,Warm,1
4909,27.251802,103.855546,Forest,11.19,Warm,1
4910,26.872868,104.446538,Cropland,11.3,Warm,1
4911,27.23367,104.202125,Cropland,11.61,Warm,1
4912,27.083525,103.814846,Cropland,11.89,Warm,1
4913,27.240992,104.173228,Forest,11.55,Warm,1
4914,26.8704,104.010002,Cropland,11.81,Warm,1
4915,27.224502,104.177899,Cropland,11.27,Warm,1
4916,27.098991,103.860644,Cropland,11.5,Warm,1
4917,27.138945,103.807148,Cropland,12.12,Warm,1
4918,27.226751,103.793838,Cropland,13.36,Warm,1
4919,27.256799,103.829073,Cropland,12.56,Warm,1
4920,26.648935,104.632531,Cropland,12.21,Warm,1
4921,27.17096,104.506108,Cropland,11.34,Warm,1
4922,27.044757,104.150942,Cropland,10.68,Warm,1
4923,27.078503,103.825724,Cropland,11.93,Warm,1
4924,27.321488,104.001732,Cropland,11.98,Warm,1
4925,27.242707,104.4017,Cropland,12.24,Warm,1
4926,27.134915,103.816843,Cropland,12.15,Warm,1
4927,27.323264,104.272361,Forest,11.2,Warm,1
4928,27.091911,103.846384,Cropland,11.75,Warm,1
4929,27.130403,103.849198,Forest,11.29,Warm,1
4930,27.113415,103.704525,Cropland,13.35,Warm,1
4931,27.258702,104.209034,Cropland,12.64,Warm,1
4932,27.059365,104.061911,Cropland,11.33,Warm,1
4933,26.758889,103.993333,Cropland,11.63,Warm,1
4934,27.196564,104.240933,Cropland,11.9,Warm,1
4935,27.200813,104.297397,Cropland,11.88,Warm,1
4936,26.8391,103.990997,Forest,11.93,Warm,1
4937,27.21657,104.281206,Cropland,11.87,Warm,1
4938,27.005795,103.831903,Cropland,11.81,Warm,1
4939,27.20401,104.284602,Forest,11.63,Warm,1
4940,27.223674,103.821097,Cropland,12.98,Warm,1
4941,27.147546,104.313613,Cropland,12.83,Warm,1
4942,27.080525,103.666541,Cropland,14.01,Warm,1
4943,27.117441,103.827007,Cropland,11.89,Warm,1
4944,27.104757,103.817027,Cropland,11.93,Warm,1
4945,27.184763,103.999447,Cropland,11.85,Warm,1
4946,27.138194,103.745457,Cropland,13.48,Warm,1
4947,26.849961,104.186648,Cropland,11.21,Warm,1
4948,27.095226,103.821725,Cropland,11.94,Warm,1
4949,27.311231,104.011259,Cropland,11.81,Warm,1
4950,27.277098,104.4214,Cropland,11.41,Warm,1
4951,26.985038,103.847489,Forest,11.52,Warm,1
4952,27.189614,103.829784,Cropland,12.46,Warm,1
4953,26.712169,104.515655,Cropland,11.36,Warm,1
4954,26.849228,104.184847,Cropland,11.19,Warm,1
4955,27.111139,103.744793,Cropland,13.53,Warm,1
4956,27.31003,104.121112,Cropland,12.96,Warm,1
4957,27.12131,103.792492,Cropland,12.05,Warm,1
4958,26.839441,104.155157,Cropland,11.2,Warm,1
4959,26.63931,104.087751,Forest,12.71,Warm,1
4960,26.94914,105.134,Cropland,13.52,Warm,1
4961,26.859723,104.024898,Cropland,11.65,Warm,1
4962,27.184521,104.501396,Cropland,11.81,Warm,1
4963,27.232648,104.175039,Cropland,11.42,Warm,1
4964,27.269649,104.194906,Cropland,11.57,Warm,1
4965,27.275532,104.199564,Cropland,11.05,Warm,1
4966,26.822599,103.982002,Cropland,12.21,Warm,1
4967,27.198785,104.469494,Cropland,12.03,Warm,1
4968,27.209276,104.195717,Forest,11.3,Warm,1
4969,26.56962,105.2576,Cropland,13.76,Warm,1
4970,27.486345,105.4032,Forest,12.74,Warm,1
4971,26.83073,105.3471,Cropland,14.42,Warm,1
4972,26.857844,106.098436,Cropland,14.29,Warm,1
4973,27.367708,106.45812,Cropland,15.29,Warm,1
4974,26.9268,103.936997,Cropland,11.44,Warm,1
4975,27.078565,103.858663,Cropland,11.67,Warm,1
4976,27.069243,103.909872,Cropland,11.28,Warm,1
4977,26.875433,104.021137,Cropland,11.62,Warm,1
4978,27.072067,103.886348,Cropland,11.64,Warm,1
4979,26.911215,104.115366,Cropland,11.16,Warm,1
4980,27.227401,104.20428,Cropland,11.57,Warm,1
4981,27.049973,103.822855,Cropland,11.67,Warm,1
4982,27.020701,103.891998,Cropland,11.5,Warm,1
4983,27.072296,104.060768,Cropland,11.43,Warm,1
4984,27.004047,103.86568,Cropland,11.64,Warm,1
4985,27.03181,104.011534,Cropland,11.95,Warm,1
4986,26.9175,103.948998,Cropland,11.63,Warm,1
4987,27.051323,104.019367,Cropland,11.82,Warm,1
4988,27.040899,103.891998,Cropland,11.51,Warm,1
4989,27.0541,105.695,Cropland,14.04,Warm,1
4990,27.688962,105.3998,Forest,12.94,Warm,1
4991,27.037701,103.889999,Cropland,11.62,Warm,1
4992,27.052733,103.879852,Cropland,11.59,Warm,1
4993,26.9555,103.941002,Cropland,11.06,Warm,1
4994,26.690542,104.53025,Cropland,11.46,Warm,1
4995,26.9245,106.021736,Cropland,14.43,Warm,1
4996,27.372739,106.457798,Cropland,15.29,Warm,1
4997,27.1014,103.70702,Cropland,13.9,Warm,1
4998,27.116233,103.713601,Cropland,13.82,Warm,1
4999,27.243756,103.808935,Cropland,12.95,Warm,1
5000,26.707904,104.536988,Cropland,11.14,Warm,1
5001,27.195843,104.4178,Cropland,11.4,Warm,1
5002,27.03906,104.4755,Cropland,11.39,Warm,1
5003,27.037913,104.4553,Cropland,11.34,Warm,1
5004,26.704199,104.527824,Cropland,11.61,Warm,1
5005,27.281527,104.097503,Forest,11.37,Warm,1
5006,26.688537,104.14129,Forest,12.01,Warm,1
5007,27.295815,103.972646,Cropland,11.43,Warm,1
5008,26.51609,104.052635,Cropland,13.84,Warm,1
5009,26.696545,104.525149,Cropland,11.78,Warm,1
5010,26.683614,104.198992,Cropland,12.41,Warm,1
5011,27.157913,104.3478,Cropland,11.55,Warm,1
5012,27.1935,104.4229,Cropland,11.39,Warm,1
5013,27.205595,104.4128,Cropland,11.77,Warm,1
5014,26.725419,104.145517,Cropland,11.22,Warm,1
5015,27.220746,104.4029,Cropland,12.12,Warm,1
5016,27.26111,104.060483,Cropland,11.16,Warm,1
5017,26.608669,103.795757,Cropland,12.66,Warm,1
5018,27.32349,105.2072,Cropland,12.47,Warm,1
5019,27.186605,104.4322,Cropland,11.53,Warm,1
5020,26.9083,103.940002,Cropland,11.58,Warm,1
5021,27.039125,104.140645,Cropland,10.91,Warm,1
5022,26.87724,104.024293,Cropland,11.42,Warm,1
5023,26.940901,103.934998,Cropland,11.34,Warm,1
5024,26.90307,105.6072,Cropland,13.67,Warm,1
5025,26.703656,104.3904,Cropland,14.34,Warm,1
5026,26.898199,103.946999,Cropland,11.63,Warm,1
5027,27.494292,106.584436,Cropland,15.02,Warm,1
5028,27.007,105.612,Cropland,13.98,Warm,1
5029,26.94184,105.5073,Forest,13.74,Warm,1
5030,27.25087,104.194343,Cropland,12.96,Warm,1
5031,27.206717,104.47065,Forest,11.61,Warm,1
5032,27.19629,104.476248,Cropland,11.76,Warm,1
5033,27.270834,104.184953,Cropland,11.72,Warm,1
5034,26.943253,104.133106,Forest,11.05,Warm,1
5035,27.341522,104.9974,Cropland,12.32,Warm,1
5036,27.03204,105.1249,Cropland,13.79,Warm,1
5037,27.241276,104.7344,Forest,12.49,Warm,1
5038,27.18204,104.7059,Cropland,11.94,Warm,1
5039,27.269374,104.187033,Cropland,11.72,Warm,1
5040,27.091492,103.811062,Cropland,11.94,Warm,1
5041,27.287435,104.019885,Cropland,11.55,Warm,1
5042,27.044757,103.765347,Cropland,12.68,Warm,1
5043,26.677655,104.175652,Cropland,11.67,Warm,1
5044,27.117398,103.84785,Cropland,11.59,Warm,1
5045,27.166527,103.731653,Cropland,12.47,Warm,1
5046,26.9182,103.953003,Cropland,11.63,Warm,1
5047,27.061595,103.884645,Cropland,11.53,Warm,1
5048,26.765278,103.978889,Cropland,11.82,Warm,1
5049,27.23584,104.192535,Cropland,11.63,Warm,1
5050,26.818899,103.988998,Forest,11.99,Warm,1
5051,26.9146,103.955002,Cropland,11.7,Warm,1
5052,27.049754,104.012342,Cropland,12.57,Warm,1
5053,27.054045,103.860468,Cropland,11.78,Warm,1
5054,27.24967,106.0523,Cropland,13.82,Warm,1
5055,27.317,106.01,Forest,12.93,Warm,1
5056,27.05841,105.1813,Cropland,13.99,Warm,1
5057,27.223272,104.203566,Cropland,11.57,Warm,1
5058,27.201046,104.473599,Cropland,11.63,Warm,1
5059,27.043872,103.814775,Cropland,11.96,Warm,1
5060,27.625102,105.3544,Cropland,13.65,Warm,1
5061,26.94801,105.926528,Cropland,14.36,Warm,1
5062,26.83129,105.972598,Cropland,13.57,Warm,1
5063,26.725944,106.033209,Cropland,13.97,Warm,1
5064,27.079871,106.001646,Cropland,14.4,Warm,1
5065,27.2438,104.167566,Cropland,11.58,Warm,1
5066,27.332201,106.317696,Cropland,14.33,Warm,1
5067,27.05672,103.980745,Forest,12.07,Warm,1
5068,26.9198,103.934998,Cropland,11.52,Warm,1
5069,26.85742,105.5199,Cropland,13.88,Warm,1
5070,27.510707,105.3193,Cropland,13.32,Warm,1
5071,27.250838,104.177202,Cropland,12.69,Warm,1
5072,27.088339,106.001147,Forest,14.35,Warm,1
5073,27.221322,104.202043,Cropland,11.56,Warm,1
5074,27.23127,104.167123,Cropland,11.28,Warm,1
5075,27.245399,104.208514,Forest,11.86,Warm,1
5076,27.274123,104.7382,Cropland,12.18,Warm,1
5077,27.26413,105.6666,Cropland,12.36,Warm,1
5078,34.07688,107.69115,Forest,9.14,Temperate,2
5079,18.75556,108.97222,Forest,23.0,Tropical,2
5080,50.9443,121.49238,Forest,-4.72,Alpine,2
5081,29.78417,110.09028,Forest,11.37,Warm,2
5082,23.17037,112.54048,Forest,20.85,Tropical,2
5083,39.9778,115.42695,Forest,6.05,Temperate,2
5084,33.361708,88.495603,Forest,-4.0,Alpine,2
5085,33.316872,88.427156,Forest,-3.1,Alpine,2
5086,33.223575,88.304122,Forest,-3.01,Alpine,2
5087,33.243756,88.747033,Forest,-5.47,Alpine,2
5088,33.070592,88.674453,Forest,-2.86,Alpine,2
5089,32.615067,88.939117,Forest,-2.07,Alpine,2
5090,32.984542,88.356139,Forest,-2.55,Alpine,2
5091,33.301803,88.585244,Forest,-4.35,Alpine,2
5092,33.018567,88.688981,Other,-2.23,Alpine,2
5093,29.517356,94.426492,Forest,9.26,Temperate,2
5094,29.094158,93.410417,Grassland,7.52,Temperate,2
5095,29.167311,93.523889,Forest,7.13,Temperate,2
5096,29.116306,93.831878,Forest,7.8,Temperate,2
5097,29.184897,94.002831,Forest,8.58,Temperate,2
5098,29.271228,94.312583,Forest,8.18,Temperate,2
5099,29.365689,94.409286,Other,9.4,Temperate,2
5100,29.076497,92.913825,Forest,7.69,Temperate,2
5101,29.113817,93.114533,Grassland,7.86,Temperate,2
5102,29.041539,93.160278,Forest,9.01,Temperate,2
5103,29.017717,93.219697,Forest,8.91,Temperate,2
5104,33.357486,88.550994,Forest,-4.56,Alpine,2
5105,33.254589,88.675658,Forest,-5.97,Alpine,2
5106,29.090589,92.749794,Forest,7.79,Temperate,2
5107,29.127597,92.655633,Forest,8.35,Temperate,2
5108,29.166628,92.561828,Forest,5.58,Temperate,2
5109,29.135208,92.532281,Forest,8.03,Temperate,2
5110,29.031917,92.351444,Forest,-0.79,Alpine,2
5111,29.225914,92.211617,Forest,3.24,Temperate,2
5112,29.238522,91.994103,Forest,6.72,Temperate,2
5113,36.74,109.28,Forest,9.31,Temperate,2
5114,36.76,109.27,Forest,9.51,Temperate,1
5115,33.22709167,102.6142389,Forest,2.43,Temperate,5
5116,33.22717778,102.6141972,Forest,2.43,Temperate,5
5117,33.22706667,102.6143583,Forest,2.43,Temperate,5
5118,36.76,109.28,Forest,9.66,Temperate,1
5119,33.226975,102.6141306,Forest,2.43,Temperate,2
5120,33.226925,102.6142944,Forest,2.43,Temperate,5
5121,33.22705278,102.6142361,Forest,2.43,Temperate,5
5122,33.22711667,102.6141583,Forest,2.43,Temperate,5
5123,36.86,109.35,Grassland,9.27,Temperate,1
5124,36.73,109.28,Forest,9.39,Temperate,1
5125,44.36417,116.3628,Forest,1.5,Temperate,1
5126,44.3625,116.3622,Forest,1.5,Temperate,1
5127,44.50039,117.6266,Forest,1.49,Temperate,1
5128,44.50159,117.6277,Forest,1.45,Temperate,1
5129,44.49571,117.6319,Forest,1.59,Temperate,1
5130,44.36389,116.3625,Forest,1.5,Temperate,1
5131,49.4264,120.2158,Forest,-2.15,Alpine,1
5132,44.35694,116.3669,Forest,1.38,Temperate,1
5133,49.42624,120.216,Forest,-2.16,Alpine,1
5134,44.35806,116.3658,Forest,1.43,Temperate,1
5135,49.42701,120.2182,Forest,-2.2,Alpine,1
5136,43.44472,116.1827,Forest,0.31,Temperate,1
5137,43.44496,116.184,Forest,0.32,Temperate,1
5138,43.44488,116.1837,Forest,0.32,Temperate,1
5139,43.44524,116.1827,Forest,0.31,Temperate,1
5140,43.44468,116.1827,Forest,0.31,Temperate,1
5141,44.505,117.6221,Forest,1.43,Temperate,1
5142,50.37833,119.3845,Forest,-2.39,Alpine,1
5143,50.40458,119.3752,Forest,-2.32,Alpine,1
5144,50.38701,119.386,Forest,-2.29,Alpine,1
5145,50.38524,119.3865,Forest,-2.29,Alpine,1
5146,49.42731,120.2167,Forest,-2.17,Alpine,1
5147,50.38423,119.3888,Forest,-2.3,Alpine,1
5148,49.51269,118.8707,Forest,-1.58,Alpine,1
5149,49.51357,118.8842,Forest,-1.66,Alpine,1
5150,49.50902,118.8766,Forest,-1.63,Alpine,1
5151,49.5109,118.8757,Forest,-1.64,Alpine,1
5152,49.43161,120.2043,Forest,-2.09,Alpine,1
5153,49.42975,120.2075,Forest,-2.12,Alpine,1
5154,49.43032,120.2064,Forest,-2.1,Alpine,2
5155,49.42995,120.2077,Forest,-2.12,Alpine,1
5156,49.42798,120.2192,Forest,-2.21,Alpine,1
5157,49.51476,118.8834,Forest,-1.66,Alpine,1
5158,44.49651,117.6315,Forest,1.59,Temperate,1
5159,43.06666667,124.3166667,Cropland,6.72,Temperate,1
5160,46.08333333,127.0333333,Cropland,3.62,Temperate,1
5161,47.2,127.1,Cropland,2.51,Temperate,1
5162,46.68333333,126.9666667,Cropland,3.23,Temperate,1
5163,46.38333333,127.1666667,Forest,3.22,Temperate,1
5164,48.13333333,126.7166667,Cropland,1.04,Temperate,1
5165,48.15,126.2166667,Grassland,1.61,Temperate,1
5166,48.36666667,124.9,Cropland,1.66,Temperate,1
5167,48.66666667,124.9833333,Cropland,1.29,Temperate,1
5168,48.86666667,126.1166667,Forest,0.12,Temperate,1
5169,48.85,126.1,Cropland,0.2,Temperate,1
5170,49.13333333,125.6,Cropland,0.07,Temperate,1
5171,47.41666667,126.7666667,Cropland,2.27,Temperate,1
5172,45.55,126.4666667,Forest,4.09,Temperate,1
5173,45.38333333,126.4,Cropland,4.15,Temperate,1
5174,44.88333333,126.2166667,Cropland,4.34,Temperate,1
5175,47.58333333,126.1166667,Cropland,2.14,Temperate,1
5176,44.2,125.55,Cropland,4.72,Temperate,1
5177,43.98333333,125.4,Other,5.16,Temperate,1
5178,43.43333333,124.7,Forest,5.26,Temperate,1
5179,43.31666667,124.4666667,Cropland,6.02,Temperate,1
5180,42.83333333,124.1,Cropland,6.91,Temperate,1
5181,43.31666667,124.45,Grassland,6.07,Temperate,1
5182,44.5,125.7333333,Cropland,4.94,Temperate,1
5183,29.64381056,91.35254976,Forest,5.88,Temperate,2
5184,29.87148389,91.75931946,Forest,5.01,Temperate,2
5185,29.83763839,91.78811568,Forest,3.63,Temperate,3
5186,29.68818466,91.30834993,Forest,6.39,Temperate,1
5187,29.70319144,91.51414517,Forest,3.38,Temperate,1
5188,29.72552213,90.73833325,Forest,4.82,Temperate,1
5189,29.73465253,90.70197833,Forest,3.49,Temperate,1
5190,29.71042663,91.50324744,Forest,4.02,Temperate,2
5191,29.73630353,90.69495195,Forest,3.72,Temperate,1
5192,29.7404454,90.76281995,Forest,5.03,Temperate,1
5193,29.7539087,91.4180404,Forest,6.33,Temperate,1
5194,30.042041,92.11222442,Forest,1.24,Temperate,1
5195,29.67155275,91.35169242,Forest,6.65,Temperate,1
5196,30.02128813,91.14705981,Forest,4.78,Temperate,1
5197,30.02874167,90.78814221,Forest,2.82,Temperate,1
5198,30.07924592,91.5712916,Forest,3.72,Temperate,1
5199,30.10163189,92.22335653,Forest,0.94,Temperate,1
5200,30.22786272,91.37670562,Forest,2.17,Temperate,1
5201,30.29784975,91.52007715,Forest,2.43,Temperate,1
5202,30.32556639,91.64569673,Forest,1.2,Temperate,1
5203,30.42427039,91.73612571,Forest,1.55,Temperate,1
5204,30.02305561,90.81127456,Forest,2.38,Temperate,1
5205,30.0790318,91.61560588,Forest,3.74,Temperate,1
5206,30.43467594,91.80436273,Forest,1.35,Temperate,1
5207,30.02627479,90.82409131,Forest,1.87,Temperate,1
5208,30.43746209,91.87938873,Forest,0.89,Temperate,1
5209,30.44419382,91.83052383,Forest,0.9,Temperate,1
5210,30.50356077,91.76205624,Forest,0.71,Temperate,1
5211,30.55382352,91.7668671,Forest,0.99,Temperate,1
5212,29.90765493,91.05864854,Forest,5.06,Temperate,1
5213,29.92575028,91.96433172,Forest,2.46,Temperate,1
5214,29.94346478,91.95966424,Forest,2.69,Temperate,1
5215,29.97609333,91.92842661,Forest,3.16,Temperate,1
5216,30.0183386,92.03674437,Forest,2.9,Temperate,1
5217,29.86433744,91.75450935,Forest,5.13,Temperate,1
5218,36.05146111,108.542325,Forest,8.25,Temperate,1
5219,36.08420278,108.5268611,Forest,8.7,Temperate,1
5220,36.07672222,108.5349972,Forest,8.91,Temperate,1
5221,36.08494722,108.5266722,Forest,8.58,Temperate,1
5222,37.22,97.51,Forest,4.09,Temperate,6
5223,37.05,97.63,Other,3.97,Temperate,6
5224,36.87,98.54,Other,2.31,Temperate,6
5225,36.86,98.57,Other,2.39,Temperate,6
5226,36.49,96.25,Forest,5.14,Temperate,6
5227,36.45,98.39,Other,1.22,Temperate,6
5228,36.99,98.2,Other,2.95,Temperate,6
5229,36.55,94.98,Forest,5.39,Temperate,6
5230,33.33,97.12,Forest,-0.96,Alpine,6
5231,32.89,95.3,Forest,0.61,Temperate,6
5232,33.04,96.85,Forest,-0.83,Alpine,6
5233,33.05,96.85,Forest,-0.04,Alpine,4
5234,33.03,96.84,Forest,-2.85,Alpine,6
5235,33.04,96.86,Forest,-0.33,Alpine,6
5236,36.9,98.52,Forest,2.28,Temperate,6
5237,33.36,96.99,Forest,1.84,Temperate,6
5238,33.32,97.12,Forest,-2.03,Alpine,5
5239,36.0,97.41,Other,3.86,Temperate,6
5240,35.41,102.25,Forest,-0.53,Alpine,6
5241,35.53,102.25,Grassland,1.17,Temperate,6
5242,35.41,102.23,Forest,0.06,Temperate,6
5243,35.42,102.24,Forest,0.02,Temperate,6
5244,36.27,101.96,Forest,1.22,Temperate,6
5245,36.28,102.24,Forest,1.99,Temperate,6
5246,36.37,101.57,Forest,-0.18,Alpine,6
5247,35.23,101.85,Forest,-0.02,Alpine,6
5248,33.27,100.63,Forest,0.17,Temperate,6
5249,32.9,100.92,Forest,-0.28,Alpine,6
5250,34.45,100.21,Forest,-0.84,Alpine,6
5251,36.72,102.38,Grassland,0.21,Temperate,6
5252,32.89,100.66,Grassland,-0.08,Alpine,6
5253,33.37,101.35,Grassland,-1.3,Alpine,6
5254,33.38,101.34,Forest,-1.69,Alpine,6
5255,35.88,94.55,Other,1.13,Temperate,3
5256,36.41,98.67,Other,-0.82,Alpine,6
5257,36.39,98.73,Other,-1.77,Alpine,3
5258,37.04,97.86,Other,3.31,Temperate,6
5259,35.88,94.53,Other,1.1,Temperate,6
5260,35.88,94.51,Other,0.97,Temperate,6
5261,37.45,97.26,Forest,1.19,Temperate,6
5262,35.47,100.74,Forest,0.05,Temperate,6
5263,36.13,100.65,Forest,4.06,Temperate,6
5264,37.0,102.13,Grassland,-0.16,Alpine,6
5265,36.38,101.55,Forest,0.83,Temperate,6
5266,37.35,97.12,Other,3.97,Temperate,6
5267,37.26,97.41,Other,4.21,Temperate,6
5268,31.88,96.89,Forest,-0.06,Alpine,6
5269,37.53,99.32,Forest,-2.05,Alpine,6
5270,37.38,101.41,Forest,-1.33,Alpine,6
5271,37.53,99.33,Forest,-2.29,Alpine,6
5272,37.37,99.33,Forest,-0.58,Alpine,4
5273,38.09,100.35,Forest,-0.41,Alpine,6
5274,37.17,99.16,Forest,-0.62,Alpine,6
5275,37.13,99.52,Other,0.05,Temperate,3
5276,38.06,100.24,Forest,-2.89,Alpine,6
5277,37.29,101.43,Forest,-0.86,Alpine,6
5278,37.4,101.99,Forest,-1.13,Alpine,6
5279,37.24,101.85,Forest,-0.06,Alpine,6
5280,31.88,96.58,Grassland,1.95,Temperate,6
5281,37.42333,109.52444,Forest,8.77,Temperate,1
5282,37.42583,109.51861,Grassland,8.8,Temperate,2
5283,37.42639,109.51861,Grassland,8.8,Temperate,1
5284,37.42222,109.52306,Forest,8.8,Temperate,1
5285,39.33028,110.62222,Grassland,6.73,Temperate,1
5286,38.44028,110.29667,Grassland,8.46,Temperate,1
5287,38.43972,110.29639,Grassland,8.44,Temperate,1
5288,38.44111,110.29611,Grassland,8.54,Temperate,1
5289,38.44,110.29667,Grassland,8.44,Temperate,1
5290,38.44083,110.29667,Grassland,8.51,Temperate,1
5291,39.31417,110.61417,Grassland,6.61,Temperate,1
5292,39.30972,110.61306,Grassland,6.61,Temperate,1
5293,39.33472,110.59472,Forest,6.64,Temperate,1
5294,39.3325,110.62083,Grassland,6.73,Temperate,1
5295,37.42306,109.52417,Forest,8.78,Temperate,1
5296,38.44,110.29694,Grassland,8.44,Temperate,1
5297,35.385,108.13972,Forest,9.47,Temperate,1
5298,35.37056,108.15889,Cropland,9.26,Temperate,1
5299,34.51611,108.12194,Cropland,11.79,Warm,1
5300,34.31083,108.07222,Cropland,12.71,Warm,1
5301,34.55611,108.20806,Cropland,12.01,Warm,1
5302,35.38444,108.13944,Grassland,9.41,Temperate,1
5303,35.38583,108.14028,Forest,9.47,Temperate,1
5304,35.38361,108.13861,Forest,9.33,Temperate,1
5305,35.38806,107.48306,Forest,9.55,Temperate,1
5306,34.52083,108.11833,Cropland,11.58,Warm,1
5307,36.18288889,117.1078333,Forest,13.54,Warm,2
5308,36.20527778,117.0941944,Grassland,12.92,Warm,2
5309,36.2065,117.0970556,Other,12.92,Warm,2
5310,36.212,117.1137778,Cropland,12.31,Warm,2
5311,36.24266667,117.1078611,Forest,9.24,Temperate,2
5312,36.25633333,117.1053889,Grassland,7.59,Temperate,2
5313,36.25822222,117.0822778,Forest,9.44,Temperate,2
5314,29.73555556,103.1969444,Forest,15.21,Warm,2
5315,29.79333333,103.1677778,Forest,14.16,Warm,2
5316,29.75722222,103.1902778,Forest,14.65,Warm,2
5317,29.79555556,103.1738889,Forest,14.26,Warm,2
5318,29.79305556,103.1752778,Forest,14.44,Warm,2
5319,38.753915,100.646093,Other,6.98,Temperate,4
5320,40.664649,101.420414,Other,9.49,Temperate,4
5321,40.696687,101.259528,Other,9.42,Temperate,3
5322,40.84137,101.032095,Other,9.41,Temperate,4
5323,40.841427,101.031733,Other,9.41,Temperate,8
5324,38.221498,100.963473,Cropland,0.28,Temperate,3
5325,38.879652,99.879541,Forest,0.87,Temperate,3
5326,38.802138,99.943504,Forest,-0.29,Alpine,3
5327,38.797446,98.552853,Forest,-2.0,Alpine,3
5328,38.858698,99.643048,Forest,0.39,Temperate,3
5329,38.827725,98.466338,Forest,-1.58,Alpine,3
5330,41.781944,97.399167,Other,5.28,Temperate,2
5331,41.758125,97.023199,Other,4.67,Temperate,3
5332,41.928217,97.069454,Other,4.83,Temperate,1
5333,39.399589,98.647364,Forest,1.55,Temperate,3
5334,37.892753,100.751694,Forest,-2.14,Alpine,2
5335,38.783129,99.743064,Forest,-1.38,Alpine,2
5336,39.117143,98.171714,Forest,-1.27,Alpine,2
5337,38.907965,98.299421,Forest,-0.63,Alpine,3
5338,38.216318,99.875426,Other,-6.16,Alpine,1
5339,38.252684,100.198164,Forest,0.65,Temperate,2
5340,39.217028,99.645008,Forest,3.05,Temperate,2
5341,39.246364,99.951504,Forest,6.34,Temperate,2
5342,41.805776,99.920996,Other,8.46,Temperate,3
5343,38.485532,101.553675,Forest,2.53,Temperate,3
5344,39.001281,99.483216,Forest,-0.28,Alpine,8
5345,38.77149,99.463993,Forest,-1.17,Alpine,2
5346,38.535755,99.483516,Forest,-2.32,Alpine,2
5347,38.117366,100.293085,Forest,-0.52,Alpine,4
5348,38.452979,100.629456,Forest,2.2,Temperate,2
5349,38.1195,100.675736,Forest,-2.63,Alpine,2
5350,39.381931,97.635028,Other,-4.28,Alpine,2
5351,39.456144,97.699849,Forest,-2.07,Alpine,3
5352,39.593636,97.697289,Forest,-0.18,Alpine,3
5353,40.355956,97.024436,Cropland,7.41,Temperate,3
5354,39.146285,99.352494,Forest,1.68,Temperate,3
5355,39.269256,99.060386,Forest,2.28,Temperate,2
5356,41.275852,100.659715,Other,8.92,Temperate,3
5357,38.789669,98.742139,Forest,-5.25,Alpine,2
5358,40.33082,99.140355,Other,8.02,Temperate,3
5359,38.7564,101.217854,Forest,5.77,Temperate,3
5360,39.191344,99.485136,Other,3.37,Temperate,2
5361,41.031626,100.422553,Other,8.96,Temperate,3
5362,37.844953,101.105148,Forest,-3.2,Alpine,3
5363,38.279087,99.903434,Forest,-2.23,Alpine,2
5364,38.280972,100.768,Forest,0.21,Temperate,3
5365,34.83555556,108.0811111,Forest,9.07,Temperate,1
5366,34.84416667,108.085,Forest,9.2,Temperate,1
5367,34.83666667,108.0863889,Forest,9.08,Temperate,1
5368,34.83888889,108.0858333,Forest,9.08,Temperate,1
5369,34.83833333,108.0861111,Forest,9.08,Temperate,1
5370,29.611846,98.571988,Forest,2.72,Temperate,2
5371,29.9426,100.31444,Forest,3.77,Temperate,2
5372,29.648383,94.385595,Forest,7.36,Temperate,2
5373,29.640325,94.392455,Forest,7.45,Temperate,2
5374,31.11528,109.45667,Cropland,17.2,Warm,1
5375,31.11444,109.45694,Cropland,17.21,Warm,1
5376,31.11361,109.45722,Cropland,17.21,Warm,1
5377,44.03,81.23336667,Forest,8.34,Temperate,1
5378,44.02,81.24381667,Grassland,8.18,Temperate,1
5379,44.06,81.2827,Forest,7.52,Temperate,1
5380,44.05,81.27211667,Forest,7.66,Temperate,1
5381,44.02,81.23925,Forest,8.18,Temperate,1
5382,44.04,81.24285,Forest,7.95,Temperate,1
5383,44.03,81.25745,Forest,7.97,Temperate,1
5384,44.03,81.2558,Forest,7.96,Temperate,1
5385,44.04,81.27783333,Forest,7.98,Temperate,1
5386,44.04,81.27816667,Forest,7.98,Temperate,1
5387,44.05,81.24946667,Forest,7.74,Temperate,1
5388,44.04,81.28006667,Forest,7.98,Temperate,1
5389,44.02,81.24298333,Grassland,8.18,Temperate,1
5390,44.03,81.24375,Forest,7.96,Temperate,1
5391,44.07,81.27538333,Grassland,7.25,Temperate,1
5392,44.07,81.27936667,Grassland,7.18,Temperate,1
5393,44.07,81.25523333,Forest,7.75,Temperate,1
5394,44.04,81.26531667,Forest,7.9,Temperate,1
5395,44.06,81.25736667,Forest,7.57,Temperate,1
5396,44.06,81.25351667,Forest,7.69,Temperate,1
5397,44.04,81.25391667,Cropland,7.89,Temperate,1
5398,44.05,81.23155,Forest,8.21,Temperate,1
5399,44.01,81.2075,Forest,8.04,Temperate,1
5400,44.1,81.26606667,Forest,7.52,Temperate,1
5401,44.06,81.181,Forest,7.08,Temperate,1
5402,44.05,81.20036667,Forest,7.61,Temperate,1
5403,44.08,81.18183333,Forest,6.9,Temperate,1
5404,44.09,81.162,Forest,7.02,Temperate,1
5405,44.12,81.17885,Forest,7.03,Temperate,1
5406,44.14,81.17186667,Forest,6.97,Temperate,1
5407,44.16,81.18605,Forest,6.58,Temperate,1
5408,44.06,81.15551667,Forest,7.32,Temperate,1
5409,44.05,81.14235,Forest,7.31,Temperate,1
5410,44.04,81.14318333,Forest,7.65,Temperate,1
5411,44.03,81.15051667,Forest,7.94,Temperate,1
5412,43.99,81.15558333,Forest,8.63,Temperate,1
5413,43.98,81.15438333,Forest,8.64,Temperate,1
5414,43.98,81.16976667,Grassland,8.53,Temperate,1
5415,44.01,81.18058333,Forest,8.42,Temperate,1
5416,44.01,81.16368333,Forest,8.03,Temperate,1
5417,44.02,81.1756,Forest,8.44,Temperate,1
5418,44.09,81.20478333,Forest,7.54,Temperate,1
5419,44.15,81.2126,Forest,7.23,Temperate,1
5420,44.13,81.20246667,Forest,7.63,Temperate,1
5421,44.12,81.20135,Forest,7.64,Temperate,1
5422,44.13,81.27455,Grassland,7.26,Temperate,1
5423,44.15,81.27295,Forest,6.78,Temperate,1
5424,44.13,81.22985,Forest,7.28,Temperate,1
5425,44.12,81.22773333,Forest,7.36,Temperate,1
5426,44.11,81.22531667,Forest,7.47,Temperate,1
5427,44.08,81.22606667,Forest,7.73,Temperate,1
5428,44.06,81.23228333,Forest,8.08,Temperate,1
5429,44.02,81.21293333,Forest,8.07,Temperate,1
5430,44.07,81.24485,Forest,7.88,Temperate,1
5431,44.03,81.21065,Forest,8.14,Temperate,1
5432,44.02,81.20756667,Grassland,7.96,Temperate,1
5433,44.03,81.2028,Forest,7.92,Temperate,1
5434,44.0,81.19885,Forest,8.36,Temperate,1
5435,44.09,81.2837,Forest,6.93,Temperate,1
5436,44.01,81.21386667,Forest,8.14,Temperate,1
5437,44.01,81.20831667,Forest,8.06,Temperate,1
5438,44.01,81.25958333,Cropland,8.33,Temperate,1
5439,44.1,81.20126667,Forest,7.63,Temperate,1
5440,44.04,81.20738333,Forest,7.9,Temperate,1
5441,44.11,81.29081667,Forest,6.92,Temperate,1
5442,44.05,81.40653333,Forest,7.67,Temperate,1
5443,44.12,81.30988333,Forest,7.11,Temperate,1
5444,44.03,81.31841667,Grassland,7.99,Temperate,1
5445,44.03,81.31176667,Grassland,8.01,Temperate,1
5446,43.97,81.13263333,Forest,8.64,Temperate,1
5447,43.97,81.14605,Forest,8.73,Temperate,1
5448,44.0,81.14025,Forest,8.32,Temperate,1
5449,43.99,81.17888333,Forest,8.39,Temperate,1
5450,43.99,81.17721667,Grassland,8.39,Temperate,1
5451,44.02,81.19396667,Forest,8.16,Temperate,1
5452,44.02,81.18725,Forest,8.34,Temperate,1
5453,44.03,81.18205,Forest,8.36,Temperate,1
5454,44.01,81.1892,Forest,8.34,Temperate,1
5455,44.01,81.18926667,Forest,8.34,Temperate,1
5456,43.99,81.19473333,Forest,8.55,Temperate,1
5457,44.14,81.29868333,Forest,6.42,Temperate,1
5458,43.99,81.17788333,Forest,8.39,Temperate,1
5459,43.98,81.17703333,Grassland,8.55,Temperate,1
5460,43.99,81.17435,Grassland,8.35,Temperate,1
5461,43.98,81.17716667,Grassland,8.55,Temperate,1
5462,43.98,81.18021667,Grassland,8.55,Temperate,1
5463,43.98,81.17811667,Grassland,8.55,Temperate,1
5464,43.98,81.12085,Forest,8.54,Temperate,1
5465,43.98,81.11081667,Forest,8.65,Temperate,1
5466,43.97,81.11135,Forest,8.7,Temperate,1
5467,43.98,81.10213333,Forest,8.65,Temperate,1
5468,43.98,81.08456667,Forest,8.83,Temperate,1
5469,43.98,81.08506667,Forest,8.85,Temperate,1
5470,43.97,81.08798333,Forest,8.8,Temperate,1
5471,44.04,81.33636667,Forest,7.85,Temperate,1
5472,44.05,81.32218333,Forest,7.43,Temperate,1
5473,43.99,81.18811667,Forest,8.53,Temperate,1
5474,44.07,81.322,Forest,7.13,Temperate,1
5475,44.12,81.43721667,Forest,6.77,Temperate,1
5476,44.13,81.46608333,Forest,5.87,Temperate,1
5477,44.16,81.4672,Forest,5.11,Temperate,1
5478,44.1,81.4571,Forest,6.8,Temperate,1
5479,44.07,81.4682,Grassland,7.52,Temperate,1
5480,44.08,81.4266,Forest,7.51,Temperate,1
5481,44.1,81.41168333,Forest,7.45,Temperate,1
5482,44.06,81.4155,Forest,7.45,Temperate,1
5483,44.03,81.43561667,Forest,7.7,Temperate,1
5484,44.03,81.42258333,Forest,7.61,Temperate,1
5485,44.04,81.4142,Forest,7.53,Temperate,1
5486,44.04,81.40403333,Forest,7.58,Temperate,1
5487,44.14,81.34075,Forest,7.05,Temperate,1
5488,44.06,81.34913333,Forest,7.08,Temperate,1
5489,44.05,81.43665,Forest,7.28,Temperate,1
5490,44.09,81.4279,Forest,7.5,Temperate,1
5491,44.08,81.44881667,Forest,7.13,Temperate,1
5492,44.11,81.3973,Forest,6.91,Temperate,1
5493,44.08,81.34011667,Forest,6.78,Temperate,1
5494,44.14,81.40878333,Forest,6.0,Temperate,1
5495,44.1,81.3395,Forest,7.36,Temperate,1
5496,44.12,81.35686667,Forest,7.11,Temperate,1
5497,44.13,81.36191667,Forest,7.18,Temperate,1
5498,44.15,81.38078333,Forest,6.41,Temperate,1
5499,44.02,81.40465,Grassland,7.83,Temperate,1
5500,44.04,81.37951667,Forest,7.87,Temperate,1
5501,44.06,81.30281667,Forest,7.77,Temperate,1
5502,44.06,81.3836,Forest,7.41,Temperate,1
5503,44.09,81.39121667,Forest,7.17,Temperate,1
5504,32.84944,98.46417,Forest,1.22,Temperate,1
5505,32.99833,98.35917,Forest,0.33,Temperate,1
5506,33.26556,98.25639,Forest,-1.01,Alpine,1
5507,33.03639,97.95917,Forest,-0.94,Alpine,1
5508,34.513,112.723,Forest,13.64,Warm,5
5509,34.506,112.718,Forest,13.34,Warm,5
5510,34.512,112.725,Forest,13.62,Warm,5
5511,34.508,112.729,Forest,13.29,Warm,5
5512,34.51,112.72,Forest,13.64,Warm,5
5513,34.506,112.732,Forest,13.08,Warm,5
5514,34.507,112.713,Forest,13.22,Warm,5
5515,34.512,112.728,Forest,13.43,Warm,5
5516,38.58333333,103.2,Cropland,8.24,Temperate,6
5517,39.48333333,103.3666667,Other,8.89,Temperate,6
5518,39.13333333,103.1833333,Other,8.17,Temperate,6
5519,38.35,102.5833333,Other,7.32,Temperate,6
5520,39.78389,111.25972,Grassland,6.13,Temperate,1
5521,39.74222,111.21056,Cropland,6.44,Temperate,1
5522,39.74944,111.2075,Forest,6.48,Temperate,1
5523,39.79472,111.26861,Forest,6.21,Temperate,1
5524,39.79972,111.27056,Grassland,6.29,Temperate,1
5525,30.10916667,115.5875,Cropland,17.31,Warm,13
5526,30.71805556,112.3069444,Cropland,16.23,Warm,13
5527,23.02861111,108.4497222,Forest,20.76,Tropical,1
5528,30.46944444,114.3558333,Grassland,17.07,Warm,13
5529,22.01638889,108.4563889,Forest,21.3,Tropical,1
5530,22.99722222,108.4808333,Forest,20.4,Tropical,1
5531,22.99333333,108.4772222,Forest,20.45,Tropical,1
5532,23.02416667,108.4625,Forest,20.85,Tropical,1
5533,23.035,108.4436111,Forest,20.69,Tropical,1
5534,32.31666667,81.2,Forest,-0.46,Alpine,1
5535,32.01666667,85.35,Forest,-1.43,Alpine,1
5536,32.41666667,82.96666667,Other,0.43,Temperate,1
5537,32.06666667,81.81666667,Forest,-0.35,Alpine,1
5538,32.28333333,84.11666667,Forest,0.56,Temperate,1
5539,31.91666667,86.5,Forest,-0.24,Alpine,1
5540,32.33333333,80.7,Forest,-2.36,Alpine,1
5541,32.53333333,80.05,Forest,0.24,Temperate,1
5542,31.36666667,91.96666667,Forest,-0.74,Alpine,1
5543,30.73333333,91.1,Forest,-2.33,Alpine,1
5544,31.71666667,92.06666667,Forest,-1.62,Alpine,1
5545,31.7,91.71666667,Forest,-1.34,Alpine,1
5546,31.38333333,90.76666667,Forest,-0.51,Alpine,1
5547,31.11666667,88.68333333,Forest,-0.6,Alpine,1
5548,31.5,87.48333333,Forest,0.93,Temperate,1
5549,31.55,91.05,Forest,-0.5,Alpine,1
5550,30.95,88.7,Forest,1.63,Temperate,2
5551,30.95,88.68333333,Forest,1.65,Temperate,1
5552,28.84555556,121.0811111,Forest,16.61,Warm,1
5553,28.00277778,118.7652778,Forest,16.12,Warm,1
5554,30.21916667,119.6780556,Forest,15.95,Warm,1
5555,33.41666667,79.75,Forest,-0.13,Alpine,1
5556,32.83333333,79.78333333,Other,-0.93,Alpine,1
5557,31.809,79.982,Forest,-3.8,Alpine,2
5558,29.021,85.46,Forest,1.62,Temperate,2
5559,28.392,85.341,Forest,9.8,Temperate,2
5560,28.553,85.239,Forest,5.46,Temperate,2
5561,28.884,85.247,Forest,4.05,Temperate,2
5562,30.592,81.291,Forest,-0.04,Alpine,2
5563,28.428,85.611,Other,-6.26,Alpine,2
5564,29.869,84.159,Forest,1.36,Temperate,2
5565,31.554,79.746,Other,4.17,Temperate,2
5566,29.237,85.316,Forest,2.06,Temperate,2
5567,29.825,84.039,Forest,1.31,Temperate,2
5568,30.847,81.415,Forest,-0.05,Alpine,2
5569,29.543,84.029,Forest,2.59,Temperate,2
5570,29.596,83.997,Forest,2.66,Temperate,2
5571,29.692,83.986,Forest,2.58,Temperate,2
5572,29.674,84.155,Forest,2.46,Temperate,2
5573,29.642,84.274,Forest,2.21,Temperate,2
5574,29.615,84.375,Forest,1.01,Temperate,2
5575,29.397,84.967,Forest,2.83,Temperate,2
5576,29.357,85.021,Forest,3.0,Temperate,2
5577,30.592,82.485,Forest,-2.46,Alpine,2
5578,30.074,83.415,Forest,1.82,Temperate,2
5579,29.816,84.396,Forest,-0.12,Alpine,2
5580,29.33,85.292,Forest,3.32,Temperate,2
5581,29.336,85.386,Forest,3.17,Temperate,2
5582,37.45,104.9833333,Forest,9.71,Temperate,2
5583,39.01666667,105.8666667,Other,6.87,Temperate,2
5584,40.33333333,96.83333333,Other,7.14,Temperate,1
5585,40.38333333,107.0,Other,8.27,Temperate,2
5586,39.31666667,110.1833333,Other,7.64,Temperate,1
5587,39.0,102.6166667,Other,7.5,Temperate,2
5588,39.81666667,106.8166667,Cropland,8.08,Temperate,2
5589,24.3,113.9333333,Forest,20.87,Tropical,2
5590,32.31666667,112.15,Cropland,15.68,Warm,2
5591,30.0,114.3666667,Cropland,17.07,Warm,2
5592,30.95,113.2333333,Cropland,16.41,Warm,2
5593,34.9,113.5333333,Forest,14.23,Warm,2
5594,19.65,110.6833333,Cropland,24.31,Tropical,2
5595,28.36666667,112.7666667,Forest,17.49,Warm,2
5596,28.3667,112.7667,Forest,17.49,Warm,2
5597,24.3,113.9333,Forest,20.87,Tropical,2
5598,30.95,114.3667,Cropland,16.5,Warm,2
5599,30.0,113.2333,Forest,17.11,Warm,2
5600,35.57917,104.65306,Forest,6.27,Temperate,1
5601,35.58,104.65028,Forest,6.31,Temperate,1
5602,35.58194,104.63361,Other,6.54,Temperate,1
5603,35.58083,104.6475,Forest,6.43,Temperate,1
5604,28.80694444,86.28055556,Forest,3.11,Temperate,5
5605,30.19361111,83.10611111,Forest,1.03,Temperate,4
5606,32.07444444,81.97666667,Forest,-0.34,Alpine,9
5607,29.78638889,91.59138889,Forest,4.74,Temperate,10
5608,31.17305556,80.83777778,Forest,0.0,Temperate,10
5609,29.678382,94.73187,Grassland,5.25,Temperate,10
5610,28.90305556,90.35527778,Forest,0.86,Temperate,8
5611,31.77972222,88.51666667,Forest,1.06,Temperate,6
5612,19.54594,109.50803,Forest,24.13,Tropical,2
5613,19.54621,109.50354,Forest,24.07,Tropical,2
5614,19.55454,109.50749,Forest,24.16,Tropical,2
5615,19.55285,109.50705,Forest,24.15,Tropical,1
5616,19.55285,109.50704,Forest,24.15,Tropical,1
5617,29.154678,92.56095,Forest,7.33,Temperate,2
5618,29.145639,92.535658,Forest,7.45,Temperate,2
5619,29.152833,92.582594,Forest,7.19,Temperate,2
5620,29.145719,92.540528,Forest,7.56,Temperate,2
5621,29.080989,92.731169,Forest,8.45,Temperate,2
5622,29.67805556,91.1075,Forest,7.36,Temperate,1
5623,29.67444444,91.10638889,Forest,7.43,Temperate,1
5624,29.67166667,91.10555556,Forest,7.44,Temperate,1
5625,29.66666667,91.11027778,Forest,7.49,Temperate,1
5626,29.66916667,91.11527778,Forest,7.48,Temperate,1
5627,45.6611,129.0814,Forest,2.27,Temperate,1
5628,44.0631,127.9364,Forest,1.66,Temperate,1
5629,41.3206,124.9028,Forest,3.11,Temperate,1
5630,40.9142,124.7883,Forest,4.16,Temperate,1
5631,42.385,128.0869,Forest,2.7,Temperate,1
5632,48.7508,129.775,Forest,-0.17,Alpine,1
5633,47.2131,128.8764,Forest,1.12,Temperate,1
5634,46.5814,129.3461,Forest,1.53,Temperate,1
5635,43.1786,126.2306,Forest,2.72,Temperate,1
5636,42.4831,127.8639,Forest,2.63,Temperate,1
5637,41.8339,124.9131,Forest,3.87,Temperate,1
5639,49.4783,126.775,Forest,-1.04,Alpine,1
5640,42.40972222,117.3211111,Forest,0.61,Temperate,5
5641,42.58,117.2438889,Forest,0.85,Temperate,5
5642,42.42138889,117.1588889,Forest,1.01,Temperate,5
5643,42.15916667,117.4191667,Grassland,3.23,Temperate,5
5644,25.68194,100.10539,Forest,8.72,Temperate,4
5645,25.68004,100.09923,Forest,6.62,Temperate,4
5646,26.3244,106.4862,Cropland,14.71,Warm,1
5647,26.3221,106.4851,Cropland,14.67,Warm,1
5648,26.3209,106.4783,Forest,14.68,Warm,1
5649,26.3485,106.5393,Cropland,14.78,Warm,1
5650,26.3163,106.48,Cropland,14.66,Warm,1
5651,25.68432,100.11051,Forest,10.41,Warm,4
5652,25.68973,100.12315,Forest,11.8,Warm,4
5653,25.69346,100.12874,Forest,13.58,Warm,4
5654,25.6875,100.11932,Forest,11.8,Warm,4
5655,25.68492,100.11254,Forest,10.67,Warm,4
5656,35.23,107.7,Grassland,9.93,Temperate,10
5657,35.23,107.68,Grassland,9.8,Temperate,10
5658,36.68,109.38,Grassland,9.43,Temperate,10
5659,36.67,109.34,Forest,9.42,Temperate,5
5660,35.17,109.53,Cropland,11.43,Warm,10
5661,37.47,110.07,Forest,9.27,Temperate,5
5662,37.44,110.06,Forest,9.65,Temperate,10
5663,37.44,110.05,Forest,9.56,Temperate,5
5664,35.16,109.54,Cropland,11.55,Warm,5
5665,36.67,109.37,Forest,9.38,Temperate,5
5666,39.98967,112.323,Forest,4.63,Temperate,1
5667,37.30983,106.92767,Forest,8.06,Temperate,1
5668,43.91567,117.1225,Forest,0.67,Temperate,1
5669,41.42133,106.97017,Forest,4.83,Temperate,1
5670,49.32967,119.99883,Forest,-1.78,Alpine,1
5671,38.01983,101.50617,Forest,-1.15,Alpine,1
5672,31.395,90.31133,Forest,-0.24,Alpine,1
5673,30.49817,91.06217,Forest,2.43,Temperate,1
5674,32.073,92.02433,Forest,-4.17,Alpine,1
5675,33.227,102.61413,Forest,2.43,Temperate,3
5676,49.12,125.6,Cropland,0.05,Temperate,3
5677,47.2,127.03,Cropland,2.54,Temperate,3
5678,48.64,126.21,Cropland,0.83,Temperate,3
5679,43.61,124.95,Cropland,4.82,Temperate,3
5680,44.39,125.68,Cropland,4.79,Temperate,3
5681,44.92,126.07,Cropland,4.43,Temperate,3
5682,45.12,126.19,Cropland,4.67,Temperate,3
5683,45.36,126.34,Cropland,4.42,Temperate,3
5684,45.63,126.52,Forest,4.04,Temperate,3
5685,46.17,126.67,Cropland,3.64,Temperate,3
5686,43.38,124.46,Cropland,5.81,Temperate,3
5687,47.59,126.23,Cropland,1.85,Temperate,3
5688,48.01,126.25,Grassland,1.66,Temperate,3
5689,48.31,126.45,Cropland,1.01,Temperate,3
5690,47.39,126.83,Cropland,2.31,Temperate,3
5691,46.8,126.96,Cropland,2.95,Temperate,3
5692,37.63626389,101.8519611,Forest,-1.72,Alpine,3
5693,37.63625556,101.8519528,Forest,-1.72,Alpine,1
5694,37.63626667,101.8519639,Forest,-1.72,Alpine,1
5695,37.63626944,101.8519667,Forest,-1.72,Alpine,1
5696,37.63618056,101.8536194,Forest,-1.72,Alpine,2
5697,28.9,116.2333333,Other,17.7,Warm,1
5698,28.93333333,116.1833333,Cropland,17.68,Warm,1
5699,28.85,116.15,Cropland,17.77,Warm,1
5700,37.63619167,101.8536306,Forest,-1.72,Alpine,3
5701,37.63618611,101.853625,Forest,-1.72,Alpine,1
5702,28.9,116.2666667,Cropland,17.63,Warm,1
5703,28.96666667,116.2,Cropland,17.62,Warm,1
5704,37.6362,101.8536389,Forest,-1.72,Alpine,2
5705,30.044569,102.7407822,Cropland,15.78,Warm,3
5706,29.67,102.2,Forest,14.86,Warm,4
5707,29.732565,100.4116,Forest,5.41,Temperate,4
5708,29.23,87.74,Forest,5.85,Temperate,6
5709,29.691212,89.110134,Forest,4.23,Temperate,5
5710,29.137234,91.79887,Forest,6.33,Temperate,5
5711,29.245259,91.390532,Forest,7.3,Temperate,6
5712,29.14019,92.653338,Grassland,7.81,Temperate,6
5713,29.092006,92.165731,Forest,5.27,Temperate,4
5714,32.389601,82.768335,Forest,0.13,Temperate,1
5715,32.332874,83.210516,Forest,-1.54,Alpine,1
5716,32.3329,83.2156,Forest,-1.56,Alpine,1
5717,31.0699,85.0306,Forest,0.21,Temperate,1
5718,32.360678,82.765846,Other,-0.15,Alpine,1
5719,31.5228,86.7039,Forest,1.25,Temperate,1
5720,32.360823,82.778549,Forest,-0.4,Alpine,1
5721,31.0672,85.0301,Forest,0.21,Temperate,1
5722,31.0695,85.0301,Forest,0.21,Temperate,1
5723,32.59541872,85.32410268,Forest,-3.24,Alpine,1
5724,29.403,85.5598,Forest,0.59,Temperate,1
5725,31.523,86.704,Forest,1.25,Temperate,1
5726,30.545357,88.400956,Forest,-4.54,Alpine,1
5727,31.5232,86.7039,Forest,1.25,Temperate,1
5728,31.5233,86.7039,Forest,1.25,Temperate,1
5729,31.5235,86.704,Forest,1.25,Temperate,1
5730,31.6219,86.7576,Forest,1.08,Temperate,1
5731,31.622,86.7575,Forest,1.09,Temperate,1
5732,31.622,86.7573,Forest,1.1,Temperate,1
5733,30.555908,88.382706,Forest,-2.68,Alpine,1
5734,30.9252,88.6489,Forest,1.67,Temperate,1
5735,30.9156,88.6697,Forest,1.61,Temperate,1
5736,30.9152,88.6694,Forest,1.61,Temperate,1
5737,30.9149,88.6693,Forest,1.6,Temperate,1
5738,29.1216,87.6391,Forest,5.94,Temperate,1
5739,31.5231,86.7041,Forest,1.25,Temperate,1
5740,32.59542067,85.31419768,Forest,-3.28,Alpine,1
5741,31.4527,89.8125,Forest,0.25,Temperate,1
5742,33.63691756,83.17328476,Other,-8.13,Alpine,1
5743,31.8106,87.2353,Forest,1.43,Temperate,1
5744,31.8106,87.2352,Forest,1.43,Temperate,1
5745,31.8107,87.2351,Forest,1.43,Temperate,1
5746,31.8415,87.1408,Forest,0.92,Temperate,1
5747,31.12532157,88.44246952,Other,1.4,Temperate,1
5748,31.8417,87.1405,Forest,0.91,Temperate,1
5749,31.8417,87.1408,Forest,0.91,Temperate,1
5750,31.8419,87.1406,Forest,0.91,Temperate,1
5751,31.842,87.1409,Forest,0.9,Temperate,1
5752,31.8421,87.1407,Forest,0.9,Temperate,1
5753,31.7249,91.1041,Forest,-0.72,Alpine,1
5754,31.996,91.3082,Forest,-1.62,Alpine,1
5755,31.7249,91.1043,Forest,-0.72,Alpine,1
5756,31.7251,91.1043,Forest,-0.71,Alpine,1
5757,31.2697,92.1515,Forest,0.02,Temperate,1
5758,31.2697,92.1519,Forest,0.02,Temperate,1
5759,31.2696,92.1524,Forest,0.02,Temperate,1
5760,31.1405,88.425,Forest,1.48,Temperate,1
5761,31.1403,88.4251,Forest,1.49,Temperate,1
5762,31.1402,88.4252,Forest,1.49,Temperate,1
5763,31.0834,88.5094,Forest,1.26,Temperate,1
5764,31.0832,88.5095,Forest,1.29,Temperate,1
5765,31.1391705,88.42750183,Forest,1.45,Temperate,1
5766,31.13955667,88.42748083,Forest,1.45,Temperate,1
5767,31.725,91.104,Forest,-0.71,Alpine,1
5768,31.139699,88.4274785,Forest,1.45,Temperate,1
5769,31.996,91.3083,Forest,-1.62,Alpine,1
5770,30.9496,88.6307,Forest,1.77,Temperate,1
5771,30.9489,88.6283,Forest,1.76,Temperate,1
5772,30.9493,88.6295,Forest,1.76,Temperate,1
5773,30.9493,88.6293,Forest,1.76,Temperate,1
5774,30.9493,88.6294,Forest,1.76,Temperate,1
5775,30.9495,88.6303,Forest,1.76,Temperate,1
5776,31.5573,89.887,Forest,-0.22,Alpine,1
5777,31.5575,89.8868,Forest,-0.23,Alpine,1
5778,31.5577,89.8875,Forest,-0.23,Alpine,1
5779,31.5578,89.8879,Forest,-0.23,Alpine,1
5780,31.5581,89.8882,Forest,-0.23,Alpine,1
5781,31.5581,89.8886,Forest,-0.23,Alpine,1
5782,31.996,91.3081,Forest,-1.62,Alpine,1
5783,31.5669,89.8799,Forest,-0.24,Alpine,1
5784,31.5673,89.8797,Forest,-0.24,Alpine,1
5785,31.587,89.8762,Forest,-0.37,Alpine,1
5786,31.5872,89.8762,Forest,-0.37,Alpine,1
5787,31.5875,89.8764,Forest,-0.37,Alpine,1
5788,31.4818,87.0957,Forest,0.17,Temperate,1
5789,31.683578,91.123356,Forest,-0.56,Alpine,1
5790,31.773258,91.246459,Forest,-1.34,Alpine,1
5791,31.773356,91.246208,Forest,-1.34,Alpine,1
5792,31.84354847,87.14151877,Forest,0.87,Temperate,1
5793,31.11507964,88.43231459,Other,1.54,Temperate,1
5794,30.9496,88.6305,Forest,1.77,Temperate,1
5795,31.5671,89.8798,Forest,-0.24,Alpine,1
5796,30.9487,88.6283,Forest,1.76,Temperate,1
5797,31.214358,90.135026,Forest,-3.35,Alpine,1
5798,31.505782,87.151103,Forest,0.19,Temperate,1
5799,31.4631,89.8115,Forest,0.33,Temperate,1
5800,31.4632,89.8118,Forest,0.33,Temperate,1
5801,31.4632,89.8116,Forest,0.33,Temperate,1
5802,32.081874,88.410408,Forest,-0.06,Alpine,1
5803,32.19243757,91.679066,Forest,-2.35,Alpine,1
5804,32.19246617,91.67904809,Forest,-2.35,Alpine,1
5805,31.0829,88.5094,Forest,1.33,Temperate,1
5806,31.7251,91.1048,Forest,-0.71,Alpine,1
5807,31.7252,91.1045,Forest,-0.7,Alpine,1
5808,31.4632,89.8121,Forest,0.33,Temperate,1
5809,31.6794,91.1217,Forest,-0.53,Alpine,1
5810,31.463,89.812,Forest,0.33,Temperate,1
5811,33.5962,79.8227,Forest,0.3,Temperate,1
5812,31.4633,89.8117,Forest,0.33,Temperate,1
5813,31.27132733,92.18179817,Forest,0.02,Temperate,1
5814,31.6798,91.1213,Forest,-0.53,Alpine,1
5815,31.6801,91.1211,Forest,-0.53,Alpine,1
5816,31.0825,88.5093,Forest,1.38,Temperate,1
5817,30.9256,88.6489,Forest,1.71,Temperate,1
5818,30.9256,88.6487,Forest,1.71,Temperate,1
5819,30.9255,88.6491,Forest,1.71,Temperate,1
5820,30.9254,88.6493,Forest,1.7,Temperate,1
5821,30.9253,88.6488,Forest,1.69,Temperate,1
5822,33.06381253,83.17312563,Forest,-0.48,Alpine,1
5823,33.608,79.8023,Other,0.5,Temperate,1
5824,31.245809,90.135768,Forest,-3.76,Alpine,1
5825,31.4625,89.8096,Forest,0.33,Temperate,1
5826,32.081752,88.416023,Forest,-0.06,Alpine,1
5827,31.2717,92.15,Forest,-0.06,Alpine,1
5828,31.2717,92.1503,Forest,-0.04,Alpine,1
5829,31.2717,92.1506,Forest,-0.02,Alpine,1
5830,31.4233,90.2307,Forest,-0.53,Alpine,1
5831,31.4233,90.2305,Forest,-0.53,Alpine,1
5832,31.4233,90.2313,Forest,-0.53,Alpine,1
5833,31.4233,90.2303,Forest,-0.53,Alpine,1
5834,31.4233,90.2311,Forest,-0.53,Alpine,1
5835,31.4234,90.2313,Forest,-0.53,Alpine,1
5836,31.4445,89.8002,Forest,0.25,Temperate,1
5837,31.4445,89.8001,Forest,0.26,Temperate,1
5838,31.4624,89.8095,Forest,0.33,Temperate,1
5839,31.4445,89.8,Forest,0.26,Temperate,1
5840,31.4505,90.248,Forest,-0.65,Alpine,1
5841,31.4507,90.248,Forest,-0.66,Alpine,1
5842,31.4526,89.8119,Forest,0.25,Temperate,1
5843,31.4526,89.8118,Forest,0.25,Temperate,1
5844,31.4526,89.812,Forest,0.25,Temperate,1
5845,31.4526,89.8125,Forest,0.25,Temperate,1
5846,31.08293917,88.50914167,Forest,1.32,Temperate,1
5847,31.4528,89.8125,Forest,0.25,Temperate,1
5848,31.4623,89.8095,Forest,0.33,Temperate,1
5849,31.84370325,87.14100376,Forest,0.86,Temperate,1
5850,32.071725,88.410726,Forest,-0.27,Alpine,1
5851,31.4504,90.248,Forest,-0.65,Alpine,1
5852,30.9484,88.6284,Forest,1.76,Temperate,1
5853,37.91,114.35,Forest,12.55,Warm,1
5854,31.87,114.09,Forest,15.17,Warm,1
5855,22.67,112.9,Forest,22.05,Tropical,1
5856,48.11,129.18,Forest,0.52,Temperate,1
5857,24.55531,113.71633,Other,17.82,Warm,1
5858,24.5572,113.69551,Forest,18.62,Warm,1
5859,24.58762,113.58282,Other,20.73,Tropical,1
5860,24.52134,113.69754,Cropland,19.61,Warm,1
5861,24.87164,113.53829,Forest,20.58,Tropical,1
5862,24.72153,113.57491,Other,20.82,Tropical,1
5863,25.1259,113.35158,Other,20.0,Tropical,1
5864,24.70586,113.64679,Other,20.74,Tropical,1
5865,24.79852,113.59105,Forest,20.81,Tropical,1
5866,34.54523889,105.735125,Cropland,9.63,Temperate,10
5867,34.54581389,105.734175,Cropland,9.63,Temperate,10
5868,34.54462778,105.7349861,Cropland,9.63,Temperate,10
5869,34.53656389,105.7340722,Forest,9.46,Temperate,10
5870,34.53620278,105.7354861,Cropland,9.46,Temperate,10
5871,43.7833,125.4333,Grassland,4.78,Temperate,1
5872,45.6333,126.35,Forest,4.3,Temperate,1
5873,44.8667,126.0333,Cropland,4.48,Temperate,1
5874,44.0,125.6667,Cropland,4.68,Temperate,1
5875,46.95,127.65,Cropland,2.33,Temperate,1
5876,48.3333,126.8333,Cropland,0.64,Temperate,1
5877,47.9333,126.1167,Cropland,1.75,Temperate,1
5878,46.6,127.1833,Cropland,3.06,Temperate,1
5879,47.6833,127.5833,Forest,1.04,Temperate,1
5880,43.5,124.7,Cropland,5.14,Temperate,1
