SOC_g_kg,log_SOC,depth_bin
7.0,2.0794415416798357,0-20cm
4.2,1.6486586255873816,0-20cm
3.5,1.5040773967762742,20-50cm
2.9,1.3609765531356006,50-100cm
11.8,2.5494451709255714,0-20cm
7.6,2.151762203259462,20-50cm
4.6,1.7227665977411035,50-100cm
3.9,1.589235205116581,50-100cm
13.9,2.7013612129514133,0-20cm
7.3,2.1162555148025524,20-50cm
3.6,1.5260563034950494,20-50cm
3.1,1.410986973710262,50-100cm
2.1,1.1314021114911006,>100cm
15.9,2.827313621929028,0-20cm
10.3,2.424802725718295,0-20cm
8.9,2.2925347571405443,50-100cm
17.2,2.9014215940827497,0-20cm
13.5,2.6741486494265287,20-50cm
5.2,1.824549292051046,50-100cm
3.1,1.410986973710262,>100cm
18.7,2.9806186357439426,0-20cm
8.8,2.2823823856765264,20-50cm
5.5,1.8718021769015913,20-50cm
2.9,1.3609765531356006,50-100cm
25.7,3.2846635654062037,0-20cm
24.0,3.2188758248682006,0-20cm
15.5,2.803360380906535,20-50cm
13.9,2.7013612129514133,50-100cm
16.1,2.8390784635086144,0-20cm
13.0,2.6390573296152584,0-20cm
12.8,2.624668592163159,20-50cm
13.5,2.6741486494265287,50-100cm
21.8,3.126760535960395,0-20cm
22.8,3.169685580677429,20-50cm
34.1,3.55820113047182,20-50cm
16.2,2.8449093838194073,50-100cm
8.4,2.2407096892759584,50-100cm
18.0,2.9444389791664403,0-20cm
10.0,2.3978952727983707,20-50cm
6.2,1.9740810260220096,50-100cm
4.5,1.7047480922384253,50-100cm
4.1,1.62924053973028,>100cm
15.7,2.8154087194227095,0-20cm
7.3,2.1162555148025524,20-50cm
4.8,1.7578579175523736,50-100cm
2.3,1.1939224684724346,50-100cm
11.7,2.5416019934645457,0-20cm
8.1,2.2082744135228043,0-20cm
14.6,2.747270914255491,20-50cm
11.3,2.509599262378372,>100cm
30.6,3.4531571205928664,0-20cm
21.3,3.104586678466073,0-20cm
10.8,2.468099531471619,20-50cm
10.8,2.468099531471619,50-100cm
14.2,2.7212954278522306,0-20cm
5.1,1.8082887711792655,0-20cm
4.0,1.6094379124341003,20-50cm
3.5,1.5040773967762742,50-100cm
49.6,3.92395157629342,0-20cm
16.4,2.856470206220483,20-50cm
6.8,2.0541237336955462,20-50cm
6.2,1.9740810260220096,50-100cm
16.5,2.8622008809294686,0-20cm
12.9,2.631888840136646,0-20cm
10.3,2.424802725718295,20-50cm
20.8,3.0819099697950434,50-100cm
118.4,4.782479200958502,50-100cm
19.6,3.0252910757955354,0-20cm
15.1,2.7788192719904172,0-20cm
4.5,1.7047480922384253,0-20cm
3.4,1.4816045409242156,20-50cm
4.4,1.6863989535702288,50-100cm
19.6,3.0252910757955354,0-20cm
14.5,2.740840023925201,0-20cm
7.3,2.1162555148025524,20-50cm
5.0,1.791759469228055,50-100cm
2.2,1.1631508098056809,>100cm
15.1,2.7788192719904172,0-20cm
6.1,1.9600947840472698,0-20cm
5.5,1.8718021769015913,20-50cm
4.0,1.6094379124341003,20-50cm
5.0,1.791759469228055,50-100cm
27.0,3.332204510175204,0-20cm
13.5,2.6741486494265287,0-20cm
8.8,2.2823823856765264,20-50cm
6.2,1.9740810260220096,50-100cm
4.8,1.7578579175523736,>100cm
23.5,3.1986731175506815,0-20cm
16.6,2.8678989020441064,0-20cm
15.9,2.827313621929028,20-50cm
5.9,1.9315214116032138,20-50cm
1.8,1.0296194171811583,50-100cm
2.0,1.0986122886681098,50-100cm
22.5,3.1570004211501135,0-20cm
14.7,2.7536607123542622,20-50cm
9.3,2.33214389523559,20-50cm
6.5,2.0149030205422647,50-100cm
5.5,1.8718021769015913,>100cm
17.1,2.89591193827178,0-20cm
15.7,2.8154087194227095,0-20cm
12.8,2.624668592163159,20-50cm
10.1,2.4069451083182885,50-100cm
10.2,2.4159137783010487,0-20cm
6.5,2.0149030205422647,0-20cm
7.0,2.0794415416798357,20-50cm
6.6,2.028148247292285,>100cm
8.2,2.2192034840549946,0-20cm
4.6,1.7227665977411035,0-20cm
6.2,1.9740810260220096,20-50cm
3.0,1.3862943611198906,50-100cm
2.4,1.2237754316221157,50-100cm
17.5,2.917770732084279,0-20cm
14.6,2.747270914255491,0-20cm
7.6,2.151762203259462,20-50cm
3.3,1.4586150226995167,20-50cm
42.9,3.7819143200811256,0-20cm
24.9,3.254242968705492,0-20cm
41.2,3.742420221041966,20-50cm
29.0,3.4011973816621555,20-50cm
20.8,3.0819099697950434,50-100cm
25.5,3.2771447329921766,0-20cm
7.9,2.186051276738094,0-20cm
9.4,2.341805806147327,20-50cm
11.9,2.5572273113676265,20-50cm
19.5,3.0204248861443626,0-20cm
9.6,2.3608540011180215,0-20cm
2.6,1.2809338454620642,20-50cm
2.8,1.33500106673234,50-100cm
12.8,2.624668592163159,0-20cm
7.3,2.1162555148025524,0-20cm
3.2,1.4350845252893227,20-50cm
5.1,1.8082887711792655,20-50cm
4.0,1.6094379124341003,50-100cm
23.3,3.190476350346503,0-20cm
16.4,2.856470206220483,0-20cm
3.7,1.547562508716013,20-50cm
2.9,1.3609765531356006,50-100cm
2.0,1.0986122886681098,50-100cm
17.2,2.9014215940827497,0-20cm
16.2,2.8449093838194073,0-20cm
8.5,2.2512917986064953,0-20cm
5.8,1.916922612182061,20-50cm
24.6,3.242592351485517,0-20cm
6.8,2.0541237336955462,0-20cm
9.6,2.3608540011180215,20-50cm
10.0,2.3978952727983707,20-50cm
7.0,2.0794415416798357,50-100cm
14.8,2.760009940032921,0-20cm
3.6,1.5260563034950494,0-20cm
2.3,1.1939224684724346,20-50cm
1.5,0.9162907318741551,20-50cm
1.4,0.8754687373538999,50-100cm
14.2,2.7212954278522306,0-20cm
6.1,1.9600947840472698,0-20cm
2.7,1.308332819650179,20-50cm
2.0,1.0986122886681098,20-50cm
3.7,1.547562508716013,50-100cm
26.2,3.3032169733019514,0-20cm
27.6,3.353406717825807,0-20cm
75.4,4.335982696172475,20-50cm
32.9,3.5234150143864045,50-100cm
3.1,1.410986973710262,50-100cm
21.8,3.126760535960395,0-20cm
16.5,2.8622008809294686,0-20cm
8.5,2.2512917986064953,20-50cm
5.9,1.9315214116032138,20-50cm
6.1,1.9600947840472698,50-100cm
18.9,2.990719731730447,0-20cm
7.3,2.1162555148025524,0-20cm
6.3,1.9878743481543455,20-50cm
6.0,1.9459101490553132,50-100cm
13.5,2.6741486494265287,0-20cm
5.7,1.9021075263969205,0-20cm
4.6,1.7227665977411035,20-50cm
2.6,1.2809338454620642,50-100cm
2.1,1.1314021114911006,50-100cm
25.1,3.261935314328648,0-20cm
21.0,3.091042453358316,0-20cm
6.7,2.0412203288596382,20-50cm
1.5,0.9162907318741551,50-100cm
21.3,3.104586678466073,0-20cm
18.6,2.975529566236472,0-20cm
4.9,1.7749523509116738,20-50cm
4.1,1.62924053973028,20-50cm
1.6,0.9555114450274363,50-100cm
0.7,0.5306282510621704,50-100cm
14.0,2.70805020110221,0-20cm
13.5,2.6741486494265287,0-20cm
7.1,2.0918640616783932,20-50cm
5.4,1.8562979903656263,20-50cm
3.2,1.4350845252893227,50-100cm
8.6,2.2617630984737906,0-20cm
5.8,1.916922612182061,20-50cm
4.1,1.62924053973028,20-50cm
3.7,1.547562508716013,50-100cm
13.5,2.6741486494265287,0-20cm
6.6,2.028148247292285,0-20cm
7.2,2.1041341542702074,20-50cm
5.0,1.791759469228055,50-100cm
16.7,2.8735646395797834,0-20cm
1.8,1.0296194171811583,0-20cm
1.5,0.9162907318741551,50-100cm
1.3,0.832909122935104,>100cm
7.6,2.151762203259462,0-20cm
18.0,2.9444389791664403,0-20cm
13.6,2.681021528714291,20-50cm
9.4,2.341805806147327,20-50cm
5.5,1.8718021769015913,0-20cm
2.8,1.33500106673234,20-50cm
2.2,1.1631508098056809,20-50cm
1.4,0.8754687373538999,50-100cm
17.2,2.9014215940827497,0-20cm
6.8,2.0541237336955462,0-20cm
2.9,1.3609765531356006,20-50cm
1.8,1.0296194171811583,50-100cm
1.7,0.9932517730102833,>100cm
3.9,1.589235205116581,0-20cm
2.6,1.2809338454620642,0-20cm
2.2,1.1631508098056809,20-50cm
2.0,1.0986122886681098,50-100cm
10.7,2.4595888418037104,0-20cm
3.9,1.589235205116581,0-20cm
4.1,1.62924053973028,20-50cm
4.4,1.6863989535702288,50-100cm
11.9,2.5572273113676265,0-20cm
5.9,1.9315214116032138,20-50cm
4.2,1.6486586255873816,50-100cm
3.0,1.3862943611198906,50-100cm
21.4,3.109060958860994,0-20cm
15.2,2.785011242238338,0-20cm
4.3,1.667706820558076,20-50cm
3.3,1.4586150226995167,50-100cm
2.2,1.1631508098056809,50-100cm
16.2,2.8449093838194073,0-20cm
14.1,2.714694743820879,0-20cm
8.3,2.2300144001592104,20-50cm
9.5,2.3513752571634776,50-100cm
7.0,2.0794415416798357,0-20cm
3.8,1.5686159179138452,0-20cm
3.7,1.547562508716013,20-50cm
2.7,1.308332819650179,50-100cm
20.1,3.0492730404820207,0-20cm
9.5,2.3513752571634776,0-20cm
5.4,1.8562979903656263,20-50cm
5.8,1.916922612182061,50-100cm
12.4,2.5952547069568657,0-20cm
5.8,1.916922612182061,0-20cm
1.4,0.8754687373538999,0-20cm
0.7,0.5306282510621704,20-50cm
4.5,1.7047480922384253,0-20cm
3.3,1.4586150226995167,0-20cm
1.3,0.832909122935104,20-50cm
2.4,1.2237754316221157,50-100cm
12.0,2.5649493574615367,0-20cm
7.8,2.174751721484161,0-20cm
5.2,1.824549292051046,20-50cm
1.8,1.0296194171811583,50-100cm
20.6,3.0726933146901194,0-20cm
6.9,2.066862759472976,0-20cm
1.6,0.9555114450274363,20-50cm
1.3,0.832909122935104,>100cm
14.2,2.7212954278522306,0-20cm
8.4,2.2407096892759584,0-20cm
1.5,0.9162907318741551,20-50cm
1.5,0.9162907318741551,50-100cm
16.0,2.833213344056216,0-20cm
10.9,2.4765384001174837,0-20cm
4.0,1.6094379124341003,20-50cm
3.2,1.4350845252893227,>100cm
15.2,2.785011242238338,0-20cm
14.4,2.7343675094195836,20-50cm
13.7,2.6878474937846906,20-50cm
11.7,2.5416019934645457,50-100cm
13.0,2.6390573296152584,50-100cm
21.3,3.104586678466073,0-20cm
20.9,3.086486636822455,0-20cm
17.3,2.9069010598473755,20-50cm
18.8,2.9856819377004897,0-20cm
14.9,2.766319109226186,0-20cm
6.5,2.0149030205422647,20-50cm
2.8,1.33500106673234,50-100cm
28.6,3.3877743613300146,0-20cm
23.7,3.2068032436339315,0-20cm
23.3,3.190476350346503,20-50cm
22.3,3.1484533605716547,50-100cm
19.8,3.0349529867072724,50-100cm
21.7,3.122364924487357,0-20cm
14.1,2.714694743820879,0-20cm
5.7,1.9021075263969205,20-50cm
9.5,2.3513752571634776,0-20cm
6.5,2.0149030205422647,0-20cm
0.7,0.5306282510621704,20-50cm
1.1,0.7419373447293773,50-100cm
1.0,0.6931471805599453,50-100cm
4.2,1.6486586255873816,0-20cm
2.7,1.308332819650179,0-20cm
3.7,1.547562508716013,20-50cm
2.4,1.2237754316221157,50-100cm
16.9,2.884800712846709,0-20cm
9.4,2.341805806147327,0-20cm
2.9,1.3609765531356006,20-50cm
5.7,1.9021075263969205,50-100cm
7.4,2.128231705849268,0-20cm
3.2,1.4350845252893227,0-20cm
1.6,0.9555114450274363,20-50cm
1.1,0.7419373447293773,50-100cm
6.5,2.0149030205422647,0-20cm
4.1,1.62924053973028,0-20cm
2.7,1.308332819650179,20-50cm
2.6,1.2809338454620642,50-100cm
15.9,2.827313621929028,0-20cm
5.1,1.8082887711792655,0-20cm
3.7,1.547562508716013,20-50cm
4.3,1.667706820558076,50-100cm
15.4,2.797281334830153,0-20cm
6.3,1.9878743481543455,20-50cm
4.3,1.667706820558076,20-50cm
2.3,1.1939224684724346,20-50cm
5.2,1.824549292051046,0-20cm
2.3,1.1939224684724346,0-20cm
0.9,0.6418538861723948,20-50cm
1.0,0.6931471805599453,50-100cm
8.5,2.2512917986064953,0-20cm
1.5,0.9162907318741551,0-20cm
1.3,0.832909122935104,20-50cm
1.7,0.9932517730102833,50-100cm
16.2,2.8449093838194073,0-20cm
4.3,1.667706820558076,0-20cm
0.8,0.5877866649021191,20-50cm
6.6,2.028148247292285,0-20cm
2.2,1.1631508098056809,20-50cm
1.4,0.8754687373538999,20-50cm
0.7,0.5306282510621704,>100cm
9.4,2.341805806147327,0-20cm
6.9,2.066862759472976,0-20cm
2.1,1.1314021114911006,20-50cm
2.6,1.2809338454620642,50-100cm
9.7,2.3702437414678603,0-20cm
3.2,1.4350845252893227,0-20cm
1.9,1.0647107369924282,20-50cm
1.1,0.7419373447293773,>100cm
16.6,2.8678989020441064,0-20cm
11.8,2.5494451709255714,0-20cm
2.9,1.3609765531356006,20-50cm
3.8,1.5686159179138452,50-100cm
17.5,2.917770732084279,0-20cm
10.1,2.4069451083182885,0-20cm
3.9,1.589235205116581,20-50cm
3.0,1.3862943611198906,50-100cm
32.4,3.5085558999826545,0-20cm
16.5,2.8622008809294686,0-20cm
22.5,3.1570004211501135,20-50cm
35.7,3.6027767550605247,50-100cm
17.2,2.9014215940827497,0-20cm
12.0,2.5649493574615367,0-20cm
1.1,0.7419373447293773,20-50cm
1.6,0.9555114450274363,50-100cm
9.3,2.33214389523559,0-20cm
3.7,1.547562508716013,0-20cm
1.6,0.9555114450274363,20-50cm
2.6,1.2809338454620642,20-50cm
2.0,1.0986122886681098,0-20cm
0.6,0.4700036292457355,20-50cm
0.4,0.33647223662121295,20-50cm
5.2,1.824549292051046,0-20cm
2.1,1.1314021114911006,0-20cm
1.0,0.6931471805599453,20-50cm
12.4,2.5952547069568657,0-20cm
11.4,2.517696472610991,0-20cm
13.8,2.6946271807700692,20-50cm
24.9,3.254242968705492,0-20cm
11.2,2.501435951739211,0-20cm
8.9,2.2925347571405443,20-50cm
7.6,2.151762203259462,>100cm
8.4,2.2407096892759584,0-20cm
3.5,1.5040773967762742,0-20cm
1.8,1.0296194171811583,20-50cm
2.7,1.308332819650179,50-100cm
1.6,0.9555114450274363,0-20cm
4.0,1.6094379124341003,20-50cm
6.0,1.9459101490553132,0-20cm
2.8,1.33500106673234,0-20cm
4.3,1.667706820558076,20-50cm
4.4,1.6863989535702288,>100cm
5.8,1.916922612182061,0-20cm
4.2,1.6486586255873816,0-20cm
6.3,1.9878743481543455,20-50cm
8.1,2.2082744135228043,0-20cm
7.7,2.1633230256605382,0-20cm
5.3,1.840549633397487,20-50cm
3.5,1.5040773967762742,50-100cm
3.2,1.4350845252893227,0-20cm
3.5,1.5040773967762742,20-50cm
2.0,1.0986122886681098,20-50cm
4.3,1.667706820558076,50-100cm
9.5,2.3513752571634776,0-20cm
7.0,2.0794415416798357,0-20cm
4.7,1.7404661748405046,20-50cm
3.1,1.410986973710262,50-100cm
3.6,1.5260563034950494,50-100cm
3.6,1.5260563034950494,0-20cm
2.6,1.2809338454620642,20-50cm
5.2,1.824549292051046,50-100cm
22.0,3.1354942159291497,0-20cm
10.6,2.451005098112319,0-20cm
7.1,2.0918640616783932,20-50cm
14.3,2.72785282839839,0-20cm
7.5,2.1400661634962708,20-50cm
5.8,1.916922612182061,50-100cm
6.2,1.9740810260220096,>100cm
32.4,3.5085558999826545,0-20cm
13.7,2.6878474937846906,20-50cm
9.3,2.33214389523559,20-50cm
4.9,1.7749523509116738,50-100cm
29.9,3.4307561839036995,0-20cm
10.2,2.4159137783010487,0-20cm
6.8,2.0541237336955462,50-100cm
27.7,3.3568971227655755,0-20cm
15.6,2.8094026953624973,20-50cm
10.0,2.3978952727983707,20-50cm
6.7,2.0412203288596382,>100cm
20.2,3.054001181677967,0-20cm
10.1,2.4069451083182885,0-20cm
7.2,2.1041341542702074,50-100cm
6.6,2.028148247292285,50-100cm
22.2,3.1441522786722644,0-20cm
13.8,2.6946271807700692,20-50cm
10.0,2.3978952727983707,20-50cm
11.7,2.5416019934645457,0-20cm
14.0,2.70805020110221,20-50cm
8.7,2.272125885509337,50-100cm
5.9,1.9315214116032138,0-20cm
3.4,1.4816045409242156,0-20cm
2.1,1.1314021114911006,50-100cm
1.8,1.0296194171811583,50-100cm
1.6,0.9555114450274363,>100cm
9.76,2.3758355547336385,0-20cm
9.23,2.325324579963535,0-20cm
5.79,1.9154509415706047,20-50cm
5.71,1.9035989509835904,50-100cm
17.4,2.91235066461494,0-20cm
11.8,2.5494451709255714,0-20cm
4.7,1.7404661748405046,20-50cm
5.8,1.916922612182061,50-100cm
18.7,2.9806186357439426,0-20cm
11.0,2.4849066497880004,0-20cm
9.7,2.3702437414678603,20-50cm
8.2,2.2192034840549946,50-100cm
29.1,3.40452517175483,0-20cm
14.8,2.760009940032921,0-20cm
11.2,2.501435951739211,50-100cm
12.0,2.5649493574615367,>100cm
7.2,2.1041341542702074,0-20cm
7.9,2.186051276738094,20-50cm
6.5,2.0149030205422647,50-100cm
9.5,2.3513752571634776,0-20cm
4.3,1.667706820558076,20-50cm
5.9,1.9315214116032138,20-50cm
38.6,3.6788291182604347,0-20cm
11.3,2.509599262378372,20-50cm
4.2,1.6486586255873816,20-50cm
7.0,2.0794415416798357,0-20cm
3.4,1.4816045409242156,20-50cm
3.0,1.3862943611198906,20-50cm
2.1,1.1314021114911006,50-100cm
18.3,2.9601050959108397,0-20cm
8.8,2.2823823856765264,0-20cm
14.0,2.70805020110221,20-50cm
4.8,1.7578579175523736,50-100cm
28.1,3.370738174177447,0-20cm
14.0,2.70805020110221,0-20cm
8.0,2.1972245773362196,50-100cm
4.8,1.7578579175523736,0-20cm
2.7,1.308332819650179,0-20cm
3.0,1.3862943611198906,20-50cm
1.8,1.0296194171811583,50-100cm
29.6,3.4210000089583352,0-20cm
13.4,2.667228206581955,0-20cm
10.0,2.3978952727983707,20-50cm
9.6,2.3608540011180215,50-100cm
5.5,1.8718021769015913,>100cm
19.9,3.039749158970765,0-20cm
11.0,2.4849066497880004,20-50cm
7.2,2.1041341542702074,20-50cm
12.1,2.5726122302071057,0-20cm
6.0,1.9459101490553132,0-20cm
3.9,1.589235205116581,50-100cm
6.1,1.9600947840472698,0-20cm
3.4,1.4816045409242156,20-50cm
4.4,1.6863989535702288,20-50cm
2.7,1.308332819650179,50-100cm
20.4,3.0633909220278057,0-20cm
13.7,2.6878474937846906,20-50cm
10.1,2.4069451083182885,50-100cm
9.5,2.3513752571634776,0-20cm
3.6,1.5260563034950494,0-20cm
2.5,1.252762968495368,50-100cm
14.6,2.747270914255491,0-20cm
4.6,1.7227665977411035,0-20cm
1.3,0.832909122935104,20-50cm
2.7,1.308332819650179,0-20cm
1.3,0.832909122935104,20-50cm
0.8,0.5877866649021191,50-100cm
1.5,0.9162907318741551,>100cm
4.8,1.7578579175523736,0-20cm
4.4,1.6863989535702288,0-20cm
2.8,1.33500106673234,20-50cm
3.9,1.589235205116581,50-100cm
14.4,2.7343675094195836,0-20cm
8.9,2.2925347571405443,0-20cm
5.6,1.8870696490323797,20-50cm
23.3,3.190476350346503,0-20cm
15.7,2.8154087194227095,0-20cm
107.0,4.68213122712422,0-20cm
6.6,2.028148247292285,0-20cm
3.8,1.5686159179138452,0-20cm
2.5,1.252762968495368,20-50cm
4.3,1.667706820558076,50-100cm
8.7,2.272125885509337,0-20cm
5.5,1.8718021769015913,0-20cm
4.8,1.7578579175523736,50-100cm
0.7,0.5306282510621704,0-20cm
0.4,0.33647223662121295,0-20cm
0.3,0.26236426446749106,50-100cm
2.3,1.1939224684724346,0-20cm
0.2,0.18232155679395465,0-20cm
1.0,0.6931471805599453,20-50cm
35.2,3.5890591188317256,0-20cm
26.4,3.3105430133940246,0-20cm
33.0,3.5263605246161616,20-50cm
44.6,3.8199077165203406,50-100cm
58.4,4.084294226368599,50-100cm
29.4,3.414442608412176,50-100cm
22.2,3.1441522786722644,0-20cm
13.4,2.667228206581955,0-20cm
11.0,2.4849066497880004,20-50cm
9.3,2.33214389523559,20-50cm
17.9,2.9391619220655967,50-100cm
14.1,2.714694743820879,0-20cm
12.2,2.580216829592325,20-50cm
4.5,1.7047480922384253,20-50cm
3.4,1.4816045409242156,50-100cm
5.1,1.8082887711792655,50-100cm
10.5,2.4423470353692043,0-20cm
7.4,2.128231705849268,0-20cm
14.9,2.766319109226186,20-50cm
5.1,1.8082887711792655,50-100cm
4.0,1.6094379124341003,>100cm
12.7,2.617395832834079,0-20cm
2.4,1.2237754316221157,0-20cm
5.7,1.9021075263969205,20-50cm
6.7,2.0412203288596382,20-50cm
6.4,2.0014800002101243,20-50cm
5.5,1.8718021769015913,50-100cm
9.2,2.322387720290225,50-100cm
20.7,3.077312260546414,0-20cm
16.6,2.8678989020441064,0-20cm
3.9,1.589235205116581,20-50cm
4.2,1.6486586255873816,20-50cm
4.3,1.667706820558076,50-100cm
22.1,3.139832617527748,0-20cm
17.5,2.917770732084279,0-20cm
7.9,2.186051276738094,20-50cm
6.2,1.9740810260220096,20-50cm
5.9,1.9315214116032138,50-100cm
5.5,1.8718021769015913,50-100cm
13.0,2.6390573296152584,0-20cm
14.0,2.70805020110221,0-20cm
11.4,2.517696472610991,20-50cm
9.1,2.312535423847214,20-50cm
5.3,1.840549633397487,50-100cm
4.8,1.7578579175523736,>100cm
26.4,3.3105430133940246,0-20cm
10.9,2.4765384001174837,0-20cm
4.8,1.7578579175523736,20-50cm
3.8,1.5686159179138452,50-100cm
3.6,1.5260563034950494,50-100cm
2.1,1.1314021114911006,>100cm
15.6,2.8094026953624973,0-20cm
6.0,1.9459101490553132,0-20cm
7.1,2.0918640616783932,20-50cm
5.4,1.8562979903656263,20-50cm
5.8,1.916922612182061,50-100cm
14.2,2.7212954278522306,0-20cm
10.5,2.4423470353692043,20-50cm
5.7,1.9021075263969205,20-50cm
3.6,1.5260563034950494,20-50cm
6.1,1.9600947840472698,50-100cm
7.6,2.151762203259462,>100cm
19.0,2.995732273553991,0-20cm
12.6,2.6100697927420065,0-20cm
8.0,2.1972245773362196,20-50cm
5.8,1.916922612182061,50-100cm
3.8,1.5686159179138452,50-100cm
4.0,1.6094379124341003,>100cm
14.8,2.760009940032921,0-20cm
9.3,2.33214389523559,0-20cm
11.2,2.501435951739211,20-50cm
12.4,2.5952547069568657,50-100cm
12.6,2.6100697927420065,50-100cm
11.5,2.5257286443082556,50-100cm
10.4,2.4336133554004498,0-20cm
9.0,2.302585092994046,0-20cm
12.4,2.5952547069568657,20-50cm
11.0,2.4849066497880004,50-100cm
28.5,3.3843902633457743,0-20cm
25.5,3.2771447329921766,0-20cm
21.3,3.104586678466073,20-50cm
10.9,2.4765384001174837,20-50cm
12.8,2.624668592163159,50-100cm
21.0,3.091042453358316,0-20cm
16.7,2.8735646395797834,0-20cm
11.8,2.5494451709255714,20-50cm
4.6,1.7227665977411035,20-50cm
4.1,1.62924053973028,50-100cm
3.3,1.4586150226995167,50-100cm
11.9,2.5572273113676265,0-20cm
8.0,2.1972245773362196,0-20cm
4.5,1.7047480922384253,20-50cm
1.5,0.9162907318741551,20-50cm
1.1,0.7419373447293773,50-100cm
3.0,1.3862943611198906,>100cm
17.0,2.8903717578961645,0-20cm
12.4,2.5952547069568657,0-20cm
8.7,2.272125885509337,20-50cm
8.7,2.272125885509337,50-100cm
10.9,2.4765384001174837,50-100cm
16.0,2.833213344056216,0-20cm
13.1,2.6461747973841225,0-20cm
12.6,2.6100697927420065,20-50cm
33.0,3.5263605246161616,20-50cm
5.0,1.791759469228055,50-100cm
5.5,1.8718021769015913,50-100cm
13.3,2.6602595372658615,0-20cm
9.6,2.3608540011180215,0-20cm
3.5,1.5040773967762742,20-50cm
8.8,2.2823823856765264,20-50cm
5.7,1.9021075263969205,50-100cm
6.5,2.0149030205422647,50-100cm
24.7,3.246490991901174,0-20cm
11.1,2.4932054526026954,0-20cm
4.2,1.6486586255873816,20-50cm
3.4,1.4816045409242156,50-100cm
3.0,1.3862943611198906,>100cm
25.0,3.258096538021482,0-20cm
20.1,3.0492730404820207,0-20cm
18.6,2.975529566236472,20-50cm
16.0,2.833213344056216,20-50cm
6.6,2.028148247292285,50-100cm
2.7,1.308332819650179,50-100cm
20.9,3.086486636822455,0-20cm
14.6,2.747270914255491,20-50cm
9.5,2.3513752571634776,20-50cm
7.7,2.1633230256605382,50-100cm
11.3,2.509599262378372,0-20cm
6.0,1.9459101490553132,0-20cm
6.1,1.9600947840472698,20-50cm
6.1,1.9600947840472698,50-100cm
4.1,1.62924053973028,>100cm
29.6,3.4210000089583352,0-20cm
13.1,2.6461747973841225,0-20cm
6.5,2.0149030205422647,20-50cm
3.8,1.5686159179138452,20-50cm
2.8,1.33500106673234,50-100cm
1.8,1.0296194171811583,>100cm
14.8,2.760009940032921,0-20cm
13.3,2.6602595372658615,0-20cm
13.9,2.7013612129514133,50-100cm
7.4,2.128231705849268,50-100cm
4.8,1.7578579175523736,>100cm
4.2,1.6486586255873816,>100cm
18.9,2.990719731730447,0-20cm
8.1,2.2082744135228043,0-20cm
5.5,1.8718021769015913,50-100cm
5.3,1.840549633397487,>100cm
3.7,1.547562508716013,>100cm
14.1,2.714694743820879,0-20cm
8.2,2.2192034840549946,0-20cm
6.6,2.028148247292285,20-50cm
6.0,1.9459101490553132,50-100cm
13.4,2.667228206581955,0-20cm
4.9,1.7749523509116738,0-20cm
2.7,1.308332819650179,20-50cm
1.8,1.0296194171811583,50-100cm
15.7,2.8154087194227095,0-20cm
10.7,2.4595888418037104,0-20cm
9.5,2.3513752571634776,20-50cm
7.9,2.186051276738094,50-100cm
12.3,2.5877640352277083,0-20cm
17.9,2.9391619220655967,20-50cm
8.2,2.2192034840549946,20-50cm
4.9,1.7749523509116738,50-100cm
2.1,1.1314021114911006,>100cm
39.1,3.6913763343125234,0-20cm
12.8,2.624668592163159,20-50cm
5.9,1.9315214116032138,50-100cm
4.3,1.667706820558076,>100cm
3.3,1.4586150226995167,>100cm
14.8,2.760009940032921,0-20cm
9.3,2.33214389523559,0-20cm
6.3,1.9878743481543455,20-50cm
4.2,1.6486586255873816,50-100cm
8.5,2.2512917986064953,0-20cm
5.9,1.9315214116032138,20-50cm
2.9,1.3609765531356006,50-100cm
2.5,1.252762968495368,>100cm
6.2,1.9740810260220096,0-20cm
4.1,1.62924053973028,0-20cm
3.7,1.547562508716013,20-50cm
3.0,1.3862943611198906,50-100cm
5.6,1.8870696490323797,0-20cm
2.8,1.33500106673234,0-20cm
0.8,0.5877866649021191,20-50cm
5.1,1.8082887711792655,0-20cm
23.7,3.2068032436339315,0-20cm
14.3,2.72785282839839,0-20cm
4.3,1.667706820558076,20-50cm
2.0,1.0986122886681098,20-50cm
14.2,2.7212954278522306,0-20cm
7.8,2.174751721484161,0-20cm
3.6,1.5260563034950494,20-50cm
2.7,1.308332819650179,50-100cm
6.2,1.9740810260220096,0-20cm
2.1,1.1314021114911006,0-20cm
1.3,0.832909122935104,20-50cm
1.5,0.9162907318741551,50-100cm
0.9,0.6418538861723948,50-100cm
18.7,2.9806186357439426,0-20cm
10.7,2.4595888418037104,0-20cm
11.2,2.501435951739211,20-50cm
11.3,2.509599262378372,20-50cm
30.6,3.4531571205928664,0-20cm
30.8,3.459466289786131,0-20cm
21.1,3.095577608523707,20-50cm
4.1,1.62924053973028,50-100cm
45.3,3.835141961092188,0-20cm
44.3,3.8133070324889884,0-20cm
33.9,3.5524868292083815,20-50cm
4.5,1.7047480922384253,50-100cm
12.5,2.6026896854443837,0-20cm
10.1,2.4069451083182885,0-20cm
2.6,1.2809338454620642,20-50cm
10.4,2.4336133554004498,50-100cm
18.5,2.970414465569701,0-20cm
10.9,2.4765384001174837,0-20cm
2.4,1.2237754316221157,20-50cm
4.8,1.7578579175523736,50-100cm
15.3,2.791165107812717,0-20cm
3.2,1.4350845252893227,0-20cm
1.3,0.832909122935104,20-50cm
1.3,0.832909122935104,50-100cm
8.3,2.2300144001592104,0-20cm
2.3,1.1939224684724346,0-20cm
1.2,0.7884573603642702,20-50cm
2.5,1.252762968495368,50-100cm
3.7,1.547562508716013,0-20cm
1.7,0.9932517730102833,0-20cm
1.9,1.0647107369924282,20-50cm
2.6,1.2809338454620642,50-100cm
25.9,3.292126286607793,0-20cm
27.2,3.339321977944068,0-20cm
11.4,2.517696472610991,20-50cm
9.1,2.312535423847214,20-50cm
14.8,2.760009940032921,0-20cm
9.1,2.312535423847214,0-20cm
7.2,2.1041341542702074,0-20cm
1.4,0.8754687373538999,50-100cm
11.8,2.5494451709255714,0-20cm
7.9,2.186051276738094,0-20cm
1.5,0.9162907318741551,20-50cm
1.5,0.9162907318741551,20-50cm
29.4,3.414442608412176,0-20cm
12.2,2.580216829592325,0-20cm
4.9,1.7749523509116738,20-50cm
21.5,3.1135153092103742,0-20cm
11.8,2.5494451709255714,0-20cm
4.7,1.7404661748405046,20-50cm
4.7,1.7404661748405046,50-100cm
39.4,3.698829784967104,0-20cm
50.6,3.9435216724875173,0-20cm
51.5,3.960813169597578,20-50cm
16.0,2.833213344056216,0-20cm
9.5,2.3513752571634776,0-20cm
4.7,1.7404661748405046,20-50cm
3.8,1.5686159179138452,>100cm
7.8,2.174751721484161,0-20cm
8.2,2.2192034840549946,0-20cm
6.0,1.9459101490553132,50-100cm
71.6,4.28496492183075,0-20cm
48.5,3.901972669574645,20-50cm
17.4,2.91235066461494,20-50cm
11.6,2.533696813957432,50-100cm
6.3,1.9878743481543455,50-100cm
13.0,2.6390573296152584,0-20cm
12.8,2.624668592163159,0-20cm
6.6,2.028148247292285,20-50cm
5.9,1.9315214116032138,50-100cm
11.0,2.4849066497880004,0-20cm
11.4,2.517696472610991,20-50cm
9.4,2.341805806147327,20-50cm
9.9,2.388762789235098,50-100cm
9.8,2.379546134130174,50-100cm
5.7,1.9021075263969205,0-20cm
3.4,1.4816045409242156,20-50cm
3.0,1.3862943611198906,50-100cm
2.6,1.2809338454620642,>100cm
10.9,2.4765384001174837,0-20cm
9.1,2.312535423847214,20-50cm
11.9,2.5572273113676265,50-100cm
8.7,2.272125885509337,>100cm
28.50348028,3.3845082319804214,0-20cm
26.82134571,3.325803557359915,0-20cm
12.69721578,2.617192584443298,20-50cm
19.54756381,3.0227423845229815,0-20cm
12.50580046,2.60311925686907,20-50cm
14.83758701,2.762386039554818,20-50cm
5.116009281,1.8109098055607593,50-100cm
24.14153132,3.22452111300157,0-20cm
21.07888631,3.094621781278117,20-50cm
6.629930394,2.032078722581097,50-100cm
14.19953596,2.7212648984388443,0-20cm
3.039443155,1.3961068495524367,20-50cm
12.78422274,2.6235246584102163,0-20cm
7.447795824,2.1339055581112354,20-50cm
14.79698376,2.7598190205431323,0-20cm
4.031322506,1.615682873211332,0-20cm
3.509280742,1.506137660086652,50-100cm
33.5,3.5409593240373143,0-20cm
14.8,2.760009940032921,20-50cm
11.7,2.5416019934645457,50-100cm
7.5,2.1400661634962708,50-100cm
5.3,1.840549633397487,>100cm
7.5,2.1400661634962708,0-20cm
6.2,1.9740810260220096,0-20cm
2.3,1.1939224684724346,20-50cm
1.5,0.9162907318741551,20-50cm
8.8,2.2823823856765264,0-20cm
7.1,2.0918640616783932,0-20cm
5.2,1.824549292051046,20-50cm
5.4,1.8562979903656263,50-100cm
3.0,1.3862943611198906,>100cm
5.3,1.840549633397487,0-20cm
2.7,1.308332819650179,20-50cm
3.0,1.3862943611198906,20-50cm
2.0,1.0986122886681098,50-100cm
2.0,1.0986122886681098,50-100cm
1.9,1.0647107369924282,>100cm
5.0,1.791759469228055,0-20cm
5.0,1.791759469228055,0-20cm
3.7,1.547562508716013,20-50cm
3.3,1.4586150226995167,50-100cm
3.3,1.4586150226995167,50-100cm
6.8,2.0541237336955462,0-20cm
5.3,1.840549633397487,20-50cm
5.2,1.824549292051046,50-100cm
3.0,1.3862943611198906,50-100cm
3.8,1.5686159179138452,>100cm
1.6,0.9555114450274363,>100cm
17.6,2.9231615807191558,0-20cm
12.9,2.631888840136646,20-50cm
3.3,1.4586150226995167,20-50cm
3.0,1.3862943611198906,50-100cm
2.8,1.33500106673234,>100cm
2.5,1.252762968495368,>100cm
16.2,2.8449093838194073,0-20cm
9.8,2.379546134130174,0-20cm
8.5,2.2512917986064953,20-50cm
8.2,2.2192034840549946,0-20cm
7.0,2.0794415416798357,20-50cm
6.5,2.0149030205422647,50-100cm
3.6,1.5260563034950494,50-100cm
2.9,1.3609765531356006,50-100cm
13.1,2.6461747973841225,0-20cm
11.4,2.517696472610991,20-50cm
10.3,2.424802725718295,20-50cm
5.2,1.824549292051046,50-100cm
5.4,1.8562979903656263,50-100cm
5.3,1.840549633397487,>100cm
6.9,2.066862759472976,0-20cm
6.4,2.0014800002101243,0-20cm
5.0,1.791759469228055,20-50cm
4.3,1.667706820558076,50-100cm
2.6,1.2809338454620642,50-100cm
2.8,1.33500106673234,>100cm
7.7,2.1633230256605382,0-20cm
6.4,2.0014800002101243,20-50cm
4.7,1.7404661748405046,20-50cm
4.0,1.6094379124341003,50-100cm
3.8,1.5686159179138452,>100cm
15.1,2.7788192719904172,0-20cm
12.5,2.6026896854443837,0-20cm
4.0,1.6094379124341003,20-50cm
2.8,1.33500106673234,50-100cm
2.7,1.308332819650179,50-100cm
8.9,2.2925347571405443,0-20cm
5.6,1.8870696490323797,20-50cm
5.3,1.840549633397487,20-50cm
4.3,1.667706820558076,0-20cm
6.1,1.9600947840472698,0-20cm
4.7,1.7404661748405046,0-20cm
3.8,1.5686159179138452,0-20cm
19.0,2.995732273553991,0-20cm
16.0,2.833213344056216,20-50cm
6.5,2.0149030205422647,20-50cm
3.4,1.4816045409242156,50-100cm
36.2,3.616308761279101,0-20cm
30.7,3.456316680883235,0-20cm
32.1,3.4995332823830174,20-50cm
33.8,3.5496173867804286,50-100cm
13.1,2.6461747973841225,50-100cm
22.2,3.1441522786722644,0-20cm
18.5,2.970414465569701,0-20cm
7.5,2.1400661634962708,20-50cm
7.7,2.1633230256605382,50-100cm
43.4,3.7932394694381792,0-20cm
39.0,3.6888794541139363,0-20cm
21.5,3.1135153092103742,20-50cm
9.4,2.341805806147327,20-50cm
6.2,1.9740810260220096,20-50cm
5.1,1.8082887711792655,50-100cm
17.3,2.9069010598473755,0-20cm
10.5,2.4423470353692043,0-20cm
10.0,2.3978952727983707,20-50cm
4.9,1.7749523509116738,50-100cm
3.6,1.5260563034950494,50-100cm
3.5,1.5040773967762742,>100cm
8.9,2.2925347571405443,0-20cm
8.3,2.2300144001592104,0-20cm
4.3,1.667706820558076,20-50cm
4.5,1.7047480922384253,20-50cm
12.3,2.5877640352277083,0-20cm
11.9,2.5572273113676265,0-20cm
7.0,2.0794415416798357,20-50cm
3.1,1.410986973710262,20-50cm
1.3,0.832909122935104,50-100cm
25.6,3.2809112157876537,0-20cm
27.6,3.353406717825807,0-20cm
15.5,2.803360380906535,20-50cm
6.6,2.028148247292285,20-50cm
4.8,1.7578579175523736,50-100cm
6.9,2.066862759472976,50-100cm
7.8,2.174751721484161,>100cm
33.0,3.5263605246161616,0-20cm
19.1,3.0007198150650303,20-50cm
19.6,3.0252910757955354,20-50cm
5.1,1.8082887711792655,50-100cm
15.5,2.803360380906535,0-20cm
7.7,2.1633230256605382,0-20cm
6.7,2.0412203288596382,20-50cm
14.1,2.714694743820879,50-100cm
10.7,2.4595888418037104,50-100cm
15.2,2.785011242238338,0-20cm
15.4,2.797281334830153,0-20cm
9.2,2.322387720290225,20-50cm
6.1,1.9600947840472698,20-50cm
9.0,2.302585092994046,0-20cm
9.3,2.33214389523559,0-20cm
6.4,2.0014800002101243,20-50cm
6.7,2.0412203288596382,20-50cm
5.9,1.9315214116032138,50-100cm
3.8,1.5686159179138452,>100cm
26.0,3.295836866004329,0-20cm
21.5,3.1135153092103742,0-20cm
18.9,2.990719731730447,20-50cm
7.7,2.1633230256605382,50-100cm
17.1,2.89591193827178,0-20cm
8.8,2.2823823856765264,20-50cm
7.1,2.0918640616783932,20-50cm
5.1,1.8082887711792655,50-100cm
19.5,3.0204248861443626,0-20cm
16.9,2.884800712846709,0-20cm
16.7,2.8735646395797834,20-50cm
19.1,3.0007198150650303,20-50cm
15.0,2.772588722239781,50-100cm
7.2,2.1041341542702074,50-100cm
9.5,2.3513752571634776,0-20cm
5.4,1.8562979903656263,0-20cm
4.8,1.7578579175523736,20-50cm
4.1,1.62924053973028,50-100cm
3.9,1.589235205116581,50-100cm
15.8,2.8213788864092133,0-20cm
14.2,2.7212954278522306,0-20cm
6.4,2.0014800002101243,20-50cm
4.7,1.7404661748405046,20-50cm
7.6,2.151762203259462,0-20cm
6.7,2.0412203288596382,20-50cm
6.8,2.0541237336955462,20-50cm
4.5,1.7047480922384253,50-100cm
21.5,3.1135153092103742,0-20cm
22.6,3.1612467120315646,20-50cm
18.5,2.970414465569701,20-50cm
19.7,3.0301337002713233,50-100cm
24.2,3.2268439945173775,50-100cm
81.5,4.412798293340635,0-20cm
100.4,4.619073091157083,0-20cm
73.5,4.310799125385514,20-50cm
19.4,3.0155349008501706,20-50cm
10.9,2.4765384001174837,20-50cm
9.5,2.3513752571634776,50-100cm
44.8,3.824284091120139,0-20cm
51.0,3.9512437185814275,0-20cm
17.7,2.928523523860541,20-50cm
21.5,3.1135153092103742,0-20cm
16.5,2.8622008809294686,0-20cm
17.1,2.89591193827178,50-100cm
5.2,1.824549292051046,>100cm
6.3,1.9878743481543455,0-20cm
3.7,1.547562508716013,0-20cm
3.2,1.4350845252893227,20-50cm
2.9,1.3609765531356006,50-100cm
2.6,1.2809338454620642,50-100cm
18.0,2.9444389791664403,0-20cm
4.2,1.6486586255873816,20-50cm
3.3,1.4586150226995167,20-50cm
2.5,1.252762968495368,50-100cm
25.0,3.258096538021482,0-20cm
8.7,2.272125885509337,20-50cm
6.8,2.0541237336955462,20-50cm
2.6,1.2809338454620642,50-100cm
2.5,1.252762968495368,50-100cm
2.1,1.1314021114911006,>100cm
26.4,3.3105430133940246,0-20cm
17.8,2.9338568698359038,20-50cm
33.6,3.543853682063679,20-50cm
51.6,3.9627161197436642,50-100cm
60.2,4.11414718951828,0-20cm
33.9,3.5524868292083815,20-50cm
25.5,3.2771447329921766,20-50cm
25.1,3.261935314328648,50-100cm
45.5,3.8394523125933104,0-20cm
23.8,3.2108436531709366,0-20cm
24.2,3.2268439945173775,20-50cm
52.0,3.970291913552122,50-100cm
22.0,3.1354942159291497,>100cm
2.2,1.1631508098056809,0-20cm
1.1,0.7419373447293773,20-50cm
0.8,0.5877866649021191,50-100cm
8.5,2.2512917986064953,0-20cm
7.7,2.1633230256605382,20-50cm
4.7,1.7404661748405046,50-100cm
2.4,1.2237754316221157,50-100cm
64.3,4.178992036282385,0-20cm
12.5,2.6026896854443837,0-20cm
3.8,1.5686159179138452,0-20cm
3.9,1.589235205116581,50-100cm
5.7,1.9021075263969205,>100cm
14.4,2.7343675094195836,0-20cm
5.2,1.824549292051046,20-50cm
3.2,1.4350845252893227,50-100cm
2.6,1.2809338454620642,50-100cm
7.6,2.151762203259462,0-20cm
6.5,2.0149030205422647,20-50cm
3.7,1.547562508716013,20-50cm
19.3,3.0106208860477417,0-20cm
14.2,2.7212954278522306,20-50cm
6.9,2.066862759472976,20-50cm
3.1,1.410986973710262,20-50cm
1.8,1.0296194171811583,50-100cm
4.3,1.667706820558076,0-20cm
4.8,1.7578579175523736,20-50cm
4.2,1.6486586255873816,50-100cm
3.4,1.4816045409242156,50-100cm
9.0,2.302585092994046,0-20cm
5.2,1.824549292051046,20-50cm
3.1,1.410986973710262,50-100cm
15.4,2.797281334830153,0-20cm
9.7,2.3702437414678603,20-50cm
2.7,1.308332819650179,50-100cm
1.13,0.7561219797213337,0-20cm
0.33,0.2851789422336624,0-20cm
0.27,0.23901690047049992,20-50cm
0.31,0.27002713721306015,50-100cm
0.31,0.27002713721306015,50-100cm
36.1,3.6136169696133895,0-20cm
20.9,3.086486636822455,20-50cm
7.4,2.128231705849268,50-100cm
1.8,1.0296194171811583,0-20cm
2.0,1.0986122886681098,20-50cm
2.0,1.0986122886681098,50-100cm
4.7,1.7404661748405046,50-100cm
10.2,2.4159137783010487,>100cm
19.1,3.0007198150650303,0-20cm
7.9,2.186051276738094,20-50cm
7.3,2.1162555148025524,50-100cm
3.4,1.4816045409242156,>100cm
20.2,3.054001181677967,0-20cm
19.8,3.0349529867072724,20-50cm
20.9,3.086486636822455,50-100cm
6.5,2.0149030205422647,50-100cm
18.5,2.970414465569701,0-20cm
14.2,2.7212954278522306,0-20cm
10.8,2.468099531471619,20-50cm
7.4,2.128231705849268,50-100cm
10.9,2.4765384001174837,0-20cm
3.4,1.4816045409242156,0-20cm
2.4,1.2237754316221157,50-100cm
1.6,0.9555114450274363,>100cm
13.6,2.681021528714291,0-20cm
6.7,2.0412203288596382,0-20cm
4.2,1.6486586255873816,20-50cm
4.2,1.6486586255873816,50-100cm
2.3,1.1939224684724346,50-100cm
10.2,2.4159137783010487,0-20cm
3.4,1.4816045409242156,20-50cm
3.0,1.3862943611198906,50-100cm
21.4,3.109060958860994,0-20cm
8.9,2.2925347571405443,20-50cm
5.3,1.840549633397487,20-50cm
3.1,1.410986973710262,50-100cm
15.4,2.797281334830153,0-20cm
6.6,2.028148247292285,0-20cm
5.3,1.840549633397487,20-50cm
1.8,1.0296194171811583,50-100cm
13.3,2.6602595372658615,0-20cm
4.3,1.667706820558076,20-50cm
2.4,1.2237754316221157,50-100cm
6.3,1.9878743481543455,0-20cm
2.7,1.308332819650179,20-50cm
2.4,1.2237754316221157,20-50cm
1.7,0.9932517730102833,50-100cm
12.1,2.5726122302071057,0-20cm
4.7,1.7404661748405046,20-50cm
2.6,1.2809338454620642,50-100cm
13.5,2.6741486494265287,0-20cm
7.5,2.1400661634962708,20-50cm
5.8,1.916922612182061,50-100cm
15.0,2.772588722239781,0-20cm
17.7,2.928523523860541,0-20cm
11.5,2.5257286443082556,20-50cm
4.6,1.7227665977411035,20-50cm
3.1,1.410986973710262,50-100cm
8.5,2.2512917986064953,0-20cm
5.7,1.9021075263969205,20-50cm
4.5,1.7047480922384253,50-100cm
15.9,2.827313621929028,0-20cm
6.2,1.9740810260220096,0-20cm
3.6,1.5260563034950494,20-50cm
3.6,1.5260563034950494,50-100cm
3.4,1.4816045409242156,>100cm
8.7,2.272125885509337,0-20cm
4.7,1.7404661748405046,20-50cm
3.6,1.5260563034950494,20-50cm
2.7,1.308332819650179,50-100cm
12.6,2.6100697927420065,0-20cm
13.5,2.6741486494265287,20-50cm
6.4,2.0014800002101243,20-50cm
2.1,1.1314021114911006,50-100cm
14.4,2.7343675094195836,0-20cm
7.5,2.1400661634962708,20-50cm
11.2,2.501435951739211,20-50cm
6.1,1.9600947840472698,50-100cm
16.3,2.8507065015037334,0-20cm
7.8,2.174751721484161,20-50cm
6.9,2.066862759472976,50-100cm
8.0,2.1972245773362196,50-100cm
7.2,2.1041341542702074,0-20cm
4.2,1.6486586255873816,0-20cm
3.6,1.5260563034950494,50-100cm
2.6,1.2809338454620642,>100cm
2.1,1.1314021114911006,0-20cm
1.5,0.9162907318741551,20-50cm
1.3,0.832909122935104,50-100cm
0.8,0.5877866649021191,>100cm
14.4,2.7343675094195836,0-20cm
6.9,2.066862759472976,0-20cm
5.1,1.8082887711792655,20-50cm
3.3,1.4586150226995167,50-100cm
2.5,1.252762968495368,50-100cm
6.5,2.0149030205422647,0-20cm
6.3,1.9878743481543455,0-20cm
6.8,2.0541237336955462,20-50cm
2.2,1.1631508098056809,50-100cm
18.3,2.9601050959108397,0-20cm
9.1,2.312535423847214,20-50cm
6.0,1.9459101490553132,20-50cm
4.7,1.7404661748405046,50-100cm
14.1,2.714694743820879,0-20cm
3.8,1.5686159179138452,0-20cm
4.0,1.6094379124341003,50-100cm
4.7,1.7404661748405046,>100cm
17.0,2.8903717578961645,0-20cm
10.2,2.4159137783010487,20-50cm
7.4,2.128231705849268,50-100cm
6.4,2.0014800002101243,50-100cm
21.6,3.1179499062782403,0-20cm
14.2,2.7212954278522306,20-50cm
8.8,2.2823823856765264,20-50cm
3.7,1.547562508716013,50-100cm
14.8,2.760009940032921,0-20cm
6.4,2.0014800002101243,20-50cm
3.6,1.5260563034950494,50-100cm
16.1,2.8390784635086144,0-20cm
13.2,2.653241964607215,20-50cm
10.9,2.4765384001174837,20-50cm
9.6,2.3608540011180215,50-100cm
13.2,2.653241964607215,0-20cm
7.1,2.0918640616783932,0-20cm
4.8,1.7578579175523736,20-50cm
3.2,1.4350845252893227,20-50cm
11.7,2.5416019934645457,0-20cm
7.0,2.0794415416798357,0-20cm
5.7,1.9021075263969205,20-50cm
2.0,1.0986122886681098,50-100cm
19.4,3.0155349008501706,0-20cm
15.7,2.8154087194227095,0-20cm
16.0,2.833213344056216,20-50cm
9.1,2.312535423847214,20-50cm
5.4,1.8562979903656263,50-100cm
22.2,3.1441522786722644,0-20cm
18.7,2.9806186357439426,20-50cm
13.2,2.653241964607215,20-50cm
12.4,2.5952547069568657,50-100cm
5.4,1.8562979903656263,>100cm
11.6,2.533696813957432,0-20cm
5.3,1.840549633397487,0-20cm
6.1,1.9600947840472698,20-50cm
5.0,1.791759469228055,50-100cm
16.9,2.884800712846709,0-20cm
10.6,2.451005098112319,0-20cm
8.5,2.2512917986064953,20-50cm
15.2,2.785011242238338,0-20cm
4.9,1.7749523509116738,20-50cm
2.7,1.308332819650179,50-100cm
14.9,2.766319109226186,0-20cm
9.8,2.379546134130174,0-20cm
1.7,0.9932517730102833,20-50cm
7.0,2.0794415416798357,0-20cm
9.9,2.388762789235098,20-50cm
16.8,2.8791984572980396,50-100cm
4.8,1.7578579175523736,50-100cm
12.9,2.631888840136646,0-20cm
8.5,2.2512917986064953,0-20cm
6.2,1.9740810260220096,20-50cm
2.1,1.1314021114911006,50-100cm
5.0,1.791759469228055,0-20cm
6.9,2.066862759472976,20-50cm
3.6,1.5260563034950494,50-100cm
2.7,1.308332819650179,50-100cm
3.5,1.5040773967762742,50-100cm
27.1,3.3357695763397,0-20cm
12.2,2.580216829592325,0-20cm
5.6,1.8870696490323797,20-50cm
11.4,2.517696472610991,0-20cm
4.9,1.7749523509116738,20-50cm
3.5,1.5040773967762742,50-100cm
3.1,1.410986973710262,>100cm
3.0,1.3862943611198906,>100cm
15.4,2.797281334830153,0-20cm
6.9,2.066862759472976,20-50cm
6.9,2.066862759472976,20-50cm
3.7,1.547562508716013,50-100cm
11.9,2.5572273113676265,0-20cm
4.1,1.62924053973028,0-20cm
8.0,2.1972245773362196,20-50cm
5.0,1.791759469228055,50-100cm
5.9,1.9315214116032138,50-100cm
13.7,2.6878474937846906,0-20cm
14.0,2.70805020110221,20-50cm
12.1,2.5726122302071057,20-50cm
8.6,2.2617630984737906,50-100cm
3.3,1.4586150226995167,0-20cm
2.4,1.2237754316221157,20-50cm
2.7,1.308332819650179,50-100cm
1.1,0.7419373447293773,50-100cm
2.4,1.2237754316221157,>100cm
5.8,1.916922612182061,0-20cm
4.8,1.7578579175523736,20-50cm
5.2,1.824549292051046,50-100cm
19.9,3.039749158970765,0-20cm
10.6,2.451005098112319,0-20cm
23.7,3.2068032436339315,20-50cm
3.1,1.410986973710262,50-100cm
36.2,3.616308761279101,0-20cm
12.5,2.6026896854443837,0-20cm
4.8,1.7578579175523736,20-50cm
1.6,0.9555114450274363,50-100cm
36.2,3.616308761279101,0-20cm
7.7,2.1633230256605382,20-50cm
6.5,2.0149030205422647,20-50cm
29.8,3.427514689979529,0-20cm
5.7,1.9021075263969205,0-20cm
5.5,1.8718021769015913,20-50cm
36.5,3.624340932976365,0-20cm
31.5,3.481240089335692,0-20cm
31.9,3.493472657771326,20-50cm
32.9,3.5234150143864045,20-50cm
17.8,2.9338568698359038,50-100cm
63.7,4.169761201506855,0-20cm
39.0,3.6888794541139363,20-50cm
21.3,3.104586678466073,50-100cm
17.6,2.9231615807191558,0-20cm
14.0,2.70805020110221,0-20cm
13.5,2.6741486494265287,20-50cm
4.3,1.667706820558076,50-100cm
1.7,0.9932517730102833,50-100cm
14.0,2.70805020110221,0-20cm
6.1,1.9600947840472698,20-50cm
3.1,1.410986973710262,50-100cm
22.0,3.1354942159291497,0-20cm
6.0,1.9459101490553132,20-50cm
3.0,1.3862943611198906,50-100cm
31.5,3.481240089335692,0-20cm
14.7,2.7536607123542622,20-50cm
7.8,2.174751721484161,20-50cm
2.6,1.2809338454620642,50-100cm
2.4,1.2237754316221157,50-100cm
17.5,2.917770732084279,0-20cm
5.1,1.8082887711792655,0-20cm
4.1,1.62924053973028,50-100cm
19.0,2.995732273553991,0-20cm
11.5,2.5257286443082556,0-20cm
8.5,2.2512917986064953,20-50cm
11.2,2.501435951739211,50-100cm
16.6,2.8678989020441064,0-20cm
5.7,1.9021075263969205,20-50cm
2.6,1.2809338454620642,50-100cm
0.7,0.5306282510621704,>100cm
59.5,4.102643365036796,0-20cm
25.1,3.261935314328648,0-20cm
23.9,3.214867803470662,20-50cm
11.7,2.5416019934645457,20-50cm
3.9,1.589235205116581,50-100cm
12.8,2.624668592163159,0-20cm
2.8,1.33500106673234,20-50cm
2.4,1.2237754316221157,50-100cm
2.7,1.308332819650179,50-100cm
21.3,3.104586678466073,0-20cm
14.4,2.7343675094195836,20-50cm
14.2,2.7212954278522306,50-100cm
11.3,2.509599262378372,50-100cm
41.0,3.7376696182833684,0-20cm
24.3,3.2308043957334744,0-20cm
11.7,2.5416019934645457,20-50cm
11.4,2.517696472610991,50-100cm
21.3,3.104586678466073,0-20cm
15.8,2.8213788864092133,20-50cm
14.5,2.740840023925201,20-50cm
3.3,1.4586150226995167,50-100cm
16.1,2.8390784635086144,0-20cm
12.2,2.580216829592325,20-50cm
7.3,2.1162555148025524,20-50cm
18.1,2.9496883350525844,0-20cm
11.5,2.5257286443082556,0-20cm
11.0,2.4849066497880004,20-50cm
13.3,2.6602595372658615,20-50cm
0.61,0.4762341789963716,0-20cm
0.63,0.48858001481867097,0-20cm
0.76,0.5653138090500605,0-20cm
9.9,2.388762789235098,0-20cm
19.0,2.995732273553991,0-20cm
13.5,2.6741486494265287,20-50cm
2.7,1.308332819650179,0-20cm
4.9,1.7749523509116738,0-20cm
2.7,1.308332819650179,>100cm
11.2,2.501435951739211,0-20cm
9.3,2.33214389523559,0-20cm
75.4,4.335982696172475,0-20cm
70.3,4.26689632742025,0-20cm
90.1,4.511957804265912,20-50cm
25.7,3.2846635654062037,50-100cm
4.4,1.6863989535702288,50-100cm
43.7,3.7999735016195233,0-20cm
33.6,3.543853682063679,0-20cm
19.8,3.0349529867072724,20-50cm
9.6,2.3608540011180215,20-50cm
6.5,2.0149030205422647,50-100cm
27.3,3.342861804649192,0-20cm
25.6,3.2809112157876537,0-20cm
11.3,2.509599262378372,20-50cm
4.2,1.6486586255873816,20-50cm
3.2,1.4350845252893227,50-100cm
29.2,3.407841924380824,0-20cm
20.0,3.044522437723423,0-20cm
9.9,2.388762789235098,20-50cm
2.6,1.2809338454620642,50-100cm
21.2,3.100092288878234,0-20cm
7.8,2.174751721484161,20-50cm
6.2,1.9740810260220096,20-50cm
6.2,1.9740810260220096,20-50cm
5.5,1.8718021769015913,50-100cm
18.3,2.9601050959108397,0-20cm
4.6,1.7227665977411035,0-20cm
4.7,1.7404661748405046,20-50cm
4.8,1.7578579175523736,50-100cm
27.7,3.3568971227655755,0-20cm
17.3,2.9069010598473755,0-20cm
8.4,2.2407096892759584,0-20cm
5.2,1.824549292051046,20-50cm
2.0,1.0986122886681098,50-100cm
27.3,3.342861804649192,0-20cm
8.1,2.2082744135228043,0-20cm
8.0,2.1972245773362196,20-50cm
7.9,2.186051276738094,50-100cm
31.3,3.475067230228611,0-20cm
16.6,2.8678989020441064,0-20cm
9.7,2.3702437414678603,20-50cm
9.6,2.3608540011180215,50-100cm
7.9,2.186051276738094,50-100cm
20.7,3.077312260546414,0-20cm
11.7,2.5416019934645457,0-20cm
6.5,2.0149030205422647,20-50cm
9.2,2.322387720290225,50-100cm
19.1,3.0007198150650303,50-100cm
23.8,3.2108436531709366,0-20cm
12.7,2.617395832834079,0-20cm
8.9,2.2925347571405443,20-50cm
7.2,2.1041341542702074,20-50cm
16.5,2.8622008809294686,0-20cm
9.3,2.33214389523559,0-20cm
3.7,1.547562508716013,20-50cm
17.4,2.91235066461494,0-20cm
8.0,2.1972245773362196,0-20cm
3.7,1.547562508716013,20-50cm
2.8,1.33500106673234,50-100cm
2.3,1.1939224684724346,50-100cm
28.1,3.370738174177447,0-20cm
18.1,2.9496883350525844,0-20cm
6.3,1.9878743481543455,0-20cm
3.6,1.5260563034950494,20-50cm
3.6,1.5260563034950494,50-100cm
20.4,3.0633909220278057,0-20cm
4.7,1.7404661748405046,0-20cm
9.0,2.302585092994046,20-50cm
6.6,2.028148247292285,50-100cm
4.7,1.7404661748405046,50-100cm
25.1,3.261935314328648,0-20cm
12.9,2.631888840136646,20-50cm
2.7,1.308332819650179,20-50cm
2.7,1.308332819650179,50-100cm
28.4,3.380994674344636,0-20cm
17.0,2.8903717578961645,0-20cm
7.9,2.186051276738094,20-50cm
3.3,1.4586150226995167,50-100cm
3.9,1.589235205116581,50-100cm
16.1,2.8390784635086144,0-20cm
7.0,2.0794415416798357,0-20cm
5.3,1.840549633397487,20-50cm
3.5,1.5040773967762742,20-50cm
19.6,3.0252910757955354,0-20cm
6.5,2.0149030205422647,0-20cm
2.9,1.3609765531356006,20-50cm
2.3,1.1939224684724346,20-50cm
2.0,1.0986122886681098,50-100cm
15.8,2.8213788864092133,0-20cm
11.2,2.501435951739211,0-20cm
5.7,1.9021075263969205,20-50cm
2.7,1.308332819650179,20-50cm
1.3,0.832909122935104,50-100cm
4.3,1.667706820558076,>100cm
25.1,3.261935314328648,0-20cm
7.8,2.174751721484161,20-50cm
5.5,1.8718021769015913,20-50cm
4.9,1.7749523509116738,20-50cm
3.7,1.547562508716013,50-100cm
25.2,3.265759410767051,0-20cm
6.7,2.0412203288596382,0-20cm
12.0,2.5649493574615367,20-50cm
5.4,1.8562979903656263,50-100cm
16.7,2.8735646395797834,0-20cm
10.1,2.4069451083182885,0-20cm
5.4,1.8562979903656263,20-50cm
5.0,1.791759469228055,50-100cm
22.4,3.152736022363656,0-20cm
7.2,2.1041341542702074,0-20cm
2.2,1.1631508098056809,20-50cm
2.2,1.1631508098056809,20-50cm
1.5,0.9162907318741551,50-100cm
8.5,2.2512917986064953,0-20cm
14.5,2.740840023925201,0-20cm
5.7,1.9021075263969205,20-50cm
6.6,2.028148247292285,20-50cm
4.9,1.7749523509116738,50-100cm
43.8,3.8022081394209395,0-20cm
25.6,3.2809112157876537,0-20cm
4.4,1.6863989535702288,20-50cm
4.6,1.7227665977411035,50-100cm
4.6,1.7227665977411035,50-100cm
25.6,3.2809112157876537,0-20cm
8.4,2.2407096892759584,0-20cm
8.4,2.2407096892759584,20-50cm
5.2,1.824549292051046,20-50cm
4.5,1.7047480922384253,50-100cm
45.2,3.832979798087693,0-20cm
37.9,3.6609942506244004,0-20cm
55.1,4.027135812528651,20-50cm
20.6,3.0726933146901194,20-50cm
9.9,2.388762789235098,0-20cm
7.1,2.0918640616783932,0-20cm
10.2,2.4159137783010487,20-50cm
7.4,2.128231705849268,20-50cm
7.1,2.0918640616783932,50-100cm
24.2,3.2268439945173775,0-20cm
18.7,2.9806186357439426,0-20cm
9.8,2.379546134130174,20-50cm
6.9,2.066862759472976,50-100cm
5.3,1.840549633397487,50-100cm
23.3,3.190476350346503,0-20cm
11.5,2.5257286443082556,0-20cm
11.5,2.5257286443082556,20-50cm
5.6,1.8870696490323797,50-100cm
4.3,1.667706820558076,50-100cm
36.9,3.634951112088381,0-20cm
27.4,3.3463891451671604,0-20cm
5.5,1.8718021769015913,20-50cm
2.6,1.2809338454620642,20-50cm
2.8,1.33500106673234,50-100cm
36.5,3.624340932976365,0-20cm
19.3,3.0106208860477417,0-20cm
9.0,2.302585092994046,20-50cm
3.1,1.410986973710262,50-100cm
20.9,3.086486636822455,0-20cm
8.5,2.2512917986064953,0-20cm
8.0,2.1972245773362196,20-50cm
2.0,1.0986122886681098,20-50cm
17.7,2.928523523860541,0-20cm
20.7,3.077312260546414,0-20cm
8.0,2.1972245773362196,20-50cm
4.4,1.6863989535702288,20-50cm
4.5,1.7047480922384253,50-100cm
10.3,2.424802725718295,0-20cm
6.1,1.9600947840472698,0-20cm
3.1,1.410986973710262,20-50cm
2.8,1.33500106673234,20-50cm
3.2,1.4350845252893227,50-100cm
10.8,2.468099531471619,0-20cm
4.3,1.667706820558076,0-20cm
1.0,0.6931471805599453,20-50cm
7.1,2.0918640616783932,0-20cm
2.2,1.1631508098056809,20-50cm
2.0,1.0986122886681098,50-100cm
1.5,0.9162907318741551,>100cm
16.4,2.856470206220483,0-20cm
14.0,2.70805020110221,20-50cm
6.4,2.0014800002101243,20-50cm
3.0,1.3862943611198906,50-100cm
14.3,2.72785282839839,0-20cm
4.3,1.667706820558076,20-50cm
2.9,1.3609765531356006,20-50cm
2.3,1.1939224684724346,50-100cm
21.9,3.131136910560194,0-20cm
15.1,2.7788192719904172,0-20cm
11.3,2.509599262378372,20-50cm
6.0,1.9459101490553132,20-50cm
3.2,1.4350845252893227,50-100cm
14.9,2.766319109226186,0-20cm
13.3,2.6602595372658615,20-50cm
11.7,2.5416019934645457,20-50cm
4.5,1.7047480922384253,50-100cm
13.4,2.667228206581955,0-20cm
9.5,2.3513752571634776,20-50cm
10.2,2.4159137783010487,20-50cm
6.8,2.0541237336955462,50-100cm
5.7,1.9021075263969205,>100cm
12.9,2.631888840136646,0-20cm
7.0,2.0794415416798357,0-20cm
4.0,1.6094379124341003,20-50cm
2.2,1.1631508098056809,50-100cm
15.5,2.803360380906535,0-20cm
5.9,1.9315214116032138,0-20cm
4.8,1.7578579175523736,20-50cm
4.9,1.7749523509116738,50-100cm
11.6,2.533696813957432,0-20cm
8.0,2.1972245773362196,0-20cm
5.0,1.791759469228055,20-50cm
3.2,1.4350845252893227,50-100cm
32.4,3.5085558999826545,0-20cm
18.9,2.990719731730447,20-50cm
6.9,2.066862759472976,20-50cm
4.1,1.62924053973028,>100cm
40.4,3.7232808808312687,0-20cm
31.1,3.4688560301359703,0-20cm
6.7,2.0412203288596382,20-50cm
5.3,1.840549633397487,50-100cm
24.6,3.242592351485517,0-20cm
11.1,2.4932054526026954,20-50cm
6.7,2.0412203288596382,20-50cm
19.4,3.0155349008501706,0-20cm
10.3,2.424802725718295,0-20cm
5.3,1.840549633397487,20-50cm
28.1,3.370738174177447,0-20cm
3.1,1.410986973710262,20-50cm
2.1,1.1314021114911006,50-100cm
1.5,0.9162907318741551,>100cm
16.1,2.8390784635086144,0-20cm
9.8,2.379546134130174,20-50cm
6.0,1.9459101490553132,20-50cm
15.7,2.8154087194227095,0-20cm
3.2,1.4350845252893227,20-50cm
2.0,1.0986122886681098,50-100cm
20.5,3.068052935133617,0-20cm
17.8,2.9338568698359038,0-20cm
17.3,2.9069010598473755,20-50cm
6.1,1.9600947840472698,20-50cm
22.8,3.169685580677429,0-20cm
13.8,2.6946271807700692,20-50cm
8.1,2.2082744135228043,50-100cm
4.3,1.667706820558076,50-100cm
21.4,3.109060958860994,0-20cm
15.0,2.772588722239781,0-20cm
8.2,2.2192034840549946,20-50cm
3.7,1.547562508716013,50-100cm
10.5,2.4423470353692043,0-20cm
6.0,1.9459101490553132,20-50cm
11.0,2.4849066497880004,50-100cm
8.9,2.2925347571405443,50-100cm
18.6,2.975529566236472,0-20cm
8.1,2.2082744135228043,20-50cm
6.1,1.9600947840472698,50-100cm
18.0,2.9444389791664403,0-20cm
7.4,2.128231705849268,0-20cm
5.3,1.840549633397487,20-50cm
4.8,1.7578579175523736,50-100cm
12.9,2.631888840136646,0-20cm
7.0,2.0794415416798357,0-20cm
7.1,2.0918640616783932,20-50cm
4.5,1.7047480922384253,50-100cm
3.9,1.589235205116581,0-20cm
3.5,1.5040773967762742,0-20cm
3.6,1.5260563034950494,20-50cm
2.3,1.1939224684724346,20-50cm
2.2,1.1631508098056809,50-100cm
100.2,4.617098756853365,0-20cm
18.1,2.9496883350525844,0-20cm
50.1,3.933784497209659,0-20cm
13.4,2.667228206581955,0-20cm
4.1,1.62924053973028,20-50cm
46.9,3.8691155044168695,0-20cm
7.9,2.186051276738094,0-20cm
3.8,1.5686159179138452,20-50cm
3.3,1.4586150226995167,50-100cm
22.0,3.1354942159291497,0-20cm
4.3,1.667706820558076,0-20cm
2.6,1.2809338454620642,20-50cm
2.2,1.1631508098056809,50-100cm
49.8,3.927896354584436,0-20cm
25.6,3.2809112157876537,0-20cm
2.3,1.1939224684724346,0-20cm
1.75,1.0116009116784799,0-20cm
1.81,1.0331844833456545,20-50cm
1.77,1.0188473201992472,50-100cm
21.0,3.091042453358316,0-20cm
20.8,3.0819099697950434,0-20cm
17.8,2.9338568698359038,20-50cm
29.1,3.40452517175483,0-20cm
14.0,2.70805020110221,20-50cm
9.2,2.322387720290225,20-50cm
4.8,1.7578579175523736,50-100cm
13.8,2.6946271807700692,0-20cm
6.9,2.066862759472976,20-50cm
3.1,1.410986973710262,50-100cm
1.7,0.9932517730102833,>100cm
12.7,2.617395832834079,0-20cm
7.6,2.151762203259462,20-50cm
5.1,1.8082887711792655,50-100cm
27.0,3.332204510175204,0-20cm
19.0,2.995732273553991,0-20cm
5.8,1.916922612182061,20-50cm
4.8,1.7578579175523736,50-100cm
9.6,2.3608540011180215,0-20cm
2.5,1.252762968495368,20-50cm
2.6,1.2809338454620642,50-100cm
1.7,0.9932517730102833,50-100cm
8.3,2.2300144001592104,0-20cm
3.4,1.4816045409242156,20-50cm
1.7,0.9932517730102833,50-100cm
1.5,0.9162907318741551,>100cm
9.0,2.302585092994046,0-20cm
5.7,1.9021075263969205,20-50cm
9.3,2.33214389523559,0-20cm
1.5,0.9162907318741551,0-20cm
20.8,3.0819099697950434,0-20cm
15.6,2.8094026953624973,20-50cm
14.1,2.714694743820879,50-100cm
5.8,1.916922612182061,50-100cm
7.0,2.0794415416798357,>100cm
12.9,2.631888840136646,0-20cm
7.9,2.186051276738094,0-20cm
7.5,2.1400661634962708,20-50cm
7.0,2.0794415416798357,50-100cm
11.7,2.5416019934645457,0-20cm
5.2,1.824549292051046,0-20cm
1.9,1.0647107369924282,20-50cm
1.6,0.9555114450274363,50-100cm
9.3,2.33214389523559,0-20cm
7.4,2.128231705849268,0-20cm
3.9,1.589235205116581,20-50cm
2.4,1.2237754316221157,50-100cm
18.64269142,2.9777053312157227,0-20cm
9.466357309,2.348166047344329,20-50cm
6.560324826,2.0229141556705286,20-50cm
3.138051044,1.4202249146750134,50-100cm
26.12529002,3.3004665037850316,0-20cm
6.995359629,2.078861327012856,20-50cm
5.191415313,1.8231637056339018,20-50cm
6.977958237,2.0766825186988944,50-100cm
6.247099768,1.980601356832438,50-100cm
20.91647332,3.0872385604497103,0-20cm
13.51508121,2.6751881923627674,0-20cm
7.134570766,2.096122975419075,20-50cm
4.663573086,1.7340549803162504,50-100cm
24.84918794,3.252279186147652,0-20cm
22.52900232,3.15823380150036,0-20cm
1.618329466,0.9625365060173783,20-50cm
1.020881671,0.7035338869795242,20-50cm
19.78538283,3.034249991106066,0-20cm
10.1450116,2.410992007662773,0-20cm
8.236658933,2.223180232927466,0-20cm
8.979118329,2.3004947426332554,20-50cm
22.34338747,3.1503137521455638,0-20cm
4.860788863,1.768284212788082,0-20cm
4.321345708,1.671726223998009,20-50cm
2.418793503,1.2292877119335197,50-100cm
22.59860789,3.1611877225798564,0-20cm
10.27262181,2.4223769371983868,0-20cm
3.1612529,1.4258162068128326,20-50cm
2.877030162,1.355069438385123,50-100cm
29.6287703,3.4219397731239853,0-20cm
14.97679814,2.771137553553652,0-20cm
7.012761021,2.0810353984400476,20-50cm
8.056844548,2.2035207755047597,20-50cm
5.110208817,1.8099609488679211,50-100cm
39.9361949,3.712014632581939,0-20cm
18.39327146,2.964926173950405,0-20cm
27.90603248,3.3640503096681695,20-50cm
7.209976798,2.1053500973945702,50-100cm
6.345707657,1.9941161503899576,50-100cm
14.99419954,2.7722261277603475,0-20cm
14.00232019,2.7082048684739286,0-20cm
12.66241299,2.6146484849553877,20-50cm
10.59164733,2.450284780987597,50-100cm
5.24361949,1.8315600606937639,50-100cm
12.4187935,2.59665622437235,0-20cm
7.146171694,2.097548086097154,0-20cm
4.965197216,1.7859421171994811,20-50cm
3.138051044,1.4202249146750134,50-100cm
102.175174,4.636428262092275,0-20cm
81.03828306,4.407186004901323,20-50cm
44.08352668,3.808516917699932,0-20cm
36.43851508,3.622699989498074,20-50cm
21.45591647,3.1115541193341025,50-100cm
45.35382831,3.8363038842860337,0-20cm
23.71809745,3.207535665630846,20-50cm
90.21461717,4.513215160224304,0-20cm
22.83062645,3.1709715790571886,0-20cm
20.85266821,3.084323028960327,50-100cm
30.49883991,3.4499507168994423,0-20cm
24.68097448,3.245750425142288,0-20cm
25.29582367,3.2694101307568375,20-50cm
20.29582367,3.0585109816597993,50-100cm
13.02784223,2.641044085422556,50-100cm
27.20417633,3.3394700637873287,0-20cm
26.14849188,3.30132149713914,20-50cm
19.98839907,3.0439698598422873,50-100cm
19.89559165,3.039538210885462,0-20cm
17.70301624,2.928684807110383,20-50cm
7.024361949,2.0824821579423856,>100cm
87.72041763,4.485490050312367,0-20cm
97.5812065,4.590880639993168,20-50cm
40.40023202,3.7232864851633902,50-100cm
84.93039443,4.4535376014461,0-20cm
91.49071926,4.5271083071604306,20-50cm
35.5974478,3.5999785057354776,50-100cm
123.8863109,4.827403810644576,0-20cm
95.51044084,4.569651197725419,20-50cm
124.4083527,4.831575234433527,50-100cm
24.37354988,3.233707288142759,0-20cm
21.60092807,3.117990970479342,0-20cm
7.146171694,2.097548086097154,20-50cm
2.975638051,1.3801852511998272,>100cm
47.9350348,3.89049359802497,0-20cm
57.37238979,4.0668430004711364,20-50cm
24.42575406,3.2357625997052506,50-100cm
38.8863109,3.6860331798155888,0-20cm
40.04640371,3.7147032245089053,20-50cm
15.70185615,2.8155198599529587,50-100cm
12.29698376,2.587537224545704,50-100cm
58.86310905,4.092060439766063,0-20cm
19.61136891,3.0258428123958523,20-50cm
22.61020882,3.1616791956156995,50-100cm
32.67981439,3.516898678373192,>100cm
50.16821346,3.9351185083908096,0-20cm
25.54524362,3.2788505836164252,20-50cm
22.67401392,3.16437798751835,50-100cm
13.8225058,2.6961466878963236,>100cm
92.59280742,4.538953536727491,0-20cm
64.30974478,4.1791412560827075,20-50cm
31.97215777,3.4956635014085977,0-20cm
10.77146172,2.465678103875565,20-50cm
12.46519722,2.6001083730185335,50-100cm
42.23317865,3.7666082247758754,0-20cm
2.024361949,1.1067001432843848,0-20cm
2.012761021,1.1028569410383315,50-100cm
1.432714617,0.8890077601686036,>100cm
3.201856148,1.435526367662603,0-20cm
2.279582367,1.1877160871551184,20-50cm
3.091647332,1.4089476596245278,50-100cm
26.32830626,3.3079230243642064,0-20cm
13.16705336,2.6509190828897324,20-50cm
10.04640371,2.4021049188828316,50-100cm
12.0649652,2.5699342353639767,>100cm
14.21693735,2.722409106823634,0-20cm
13.54988399,2.677583020389839,20-50cm
6.687935035,2.0396522214501864,50-100cm
15.16821346,2.78304718263663,0-20cm
21.96635731,3.1340304194494637,20-50cm
13.97331787,2.7062698084767556,50-100cm
2.035962877,1.1105286318565177,>100cm
19.22273782,3.00680760600895,0-20cm
13.5962877,2.6807672292596374,0-20cm
4.240139211,1.6563480649647875,20-50cm
14.80278422,2.7601861409643216,0-20cm
6.328306265,1.9917444203030776,20-50cm
5.707656613,1.9032496519828161,50-100cm
2.16937355,1.1535339500635908,>100cm
22.29118329,3.148074889389656,0-20cm
20.27262181,3.057420884897469,20-50cm
18.97331787,2.9943972763416227,20-50cm
67.27958237,4.223610781475197,0-20cm
27.67981439,3.3561935439531556,20-50cm
26.02668213,3.296824605066488,0-20cm
6.200696056,1.974177695793781,20-50cm
15.35382831,2.7944620173356496,0-20cm
9.141531323,2.316639004808297,20-50cm
6.189095128,1.972565312352634,50-100cm
4.976798144,1.7878849971453412,>100cm
16.35730858,2.85401366149864,0-20cm
9.30974478,2.3330895431152907,0-20cm
4.298143852,1.667356542614146,20-50cm
19.4199536,3.0165125404518616,0-20cm
9.692575406,2.3695496133269334,20-50cm
6.461716937,2.0097855401475346,50-100cm
10.79466357,2.467647189349837,0-20cm
5.092807425,1.807108964825635,0-20cm
2.47099768,1.2444420684841506,50-100cm
35.77146172,3.6047220475826083,0-20cm
11.29930394,2.509542670533181,0-20cm
3.619489559,1.530284213924788,50-100cm
12.83642691,2.6273047456148166,0-20cm
13.73549884,2.6902594697055253,0-20cm
15.76566125,2.8193328214308515,50-100cm
12.17517401,2.5783343019303393,50-100cm
35.69025522,3.6025111944618304,0-20cm
16.57772622,2.8666325448704026,0-20cm
13.64849188,2.6843373868193368,50-100cm
16.36890951,2.8546817982016632,0-20cm
2.296983759,1.1930080380841341,0-20cm
2.865429234,1.3520727325354052,>100cm
8.341067285,2.2344205160550055,0-20cm
8.091647332,2.20735611641265,0-20cm
17.48259861,2.916829673752077,>100cm
27.2099768,3.3396757026101636,0-20cm
24.37935035,3.2339358650319205,0-20cm
9.802784223,2.3798038993317956,50-100cm
11.44431555,2.5212639363159495,>100cm
34.65197216,3.573804465386308,0-20cm
24.58236659,3.2419033090721827,0-20cm
9.599767981,2.3608321122935574,50-100cm
32.60440835,3.514657259255931,0-20cm
6.363109049,1.996482268680275,20-50cm
5.266821346,1.8352692637355172,50-100cm
76.92575406,4.355756502347037,0-20cm
40.84106729,3.7338783282745345,20-50cm
30.6612529,3.455093627264293,20-50cm
18.82830626,2.9871105258732156,50-100cm
22.54640371,3.158973100096382,0-20cm
7.813225058,2.1762534408390017,0-20cm
6.380510441,1.9988428016677164,50-100cm
14.23433875,2.723552008148165,0-20cm
7.691415313,2.1623357928743916,20-50cm
2.372389791,1.215621629840831,>100cm
17.59860789,2.923086733294501,0-20cm
5.417633411,1.8590494221719318,20-50cm
4.112529002,1.6316941941156662,50-100cm
3.758700696,1.5599746679569313,50-100cm
15.61484919,2.8102968250274762,0-20cm
2.592807425,1.2789339094225223,0-20cm
3.747099768,1.557533856411734,50-100cm
16.5487239,2.8649812350174986,0-20cm
5.551044084,1.8796244390813943,20-50cm
4.269141531,1.661867451940604,50-100cm
3.381670534,1.4774300521303099,>100cm
2.766821346,1.326231501516763,>100cm
7.679814385,2.1610001442270232,0-20cm
3.642691415,1.5352942444125193,0-20cm
4.390951276,1.6847218584023482,20-50cm
9.00812065,2.3033968284476605,0-20cm
3.341067285,1.4681202360821537,20-50cm
2.16937355,1.1535339500635908,50-100cm
1.699535963,0.9930798926841509,>100cm
1.682134571,0.9866129592159453,>100cm
1.937354988,1.0775095124645127,>100cm
1.716937355,0.9995052734982394,>100cm
19.53596288,3.0221776360097454,0-20cm
2.946635731,1.3728635023279754,20-50cm
3.097447796,1.4103642911031926,>100cm
8.439675174,2.2449215700314893,0-20cm
3.8225058,1.573293668492721,0-20cm
2.331786543,1.2035086595274023,50-100cm
96.20649652,4.5768375458584405,0-20cm
106.5023202,4.677512430590617,0-20cm
57.36658933,4.066743625608541,20-50cm
55.70185615,4.037806946529454,50-100cm
5.846867749,1.9237912847778564,0-20cm
11.76334107,2.546577082984399,20-50cm
4.64037123,1.7299498842658516,50-100cm
10.19141531,2.415146994218688,0-20cm
6.23549884,1.9789993058752562,20-50cm
3.027842227,1.3932308050226536,50-100cm
33.16705336,3.531261827699965,0-20cm
4.605568445,1.7237604688661068,0-20cm
74.28654292,4.321301405952992,0-20cm
20.04060325,3.046454059036434,20-50cm
18.72969838,2.982125032538046,0-20cm
17.37238979,2.9108489827636266,0-20cm
22.95823666,3.1763121753803945,0-20cm
14.59976798,2.747256041067963,0-20cm
32.44199536,3.509812456292785,0-20cm
12.91763341,2.6331566268028896,0-20cm
18.13225058,2.9513754231606724,0-20cm
18.8863109,2.9900316005501226,20-50cm
21.91415313,3.1317547602631044,50-100cm
17.92343387,2.9404010413417017,0-20cm
11.67633411,2.5397367991651287,20-50cm
8.143851508,2.213081687078061,50-100cm
16.17169374,2.843262315355845,0-20cm
7.929234339,2.189330650898947,20-50cm
14.19953596,2.7212648984388443,50-100cm
5.440835267,1.862658231550685,>100cm
4.512761021,1.7070655904002525,>100cm
12.55220418,2.606549204207063,0-20cm
13.9037123,2.7016103295702987,20-50cm
14.07772622,2.7132185700440785,50-100cm
7.894431555,2.1854254129486774,>100cm
19.78538283,3.034249991106066,0-20cm
9.251740139,2.3274474608337163,0-20cm
27.09976798,3.3357613193661098,50-100cm
25.49883991,3.2771009550528043,0-20cm
18.8863109,2.9900316005501226,20-50cm
23.71229698,3.2073009731873197,50-100cm
15.39443155,2.7969417375393735,0-20cm
7.209976798,2.1053500973945702,20-50cm
48.35846868,3.8991093556150833,0-20cm
20.81786543,3.0827291493134785,20-50cm
20.13921114,3.0511296637571856,50-100cm
42.01856148,3.7616316848797644,0-20cm
22.54060325,3.1587267280968083,0-20cm
6.032482599,1.9505397870098125,50-100cm
30.12761021,3.4380952134373115,0-20cm
11.74013921,2.544757577085888,20-50cm
3.584686775,1.5227217882167172,50-100cm
7.871229698,2.1828134223381626,0-20cm
6.902552204,2.067185771096572,0-20cm
6.084686775,1.957935662567629,50-100cm
29.64617169,3.422507750502753,0-20cm
10.16821346,2.4130716593760373,0-20cm
5.05800464,1.8013804785341019,50-100cm
12.29698376,2.587537224545704,0-20cm
11.96055684,2.561910656050497,20-50cm
9.976798144,2.395783785540928,50-100cm
63.9037123,4.1729048223823355,0-20cm
15.48723898,2.8025866865307005,0-20cm
6.792343387,2.053141634542728,0-20cm
3.416473318,1.4853414857492744,20-50cm
3.451276102,1.4931908195634522,50-100cm
15.11020882,2.779453159240195,0-20cm
12.76682135,2.622261447313235,20-50cm
4.518561485,1.7081172257833035,50-100cm
15.75406032,2.818640636059385,0-20cm
8.219257541,2.2212945073195214,0-20cm
43.56148492,3.796869919121245,0-20cm
8.973317865,2.2999133134677128,0-20cm
6.798143852,2.053885737684434,50-100cm
14.08932715,2.7139876826537574,0-20cm
12.05916473,2.5694901654477067,0-20cm
8.323665893,2.23255588751991,50-100cm
16.31090487,2.8513366422297155,0-20cm
13.16705336,2.6509190828897324,20-50cm
12.4187935,2.59665622437235,50-100cm
5.226218097,1.8287691014412149,>100cm
28.87470998,3.397012302422127,0-20cm
12.38979118,2.5944925643611607,0-20cm
27.90603248,3.3640503096681695,50-100cm
26.75174014,3.3232985459741426,0-20cm
16.35150812,2.853679425958193,20-50cm
14.22273782,2.7227902193051445,>100cm
6.902552204,2.067185771096572,0-20cm
7.099767981,2.091835416947149,0-20cm
7.616009281,2.1536220170354943,>100cm
14.0487239,2.7112931969022758,0-20cm
3.747099768,1.557533856411734,0-20cm
1.774941995,1.0206298442772306,50-100cm
13.09164733,2.6455822339097974,0-20cm
5.249419954,1.8324886520814407,20-50cm
4.269141531,1.661867451940604,50-100cm
10.75406032,2.4641987400472924,0-20cm
9.820185615,2.381413428077108,20-50cm
3.277262181,1.4533131275764184,50-100cm
7.273781903,2.11309170837346,0-20cm
6.258700696,1.982200845326999,20-50cm
3.381670534,1.4774300521303099,50-100cm
33.25406032,3.53380510717085,0-20cm
14.94779582,2.7693206265778585,0-20cm
14.40835267,2.734909743552912,0-20cm
9.292343387,2.331400258320748,20-50cm
14.53016241,2.7427840949294806,0-20cm
9.222737819,2.324614437256044,20-50cm
5.527842227,1.8760764487116508,50-100cm
28.49767981,3.384311609744186,0-20cm
25.78306265,3.287769697054883,20-50cm
16.97215777,2.888823769825068,>100cm
10.01160093,2.398949347066845,0-20cm
5.591647332,1.8858032917828231,0-20cm
5.783062645,1.9144287175102672,50-100cm
28.21925754,3.374827996691039,0-20cm
14.18213457,2.7201193793413556,20-50cm
6.29350348,1.986984017681194,50-100cm
4.135730858,1.6362221619771897,>100cm
7.163573086,2.099681951321614,0-20cm
16.74593968,2.876156739331521,20-50cm
20.89327146,3.086179350345395,50-100cm
3.091647332,1.4089476596245278,0-20cm
3.689095128,1.5452396273830005,0-20cm
9.193735499,2.3217733648478553,0-20cm
16.11948956,2.840217554848547,0-20cm
44.7099768,3.8223165847959417,0-20cm
25.01740139,3.258765598381444,0-20cm
18.83990719,2.987695423922398,0-20cm
155.7308585,5.054530057223871,0-20cm
19.5,3.0204248861443626,0-20cm
13.9,2.7013612129514133,0-20cm
4.9,1.7749523509116738,20-50cm
4.4,1.6863989535702288,50-100cm
2.0,1.0986122886681098,50-100cm
28.3,3.3775875160230218,0-20cm
28.3,3.3775875160230218,0-20cm
28.1,3.370738174177447,20-50cm
17.2,2.9014215940827497,20-50cm
5.1,1.8082887711792655,50-100cm
59.15,4.096841442420688,0-20cm
6.75,2.0476928433652555,20-50cm
2.51,1.2556160374777743,50-100cm
2.38,1.2178757094949273,>100cm
23.7,3.2068032436339315,0-20cm
10.36,2.4300984132930052,20-50cm
4.07,1.623340817603092,20-50cm
3.0,1.3862943611198906,>100cm
19.34,3.012589390620414,0-20cm
8.52,2.253394848803274,20-50cm
5.27,1.8357763546448294,50-100cm
2.71,1.3110318766193438,>100cm
55.8,4.039536325727106,0-20cm
24.8,3.250374491927572,20-50cm
15.2,2.785011242238338,20-50cm
10.1,2.4069451083182885,50-100cm
18.5,2.970414465569701,0-20cm
5.1,1.8082887711792655,20-50cm
4.6,1.7227665977411035,50-100cm
11.63,2.5360749363624,0-20cm
10.05,2.402430427963762,20-50cm
5.86,1.925707441737794,50-100cm
7.38,2.1258479144939915,0-20cm
3.2,1.4350845252893227,20-50cm
11.63,2.5360749363624,50-100cm
7.7,2.1633230256605382,50-100cm
9.39,2.340843805111136,50-100cm
5.0,1.791759469228055,50-100cm
3.69,1.545432582458188,>100cm
15.05,2.775708849576025,0-20cm
4.81,1.7595805708638197,20-50cm
11.7,2.5416019934645457,0-20cm
18.9,2.990719731730447,0-20cm
16.4,2.856470206220483,20-50cm
13.4,2.667228206581955,20-50cm
22.6,3.1612467120315646,>100cm
8.3,2.2300144001592104,0-20cm
8.0,2.1972245773362196,0-20cm
6.4,2.0014800002101243,20-50cm
6.7,2.0412203288596382,50-100cm
7.7,2.1633230256605382,50-100cm
7.5,2.1400661634962708,>100cm
29.2,3.407841924380824,0-20cm
9.1,2.312535423847214,0-20cm
8.2,2.2192034840549946,20-50cm
9.2,2.322387720290225,20-50cm
22.4,3.152736022363656,0-20cm
16.2,2.8449093838194073,0-20cm
16.2,2.8449093838194073,20-50cm
6.7,2.0412203288596382,50-100cm
9.7,2.3702437414678603,0-20cm
9.9,2.388762789235098,20-50cm
4.4,1.6863989535702288,20-50cm
4.3,1.667706820558076,50-100cm
15.4,2.797281334830153,0-20cm
13.8,2.6946271807700692,0-20cm
13.4,2.667228206581955,20-50cm
12.7,2.617395832834079,50-100cm
33.6,3.543853682063679,0-20cm
30.8,3.459466289786131,20-50cm
5.2,1.824549292051046,50-100cm
56.7,4.055257173514054,0-20cm
4.1,1.62924053973028,0-20cm
3.8,1.5686159179138452,50-100cm
6.6,2.028148247292285,>100cm
13.5,2.6741486494265287,0-20cm
5.2,1.824549292051046,20-50cm
3.4,1.4816045409242156,50-100cm
25.3,3.269568939183719,0-20cm
16.9,2.884800712846709,0-20cm
20.8,3.0819099697950434,20-50cm
20.6,3.0726933146901194,50-100cm
17.2,2.9014215940827497,50-100cm
23.8,3.2108436531709366,0-20cm
19.1,3.0007198150650303,0-20cm
19.7,3.0301337002713233,20-50cm
20.1,3.0492730404820207,50-100cm
24.5,3.2386784521643803,0-20cm
7.5,2.1400661634962708,0-20cm
1.8,1.0296194171811583,20-50cm
3.1,1.410986973710262,20-50cm
4.0,1.6094379124341003,50-100cm
0.7,0.5306282510621704,>100cm
23.8,3.2108436531709366,0-20cm
7.3,2.1162555148025524,20-50cm
9.8,2.379546134130174,20-50cm
1.5,0.9162907318741551,50-100cm
33.6,3.543853682063679,0-20cm
25.8,3.288401887516811,20-50cm
21.1,3.095577608523707,20-50cm
22.2,3.1441522786722644,50-100cm
43.3,3.7909846770510898,50-100cm
25.5,3.2771447329921766,0-20cm
13.1,2.6461747973841225,0-20cm
10.6,2.451005098112319,0-20cm
10.4,2.4336133554004498,50-100cm
3.0,1.3862943611198906,50-100cm
13.5,2.6741486494265287,0-20cm
12.3,2.5877640352277083,0-20cm
8.7,2.272125885509337,20-50cm
5.5,1.8718021769015913,20-50cm
4.6,1.7227665977411035,50-100cm
18.9,2.990719731730447,0-20cm
13.0,2.6390573296152584,0-20cm
8.2,2.2192034840549946,20-50cm
8.3,2.2300144001592104,50-100cm
6.5,2.0149030205422647,50-100cm
20.2,3.054001181677967,0-20cm
12.1,2.5726122302071057,0-20cm
3.4,1.4816045409242156,20-50cm
1.8,1.0296194171811583,20-50cm
1.1,0.7419373447293773,50-100cm
28.1,3.370738174177447,0-20cm
12.7,2.617395832834079,0-20cm
5.0,1.791759469228055,20-50cm
3.8,1.5686159179138452,20-50cm
16.2,2.8449093838194073,0-20cm
3.3,1.4586150226995167,20-50cm
4.8,1.7578579175523736,20-50cm
2.6,1.2809338454620642,50-100cm
3.0,1.3862943611198906,50-100cm
18.3,2.9601050959108397,0-20cm
12.9,2.631888840136646,20-50cm
3.6,1.5260563034950494,20-50cm
2.1,1.1314021114911006,50-100cm
2.8,1.33500106673234,>100cm
1.2,0.7884573603642702,>100cm
15.7,2.8154087194227095,0-20cm
3.0,1.3862943611198906,0-20cm
2.1,1.1314021114911006,20-50cm
1.3,0.832909122935104,50-100cm
21.6,3.1179499062782403,0-20cm
8.2,2.2192034840549946,0-20cm
5.2,1.824549292051046,20-50cm
4.5,1.7047480922384253,50-100cm
2.3,1.1939224684724346,50-100cm
25.9,3.292126286607793,0-20cm
13.1,2.6461747973841225,0-20cm
5.0,1.791759469228055,20-50cm
4.4,1.6863989535702288,20-50cm
2.9,1.3609765531356006,20-50cm
4.5,1.7047480922384253,50-100cm
3.9,1.589235205116581,50-100cm
19.9,3.039749158970765,0-20cm
6.6,2.028148247292285,0-20cm
6.4,2.0014800002101243,20-50cm
2.9,1.3609765531356006,20-50cm
3.0,1.3862943611198906,50-100cm
22.6,3.1612467120315646,0-20cm
11.1,2.4932054526026954,0-20cm
15.3,2.791165107812717,20-50cm
11.3,2.509599262378372,50-100cm
8.7,2.272125885509337,>100cm
28.5,3.3843902633457743,0-20cm
14.4,2.7343675094195836,0-20cm
8.0,2.1972245773362196,20-50cm
5.9,1.9315214116032138,50-100cm
5.1,1.8082887711792655,50-100cm
7.0,2.0794415416798357,50-100cm
10.5,2.4423470353692043,0-20cm
6.1,1.9600947840472698,0-20cm
5.4,1.8562979903656263,20-50cm
3.3,1.4586150226995167,20-50cm
2.7,1.308332819650179,50-100cm
25.4,3.2733640101522705,0-20cm
5.6,1.8870696490323797,0-20cm
2.9,1.3609765531356006,20-50cm
2.9,1.3609765531356006,50-100cm
3.1,1.410986973710262,50-100cm
11.5,2.5257286443082556,0-20cm
7.7,2.1633230256605382,20-50cm
2.5,1.252762968495368,20-50cm
1.7,0.9932517730102833,20-50cm
1.8,1.0296194171811583,50-100cm
12.7,2.617395832834079,0-20cm
4.1,1.62924053973028,0-20cm
3.8,1.5686159179138452,20-50cm
5.5,1.8718021769015913,20-50cm
5.4,1.8562979903656263,50-100cm
6.0,1.9459101490553132,50-100cm
16.3,2.8507065015037334,0-20cm
10.5,2.4423470353692043,0-20cm
1.8,1.0296194171811583,20-50cm
1.2,0.7884573603642702,50-100cm
1.2,0.7884573603642702,50-100cm
18.4,2.9652730660692823,0-20cm
6.9,2.066862759472976,0-20cm
4.5,1.7047480922384253,20-50cm
4.5,1.7047480922384253,20-50cm
3.0,1.3862943611198906,50-100cm
25.9,3.292126286607793,0-20cm
22.2,3.1441522786722644,0-20cm
7.8,2.174751721484161,0-20cm
4.0,1.6094379124341003,20-50cm
3.4,1.4816045409242156,50-100cm
20.2,3.054001181677967,0-20cm
7.6,2.151762203259462,0-20cm
9.3,2.33214389523559,20-50cm
5.8,1.916922612182061,20-50cm
1.8,1.0296194171811583,50-100cm
4.2,1.6486586255873816,50-100cm
3.8,1.5686159179138452,50-100cm
20.5,3.068052935133617,0-20cm
17.9,2.9391619220655967,0-20cm
14.4,2.7343675094195836,20-50cm
23.9,3.214867803470662,50-100cm
22.9,3.173878458937465,50-100cm
16.6,2.8678989020441064,0-20cm
7.4,2.128231705849268,0-20cm
10.1,2.4069451083182885,20-50cm
11.1,2.4932054526026954,20-50cm
14.0,2.70805020110221,50-100cm
16.8,2.8791984572980396,>100cm
14.4,2.7343675094195836,0-20cm
10.8,2.468099531471619,20-50cm
11.1,2.4932054526026954,20-50cm
16.1,2.8390784635086144,50-100cm
15.2,2.785011242238338,50-100cm
13.0,2.6390573296152584,0-20cm
9.9,2.388762789235098,0-20cm
8.4,2.2407096892759584,20-50cm
8.0,2.1972245773362196,50-100cm
9.0,2.302585092994046,50-100cm
15.1,2.7788192719904172,0-20cm
5.3,1.840549633397487,0-20cm
4.3,1.667706820558076,20-50cm
3.4,1.4816045409242156,50-100cm
24.9,3.254242968705492,0-20cm
14.5,2.740840023925201,0-20cm
10.2,2.4159137783010487,20-50cm
5.5,1.8718021769015913,20-50cm
7.7,2.1633230256605382,50-100cm
4.5,1.7047480922384253,>100cm
27.2,3.339321977944068,0-20cm
15.7,2.8154087194227095,0-20cm
11.9,2.5572273113676265,20-50cm
8.5,2.2512917986064953,50-100cm
22.2,3.1441522786722644,0-20cm
16.5,2.8622008809294686,0-20cm
9.3,2.33214389523559,20-50cm
8.6,2.2617630984737906,>100cm
22.9,3.173878458937465,0-20cm
19.3,3.0106208860477417,0-20cm
8.3,2.2300144001592104,20-50cm
7.1,2.0918640616783932,50-100cm
6.6,2.028148247292285,50-100cm
21.5,3.1135153092103742,0-20cm
11.9,2.5572273113676265,0-20cm
11.2,2.501435951739211,20-50cm
9.5,2.3513752571634776,20-50cm
4.1,1.62924053973028,50-100cm
2.7,1.308332819650179,50-100cm
17.8,2.9338568698359038,0-20cm
14.4,2.7343675094195836,0-20cm
8.6,2.2617630984737906,20-50cm
7.9,2.186051276738094,20-50cm
11.5,2.5257286443082556,50-100cm
11.3,2.509599262378372,50-100cm
22.3,3.1484533605716547,0-20cm
16.1,2.8390784635086144,0-20cm
7.6,2.151762203259462,20-50cm
2.4,1.2237754316221157,50-100cm
13.7,2.6878474937846906,0-20cm
10.8,2.468099531471619,0-20cm
7.7,2.1633230256605382,20-50cm
8.7,2.272125885509337,50-100cm
23.8,3.2108436531709366,0-20cm
6.8,2.0541237336955462,20-50cm
11.2,2.501435951739211,20-50cm
4.4,1.6863989535702288,20-50cm
0.8,0.5877866649021191,50-100cm
0.6,0.4700036292457355,>100cm
9.8,2.379546134130174,0-20cm
7.6,2.151762203259462,0-20cm
4.2,1.6486586255873816,20-50cm
2.7,1.308332819650179,20-50cm
1.4,0.8754687373538999,>100cm
1.9,1.0647107369924282,>100cm
19.5,3.0204248861443626,0-20cm
17.9,2.9391619220655967,20-50cm
11.9,2.5572273113676265,50-100cm
34.0,3.5553480614894135,0-20cm
11.0,2.4849066497880004,0-20cm
4.4,1.6863989535702288,20-50cm
1.8,1.0296194171811583,50-100cm
13.3,2.6602595372658615,0-20cm
11.8,2.5494451709255714,0-20cm
5.1,1.8082887711792655,20-50cm
3.5,1.5040773967762742,50-100cm
21.9,3.131136910560194,0-20cm
10.9,2.4765384001174837,0-20cm
6.1,1.9600947840472698,20-50cm
2.3,1.1939224684724346,50-100cm
2.5,1.252762968495368,>100cm
16.7,2.8735646395797834,0-20cm
4.7,1.7404661748405046,20-50cm
1.6,0.9555114450274363,50-100cm
27.7,3.3568971227655755,0-20cm
9.6,2.3608540011180215,0-20cm
7.7,2.1633230256605382,20-50cm
6.1,1.9600947840472698,50-100cm
3.9,1.589235205116581,50-100cm
8.2,2.2192034840549946,0-20cm
6.0,1.9459101490553132,20-50cm
3.9,1.589235205116581,20-50cm
2.6,1.2809338454620642,>100cm
3.8,1.5686159179138452,>100cm
3.7,1.547562508716013,0-20cm
2.7,1.308332819650179,0-20cm
2.5,1.252762968495368,50-100cm
1.9,1.0647107369924282,>100cm
3.2,1.4350845252893227,0-20cm
2.2,1.1631508098056809,0-20cm
2.0,1.0986122886681098,50-100cm
1.5,0.9162907318741551,>100cm
27.1,3.3357695763397,0-20cm
8.3,2.2300144001592104,20-50cm
9.3,2.33214389523559,50-100cm
7.0,2.0794415416798357,50-100cm
5.7,1.9021075263969205,>100cm
14.2,2.7212954278522306,0-20cm
9.6,2.3608540011180215,0-20cm
4.2,1.6486586255873816,50-100cm
4.3,1.667706820558076,50-100cm
24.2,3.2268439945173775,0-20cm
18.8,2.9856819377004897,0-20cm
9.3,2.33214389523559,20-50cm
6.7,2.0412203288596382,50-100cm
19.6,3.0252910757955354,0-20cm
12.8,2.624668592163159,20-50cm
8.7,2.272125885509337,20-50cm
7.4,2.128231705849268,20-50cm
4.9,1.7749523509116738,50-100cm
27.5,3.349904087274605,0-20cm
11.1,2.4932054526026954,0-20cm
6.7,2.0412203288596382,20-50cm
3.1,1.410986973710262,50-100cm
19.3,3.0106208860477417,0-20cm
4.8,1.7578579175523736,20-50cm
2.7,1.308332819650179,50-100cm
3.0,1.3862943611198906,50-100cm
2.8,1.33500106673234,>100cm
17.4,2.91235066461494,0-20cm
20.0,3.044522437723423,20-50cm
6.6,2.028148247292285,20-50cm
4.7,1.7404661748405046,50-100cm
6.8,2.0541237336955462,0-20cm
2.2,1.1631508098056809,20-50cm
3.0,1.3862943611198906,20-50cm
2.4,1.2237754316221157,50-100cm
13.8,2.6946271807700692,0-20cm
10.0,2.3978952727983707,0-20cm
6.2,1.9740810260220096,50-100cm
3.7,1.547562508716013,>100cm
10.9,2.4765384001174837,0-20cm
3.5,1.5040773967762742,0-20cm
2.8,1.33500106673234,20-50cm
2.7,1.308332819650179,50-100cm
27.2,3.339321977944068,0-20cm
7.3,2.1162555148025524,0-20cm
6.7,2.0412203288596382,20-50cm
4.2,1.6486586255873816,50-100cm
16.1,2.8390784635086144,0-20cm
9.9,2.388762789235098,0-20cm
6.5,2.0149030205422647,20-50cm
6.0,1.9459101490553132,50-100cm
5.1,1.8082887711792655,>100cm
8.4,2.2407096892759584,0-20cm
7.7,2.1633230256605382,0-20cm
5.4,1.8562979903656263,20-50cm
3.0,1.3862943611198906,50-100cm
7.9,2.186051276738094,0-20cm
5.5,1.8718021769015913,20-50cm
5.0,1.791759469228055,50-100cm
5.9,1.9315214116032138,50-100cm
13.6,2.681021528714291,0-20cm
6.8,2.0541237336955462,0-20cm
7.9,2.186051276738094,20-50cm
11.4,2.517696472610991,20-50cm
9.5,2.3513752571634776,20-50cm
8.1,2.2082744135228043,50-100cm
60.5,4.119037174812473,0-20cm
30.9,3.462606009790799,20-50cm
21.2,3.100092288878234,20-50cm
7.7,2.1633230256605382,20-50cm
3.3,1.4586150226995167,0-20cm
3.0,1.3862943611198906,0-20cm
4.6,1.7227665977411035,20-50cm
19.3,3.0106208860477417,0-20cm
12.7,2.617395832834079,0-20cm
6.7,2.0412203288596382,50-100cm
4.7,1.7404661748405046,50-100cm
9.6,2.3608540011180215,0-20cm
6.5,2.0149030205422647,0-20cm
3.8,1.5686159179138452,20-50cm
2.5,1.252762968495368,50-100cm
7.9,2.186051276738094,0-20cm
1.4,0.8754687373538999,20-50cm
1.2,0.7884573603642702,50-100cm
6.6,2.028148247292285,0-20cm
4.8,1.7578579175523736,20-50cm
3.2,1.4350845252893227,20-50cm
2.3,1.1939224684724346,50-100cm
15.7,2.8154087194227095,0-20cm
6.0,1.9459101490553132,0-20cm
4.6,1.7227665977411035,50-100cm
1.5,0.9162907318741551,50-100cm
1.8,1.0296194171811583,0-20cm
1.4,0.8754687373538999,0-20cm
2.2,1.1631508098056809,20-50cm
5.3,1.840549633397487,50-100cm
6.3,1.9878743481543455,0-20cm
3.5,1.5040773967762742,20-50cm
3.4,1.4816045409242156,50-100cm
14.0,2.70805020110221,0-20cm
12.5,2.6026896854443837,0-20cm
17.7,2.928523523860541,20-50cm
6.6,2.028148247292285,50-100cm
6.7,2.0412203288596382,50-100cm
27.7,3.3568971227655755,0-20cm
8.2,2.2192034840549946,0-20cm
24.2,3.2268439945173775,0-20cm
16.7,2.8735646395797834,0-20cm
6.8,2.0541237336955462,20-50cm
7.0,2.0794415416798357,50-100cm
2.3,1.1939224684724346,50-100cm
18.6,2.975529566236472,0-20cm
18.6,2.975529566236472,0-20cm
7.0,2.0794415416798357,20-50cm
1.3,0.832909122935104,20-50cm
1.5,0.9162907318741551,50-100cm
29.6,3.4210000089583352,0-20cm
23.6,3.202746442938317,0-20cm
11.3,2.509599262378372,20-50cm
9.2,2.322387720290225,20-50cm
20.5,3.068052935133617,50-100cm
38.8,3.6838669122903918,0-20cm
36.0,3.6109179126442243,0-20cm
38.8,3.6838669122903918,20-50cm
41.4,3.7471483622379123,50-100cm
23.3,3.190476350346503,0-20cm
11.5,2.5257286443082556,0-20cm
10.7,2.4595888418037104,20-50cm
3.8,1.5686159179138452,50-100cm
1.8,1.0296194171811583,50-100cm
28.9,3.3978584803966405,0-20cm
24.5,3.2386784521643803,0-20cm
18.2,2.954910279033736,0-20cm
9.7,2.3702437414678603,20-50cm
11.1,2.4932054526026954,50-100cm
38.0,3.6635616461296463,0-20cm
32.5,3.5115454388310208,0-20cm
16.0,2.833213344056216,20-50cm
4.7,1.7404661748405046,20-50cm
3.4,1.4816045409242156,50-100cm
14.5,2.740840023925201,0-20cm
5.4,1.8562979903656263,0-20cm
2.9,1.3609765531356006,20-50cm
2.3,1.1939224684724346,50-100cm
24.2,3.2268439945173775,0-20cm
17.8,2.9338568698359038,0-20cm
6.3,1.9878743481543455,20-50cm
4.7,1.7404661748405046,50-100cm
3.6,1.5260563034950494,50-100cm
15.7,2.8154087194227095,0-20cm
7.7,2.1633230256605382,0-20cm
3.5,1.5040773967762742,20-50cm
1.5,0.9162907318741551,20-50cm
1.2,0.7884573603642702,50-100cm
15.0,2.772588722239781,0-20cm
5.5,1.8718021769015913,0-20cm
4.8,1.7578579175523736,20-50cm
2.7,1.308332819650179,50-100cm
34.1,3.55820113047182,0-20cm
29.6,3.4210000089583352,0-20cm
28.8,3.3945083935113587,20-50cm
3.2,1.4350845252893227,20-50cm
1.8,1.0296194171811583,50-100cm
16.0,2.833213344056216,0-20cm
9.3,2.33214389523559,0-20cm
8.4,2.2407096892759584,20-50cm
5.5,1.8718021769015913,20-50cm
3.8,1.5686159179138452,50-100cm
14.6,2.747270914255491,0-20cm
9.7,2.3702437414678603,0-20cm
4.7,1.7404661748405046,20-50cm
3.0,1.3862943611198906,20-50cm
4.1,1.62924053973028,50-100cm
21.5,3.1135153092103742,0-20cm
11.2,2.501435951739211,0-20cm
5.5,1.8718021769015913,20-50cm
2.0,1.0986122886681098,50-100cm
29.7,3.4242626545931514,0-20cm
12.3,2.5877640352277083,20-50cm
6.7,2.0412203288596382,50-100cm
19.0,2.995732273553991,0-20cm
8.3,2.2300144001592104,0-20cm
4.7,1.7404661748405046,20-50cm
2.9,1.3609765531356006,50-100cm
11.7,2.5416019934645457,0-20cm
8.0,2.1972245773362196,0-20cm
5.0,1.791759469228055,50-100cm
18.3,2.9601050959108397,0-20cm
17.1,2.89591193827178,0-20cm
8.7,2.272125885509337,20-50cm
4.7,1.7404661748405046,50-100cm
7.3,2.1162555148025524,0-20cm
3.8,1.5686159179138452,0-20cm
1.9,1.0647107369924282,20-50cm
1.4,0.8754687373538999,50-100cm
5.9,1.9315214116032138,0-20cm
10.3,2.424802725718295,0-20cm
6.3,1.9878743481543455,20-50cm
4.1,1.62924053973028,50-100cm
21.9,3.131136910560194,0-20cm
16.0,2.833213344056216,0-20cm
10.0,2.3978952727983707,20-50cm
8.0,2.1972245773362196,50-100cm
15.4,2.797281334830153,0-20cm
8.0,2.1972245773362196,20-50cm
8.1,2.2082744135228043,50-100cm
4.1,1.62924053973028,>100cm
15.1,2.7788192719904172,0-20cm
4.6,1.7227665977411035,0-20cm
3.8,1.5686159179138452,20-50cm
4.7,1.7404661748405046,50-100cm
2.2,1.1631508098056809,50-100cm
114.6,4.750135956238277,0-20cm
40.8,3.7328963395307104,20-50cm
28.4,3.380994674344636,20-50cm
17.4,2.91235066461494,50-100cm
64.1,4.175924549214524,0-20cm
18.2,2.954910279033736,0-20cm
13.0,2.6390573296152584,20-50cm
91.6,4.528289141652134,0-20cm
36.4,3.6216707044204863,0-20cm
10.1,2.4069451083182885,20-50cm
13.1,2.6461747973841225,0-20cm
6.5,2.0149030205422647,0-20cm
4.5,1.7047480922384253,20-50cm
14.8,2.760009940032921,0-20cm
12.3,2.5877640352277083,20-50cm
9.0,2.302585092994046,50-100cm
4.9,1.7749523509116738,50-100cm
7.7,2.1633230256605382,0-20cm
6.9,2.066862759472976,0-20cm
5.6,1.8870696490323797,20-50cm
9.7,2.3702437414678603,0-20cm
3.9,1.589235205116581,20-50cm
1.7,0.9932517730102833,50-100cm
1.5,0.9162907318741551,50-100cm
12.1,2.5726122302071057,0-20cm
6.9,2.066862759472976,0-20cm
5.1,1.8082887711792655,50-100cm
3.3,1.4586150226995167,>100cm
4.4,1.6863989535702288,0-20cm
2.6,1.2809338454620642,0-20cm
1.6,0.9555114450274363,20-50cm
11.0,2.4849066497880004,0-20cm
5.5,1.8718021769015913,0-20cm
13.5,2.6741486494265287,0-20cm
18.4,2.9652730660692823,0-20cm
14.3,2.72785282839839,0-20cm
6.0,1.9459101490553132,20-50cm
11.8,2.5494451709255714,20-50cm
5.6,1.8870696490323797,50-100cm
3.8,1.5686159179138452,>100cm
17.9,2.9391619220655967,0-20cm
11.9,2.5572273113676265,0-20cm
9.8,2.379546134130174,20-50cm
14.9,2.766319109226186,50-100cm
44.8,3.824284091120139,0-20cm
27.9,3.3638415951183864,0-20cm
12.4,2.5952547069568657,20-50cm
13.2,2.653241964607215,50-100cm
20.3,3.0587070727153796,50-100cm
24.2,3.2268439945173775,0-20cm
7.5,2.1400661634962708,0-20cm
5.4,1.8562979903656263,20-50cm
3.3,1.4586150226995167,50-100cm
7.0,2.0794415416798357,>100cm
27.6,3.353406717825807,0-20cm
14.7,2.7536607123542622,0-20cm
12.4,2.5952547069568657,20-50cm
5.7,1.9021075263969205,50-100cm
4.8,1.7578579175523736,50-100cm
27.6,3.353406717825807,0-20cm
13.1,2.6461747973841225,0-20cm
7.4,2.128231705849268,20-50cm
4.1,1.62924053973028,20-50cm
4.7,1.7404661748405046,50-100cm
30.6,3.4531571205928664,0-20cm
18.3,2.9601050959108397,0-20cm
6.8,2.0541237336955462,20-50cm
4.7,1.7404661748405046,20-50cm
2.8,1.33500106673234,50-100cm
1.9,1.0647107369924282,50-100cm
1.4,0.8754687373538999,>100cm
38.4,3.673765816303888,0-20cm
26.4,3.3105430133940246,0-20cm
18.8,2.9856819377004897,20-50cm
4.7,1.7404661748405046,50-100cm
0.6,0.4700036292457355,50-100cm
2.4,1.2237754316221157,50-100cm
26.4,3.3105430133940246,0-20cm
22.3,3.1484533605716547,0-20cm
18.2,2.954910279033736,20-50cm
12.8,2.624668592163159,50-100cm
20.5,3.068052935133617,50-100cm
4.0,1.6094379124341003,0-20cm
8.8,2.2823823856765264,0-20cm
4.1,1.62924053973028,20-50cm
21.2,3.100092288878234,50-100cm
4.6,1.7227665977411035,50-100cm
33.0,3.5263605246161616,0-20cm
21.0,3.091042453358316,0-20cm
21.6,3.1179499062782403,20-50cm
21.4,3.109060958860994,20-50cm
7.8,2.174751721484161,50-100cm
9.4,2.341805806147327,50-100cm
23.5,3.1986731175506815,0-20cm
14.1,2.714694743820879,20-50cm
5.8,1.916922612182061,20-50cm
4.5,1.7047480922384253,50-100cm
38.0,3.6635616461296463,0-20cm
26.0,3.295836866004329,0-20cm
14.7,2.7536607123542622,20-50cm
6.9,2.066862759472976,50-100cm
7.4,2.128231705849268,>100cm
15.6,2.8094026953624973,0-20cm
11.3,2.509599262378372,0-20cm
8.8,2.2823823856765264,20-50cm
5.6,1.8870696490323797,20-50cm
3.6,1.5260563034950494,50-100cm
4.9,1.7749523509116738,50-100cm
26.7,3.3214324131932926,0-20cm
15.7,2.8154087194227095,0-20cm
10.9,2.4765384001174837,20-50cm
5.3,1.840549633397487,50-100cm
2.3,1.1939224684724346,>100cm
13.6,2.681021528714291,0-20cm
11.7,2.5416019934645457,0-20cm
8.1,2.2082744135228043,20-50cm
7.3,2.1162555148025524,20-50cm
4.0,1.6094379124341003,50-100cm
3.5,1.5040773967762742,50-100cm
12.82,2.626116818339524,0-20cm
4.43,1.691939133945844,20-50cm
3.6,1.5260563034950494,50-100cm
2.9,1.3609765531356006,>100cm
13.68,2.6864860231863696,0-20cm
3.55,1.5151272329628591,20-50cm
3.56,1.5173226235262947,50-100cm
3.3,1.4586150226995167,>100cm
18.53,2.9719517448885875,0-20cm
12.88,2.6304489550786583,20-50cm
7.33,2.1198634561787513,50-100cm
5.55,1.8794650496471605,>100cm
3.5,1.5040773967762742,>100cm
10.52,2.444084655267745,0-20cm
5.05,1.80005827204275,0-20cm
3.56,1.5173226235262947,20-50cm
3.1,1.410986973710262,50-100cm
3.79,1.5665304114228238,>100cm
11.39,2.516889695641051,0-20cm
12.6,2.6100697927420065,20-50cm
4.79,1.7561322915849038,20-50cm
2.78,1.3297240096314962,>100cm
15.55,2.806386101823072,0-20cm
5.44,1.8625285401162623,0-20cm
5.16,1.8180767775454285,50-100cm
4.5,1.7047480922384253,50-100cm
4.26,1.6601310267496185,>100cm
21.32,3.1054831375131102,0-20cm
9.32,2.334083760053417,20-50cm
5.22,1.827769906751088,>100cm
4.17,1.6428726885203377,>100cm
22.67,3.1642084235258925,0-20cm
6.22,1.9768549529047348,20-50cm
3.82,1.5727739280625088,50-100cm
2.74,1.3190856114264407,>100cm
13.13,2.6483001966964363,0-20cm
4.46,1.6974487897568136,20-50cm
4.77,1.7526720805200082,50-100cm
3.54,1.5129270120532565,>100cm
5.3,1.840549633397487,0-20cm
3.97,1.6034198401085373,20-50cm
3.14,1.420695787837223,50-100cm
2.99,1.3837912309017721,>100cm
11.99,2.5641798306825083,0-20cm
8.69,2.2710944259026746,20-50cm
5.37,1.851599469584072,50-100cm
3.03,1.3937663759585917,>100cm
11.36,2.514465452029545,0-20cm
6.62,2.030776369698555,20-50cm
3.7,1.547562508716013,50-100cm
3.17,1.4279160358107101,50-100cm
16.9,2.884800712846709,0-20cm
11.7,2.5416019934645457,20-50cm
9.3,2.33214389523559,50-100cm
21.2,3.100092288878234,0-20cm
5.9,1.9315214116032138,20-50cm
19.3,3.0106208860477417,0-20cm
8.5,2.2512917986064953,20-50cm
5.3,1.840549633397487,50-100cm
2.7,1.308332819650179,>100cm
10.2,2.4159137783010487,0-20cm
4.2,1.6486586255873816,20-50cm
3.3,1.4586150226995167,50-100cm
2.8,1.33500106673234,>100cm
19.2,3.005682604407159,0-20cm
5.2,1.824549292051046,20-50cm
2.6,1.2809338454620642,50-100cm
4.2,1.6486586255873816,50-100cm
2.8,1.33500106673234,>100cm
18.6,2.975529566236472,0-20cm
12.9,2.631888840136646,20-50cm
11.2,2.501435951739211,50-100cm
5.8,1.916922612182061,>100cm
5.6,1.8870696490323797,0-20cm
3.6,1.5260563034950494,20-50cm
2.8,1.33500106673234,20-50cm
3.4,1.4816045409242156,>100cm
20.2,3.054001181677967,0-20cm
4.3,1.667706820558076,20-50cm
3.2,1.4350845252893227,50-100cm
3.4,1.4816045409242156,>100cm
29.5,3.417726683613366,0-20cm
9.1,2.312535423847214,20-50cm
3.9,1.589235205116581,50-100cm
3.3,1.4586150226995167,>100cm
45.8,3.845883202923601,0-20cm
5.87,1.927164106234258,20-50cm
5.13,1.81319474994812,>100cm
29.76,3.4262151446374434,0-20cm
17.24,2.9036169846461855,20-50cm
17.42,2.913437030827161,0-20cm
6.5,2.0149030205422647,0-20cm
20.98,3.090132948975475,0-20cm
6.18,1.9712993830601329,20-50cm
3.6,1.5260563034950494,50-100cm
2.09,1.128171090909654,>100cm
23.34,3.1921210875593813,0-20cm
6.58,2.0255131996542803,0-20cm
3.37,1.4747630091074988,20-50cm
23.52,3.1994891110680106,0-20cm
8.22,2.2213750375685026,20-50cm
4.07,1.623340817603092,50-100cm
13.78,2.6932749155200555,0-20cm
5.44,1.8625285401162623,20-50cm
3.75,1.55814461804655,50-100cm
3.2,1.4350845252893227,>100cm
8.3,2.2300144001592104,0-20cm
2.84,1.3454723665996355,20-50cm
2.36,1.2119409739751128,50-100cm
13.16,2.6504210882655737,0-20cm
6.93,2.0706530356467567,20-50cm
6.72,2.0438143640366846,20-50cm
5.35,1.8484548129046001,50-100cm
2.55,1.2669476034873244,>100cm
35.99,3.610647605844363,0-20cm
12.4,2.5952547069568657,0-20cm
3.95,1.599387576580599,20-50cm
3.95,1.599387576580599,50-100cm
3.23,1.4422019930581866,>100cm
11.03,2.4874035299865875,0-20cm
16.03,2.834976494674597,20-50cm
3.27,1.4516138272405332,50-100cm
2.41,1.2267122912954254,>100cm
7.3,2.1162555148025524,0-20cm
3.84,1.5769147207285403,20-50cm
5.58,1.884034745337226,50-100cm
15.91,2.827905162910489,0-20cm
8.35,2.2353763433005955,20-50cm
11.83,2.551786178627545,0-20cm
8.66,2.2679936482244267,20-50cm
9.25,2.327277705584417,50-100cm
8.47,2.248128907197987,50-100cm
7.5,2.1400661634962708,>100cm
14.54,2.7434173449395014,0-20cm
5.55,1.8794650496471605,20-50cm
3.05,1.3987168811184478,50-100cm
12.1,2.5726122302071057,0-20cm
17.8,2.9338568698359038,0-20cm
7.8,2.174751721484161,0-20cm
7.4,2.128231705849268,20-50cm
6.6,2.028148247292285,20-50cm
6.1,1.9600947840472698,50-100cm
22.2,3.1441522786722644,0-20cm
5.9,1.9315214116032138,20-50cm
2.7,1.308332819650179,20-50cm
2.6,1.2809338454620642,50-100cm
25.8,3.288401887516811,0-20cm
11.9,2.5572273113676265,20-50cm
25.7,3.2846635654062037,0-20cm
10.0,2.3978952727983707,20-50cm
8.6,2.2617630984737906,20-50cm
11.0,2.4849066497880004,0-20cm
3.6,1.5260563034950494,0-20cm
2.6,1.2809338454620642,50-100cm
1.9,1.0647107369924282,>100cm
10.8,2.468099531471619,0-20cm
3.7,1.547562508716013,20-50cm
7.3,2.1162555148025524,20-50cm
16.2,2.8449093838194073,0-20cm
9.2,2.322387720290225,0-20cm
5.9,1.9315214116032138,20-50cm
5.7,1.9021075263969205,50-100cm
7.9,2.186051276738094,0-20cm
2.6,1.2809338454620642,0-20cm
1.4,0.8754687373538999,20-50cm
33.4,3.5380565643793527,0-20cm
14.5,2.740840023925201,20-50cm
12.0,2.5649493574615367,20-50cm
8.0,2.1972245773362196,50-100cm
14.0,2.70805020110221,0-20cm
2.7,1.308332819650179,20-50cm
1.9,1.0647107369924282,50-100cm
12.4,2.5952547069568657,0-20cm
7.0,2.0794415416798357,0-20cm
3.0,1.3862943611198906,20-50cm
27.5,3.349904087274605,0-20cm
4.9,1.7749523509116738,0-20cm
4.5,1.7047480922384253,50-100cm
31.5,3.481240089335692,0-20cm
22.0,3.1354942159291497,0-20cm
11.2,2.501435951739211,20-50cm
21.0,3.091042453358316,0-20cm
19.4,3.0155349008501706,20-50cm
11.9,2.5572273113676265,50-100cm
10.5,2.4423470353692043,0-20cm
7.9,2.186051276738094,20-50cm
6.0,1.9459101490553132,50-100cm
2.7,1.308332819650179,>100cm
4.8,1.7578579175523736,0-20cm
2.2,1.1631508098056809,20-50cm
2.8,1.33500106673234,50-100cm
18.6,2.975529566236472,0-20cm
10.9,2.4765384001174837,0-20cm
3.0,1.3862943611198906,20-50cm
1.2,0.7884573603642702,50-100cm
12.6,2.6100697927420065,0-20cm
10.2,2.4159137783010487,0-20cm
1.4,0.8754687373538999,50-100cm
18.6,2.975529566236472,0-20cm
2.8,1.33500106673234,0-20cm
3.5,1.5040773967762742,50-100cm
1.8,1.0296194171811583,50-100cm
10.1,2.4069451083182885,0-20cm
3.0,1.3862943611198906,0-20cm
2.7,1.308332819650179,20-50cm
2.4,1.2237754316221157,50-100cm
8.6,2.2617630984737906,20-50cm
2.5,1.252762968495368,20-50cm
4.6,1.7227665977411035,0-20cm
1.5,0.9162907318741551,20-50cm
5.9,1.9315214116032138,0-20cm
5.5,1.8718021769015913,20-50cm
5.4,1.8562979903656263,20-50cm
4.1,1.62924053973028,50-100cm
12.3,2.5877640352277083,0-20cm
3.7,1.547562508716013,0-20cm
16.7,2.8735646395797834,0-20cm
9.0,2.302585092994046,20-50cm
15.6,2.8094026953624973,0-20cm
9.5,2.3513752571634776,0-20cm
19.2,3.005682604407159,0-20cm
2.2,1.1631508098056809,0-20cm
1.0,0.6931471805599453,50-100cm
17.3,2.9069010598473755,0-20cm
8.5,2.2512917986064953,0-20cm
17.7,2.928523523860541,0-20cm
6.6,2.028148247292285,20-50cm
5.2,1.824549292051046,50-100cm
14.7,2.7536607123542622,0-20cm
6.6,2.028148247292285,0-20cm
1.4,0.8754687373538999,20-50cm
5.7,1.9021075263969205,0-20cm
3.1,1.410986973710262,0-20cm
3.6,1.5260563034950494,20-50cm
1.8,1.0296194171811583,50-100cm
8.1,2.2082744135228043,0-20cm
6.6,2.028148247292285,0-20cm
7.4,2.128231705849268,20-50cm
5.2,1.824549292051046,50-100cm
30.4,3.4468078929142076,0-20cm
8.9,2.2925347571405443,0-20cm
5.4,1.8562979903656263,50-100cm
18.5,2.970414465569701,0-20cm
7.2,2.1041341542702074,0-20cm
8.3,2.2300144001592104,0-20cm
6.3,1.9878743481543455,20-50cm
20.8,3.0819099697950434,0-20cm
31.9,3.493472657771326,0-20cm
8.5,2.2512917986064953,0-20cm
20.6,3.0726933146901194,0-20cm
11.3,2.509599262378372,20-50cm
8.8,2.2823823856765264,20-50cm
17.6,2.9231615807191558,0-20cm
3.329466357,1.4654442912322658,0-20cm
30.64385151,3.454543864631391,20-50cm
28.39907193,3.3809631068395847,20-50cm
17.51740139,2.9187109056582403,50-100cm
9.785382831,2.3781917758267994,0-20cm
4.385150812,1.6836453161586256,0-20cm
7.842227378,2.179538810748596,20-50cm
5.33062645,1.8453991965042138,50-100cm
8.926914153,2.295249669741039,0-20cm
3.880510441,1.5852498129605812,0-20cm
5.800464037,1.916990850589062,20-50cm
2.662412993,1.2981222178835288,50-100cm
10.78886311,2.467155281570677,0-20cm
9.605568445,2.3613791881831485,0-20cm
8.004640371,2.1977400412396495,20-50cm
17.42459397,2.913686400926207,0-20cm
14.60556845,2.7476278024863867,0-20cm
10.48723898,2.4412367653344273,20-50cm
2.987238979,1.3830990061564636,50-100cm
34.0487239,3.5567392048292246,0-20cm
23.32366589,3.1914497813470484,20-50cm
7.975638051,2.19451402388085,20-50cm
6.583526682,2.025978352931291,20-50cm
4.408352668,1.6879445488925413,50-100cm
11.39791183,2.5175280576235317,0-20cm
7.877030162,2.1834670598499266,0-20cm
4.657772622,1.7330302850799868,20-50cm
2.331786543,1.2035086595274023,50-100cm
0.580046404,0.4574542162278497,50-100cm
23.21925754,3.187148082824359,0-20cm
11.79234339,2.548846819292682,20-50cm
4.97099768,1.7869140290201475,20-50cm
5.336426914,1.8463150313457901,50-100cm
6.647331787,2.034356800985384,50-100cm
16.34570766,2.8533450786669974,0-20cm
10.34802784,2.4290439702393307,0-20cm
5.667053364,1.8971779878036796,20-50cm
4.071925754,1.6237205786208422,50-100cm
1.763341067,1.0164404791482777,50-100cm
13.9037123,2.7016103295702987,0-20cm
7.128770302,2.0954096577530805,0-20cm
5.237819026,1.8306306062226076,20-50cm
13.42807425,2.669175909271466,0-20cm
8.909512761,2.2934951807356114,0-20cm
3.393271462,1.4800741573025327,20-50cm
2.563805104,1.2708288234892864,50-100cm
1.241299304,0.8070557441336149,50-100cm
0.6612529,0.507572076717233,50-100cm
13.64269142,2.683941331800568,0-20cm
10.78306265,2.4666631316991614,0-20cm
6.032482599,1.9505397870098125,20-50cm
4.112529002,1.6316941941156662,20-50cm
5.446635731,1.8635584026381824,50-100cm
3.834106729,1.5756963608542727,>100cm
16.33990719,2.8530106189735966,0-20cm
15.87587007,2.8258847951331414,0-20cm
12.45359629,2.5992464524637438,0-20cm
5.040603248,1.798503882456187,20-50cm
4.135730858,1.6362221619771897,50-100cm
3.915313225,1.5923554799510653,50-100cm
13.37587007,2.6655511114604487,0-20cm
2.993039443,1.3845527060688607,0-20cm
1.171693735,0.7755073861441434,20-50cm
7.633410673,2.1556396382598058,0-20cm
5.116009281,1.8109098055607593,0-20cm
3.138051044,1.4202249146750134,20-50cm
2.517401392,1.257722476066907,50-100cm
19.48955916,3.01991544713405,0-20cm
12.76682135,2.622261447313235,0-20cm
4.269141531,1.661867451940604,20-50cm
2.494199536,1.2511043182667152,50-100cm
12.74361949,2.6205746793231417,0-20cm
9.3387471,2.3358986915258138,20-50cm
4.599767981,1.7227251649184903,20-50cm
4.158932715,1.6407297199212105,50-100cm
13.17865429,2.651737614625892,0-20cm
10.44083527,2.4371889963982123,20-50cm
9.054524362,2.3080227184757285,20-50cm
10.52784223,2.444765172795103,50-100cm
7.099767981,2.091835416947149,0-20cm
4.303944316,1.6684507543367475,20-50cm
1.479118329,0.9079029844673404,20-50cm
0.974477958,0.6803040383497674,50-100cm
14.274942,2.72621370799644,0-20cm
11.02088167,2.4866452766666476,20-50cm
7.523201856,2.1427920749391625,20-50cm
6.357308585,1.995694184477173,50-100cm
4.541763341,1.7123127427141274,>100cm
17.67981439,2.9274434964558282,0-20cm
21.32830626,3.105855212549841,0-20cm
14.6287703,2.7491134657144958,20-50cm
15.04640371,2.775484756556287,0-20cm
15.03480278,2.7747615337242983,0-20cm
4.61136891,1.7247947022461207,20-50cm
12.80162413,2.6247862758178764,0-20cm
7.911832947,2.1873799382830317,0-20cm
0.93387471,0.6595256120990985,20-50cm
0.319025522,0.27689322305518066,50-100cm
11.08468677,2.4919390949118085,0-20cm
6.832946636,2.05833876564646,20-50cm
4.09512761,1.6282847124846898,20-50cm
1.438515081,0.8913892806885221,50-100cm
24.33294664,3.232105787291196,0-20cm
19.59976798,3.02527981262531,0-20cm
13.63689095,2.683545119176864,20-50cm
3.810904872,1.5708851895016658,50-100cm
8.370069606,2.2375205248246597,0-20cm
5.487238979,1.8698370132317128,0-20cm
1.467517401,0.9032125443776349,20-50cm
4.576566125,1.71857319717826,50-100cm
17.0649652,2.893974438220776,0-20cm
13.12645012,2.6480489351258143,20-50cm
8.010440835,2.1983839977263417,20-50cm
6.490719258,2.013664822024103,50-100cm
5.504640371,1.8725158254246663,50-100cm
10.47563805,2.440226357886631,0-20cm
10.40023202,2.433633707824917,0-20cm
5.916473318,1.9339060035937803,20-50cm
4.901392111,1.7751882740965597,20-50cm
4.994199536,1.7907922576296846,50-100cm
4.907192575,1.7761706889448687,0-20cm
3.776102088,1.5636247510712347,0-20cm
2.540603248,1.26429712166726,20-50cm
1.798143852,1.0289562873591707,20-50cm
1.339907193,0.8501112674719763,50-100cm
9.321345708,2.334214149614344,0-20cm
3.868909513,1.5828699927189804,0-20cm
3.509280742,1.506137660086652,20-50cm
11.30510441,2.510014168975651,0-20cm
7.732018561,2.1669965643153053,20-50cm
6.856148492,2.06129647260469,50-100cm
16.68213457,2.8725547835190683,0-20cm
6.983758701,2.0774093157318028,20-50cm
4.686774942,1.7381432934251808,50-100cm
11.67053364,2.5392791118359908,0-20cm
7.024361949,2.0824821579423856,0-20cm
4.437354988,1.6932927271856186,50-100cm
14.91299304,2.767135947849707,0-20cm
8.120649652,2.210541035321165,0-20cm
6.873549884,2.063509026041244,50-100cm
19.02552204,2.997007562027855,0-20cm
10.09280742,2.4062969181082163,0-20cm
6.554524362,2.0221466370254397,20-50cm
3.944315545,1.5982385419455967,50-100cm
31.73433875,3.488424641597385,0-20cm
7.749419954,2.168987407200751,20-50cm
7.082366589,2.089684724325949,50-100cm
4.3387471,1.6749909999750774,50-100cm
1.699535963,0.9930798926841509,0-20cm
0.284222738,0.25015366218586516,20-50cm
0.185614849,0.17026149994144393,50-100cm
0.156612529,0.14549549929613922,50-100cm
54.50116009,4.0164039230564565,0-20cm
5.713457077,1.9041140309747733,20-50cm
5.365429234,1.8508816663420655,50-100cm
33.43967517,3.5392092477496617,0-20cm
10.20301624,2.416183049187247,20-50cm
10.13341067,2.4099505576976044,50-100cm
2.122969838,1.138784420233169,0-20cm
1.885150812,1.0595771731171946,50-100cm
21.91415313,3.1317547602631044,0-20cm
9.448955916,2.3465020610747516,0-20cm
7.766821346,2.1709742943903736,50-100cm
9.843387471,2.383555444519104,0-20cm
4.298143852,1.667356542614146,0-20cm
4.321345708,1.671726223998009,20-50cm
4.170533643,1.642975902342544,50-100cm
17.23897912,2.9035610137816,0-20cm
4.675174014,1.7361012261572701,0-20cm
3.921113689,1.593534864441604,50-100cm
7.47099768,2.1366482915738008,0-20cm
3.271461717,1.4519560911439962,20-50cm
3.033642691,1.3946698612412058,20-50cm
2.964037123,1.377262981459208,50-100cm
26.97215777,3.331209650108854,0-20cm
9.982598608,2.3963120754753384,0-20cm
7.378190255,2.1256319311474012,20-50cm
5.643851508,1.8936918417120046,20-50cm
4.982598608,1.7888550234058813,50-100cm
15.59164733,2.808899395836971,0-20cm
4.773781903,1.753327308272418,0-20cm
2.784222738,1.3308405125650895,20-50cm
1.693735499,0.9909288916535752,>100cm
13.73549884,2.6902594697055253,0-20cm
7.604408353,2.152274671111425,0-20cm
6.629930394,2.032078722581097,50-100cm
11.69953596,2.541565454214318,0-20cm
7.488399072,2.1387004162290837,0-20cm
4.182134571,1.645217050733646,50-100cm
0.986078886,0.6861622858814522,50-100cm
5.968677494,1.941425464157835,0-20cm
3.387470998,1.478752978627687,20-50cm
3.010440835,1.3889011691913997,20-50cm
3.43387471,1.489273854141758,50-100cm
20.26102088,3.0568753905756108,0-20cm
11.71693735,2.5429347545501044,0-20cm
6.59512761,2.0275069377499046,20-50cm
5.568445476,1.882277195063256,50-100cm
6.432714617,2.005891150952541,0-20cm
4.141531323,1.6373509578595458,0-20cm
1.554524362,0.937866046638914,50-100cm
20.27842227,3.0576935202774624,0-20cm
10.60324826,2.4512850813271534,0-20cm
8.6774942,2.2698030041411474,50-100cm
53.86890951,4.004946876807418,0-20cm
12.91763341,2.6331566268028896,0-20cm
4.767981439,1.7523221820509793,20-50cm
1.890951276,1.0615856092083378,50-100cm
21.57772622,3.116963854802508,0-20cm
14.61716937,2.7483709096796587,20-50cm
12.4187935,2.59665622437235,20-50cm
7.581206497,2.1495745209801433,50-100cm
12.02436195,2.5668215998752504,0-20cm
12.04756381,2.5686014351155397,20-50cm
6.200696056,1.974177695793781,50-100cm
2.354988399,1.2104483125935237,50-100cm
28.20765661,3.3744308875737348,0-20cm
17.17517401,2.900056597514054,20-50cm
15.08700696,2.7780119250555564,50-100cm
7.302784223,2.116590907106482,0-20cm
4.147331787,1.6384784808040151,20-50cm
3.926914153,1.5947128596227356,20-50cm
3.312064965,1.4614168995878232,50-100cm
9.744779582,2.3744200163428864,0-20cm
6.276102088,1.9845952913435916,20-50cm
5.794663573,1.9161375354134547,50-100cm
16.38051044,2.8553494887960773,0-20cm
5.017401392,1.7946555036691993,20-50cm
3.242459397,1.445143147544206,50-100cm
3.109048724,1.4131915477039305,>100cm
13.81090487,2.695363724995304,0-20cm
7.012761021,2.0810353984400476,20-50cm
6.89675174,2.0664515027666295,50-100cm
15.1450116,2.781611122698677,0-20cm
11.13689095,2.496249653161721,0-20cm
11.04408353,2.488573545998958,50-100cm
10.78306265,2.4666631316991614,>100cm
6.194895592,1.9733718290457176,0-20cm
3.607888631,1.5277697544817326,0-20cm
3.1612529,1.4258162068128326,50-100cm
0.806264501,0.5912609010816733,>100cm
9.605568445,2.3613791881831485,0-20cm
6.148491879,1.96690140844391,20-50cm
2.923433875,1.3669672588687534,50-100cm
13.71229698,2.6886836733408037,0-20cm
9.39675174,2.341493424669005,20-50cm
9.03712297,2.3062905164254377,50-100cm
42.38399072,3.770090495634993,0-20cm
11.6937355,2.541108604051469,20-50cm
1.589327146,0.9513980527712003,50-100cm
24.84338747,3.252054764362576,0-20cm
3.555684455,1.5163757839677925,20-50cm
1.803944316,1.0310271102019744,50-100cm
25.31902552,3.2702920814555902,0-20cm
19.10672854,3.001054512281498,0-20cm
9.03712297,2.3062905164254377,20-50cm
17.00696056,2.890758380925626,0-20cm
9.408352668,2.3426086249558975,20-50cm
6.380510441,1.9988428016677164,20-50cm
4.373549884,1.6814887485908652,50-100cm
7.755220418,2.1696501416630465,0-20cm
4.448955916,1.6954240152764382,20-50cm
1.873549884,1.0555481588288962,50-100cm
1.073085847,0.729038244559529,50-100cm
16.97215777,2.888823769825068,0-20cm
8.288863109,2.228816167403695,0-20cm
4.802784223,1.758337840819053,20-50cm
21.14849188,3.097769407491426,0-20cm
11.18909513,2.500541710221142,0-20cm
5.133410673,1.8137509855955891,20-50cm
17.69721578,2.9283746240054542,0-20cm
5.005800464,1.792725746232027,20-50cm
3.155452436,1.4244213119100628,50-100cm
2.80162413,1.3354283780534308,>100cm
1.490719258,0.9125715273995313,>100cm
6.56612529,2.023681085682505,0-20cm
3.868909513,1.5828699927189804,20-50cm
3.051044084,1.3989746464126382,50-100cm
4.965197216,1.7859421171994811,50-100cm
11.2412993,2.5048154234112436,0-20cm
3.868909513,1.5828699927189804,0-20cm
3.868909513,1.5828699927189804,20-50cm
3.625290023,1.53153907667402,50-100cm
16.97215777,2.888823769825068,0-20cm
8.294663573,2.2294404261127796,20-50cm
7.592807425,2.1509255073968485,50-100cm
10.11600928,2.4083863467125823,0-20cm
3.79350348,1.5672615595177528,20-50cm
3.10324826,1.4117789185757146,50-100cm
2.128770302,1.1406400525961704,50-100cm
3.915313225,1.5923554799510653,0-20cm
0.719257541,0.5418925354231083,20-50cm
0.498839907,0.4046914135503711,50-100cm
17.76102088,2.9317813600079257,0-20cm
16.55452436,2.8653117149782035,0-20cm
9.535962877,2.3547944409913404,20-50cm
1.380510441,0.8673149356961678,50-100cm
10.51044084,2.4432545226085085,0-20cm
2.964037123,1.377262981459208,20-50cm
3.283062645,1.454668324956341,50-100cm
2.645011601,1.293359548171606,50-100cm
2.952436195,1.3743321470236898,50-100cm
7.592807425,2.1509255073968485,0-20cm
2.52900232,1.2610152021029482,20-50cm
2.424593968,1.2309829151975915,20-50cm
2.22737819,1.1716701017406153,50-100cm
15.16241299,2.7826883606341424,0-20cm
4.361948956,1.6793275201862106,20-50cm
3.903712297,1.5899925299064088,50-100cm
3.346867749,1.4694555280333836,0-20cm
3.091647332,1.4089476596245278,20-50cm
2.52900232,1.2610152021029482,50-100cm
15.65545244,2.812737636692461,0-20cm
8.387470998,2.2393759276580507,20-50cm
4.61136891,1.7247947022461207,20-50cm
5.145011601,1.8156406308925384,50-100cm
18.3062645,2.9604296287365934,0-20cm
13.95011601,2.704719059672809,20-50cm
2.517401392,1.257722476066907,20-50cm
1.745939675,1.0101233387869195,50-100cm
6.722737819,2.0441689409337056,0-20cm
7.749419954,2.168987407200751,0-20cm
4.483758701,1.7017907601849696,20-50cm
13.31786543,2.661508088270795,0-20cm
13.31206497,2.661102885743347,20-50cm
13.34106729,2.66312725987748,20-50cm
13.0974478,2.645993773908163,20-50cm
11.73433875,2.5443021832513724,0-20cm
9.129930394,2.3154944469635397,0-20cm
5.353828306,1.8490575140783996,20-50cm
3.845707657,1.578093293913444,50-100cm
15.76566125,2.8193328214308515,0-20cm
2.546403712,1.2659340511433992,20-50cm
1.577726218,0.9469076994980784,50-100cm
1.479118329,0.9079029844673404,50-100cm
1.954756381,1.083416204481449,>100cm
19.55916473,3.0233068137889445,0-20cm
8.265661253,2.2263152282644634,20-50cm
4.321345708,1.671726223998009,50-100cm
6.502320186,2.0152123308342373,0-20cm
1.299303944,0.8326064440890051,0-20cm
1.473317865,0.9055605144484962,20-50cm
0.916473318,0.6504866834874482,50-100cm
8.312064965,2.2313108674467053,0-20cm
4.634570766,1.7289209717421712,0-20cm
4.321345708,1.671726223998009,20-50cm
3.544083527,1.5138260630720897,50-100cm
3.399071926,1.4813935927671265,>100cm
18.01044084,2.9449883461315087,0-20cm
13.83990719,2.697319983676551,20-50cm
19.14733179,3.0030718622550108,20-50cm
4.280742459,1.664066705067342,50-100cm
10.725058,2.461728261015204,0-20cm
5.075406032,1.8042488235363598,20-50cm
3.712296984,1.5501754715278433,50-100cm
11.18909513,2.500541710221142,0-20cm
3.845707657,1.578093293913444,0-20cm
2.552204176,1.2675683054598799,20-50cm
1.653132251,0.975740923517374,50-100cm
13.12064965,2.647638240213504,0-20cm
7.337587007,2.12077384680948,20-50cm
13.75290023,2.691439689220229,0-20cm
7.998839907,2.1970956698057784,0-20cm
5.910672854,1.933067006989839,20-50cm
4.785382831,1.7553345349469973,50-100cm
12.98143852,2.6377306299383076,0-20cm
5.754060325,1.9101438536676398,20-50cm
4.605568445,1.7237604688661068,50-100cm
1.653132251,0.975740923517374,50-100cm
35.67285383,3.602036803707358,0-20cm
21.10788863,3.0959344964153575,0-20cm
13.55568445,2.6779816011692352,20-50cm
43.45707657,3.794524152213107,0-20cm
13.28886311,2.6594804303443658,20-50cm
8.13225058,2.211812168063315,20-50cm
37.22157773,3.6434002181799023,0-20cm
21.89675174,3.1309950550843344,20-50cm
5.145011601,1.8156406308925384,20-50cm
20.38863109,3.0628595233839175,0-20cm
6.096287703,1.959571788576583,20-50cm
2.053364269,1.1162440217351621,20-50cm
0.696055684,0.5283053693779048,50-100cm
8.6774942,2.2698030041411474,0-20cm
2.418793503,1.2292877119335197,20-50cm
11.11948956,2.494814864242734,0-20cm
3.323665893,1.4641036287527802,20-50cm
3.10324826,1.4117789185757146,50-100cm
9.477958237,2.3492738351983555,0-20cm
4.646171694,1.7309777392166075,20-50cm
12.63341067,2.612523446980694,0-20cm
5.829466357,1.921246538319384,20-50cm
2.732018561,1.3169492564453984,50-100cm
7.848027842,2.180194591474847,0-20cm
5.585846868,1.8849229325450814,20-50cm
1.977958237,1.0912379103219778,50-100cm
7.354988399,2.1228587735365188,0-20cm
6.716937355,2.0434175696506283,0-20cm
4.025522042,1.6145293375042797,20-50cm
2.575406032,1.2740787450813906,>100cm
4.733178654,1.7462701158338707,0-20cm
2.082366589,1.1256976749899856,0-20cm
1.62412993,0.9647493858620633,20-50cm
0.527842227,0.4238564308320557,50-100cm
14.10672854,2.715140243246768,0-20cm
14.36194896,2.731893605086919,0-20cm
7.604408353,2.152274671111425,20-50cm
5.266821346,1.8352692637355172,20-50cm
3.955916473,1.600582109912199,0-20cm
1.450116009,0.8961353740478757,20-50cm
0.24361949,0.21802607132153182,50-100cm
10.05220418,2.402629881374775,0-20cm
3.323665893,1.4641036287527802,20-50cm
3.138051044,1.4202249146750134,50-100cm
9.982598608,2.3963120754753384,0-20cm
2.082366589,1.1256976749899856,0-20cm
1.003480278,0.6948858072722154,20-50cm
3.155452436,1.4244213119100628,0-20cm
2.790023202,1.3323721409753324,0-20cm
2.74361949,1.320052921506025,50-100cm
3.207656613,1.4369058687311476,0-20cm
2.946635731,1.3728635023279754,0-20cm
2.55800464,1.269199893346222,20-50cm
11.23549884,2.504341467620506,0-20cm
1.885150812,1.0595771731171946,0-20cm
9.12412993,2.3149216764606586,20-50cm
14.1937355,2.720883204742063,0-20cm
16.31670534,2.851671662175884,20-50cm
13.97911833,2.7066571198816627,20-50cm
9.547563805,2.3558949142988417,50-100cm
7.5,2.1400661634962708,0-20cm
4.878190255,1.7712489347747191,20-50cm
3.549883991,1.5151017361543018,50-100cm
20.53944316,3.0698858199549055,0-20cm
8.236658933,2.223180232927466,0-20cm
4.599767981,1.7227251649184903,20-50cm
4.303944316,1.6684507543367475,50-100cm
3.932714617,1.5958894687638085,50-100cm
6.745939675,2.0471687931717106,0-20cm
10.66705336,2.4567689174148732,0-20cm
3.938515081,1.5970646951226457,0-20cm
8.497679814,2.251047538672203,0-20cm
11.76334107,2.546577082984399,0-20cm
8.578886311,2.259561333763666,0-20cm
5.162412993,1.818468420486176,50-100cm
15.48143852,2.8022348095068286,0-20cm
1.171693735,0.7755073861441434,0-20cm
3.909512761,1.5911747028701888,0-20cm
1.856148492,1.0494740361229478,0-20cm
1.682134571,0.9866129592159453,50-100cm
14.46635731,2.7386671688554465,0-20cm
2.088167053,1.1275777281734074,0-20cm
7.308584687,2.1172892799217724,0-20cm
2.587006961,1.2773181391671642,0-20cm
2.047563805,1.114342518987587,0-20cm
1.374709977,0.8648753150825989,20-50cm
0.214617169,0.19442893989929838,50-100cm
10.79466357,2.467647189349837,0-20cm
8.660092807,2.2680032555281726,0-20cm
3.346867749,1.4694555280333836,20-50cm
16.1,2.8390784635086144,0-20cm
14.6,2.747270914255491,0-20cm
10.8,2.468099531471619,20-50cm
5.0,1.791759469228055,20-50cm
4.6,1.7227665977411035,50-100cm
10.3,2.424802725718295,0-20cm
24.1,3.2228678461377385,0-20cm
11.0,2.4849066497880004,20-50cm
12.3,2.5877640352277083,50-100cm
27.7,3.3568971227655755,0-20cm
8.8,2.2823823856765264,0-20cm
7.4,2.128231705849268,20-50cm
7.6,2.151762203259462,20-50cm
15.5,2.803360380906535,0-20cm
4.8,1.7578579175523736,20-50cm
5.9,1.9315214116032138,20-50cm
8.6,2.2617630984737906,50-100cm
11.5,2.5257286443082556,50-100cm
17.1,2.89591193827178,0-20cm
6.6,2.028148247292285,0-20cm
4.2,1.6486586255873816,20-50cm
3.3,1.4586150226995167,20-50cm
3.6,1.5260563034950494,50-100cm
15.1,2.7788192719904172,0-20cm
5.5,1.8718021769015913,0-20cm
5.1,1.8082887711792655,20-50cm
6.6,2.028148247292285,20-50cm
5.5,1.8718021769015913,50-100cm
12.1,2.5726122302071057,0-20cm
3.6,1.5260563034950494,0-20cm
3.9,1.589235205116581,20-50cm
5.5,1.8718021769015913,50-100cm
3.9,1.589235205116581,50-100cm
15.2,2.785011242238338,0-20cm
9.9,2.388762789235098,0-20cm
5.7,1.9021075263969205,20-50cm
5.5,1.8718021769015913,50-100cm
17.7,2.928523523860541,0-20cm
6.8,2.0541237336955462,20-50cm
4.2,1.6486586255873816,50-100cm
3.1,1.410986973710262,>100cm
19.7,3.0301337002713233,0-20cm
6.9,2.066862759472976,20-50cm
6.0,1.9459101490553132,20-50cm
23.7,3.2068032436339315,0-20cm
15.3,2.791165107812717,0-20cm
10.9,2.4765384001174837,20-50cm
3.6,1.5260563034950494,50-100cm
20.3,3.0587070727153796,0-20cm
11.0,2.4849066497880004,0-20cm
8.2,2.2192034840549946,20-50cm
5.7,1.9021075263969205,50-100cm
10.4,2.4336133554004498,0-20cm
12.2,2.580216829592325,0-20cm
2.2,1.1631508098056809,50-100cm
10.9,2.4765384001174837,0-20cm
7.7,2.1633230256605382,0-20cm
7.5,2.1400661634962708,20-50cm
5.7,1.9021075263969205,50-100cm
4.0,1.6094379124341003,>100cm
12.6,2.6100697927420065,0-20cm
11.5,2.5257286443082556,0-20cm
6.8,2.0541237336955462,20-50cm
3.5,1.5040773967762742,50-100cm
14.0,2.70805020110221,0-20cm
7.7,2.1633230256605382,20-50cm
2.7,1.308332819650179,20-50cm
4.2,1.6486586255873816,50-100cm
3.5,1.5040773967762742,50-100cm
36.3,3.6189933266497696,0-20cm
6.1,1.9600947840472698,0-20cm
5.9,1.9315214116032138,20-50cm
3.1,1.410986973710262,>100cm
2.1,1.1314021114911006,>100cm
2.1,1.1314021114911006,>100cm
20.0,3.044522437723423,0-20cm
8.8,2.2823823856765264,20-50cm
6.9,2.066862759472976,50-100cm
6.3,1.9878743481543455,>100cm
10.6,2.451005098112319,0-20cm
6.0,1.9459101490553132,20-50cm
5.2,1.824549292051046,50-100cm
3.8,1.5686159179138452,>100cm
3.8,1.5686159179138452,0-20cm
1.5,0.9162907318741551,0-20cm
16.3,2.8507065015037334,0-20cm
15.19721578,2.784839362035684,0-20cm
9.3387471,2.3358986915258138,0-20cm
8.294663573,2.2294404261127796,20-50cm
5.974477958,1.94225748017524,50-100cm
7.1,2.0918640616783932,0-20cm
6.6,2.028148247292285,0-20cm
7.9,2.186051276738094,20-50cm
7.0,2.0794415416798357,20-50cm
10.5,2.4423470353692043,50-100cm
8.9,2.2925347571405443,0-20cm
4.1,1.62924053973028,20-50cm
2.2,1.1631508098056809,20-50cm
1.7,0.9932517730102833,50-100cm
1.6,0.9555114450274363,>100cm
4.0,1.6094379124341003,0-20cm
5.9,1.9315214116032138,0-20cm
4.7,1.7404661748405046,20-50cm
1.8,1.0296194171811583,50-100cm
0.8,0.5877866649021191,50-100cm
10.1,2.4069451083182885,0-20cm
14.8,2.760009940032921,0-20cm
9.1,2.312535423847214,0-20cm
2.3,1.1939224684724346,20-50cm
2.1,1.1314021114911006,50-100cm
5.9,1.9315214116032138,0-20cm
4.5,1.7047480922384253,0-20cm
4.4,1.6863989535702288,20-50cm
1.7,0.9932517730102833,50-100cm
25.3,3.269568939183719,0-20cm
13.0,2.6390573296152584,0-20cm
7.3,2.1162555148025524,20-50cm
3.1,1.410986973710262,50-100cm
11.0,2.4849066497880004,0-20cm
4.2,1.6486586255873816,0-20cm
2.3,1.1939224684724346,20-50cm
1.6,0.9555114450274363,50-100cm
16.0,2.833213344056216,0-20cm
13.1,2.6461747973841225,0-20cm
3.8,1.5686159179138452,20-50cm
3.5,1.5040773967762742,50-100cm
2.1,1.1314021114911006,50-100cm
12.6,2.6100697927420065,0-20cm
7.2,2.1041341542702074,0-20cm
2.9,1.3609765531356006,20-50cm
1.8,1.0296194171811583,50-100cm
13.2,2.653241964607215,0-20cm
9.7,2.3702437414678603,0-20cm
3.1,1.410986973710262,20-50cm
15.5,2.803360380906535,50-100cm
56.4,4.050044303325521,0-20cm
15.6,2.8094026953624973,0-20cm
6.1,1.9600947840472698,20-50cm
152.7,5.03500265054455,50-100cm
122.3,4.814620410170298,50-100cm
15.7,2.8154087194227095,0-20cm
6.7,2.0412203288596382,0-20cm
5.2,1.824549292051046,20-50cm
15.9,2.827313621929028,20-50cm
4.4,1.6863989535702288,50-100cm
7.5,2.1400661634962708,50-100cm
16.7,2.8735646395797834,0-20cm
22.6,3.1612467120315646,0-20cm
5.0,1.791759469228055,20-50cm
2.4,1.2237754316221157,20-50cm
25.9,3.292126286607793,0-20cm
8.0,2.1972245773362196,0-20cm
6.7,2.0412203288596382,20-50cm
2.4,1.2237754316221157,50-100cm
1.6,0.9555114450274363,50-100cm
13.0,2.6390573296152584,0-20cm
5.5,1.8718021769015913,20-50cm
7.1,2.0918640616783932,20-50cm
16.0,2.833213344056216,0-20cm
6.2,1.9740810260220096,0-20cm
2.8,1.33500106673234,20-50cm
2.0,1.0986122886681098,50-100cm
16.5,2.8622008809294686,0-20cm
14.3,2.72785282839839,0-20cm
12.5,2.6026896854443837,20-50cm
4.2,1.6486586255873816,50-100cm
4.4,1.6863989535702288,50-100cm
158.4,5.071416766356115,0-20cm
138.1,4.935193098929397,0-20cm
112.8,4.73444252169223,20-50cm
126.0,4.844187086458591,20-50cm
31.1,3.4688560301359703,50-100cm
1.7,0.9932517730102833,0-20cm
1.8,1.0296194171811583,0-20cm
1.7,0.9932517730102833,20-50cm
1.5,0.9162907318741551,50-100cm
2.4,1.2237754316221157,0-20cm
2.0,1.0986122886681098,0-20cm
1.5,0.9162907318741551,20-50cm
0.9,0.6418538861723948,50-100cm
1.2,0.7884573603642702,50-100cm
28.0,3.367295829986474,0-20cm
10.9,2.4765384001174837,0-20cm
9.1,2.312535423847214,20-50cm
98.4,4.599152113662528,0-20cm
125.3,4.838660029356445,0-20cm
75.4,4.335982696172475,20-50cm
44.3,3.8133070324889884,50-100cm
22.7,3.1654750481410856,50-100cm
35.1,3.586292865338835,0-20cm
24.2,3.2268439945173775,0-20cm
14.2,2.7212954278522306,0-20cm
62.0,4.143134726391533,0-20cm
14.1,2.714694743820879,0-20cm
17.8,2.9338568698359038,0-20cm
6.5,2.0149030205422647,0-20cm
4.1,1.62924053973028,20-50cm
3.1,1.410986973710262,50-100cm
0.6,0.4700036292457355,50-100cm
26.5,3.3141860046725258,0-20cm
19.0,2.995732273553991,0-20cm
8.6,2.2617630984737906,20-50cm
6.1,1.9600947840472698,20-50cm
45.4,3.8372994592322094,0-20cm
30.5,3.449987545831587,20-50cm
8.2,2.2192034840549946,20-50cm
69.8,4.259859000699674,0-20cm
46.5,3.8607297110405954,0-20cm
9.0,2.302585092994046,0-20cm
3.1,1.410986973710262,50-100cm
60.5,4.119037174812473,0-20cm
30.8,3.459466289786131,0-20cm
16.2,2.8449093838194073,20-50cm
2.4,1.2237754316221157,20-50cm
70.2,4.26549281841793,0-20cm
54.9,4.023564380161053,0-20cm
37.1,3.6402142821326553,20-50cm
32.7,3.517497837358316,0-20cm
19.9,3.039749158970765,0-20cm
23.3,3.190476350346503,20-50cm
7.7,2.1633230256605382,50-100cm
3.2,1.4350845252893227,50-100cm
28.2,3.374168709274236,0-20cm
18.3,2.9601050959108397,0-20cm
9.9,2.388762789235098,20-50cm
2.3,1.1939224684724346,50-100cm
48.6,3.903990833730882,0-20cm
30.3,3.4436180975461075,0-20cm
4.9,1.7749523509116738,20-50cm
2.9,1.3609765531356006,50-100cm
28.6,3.3877743613300146,0-20cm
20.3,3.0587070727153796,0-20cm
15.0,2.772588722239781,20-50cm
4.9,1.7749523509116738,20-50cm
16.4,2.856470206220483,0-20cm
13.8,2.6946271807700692,0-20cm
27.1,3.3357695763397,20-50cm
3.3,1.4586150226995167,20-50cm
1.7,0.9932517730102833,50-100cm
37.3,3.6454498961866,0-20cm
28.1,3.370738174177447,0-20cm
9.8,2.379546134130174,20-50cm
2.9,1.3609765531356006,0-20cm
1.5,0.9162907318741551,0-20cm
0.8,0.5877866649021191,20-50cm
0.8,0.5877866649021191,50-100cm
6.8,2.0541237336955462,0-20cm
7.3,2.1162555148025524,20-50cm
1.2,0.7884573603642702,20-50cm
0.4,0.33647223662121295,50-100cm
11.2,2.501435951739211,0-20cm
2.8,1.33500106673234,0-20cm
1.5,0.9162907318741551,20-50cm
30.6,3.4531571205928664,0-20cm
28.0,3.367295829986474,0-20cm
14.4,2.7343675094195836,20-50cm
13.7,2.6878474937846906,0-20cm
9.9,2.388762789235098,0-20cm
9.2,2.322387720290225,20-50cm
4.5,1.7047480922384253,50-100cm
7.5,2.1400661634962708,0-20cm
3.9,1.589235205116581,0-20cm
2.4,1.2237754316221157,20-50cm
2.1,1.1314021114911006,50-100cm
14.8,2.760009940032921,0-20cm
12.3,2.5877640352277083,0-20cm
8.5,2.2512917986064953,20-50cm
5.2,1.824549292051046,50-100cm
6.1,1.9600947840472698,50-100cm
7.3,2.1162555148025524,0-20cm
5.6,1.8870696490323797,20-50cm
6.0,1.9459101490553132,20-50cm
2.3,1.1939224684724346,50-100cm
1.0,0.6931471805599453,50-100cm
2.3,1.1939224684724346,0-20cm
1.8,1.0296194171811583,20-50cm
1.1,0.7419373447293773,50-100cm
3.9,1.589235205116581,0-20cm
3.2,1.4350845252893227,0-20cm
4.2,1.6486586255873816,20-50cm
1.8,1.0296194171811583,50-100cm
1.9,1.0647107369924282,50-100cm
1.9,1.0647107369924282,0-20cm
1.3,0.832909122935104,0-20cm
1.3,0.832909122935104,20-50cm
11.2,2.501435951739211,0-20cm
8.5,2.2512917986064953,0-20cm
8.0,2.1972245773362196,20-50cm
4.2,1.6486586255873816,20-50cm
2.3,1.1939224684724346,20-50cm
2.9,1.3609765531356006,50-100cm
27.0,3.332204510175204,0-20cm
22.1,3.139832617527748,0-20cm
18.5,2.970414465569701,20-50cm
5.5,1.8718021769015913,20-50cm
3.5,1.5040773967762742,50-100cm
18.5,2.970414465569701,0-20cm
53.6,4.000033882750859,0-20cm
17.6,2.9231615807191558,20-50cm
14.7,2.7536607123542622,20-50cm
61.0,4.127134385045092,0-20cm
31.5,3.481240089335692,0-20cm
9.1,2.312535423847214,20-50cm
3.3,1.4586150226995167,20-50cm
3.5,1.5040773967762742,50-100cm
42.7,3.7773481021015445,0-20cm
15.4,2.797281334830153,0-20cm
7.6,2.151762203259462,20-50cm
19.8,3.0349529867072724,50-100cm
70.3,4.26689632742025,0-20cm
18.5,2.970414465569701,0-20cm
19.5,3.0204248861443626,20-50cm
13.6,2.681021528714291,50-100cm
45.5,3.8394523125933104,0-20cm
45.7,3.8437441646748516,20-50cm
43.0,3.784189633918261,20-50cm
24.0,3.2188758248682006,50-100cm
19.2,3.005682604407159,50-100cm
23.4,3.1945831322991562,0-20cm
6.8,2.0541237336955462,0-20cm
3.1,1.410986973710262,20-50cm
3.0,1.3862943611198906,50-100cm
1.8,1.0296194171811583,50-100cm
33.7,3.5467396869528134,0-20cm
14.3,2.72785282839839,0-20cm
11.2,2.501435951739211,20-50cm
7.0,2.0794415416798357,50-100cm
3.6,1.5260563034950494,50-100cm
52.6,3.9815490680767565,0-20cm
21.5,3.1135153092103742,0-20cm
14.7,2.7536607123542622,20-50cm
49.4,3.919991175077323,0-20cm
21.2,3.100092288878234,0-20cm
2.8,1.33500106673234,20-50cm
1.7,0.9932517730102833,50-100cm
1.1,0.7419373447293773,50-100cm
61.2,4.130354999745133,0-20cm
39.0,3.6888794541139363,0-20cm
22.1,3.139832617527748,20-50cm
45.4,3.8372994592322094,0-20cm
27.0,3.332204510175204,0-20cm
18.8,2.9856819377004897,0-20cm
13.8,2.6946271807700692,20-50cm
65.2,4.192680462942962,0-20cm
22.0,3.1354942159291497,0-20cm
8.3,2.2300144001592104,20-50cm
5.5,1.8718021769015913,20-50cm
60.6,4.120661870539474,0-20cm
31.2,3.4719664525503626,0-20cm
14.0,2.70805020110221,20-50cm
5.5,1.8718021769015913,50-100cm
35.1,3.586292865338835,0-20cm
43.0,3.784189633918261,0-20cm
18.5,2.970414465569701,20-50cm
32.9,3.5234150143864045,20-50cm
8.3,2.2300144001592104,50-100cm
60.3,4.115779842942166,0-20cm
3.5,1.5040773967762742,0-20cm
3.1,1.410986973710262,20-50cm
36.6,3.6270040503958487,0-20cm
9.2,2.322387720290225,0-20cm
3.5,1.5040773967762742,20-50cm
16.3,2.8507065015037334,0-20cm
13.1,2.6461747973841225,0-20cm
6.3,1.9878743481543455,20-50cm
6.5,2.0149030205422647,20-50cm
5.7,1.9021075263969205,50-100cm
12.7,2.617395832834079,0-20cm
6.1,1.9600947840472698,0-20cm
6.4,2.0014800002101243,20-50cm
4.6,1.7227665977411035,50-100cm
34.1,3.55820113047182,0-20cm
11.7,2.5416019934645457,0-20cm
9.0,2.302585092994046,20-50cm
5.3,1.840549633397487,50-100cm
18.7,2.9806186357439426,0-20cm
11.7,2.5416019934645457,0-20cm
10.3,2.424802725718295,20-50cm
10.1,2.4069451083182885,50-100cm
6.1,1.9600947840472698,50-100cm
45.1,3.8308129500026027,0-20cm
13.0,2.6390573296152584,0-20cm
11.7,2.5416019934645457,20-50cm
24.2,3.2268439945173775,50-100cm
18.1,2.9496883350525844,50-100cm
28.7,3.391147045808654,0-20cm
20.0,3.044522437723423,0-20cm
7.6,2.151762203259462,20-50cm
7.5,2.1400661634962708,50-100cm
4.5,1.7047480922384253,50-100cm
28.1,3.370738174177447,0-20cm
15.4,2.797281334830153,0-20cm
16.0,2.833213344056216,20-50cm
14.0,2.70805020110221,50-100cm
39.6,3.703768066607687,0-20cm
25.5,3.2771447329921766,20-50cm
15.0,2.772588722239781,20-50cm
10.1,2.4069451083182885,50-100cm
9.4,2.341805806147327,>100cm
45.8,3.845883202923601,0-20cm
29.9,3.4307561839036995,0-20cm
21.7,3.122364924487357,20-50cm
12.2,2.580216829592325,50-100cm
8.5,2.2512917986064953,50-100cm
60.5,4.119037174812473,0-20cm
40.7,3.730501128804756,0-20cm
32.5,3.5115454388310208,20-50cm
22.3,3.1484533605716547,50-100cm
11.8,2.5494451709255714,50-100cm
32.9,3.5234150143864045,0-20cm
17.0,2.8903717578961645,0-20cm
3.4,1.4816045409242156,20-50cm
2.3,1.1939224684724346,50-100cm
31.1,3.4688560301359703,0-20cm
10.9,2.4765384001174837,0-20cm
3.3,1.4586150226995167,20-50cm
3.0,1.3862943611198906,50-100cm
36.5,3.624340932976365,0-20cm
21.5,3.1135153092103742,0-20cm
16.8,2.8791984572980396,20-50cm
5.8,1.916922612182061,50-100cm
19.8,3.0349529867072724,0-20cm
11.4,2.517696472610991,0-20cm
3.1,1.410986973710262,20-50cm
21.4,3.109060958860994,0-20cm
7.0,2.0794415416798357,20-50cm
6.3,1.9878743481543455,20-50cm
4.2,1.6486586255873816,50-100cm
32.9,3.5234150143864045,0-20cm
15.1,2.7788192719904172,0-20cm
11.6,2.533696813957432,0-20cm
4.2,1.6486586255873816,0-20cm
4.7,1.7404661748405046,0-20cm
3.0,1.3862943611198906,20-50cm
10.5,2.4423470353692043,0-20cm
1.9,1.0647107369924282,0-20cm
1.1,0.7419373447293773,20-50cm
74.2,4.320151230955794,0-20cm
22.8,3.169685580677429,0-20cm
11.4,2.517696472610991,20-50cm
178.7,5.191288793789513,0-20cm
17.6,2.9231615807191558,0-20cm
8.6,2.2617630984737906,0-20cm
6.6,2.028148247292285,20-50cm
5.0,1.791759469228055,20-50cm
2.7,1.308332819650179,50-100cm
3.2,1.4350845252893227,50-100cm
2.0,1.0986122886681098,>100cm
4.3,1.667706820558076,>100cm
19.1,3.0007198150650303,0-20cm
13.7,2.6878474937846906,0-20cm
7.0,2.0794415416798357,20-50cm
6.9,2.066862759472976,50-100cm
5.1,1.8082887711792655,50-100cm
4.9,1.7749523509116738,50-100cm
20.5,3.068052935133617,0-20cm
16.8,2.8791984572980396,0-20cm
21.5,3.1135153092103742,20-50cm
11.4,2.517696472610991,20-50cm
5.0,1.791759469228055,20-50cm
12.6,2.6100697927420065,0-20cm
6.5,2.0149030205422647,0-20cm
5.0,1.791759469228055,20-50cm
4.3,1.667706820558076,20-50cm
5.3,1.840549633397487,50-100cm
4.3,1.667706820558076,>100cm
21.1,3.095577608523707,0-20cm
9.4,2.341805806147327,20-50cm
5.2,1.824549292051046,50-100cm
5.1,1.8082887711792655,>100cm
44.4,3.8155121050473024,0-20cm
34.2,3.5610460826040513,20-50cm
12.2,2.580216829592325,0-20cm
11.3,2.509599262378372,0-20cm
9.9,2.388762789235098,50-100cm
9.0,2.302585092994046,50-100cm
4.7,1.7404661748405046,50-100cm
2.6,1.2809338454620642,>100cm
43.7,3.7999735016195233,0-20cm
40.8,3.7328963395307104,20-50cm
26.5,3.3141860046725258,20-50cm
8.1,2.2082744135228043,50-100cm
3.6,1.5260563034950494,>100cm
2.2,1.1631508098056809,>100cm
1.6,0.9555114450274363,>100cm
19.5,3.0204248861443626,0-20cm
17.1,2.89591193827178,20-50cm
13.9,2.7013612129514133,50-100cm
10.2,2.4159137783010487,>100cm
4.6,1.7227665977411035,>100cm
3.8,1.5686159179138452,>100cm
15.2,2.785011242238338,0-20cm
9.4,2.341805806147327,0-20cm
6.0,1.9459101490553132,20-50cm
4.9,1.7749523509116738,50-100cm
4.6,1.7227665977411035,50-100cm
3.5,1.5040773967762742,>100cm
24.7,3.246490991901174,0-20cm
14.3,2.72785282839839,0-20cm
15.3,2.791165107812717,20-50cm
12.3,2.5877640352277083,50-100cm
4.5,1.7047480922384253,>100cm
3.8,1.5686159179138452,>100cm
5.9,1.9315214116032138,0-20cm
5.6,1.8870696490323797,20-50cm
3.2,1.4350845252893227,20-50cm
2.7,1.308332819650179,20-50cm
17.1,2.89591193827178,0-20cm
18.1,2.9496883350525844,0-20cm
6.0,1.9459101490553132,20-50cm
3.8,1.5686159179138452,50-100cm
4.2,1.6486586255873816,>100cm
20.2,3.054001181677967,0-20cm
10.1,2.4069451083182885,20-50cm
4.0,1.6094379124341003,50-100cm
3.1,1.410986973710262,50-100cm
2.5,1.252762968495368,>100cm
1.8,1.0296194171811583,>100cm
61.5,4.135166556742356,0-20cm
11.3,2.509599262378372,20-50cm
6.5,2.0149030205422647,20-50cm
4.3,1.667706820558076,50-100cm
1.7,0.9932517730102833,>100cm
12.9,2.631888840136646,0-20cm
5.9,1.9315214116032138,20-50cm
3.2,1.4350845252893227,20-50cm
3.4,1.4816045409242156,50-100cm
3.4,1.4816045409242156,50-100cm
3.5,1.5040773967762742,>100cm
2.8,1.33500106673234,>100cm
3.1,1.410986973710262,>100cm
2.9,1.3609765531356006,>100cm
12.4,2.5952547069568657,0-20cm
6.3,1.9878743481543455,20-50cm
3.4,1.4816045409242156,20-50cm
3.3,1.4586150226995167,50-100cm
2.6,1.2809338454620642,>100cm
20.3,3.0587070727153796,0-20cm
7.1,2.0918640616783932,0-20cm
5.1,1.8082887711792655,20-50cm
4.8,1.7578579175523736,50-100cm
10.1,2.4069451083182885,0-20cm
8.9,2.2925347571405443,0-20cm
8.2,2.2192034840549946,20-50cm
4.2,1.6486586255873816,50-100cm
3.3,1.4586150226995167,>100cm
66.9,4.21803603456465,0-20cm
24.7,3.246490991901174,0-20cm
15.4,2.797281334830153,20-50cm
14.3,2.72785282839839,50-100cm
3.3,1.4586150226995167,50-100cm
14.6,2.747270914255491,0-20cm
9.0,2.302585092994046,0-20cm
8.5,2.2512917986064953,20-50cm
8.9,2.2925347571405443,50-100cm
6.7,2.0412203288596382,50-100cm
6.6,2.028148247292285,>100cm
12.7,2.617395832834079,0-20cm
8.9,2.2925347571405443,0-20cm
7.4,2.128231705849268,20-50cm
6.1,1.9600947840472698,50-100cm
2.7,1.308332819650179,50-100cm
2.9,1.3609765531356006,>100cm
8.6,2.2617630984737906,0-20cm
6.6,2.028148247292285,0-20cm
6.1,1.9600947840472698,20-50cm
6.1,1.9600947840472698,20-50cm
6.8,2.0541237336955462,50-100cm
4.6,1.7227665977411035,50-100cm
12.4,2.5952547069568657,0-20cm
6.0,1.9459101490553132,20-50cm
4.1,1.62924053973028,20-50cm
21.9,3.131136910560194,0-20cm
9.0,2.302585092994046,0-20cm
3.1,1.410986973710262,20-50cm
2.1,1.1314021114911006,50-100cm
2.1,1.1314021114911006,>100cm
25.8,3.288401887516811,0-20cm
24.4,3.2347491740244907,0-20cm
23.3,3.190476350346503,20-50cm
9.4,2.341805806147327,50-100cm
9.0,2.302585092994046,50-100cm
6.9,2.066862759472976,50-100cm
8.4,2.2407096892759584,0-20cm
3.6,1.5260563034950494,0-20cm
2.7,1.308332819650179,20-50cm
2.7,1.308332819650179,20-50cm
2.0,1.0986122886681098,50-100cm
2.4,1.2237754316221157,>100cm
6.8,2.0541237336955462,0-20cm
6.3,1.9878743481543455,0-20cm
4.9,1.7749523509116738,20-50cm
3.5,1.5040773967762742,50-100cm
2.3,1.1939224684724346,50-100cm
9.5,2.3513752571634776,0-20cm
6.8,2.0541237336955462,0-20cm
6.4,2.0014800002101243,20-50cm
12.2,2.580216829592325,0-20cm
6.0,1.9459101490553132,0-20cm
5.6,1.8870696490323797,20-50cm
1.9,1.0647107369924282,20-50cm
2.4,1.2237754316221157,50-100cm
12.3,2.5877640352277083,0-20cm
4.6,1.7227665977411035,20-50cm
2.6,1.2809338454620642,50-100cm
2.9,1.3609765531356006,>100cm
2.6,1.2809338454620642,>100cm
6.9,2.066862759472976,0-20cm
4.6,1.7227665977411035,20-50cm
3.3,1.4586150226995167,50-100cm
2.5,1.252762968495368,50-100cm
1.7,0.9932517730102833,>100cm
19.6,3.0252910757955354,0-20cm
16.3,2.8507065015037334,0-20cm
14.6,2.747270914255491,20-50cm
8.7,2.272125885509337,20-50cm
3.1,1.410986973710262,50-100cm
38.1,3.66612246699132,0-20cm
24.8,3.250374491927572,20-50cm
13.7,2.6878474937846906,0-20cm
17.3,2.9069010598473755,20-50cm
4.3,1.667706820558076,50-100cm
7.8,2.174751721484161,50-100cm
4.9,1.7749523509116738,>100cm
17.3,2.9069010598473755,0-20cm
8.0,2.1972245773362196,0-20cm
7.4,2.128231705849268,20-50cm
6.7,2.0412203288596382,50-100cm
6.1,1.9600947840472698,>100cm
45.7,3.8437441646748516,0-20cm
30.5,3.449987545831587,0-20cm
16.3,2.8507065015037334,20-50cm
12.0,2.5649493574615367,20-50cm
9.1,2.312535423847214,50-100cm
28.1,3.370738174177447,0-20cm
22.5,3.1570004211501135,0-20cm
9.7,2.3702437414678603,20-50cm
8.4,2.2407096892759584,20-50cm
10.5,2.4423470353692043,50-100cm
8.7,2.272125885509337,50-100cm
53.7,4.001863709427935,0-20cm
26.9,3.32862668882732,0-20cm
11.8,2.5494451709255714,20-50cm
2.4,1.2237754316221157,20-50cm
2.3,1.1939224684724346,50-100cm
26.3,3.3068867021909143,0-20cm
19.5,3.0204248861443626,0-20cm
12.9,2.631888840136646,20-50cm
5.6,1.8870696490323797,20-50cm
13.0,2.6390573296152584,50-100cm
6.7,2.0412203288596382,0-20cm
4.0,1.6094379124341003,20-50cm
4.1,1.62924053973028,50-100cm
3.6,1.5260563034950494,50-100cm
2.5,1.252762968495368,50-100cm
2.3,1.1939224684724346,>100cm
28.4,3.380994674344636,0-20cm
9.4,2.341805806147327,0-20cm
4.2,1.6486586255873816,20-50cm
0.6,0.4700036292457355,50-100cm
19.3,3.0106208860477417,0-20cm
17.6,2.9231615807191558,0-20cm
10.4,2.4336133554004498,20-50cm
5.8,1.916922612182061,50-100cm
5.8,1.916922612182061,50-100cm
11.8,2.5494451709255714,0-20cm
10.0,2.3978952727983707,20-50cm
7.9,2.186051276738094,20-50cm
2.2,1.1631508098056809,50-100cm
32.1,3.4995332823830174,0-20cm
17.2,2.9014215940827497,20-50cm
11.0,2.4849066497880004,20-50cm
9.7,2.3702437414678603,50-100cm
9.0,2.302585092994046,>100cm
26.7,3.3214324131932926,0-20cm
29.9,3.4307561839036995,0-20cm
15.7,2.8154087194227095,20-50cm
11.5,2.5257286443082556,50-100cm
10.7,2.4595888418037104,>100cm
18.0,2.9444389791664403,0-20cm
12.8,2.624668592163159,0-20cm
8.9,2.2925347571405443,20-50cm
24.3,3.2308043957334744,50-100cm
15.1,2.7788192719904172,50-100cm
7.2,2.1041341542702074,50-100cm
7.9,2.186051276738094,0-20cm
4.8,1.7578579175523736,20-50cm
3.6,1.5260563034950494,20-50cm
3.5,1.5040773967762742,50-100cm
3.3,1.4586150226995167,50-100cm
8.1,2.2082744135228043,0-20cm
2.9,1.3609765531356006,0-20cm
2.5,1.252762968495368,20-50cm
2.3,1.1939224684724346,50-100cm
2.5,1.252762968495368,50-100cm
32.5,3.5115454388310208,0-20cm
18.0,2.9444389791664403,20-50cm
10.5,2.4423470353692043,20-50cm
13.3,2.6602595372658615,50-100cm
43.7,3.7999735016195233,0-20cm
18.2,2.954910279033736,0-20cm
18.7,2.9806186357439426,20-50cm
11.8,2.5494451709255714,50-100cm
10.8,2.468099531471619,50-100cm
8.8,2.2823823856765264,>100cm
11.9,2.5572273113676265,0-20cm
19.0,2.995732273553991,20-50cm
7.8,2.174751721484161,50-100cm
4.6,1.7227665977411035,50-100cm
3.9,1.589235205116581,>100cm
2.8,1.33500106673234,>100cm
2.3,1.1939224684724346,>100cm
21.3,3.104586678466073,0-20cm
20.3,3.0587070727153796,0-20cm
4.5,1.7047480922384253,20-50cm
2.3,1.1939224684724346,50-100cm
3.9,1.589235205116581,>100cm
20.1,3.0492730404820207,0-20cm
18.5,2.970414465569701,20-50cm
20.0,3.044522437723423,20-50cm
20.2,3.054001181677967,50-100cm
6.0,1.9459101490553132,50-100cm
13.0,2.6390573296152584,0-20cm
10.5,2.4423470353692043,20-50cm
9.5,2.3513752571634776,20-50cm
7.0,2.0794415416798357,50-100cm
5.3,1.840549633397487,>100cm
11.8,2.5494451709255714,0-20cm
7.1,2.0918640616783932,0-20cm
3.9,1.589235205116581,20-50cm
4.2,1.6486586255873816,50-100cm
3.8,1.5686159179138452,50-100cm
3.3,1.4586150226995167,>100cm
44.0,3.8066624897703196,0-20cm
33.7,3.5467396869528134,20-50cm
15.6,2.8094026953624973,20-50cm
7.3,2.1162555148025524,50-100cm
7.3,2.1162555148025524,50-100cm
5.1,1.8082887711792655,>100cm
16.5,2.8622008809294686,0-20cm
9.3,2.33214389523559,0-20cm
8.7,2.272125885509337,20-50cm
5.8,1.916922612182061,50-100cm
5.7,1.9021075263969205,50-100cm
5.4,1.8562979903656263,>100cm
21.5,3.1135153092103742,0-20cm
15.2,2.785011242238338,0-20cm
8.8,2.2823823856765264,20-50cm
3.0,1.3862943611198906,50-100cm
1.6,0.9555114450274363,50-100cm
32.9,3.5234150143864045,0-20cm
6.3,1.9878743481543455,0-20cm
3.4,1.4816045409242156,20-50cm
1.6,0.9555114450274363,50-100cm
5.7,1.9021075263969205,0-20cm
3.6,1.5260563034950494,0-20cm
3.2,1.4350845252893227,20-50cm
15.6,2.8094026953624973,0-20cm
11.1,2.4932054526026954,0-20cm
15.4,2.797281334830153,50-100cm
38.7,3.681351187693145,50-100cm
56.1,4.044804116661965,50-100cm
22.0,3.1354942159291497,>100cm
14.9,2.766319109226186,0-20cm
3.3,1.4586150226995167,0-20cm
1.9,1.0647107369924282,20-50cm
1.2,0.7884573603642702,50-100cm
1.2,0.7884573603642702,50-100cm
17.6,2.9231615807191558,0-20cm
17.1,2.89591193827178,20-50cm
12.4,2.5952547069568657,20-50cm
8.9,2.2925347571405443,50-100cm
6.2,1.9740810260220096,50-100cm
10.6,2.451005098112319,0-20cm
5.1,1.8082887711792655,20-50cm
4.7,1.7404661748405046,20-50cm
3.9,1.589235205116581,50-100cm
3.8,1.5686159179138452,>100cm
3.2,1.4350845252893227,>100cm
13.0,2.6390573296152584,0-20cm
11.9,2.5572273113676265,0-20cm
9.2,2.322387720290225,50-100cm
9.1,2.312535423847214,50-100cm
15.3,2.791165107812717,0-20cm
14.7,2.7536607123542622,0-20cm
14.5,2.740840023925201,20-50cm
13.3,2.6602595372658615,50-100cm
13.1,2.6461747973841225,50-100cm
10.7,2.4595888418037104,0-20cm
6.3,1.9878743481543455,0-20cm
3.8,1.5686159179138452,20-50cm
40.3,3.720862499966987,0-20cm
28.1,3.370738174177447,0-20cm
9.0,2.302585092994046,20-50cm
4.4,1.6863989535702288,50-100cm
2.6,1.2809338454620642,50-100cm
1.3,0.832909122935104,>100cm
9.5,2.3513752571634776,0-20cm
3.5,1.5040773967762742,0-20cm
3.3,1.4586150226995167,20-50cm
1.8,1.0296194171811583,50-100cm
10.1,2.4069451083182885,0-20cm
5.5,1.8718021769015913,0-20cm
3.8,1.5686159179138452,20-50cm
15.0,2.772588722239781,0-20cm
8.5,2.2512917986064953,20-50cm
8.0,2.1972245773362196,50-100cm
6.7,2.0412203288596382,50-100cm
4.8,1.7578579175523736,>100cm
8.8,2.2823823856765264,0-20cm
10.8,2.468099531471619,0-20cm
9.0,2.302585092994046,20-50cm
6.6,2.028148247292285,50-100cm
13.0,2.6390573296152584,0-20cm
7.7,2.1633230256605382,0-20cm
9.5,2.3513752571634776,20-50cm
2.7,1.308332819650179,20-50cm
2.5,1.252762968495368,50-100cm
1.7,0.9932517730102833,>100cm
6.5,2.0149030205422647,0-20cm
5.6,1.8870696490323797,20-50cm
3.2,1.4350845252893227,20-50cm
2.6,1.2809338454620642,50-100cm
2.2,1.1631508098056809,>100cm
34.5,3.56953269648137,0-20cm
13.9,2.7013612129514133,0-20cm
13.0,2.6390573296152584,20-50cm
6.5,2.0149030205422647,50-100cm
9.9,2.388762789235098,0-20cm
11.8,2.5494451709255714,0-20cm
6.9,2.066862759472976,20-50cm
3.3,1.4586150226995167,50-100cm
2.7,1.308332819650179,>100cm
12.8,2.624668592163159,0-20cm
6.3,1.9878743481543455,0-20cm
3.4,1.4816045409242156,20-50cm
3.6,1.5260563034950494,50-100cm
6.9,2.066862759472976,50-100cm
7.3,2.1162555148025524,>100cm
19.2,3.005682604407159,0-20cm
17.7,2.928523523860541,20-50cm
6.4,2.0014800002101243,20-50cm
8.4,2.2407096892759584,0-20cm
5.6,1.8870696490323797,0-20cm
4.8,1.7578579175523736,20-50cm
4.5,1.7047480922384253,20-50cm
3.0,1.3862943611198906,20-50cm
1.4,0.8754687373538999,50-100cm
24.9,3.254242968705492,0-20cm
13.6,2.681021528714291,0-20cm
86.9,4.476199804691132,0-20cm
4.6,1.7227665977411035,0-20cm
3.7,1.547562508716013,20-50cm
6.7,2.0412203288596382,50-100cm
4.0,1.6094379124341003,50-100cm
38.2,3.6686767467964168,0-20cm
35.9,3.6082115510464816,0-20cm
14.8,2.760009940032921,20-50cm
23.4,3.1945831322991562,20-50cm
4.9,1.7749523509116738,50-100cm
5.1,1.8082887711792655,50-100cm
18.0,2.9444389791664403,0-20cm
8.5,2.2512917986064953,20-50cm
9.9,2.388762789235098,0-20cm
3.6,1.5260563034950494,0-20cm
52.9,3.9871304779149512,0-20cm
16.6,2.8678989020441064,20-50cm
10.9,2.4765384001174837,20-50cm
6.6,2.028148247292285,50-100cm
5.7,1.9021075263969205,50-100cm
17.3,2.9069010598473755,0-20cm
8.9,2.2925347571405443,0-20cm
8.9,2.2925347571405443,20-50cm
16.9,2.884800712846709,0-20cm
4.7,1.7404661748405046,0-20cm
4.7,1.7404661748405046,20-50cm
4.9,1.7749523509116738,50-100cm
7.9,2.186051276738094,0-20cm
3.1,1.410986973710262,0-20cm
0.5,0.4054651081081644,50-100cm
1.4,0.8754687373538999,>100cm
6.6,2.028148247292285,0-20cm
4.6,1.7227665977411035,0-20cm
7.5,2.1400661634962708,0-20cm
5.1,1.8082887711792655,0-20cm
13.3,2.6602595372658615,0-20cm
29.0,3.4011973816621555,0-20cm
16.8,2.8791984572980396,0-20cm
14.2,2.7212954278522306,20-50cm
11.6,2.533696813957432,50-100cm
6.6,2.028148247292285,50-100cm
26.6,3.3178157727231046,0-20cm
8.1,2.2082744135228043,20-50cm
4.2,1.6486586255873816,20-50cm
2.5,1.252762968495368,50-100cm
8.5,2.2512917986064953,0-20cm
10.7,2.4595888418037104,20-50cm
19.4,3.0155349008501706,50-100cm
14.0,2.70805020110221,50-100cm
8.2,2.2192034840549946,>100cm
22.45939675,3.1552711289134745,0-20cm
21.19489559,3.0998623340622733,0-20cm
18.65429234,2.9782957541554507,20-50cm
9.211136891,2.3234789767121153,20-50cm
12.3549884,2.591889977973003,50-100cm
15.4350348,2.79941532454625,0-20cm
10.69605568,2.4592516635980064,0-20cm
8.851508121,2.2876245521950165,20-50cm
8.549883991,2.25652900687959,20-50cm
20.68445476,3.07659563332354,0-20cm
20.17981439,3.0530485766787705,0-20cm
5.893271462,1.9305457853999235,20-50cm
6.705336427,2.04191313128414,50-100cm
10.09280742,2.4062969181082163,0-20cm
8.07424594,2.2054402846875627,0-20cm
7.882830626,2.1841202703987577,20-50cm
8.416473318,2.2424606361117734,50-100cm
16.78074246,2.8781159873691418,0-20cm
14.17053364,2.7193549700653983,0-20cm
13.17285383,2.6513284328598723,20-50cm
11.51392111,2.5268417134169368,50-100cm
16.95475638,2.8878550592206373,0-20cm
14.36194896,2.731893605086919,0-20cm
17.65081206,2.925889687233048,20-50cm
18.99651972,2.9955582444117983,50-100cm
15.92227378,2.8286307293100914,0-20cm
14.76798144,2.757981392782248,20-50cm
13.71229698,2.6886836733408037,20-50cm
6.067285383,1.9554764433753251,20-50cm
12.87703016,2.6302349667669254,0-20cm
7.488399072,2.1387004162290837,20-50cm
5.377030162,1.8527024971322046,20-50cm
3.578886311,1.5214558050199294,50-100cm
8.445475638,2.245535858393827,50-100cm
5.348027842,1.8481441886028744,0-20cm
3.607888631,1.5277697544817326,0-20cm
3.631090487,1.5327923667160583,20-50cm
2.476798144,1.2461117966956794,50-100cm
39.76218097,3.707754714528539,0-20cm
20.60324826,3.0728436857912262,0-20cm
15.40023202,2.7972954822910525,0-20cm
4.222737819,1.6530217507980978,20-50cm
19.42575406,3.016796558546848,0-20cm
3.694895592,1.54647587428729,0-20cm
2.906032483,1.3625221486001435,20-50cm
22.87703016,3.172916915631285,0-20cm
14.69257541,2.7531876966783284,20-50cm
3.439675174,1.4905812147588735,50-100cm
5.817865429,1.9195464359145862,50-100cm
13.76450116,2.692225729322068,0-20cm
7.749419954,2.168987407200751,20-50cm
6.861948956,2.062034534483044,50-100cm
20.78306265,3.0811327251581218,0-20cm
5.400232019,1.856334242677253,20-50cm
5.342227378,1.8472300282013079,50-100cm
14.90139211,2.766406659481601,0-20cm
11.4037123,2.517995806838289,20-50cm
7.946635731,2.191277565642508,50-100cm
12.07076566,2.5703781074046175,0-20cm
5.104408353,1.809011190990897,0-20cm
9.506960557,2.3520379477260507,50-100cm
22.69141531,3.1651127593156625,0-20cm
6.658932715,2.03587264179943,0-20cm
3.683294664,1.5440018502804045,50-100cm
15.57424594,2.807850041221063,0-20cm
9.553364269,2.3564446971449575,0-20cm
6.183294664,1.9717581446653014,20-50cm
4.506960557,1.7060128479158534,50-100cm
22.70881671,3.165846992041545,0-20cm
5.899071926,1.9313868990785488,0-20cm
0.783062645,0.5783324728683966,50-100cm
5.771461717,1.9127169745493493,0-20cm
3.178654292,1.4299892549900317,20-50cm
2.250580046,1.1788334561090623,50-100cm
10.89327146,2.4759728166759065,0-20cm
8.219257541,2.2212945073195214,20-50cm
7.186774942,2.102520040337704,50-100cm
26.45011601,3.312370394176117,0-20cm
14.98259861,2.7715005435130102,20-50cm
8.49187935,2.250436627788985,50-100cm
18.50928074,2.970890287732994,0-20cm
11.36310905,2.5147169616604814,0-20cm
3.033642691,1.3946698612412058,20-50cm
3.8225058,1.573293668492721,20-50cm
13.84570766,2.697710777002081,0-20cm
8.955916473,2.29816699485585,20-50cm
5.324825986,1.8444825221402577,50-100cm
11.1774942,2.499589510410211,0-20cm
7.180974478,2.1018112728591727,0-20cm
4.762180974,1.7513160443607099,50-100cm
17.67981439,2.9274434964558282,0-20cm
16.31670534,2.851671662175884,20-50cm
14.33294664,2.730003888372543,0-20cm
8.810904872,2.283494509078799,0-20cm
4.274941995,1.6629676830931406,50-100cm
12.70301624,2.6176159721053014,0-20cm
8.022041763,2.1996706679934466,20-50cm
3.758700696,1.5599746679569313,50-100cm
59.96519722,4.11030316397788,0-20cm
15.9512761,2.830343117128294,0-20cm
5.585846868,1.8849229325450814,20-50cm
17.6450116,2.925578635781301,0-20cm
8.410672854,2.241844455185516,0-20cm
6.821345708,2.0568566251742166,20-50cm
16.41531323,2.857349889874991,0-20cm
11.92575406,2.5592217598919373,20-50cm
7.83062645,2.17822595773921,50-100cm
16.29930394,2.8506662660122157,0-20cm
7.349187935,2.1221642808399426,20-50cm
6.693735499,2.040406426172246,50-100cm
9.222737819,2.324614437256044,0-20cm
4.164733179,1.6418534417986785,20-50cm
3.323665893,1.4641036287527802,50-100cm
15.45823666,2.8008260607131406,0-20cm
4.402552204,1.6868714722860452,20-50cm
2.627610209,1.288574086844676,50-100cm
8.022041763,2.1996706679934466,0-20cm
2.946635731,1.3728635023279754,20-50cm
3.660092807,1.5390353636044762,50-100cm
14.66357309,2.751337831203269,0-20cm
8.329466357,2.23317781676045,20-50cm
3.196055684,1.4341449611800277,50-100cm
9.953596288,2.393667830469652,50-100cm
16.97215777,2.888823769825068,0-20cm
10.84106729,2.471573768129734,20-50cm
5.191415313,1.8231637056339018,50-100cm
15.60904872,2.8099476504619485,0-20cm
4.912993039,1.7771521396014025,0-20cm
2.737819026,1.3185022932010975,50-100cm
6.055684455,1.953833597608145,0-20cm
3.027842227,1.3932308050226536,20-50cm
21.97795824,3.1345354190389743,0-20cm
8.085846868,2.2067179135742325,0-20cm
4.947795824,1.7830207011761807,0-20cm
1.606728538,0.9580960014130468,0-20cm
14.64617169,2.750226266614416,0-20cm
6.171693735,1.9701418519588116,0-20cm
5.255220418,1.8334163819870553,50-100cm
7.80162413,2.17493626468229,0-20cm
9.228538283,2.3251816844172093,0-20cm
5.57424594,1.883159885555335,20-50cm
5.348027842,1.8481441886028744,0-20cm
4.321345708,1.671726223998009,0-20cm
21.44431555,3.111037377226713,0-20cm
53.44547564,3.9971997539156177,0-20cm
21.39791183,3.1089677326405654,0-20cm
23.32366589,3.1914497813470484,0-20cm
17.70881671,2.928994894566094,0-20cm
11.33990719,2.512838497379266,20-50cm
3.080046404,1.406108361880804,0-20cm
1.711136891,0.9973680638931366,0-20cm
15.64965197,2.8123893135052858,0-20cm
13.40487239,2.6675665097676453,0-20cm
3.921113689,1.593534864441604,50-100cm
11.53712297,2.528694080652427,0-20cm
26.45591647,3.3125816809786626,0-20cm
9.570765661,2.3580922344394004,0-20cm
8.294663573,2.2294404261127796,20-50cm
2.610208817,1.2837656147162086,20-50cm
2.378190255,1.2173401385876361,50-100cm
16.06728538,2.8371634954546128,0-20cm
7.482598608,2.138016842483422,20-50cm
5.858468677,1.9254841918922878,20-50cm
1.914153132,1.069579256838409,50-100cm
12.9350348,2.634406158239728,0-20cm
7.540603248,2.1448316432448467,20-50cm
7.656612529,2.158323483117142,20-50cm
24.5,3.2386784521643803,0-20cm
19.9,3.039749158970765,0-20cm
16.8,2.8791984572980396,20-50cm
15.1,2.7788192719904172,20-50cm
15.1,2.7788192719904172,50-100cm
14.6,2.747270914255491,50-100cm
27.1,3.3357695763397,0-20cm
20.8,3.0819099697950434,0-20cm
7.1,2.0918640616783932,20-50cm
8.7,2.272125885509337,20-50cm
9.3,2.33214389523559,50-100cm
6.2,1.9740810260220096,50-100cm
16.5,2.8622008809294686,0-20cm
18.2,2.954910279033736,0-20cm
16.4,2.856470206220483,20-50cm
11.7,2.5416019934645457,50-100cm
14.6,2.747270914255491,50-100cm
19.0,2.995732273553991,0-20cm
12.3,2.5877640352277083,20-50cm
9.9,2.388762789235098,20-50cm
8.7,2.272125885509337,20-50cm
8.8,2.2823823856765264,50-100cm
5.3,1.840549633397487,50-100cm
14.7,2.7536607123542622,0-20cm
14.7,2.7536607123542622,0-20cm
10.9,2.4765384001174837,0-20cm
3.6,1.5260563034950494,20-50cm
5.3,1.840549633397487,50-100cm
58.5,4.085976312551584,0-20cm
24.5,3.2386784521643803,0-20cm
10.8,2.468099531471619,50-100cm
7.3,2.1162555148025524,50-100cm
20.3,3.0587070727153796,0-20cm
3.3,1.4586150226995167,0-20cm
4.5,1.7047480922384253,20-50cm
68.6,4.242764567340374,0-20cm
24.6,3.242592351485517,20-50cm
9.6,2.3608540011180215,50-100cm
5.6,1.8870696490323797,50-100cm
16.8,2.8791984572980396,0-20cm
4.6,1.7227665977411035,20-50cm
4.5,1.7047480922384253,50-100cm
2.1,1.1314021114911006,>100cm
22.8,3.169685580677429,0-20cm
7.1,2.0918640616783932,0-20cm
6.5,2.0149030205422647,20-50cm
6.4,2.0014800002101243,50-100cm
5.0,1.791759469228055,>100cm
45.3,3.835141961092188,0-20cm
8.6,2.2617630984737906,20-50cm
4.53,1.7101878155342434,20-50cm
30.56,3.4518904959776733,0-20cm
12.87,2.6297282343267403,20-50cm
10.42,2.435366204227864,0-20cm
6.77,2.050270164379556,20-50cm
33.9,3.5524868292083815,0-20cm
15.41,2.7978909051019993,20-50cm
7.85,2.180417459019838,50-100cm
46.0,3.8501476017100584,0-20cm
15.8,2.8213788864092133,0-20cm
17.5,2.917770732084279,0-20cm
9.6,2.3608540011180215,0-20cm
6.7,2.0412203288596382,20-50cm
5.3,1.840549633397487,20-50cm
5.3,1.840549633397487,50-100cm
4.3,1.667706820558076,50-100cm
10.8,2.468099531471619,0-20cm
6.4,2.0014800002101243,20-50cm
5.4,1.8562979903656263,20-50cm
2.9,1.3609765531356006,20-50cm
1.7,0.9932517730102833,50-100cm
12.3,2.5877640352277083,0-20cm
5.5,1.8718021769015913,0-20cm
2.9,1.3609765531356006,20-50cm
3.9,1.589235205116581,20-50cm
2.5,1.252762968495368,50-100cm
2.4,1.2237754316221157,50-100cm
1.0,0.6931471805599453,>100cm
8.1,2.2082744135228043,0-20cm
4.1,1.62924053973028,0-20cm
3.0,1.3862943611198906,20-50cm
2.1,1.1314021114911006,50-100cm
17.8,2.9338568698359038,0-20cm
9.9,2.388762789235098,20-50cm
2.8,1.33500106673234,20-50cm
1.7,0.9932517730102833,50-100cm
1.4,0.8754687373538999,>100cm
9.1,2.312535423847214,0-20cm
4.4,1.6863989535702288,20-50cm
4.6,1.7227665977411035,20-50cm
3.5,1.5040773967762742,50-100cm
3.4,1.4816045409242156,50-100cm
7.7,2.1633230256605382,0-20cm
7.2,2.1041341542702074,0-20cm
6.5,2.0149030205422647,20-50cm
4.2,1.6486586255873816,50-100cm
3.7,1.547562508716013,50-100cm
8.5,2.2512917986064953,0-20cm
2.4,1.2237754316221157,20-50cm
2.6,1.2809338454620642,20-50cm
2.3,1.1939224684724346,50-100cm
2.6,1.2809338454620642,50-100cm
3.6,1.5260563034950494,0-20cm
5.1,1.8082887711792655,20-50cm
3.7,1.547562508716013,20-50cm
3.6,1.5260563034950494,50-100cm
3.6,1.5260563034950494,>100cm
9.6,2.3608540011180215,0-20cm
8.5,2.2512917986064953,0-20cm
7.2,2.1041341542702074,20-50cm
5.3,1.840549633397487,20-50cm
4.9,1.7749523509116738,20-50cm
11.2,2.501435951739211,0-20cm
10.7,2.4595888418037104,0-20cm
10.1,2.4069451083182885,20-50cm
9.9,2.388762789235098,0-20cm
5.4,1.8562979903656263,0-20cm
4.7,1.7404661748405046,20-50cm
6.3,1.9878743481543455,20-50cm
4.1,1.62924053973028,50-100cm
8.4,2.2407096892759584,0-20cm
5.5,1.8718021769015913,0-20cm
2.1,1.1314021114911006,20-50cm
23.4,3.1945831322991562,0-20cm
2.8,1.33500106673234,0-20cm
5.5,1.8718021769015913,0-20cm
4.1,1.62924053973028,0-20cm
3.4,1.4816045409242156,20-50cm
8.6,2.2617630984737906,0-20cm
6.3,1.9878743481543455,0-20cm
5.8,1.916922612182061,20-50cm
8.9,2.2925347571405443,0-20cm
8.2,2.2192034840549946,0-20cm
7.4,2.128231705849268,20-50cm
7.8,2.174751721484161,50-100cm
5.8,1.916922612182061,0-20cm
2.5,1.252762968495368,0-20cm
7.4,2.128231705849268,0-20cm
5.2,1.824549292051046,0-20cm
22.5,3.1570004211501135,0-20cm
6.6,2.028148247292285,0-20cm
2.6,1.2809338454620642,20-50cm
1.8,1.0296194171811583,50-100cm
33.3,3.535145354171894,0-20cm
24.0,3.2188758248682006,0-20cm
9.0,2.302585092994046,20-50cm
4.9,1.7749523509116738,50-100cm
4.3,1.667706820558076,50-100cm
9.4,2.341805806147327,0-20cm
7.5,2.1400661634962708,0-20cm
2.0,1.0986122886681098,20-50cm
1.6,0.9555114450274363,20-50cm
11.3,2.509599262378372,0-20cm
3.5,1.5040773967762742,0-20cm
3.0,1.3862943611198906,20-50cm
1.9,1.0647107369924282,20-50cm
1.6,0.9555114450274363,50-100cm
22.4,3.152736022363656,0-20cm
5.2,1.824549292051046,20-50cm
2.0,1.0986122886681098,20-50cm
1.9,1.0647107369924282,50-100cm
1.6,0.9555114450274363,50-100cm
28.5,3.3843902633457743,0-20cm
8.3,2.2300144001592104,0-20cm
5.4,1.8562979903656263,20-50cm
1.7,0.9932517730102833,50-100cm
1.5,0.9162907318741551,50-100cm
7.4,2.128231705849268,0-20cm
4.4,1.6863989535702288,20-50cm
4.1,1.62924053973028,20-50cm
3.0,1.3862943611198906,50-100cm
1.9,1.0647107369924282,50-100cm
5.7,1.9021075263969205,0-20cm
4.9,1.7749523509116738,0-20cm
3.4,1.4816045409242156,20-50cm
6.3,1.9878743481543455,0-20cm
3.6,1.5260563034950494,0-20cm
3.2,1.4350845252893227,20-50cm
2.8,1.33500106673234,20-50cm
5.1,1.8082887711792655,0-20cm
3.8,1.5686159179138452,20-50cm
10.3,2.424802725718295,0-20cm
5.1,1.8082887711792655,0-20cm
3.5,1.5040773967762742,20-50cm
6.3,1.9878743481543455,0-20cm
4.6,1.7227665977411035,0-20cm
8.0,2.1972245773362196,0-20cm
4.2,1.6486586255873816,0-20cm
2.2,1.1631508098056809,20-50cm
2.7,1.308332819650179,20-50cm
6.9,2.066862759472976,0-20cm
4.6,1.7227665977411035,0-20cm
6.4,2.0014800002101243,0-20cm
3.2,1.4350845252893227,20-50cm
3.2,1.4350845252893227,20-50cm
2.9,1.3609765531356006,50-100cm
2.5,1.252762968495368,50-100cm
7.8,2.174751721484161,0-20cm
5.9,1.9315214116032138,0-20cm
5.4,1.8562979903656263,20-50cm
4.5,1.7047480922384253,50-100cm
14.9,2.766319109226186,0-20cm
11.2,2.501435951739211,20-50cm
9.4,2.341805806147327,20-50cm
6.4,2.0014800002101243,0-20cm
4.4,1.6863989535702288,20-50cm
2.7,1.308332819650179,20-50cm
2.8,1.33500106673234,50-100cm
3.3,1.4586150226995167,50-100cm
1.9,1.0647107369924282,>100cm
6.2,1.9740810260220096,0-20cm
2.5,1.252762968495368,0-20cm
5.5,1.8718021769015913,0-20cm
4.2,1.6486586255873816,0-20cm
4.0,1.6094379124341003,20-50cm
3.5,1.5040773967762742,20-50cm
18.5,2.970414465569701,0-20cm
4.9,1.7749523509116738,0-20cm
3.0,1.3862943611198906,20-50cm
2.8,1.33500106673234,50-100cm
6.8,2.0541237336955462,0-20cm
3.2,1.4350845252893227,0-20cm
3.8,1.5686159179138452,20-50cm
12.4,2.5952547069568657,0-20cm
10.9,2.4765384001174837,0-20cm
3.6,1.5260563034950494,20-50cm
1.6,0.9555114450274363,20-50cm
1.5,0.9162907318741551,50-100cm
9.0,2.302585092994046,0-20cm
3.9,1.589235205116581,0-20cm
2.7,1.308332819650179,20-50cm
13.0,2.6390573296152584,0-20cm
8.9,2.2925347571405443,0-20cm
4.7,1.7404661748405046,20-50cm
4.1,1.62924053973028,50-100cm
3.4,1.4816045409242156,50-100cm
3.1,1.410986973710262,50-100cm
15.0,2.772588722239781,0-20cm
11.5,2.5257286443082556,0-20cm
19.0,2.995732273553991,0-20cm
5.2,1.824549292051046,0-20cm
5.0,1.791759469228055,20-50cm
1.3,0.832909122935104,20-50cm
1.2,0.7884573603642702,50-100cm
17.1,2.89591193827178,0-20cm
6.3,1.9878743481543455,0-20cm
4.8,1.7578579175523736,20-50cm
4.1,1.62924053973028,20-50cm
9.8,2.379546134130174,0-20cm
3.3,1.4586150226995167,0-20cm
2.6,1.2809338454620642,20-50cm
11.2,2.501435951739211,0-20cm
5.4,1.8562979903656263,0-20cm
3.0,1.3862943611198906,0-20cm
2.8,1.33500106673234,0-20cm
1.2,0.7884573603642702,20-50cm
7.7,2.1633230256605382,0-20cm
5.5,1.8718021769015913,0-20cm
4.0,1.6094379124341003,20-50cm
3.7,1.547562508716013,50-100cm
3.3,1.4586150226995167,50-100cm
2.5,1.252762968495368,50-100cm
6.0,1.9459101490553132,0-20cm
3.6,1.5260563034950494,0-20cm
3.3,1.4586150226995167,20-50cm
2.5,1.252762968495368,50-100cm
1.7,0.9932517730102833,50-100cm
1.6,0.9555114450274363,>100cm
16.0,2.833213344056216,0-20cm
5.9,1.9315214116032138,0-20cm
2.4,1.2237754316221157,20-50cm
1.9,1.0647107369924282,20-50cm
1.7,0.9932517730102833,50-100cm
4.9,1.7749523509116738,0-20cm
3.8,1.5686159179138452,0-20cm
3.4,1.4816045409242156,0-20cm
32.9,3.5234150143864045,0-20cm
5.2,1.824549292051046,0-20cm
21.5,3.1135153092103742,0-20cm
2.1,1.1314021114911006,0-20cm
10.5,2.4423470353692043,0-20cm
4.5,1.7047480922384253,20-50cm
11.3,2.509599262378372,0-20cm
11.4,2.517696472610991,0-20cm
6.4,2.0014800002101243,0-20cm
3.4,1.4816045409242156,0-20cm
2.8,1.33500106673234,20-50cm
2.6,1.2809338454620642,20-50cm
1.7,0.9932517730102833,20-50cm
2.7,1.308332819650179,50-100cm
16.1,2.8390784635086144,0-20cm
12.2,2.580216829592325,20-50cm
9.8,2.379546134130174,50-100cm
5.1,1.8082887711792655,50-100cm
11.7,2.5416019934645457,0-20cm
5.9,1.9315214116032138,0-20cm
4.5,1.7047480922384253,50-100cm
13.7,2.6878474937846906,0-20cm
7.1,2.0918640616783932,0-20cm
5.2,1.824549292051046,50-100cm
15.3,2.791165107812717,0-20cm
14.5,2.740840023925201,20-50cm
9.8,2.379546134130174,20-50cm
8.5,2.2512917986064953,20-50cm
10.0,2.3978952727983707,50-100cm
5.1,1.8082887711792655,50-100cm
5.8,1.916922612182061,>100cm
14.1,2.714694743820879,0-20cm
10.1,2.4069451083182885,0-20cm
7.1,2.0918640616783932,20-50cm
1.9,1.0647107369924282,20-50cm
9.1,2.312535423847214,0-20cm
8.4,2.2407096892759584,0-20cm
9.9,2.388762789235098,20-50cm
4.1,1.62924053973028,20-50cm
3.1,1.410986973710262,50-100cm
3.6,1.5260563034950494,50-100cm
5.1,1.8082887711792655,50-100cm
13.1,2.6461747973841225,0-20cm
15.6,2.8094026953624973,0-20cm
13.9,2.7013612129514133,0-20cm
13.2,2.653241964607215,20-50cm
13.9,2.7013612129514133,50-100cm
23.2,3.186352633162641,0-20cm
21.4,3.109060958860994,0-20cm
16.6,2.8678989020441064,20-50cm
15.6,2.8094026953624973,20-50cm
17.9,2.9391619220655967,50-100cm
17.7,2.928523523860541,50-100cm
29.4,3.414442608412176,0-20cm
25.6,3.2809112157876537,0-20cm
19.0,2.995732273553991,0-20cm
17.6,2.9231615807191558,50-100cm
14.7,2.7536607123542622,50-100cm
15.7,2.8154087194227095,>100cm
7.9,2.186051276738094,0-20cm
5.0,1.791759469228055,0-20cm
3.7,1.547562508716013,20-50cm
3.0,1.3862943611198906,20-50cm
1.9,1.0647107369924282,50-100cm
2.9,1.3609765531356006,50-100cm
15.4,2.797281334830153,0-20cm
9.5,2.3513752571634776,20-50cm
6.9,2.066862759472976,20-50cm
3.2,1.4350845252893227,50-100cm
1.6,0.9555114450274363,50-100cm
1.5,0.9162907318741551,>100cm
18.0,2.9444389791664403,0-20cm
14.5,2.740840023925201,0-20cm
12.4,2.5952547069568657,20-50cm
8.8,2.2823823856765264,50-100cm
5.2,1.824549292051046,50-100cm
4.6,1.7227665977411035,>100cm
3.9,1.589235205116581,>100cm
7.1,2.0918640616783932,0-20cm
5.2,1.824549292051046,0-20cm
1.8,1.0296194171811583,20-50cm
1.4,0.8754687373538999,20-50cm
1.7,0.9932517730102833,50-100cm
1.6,0.9555114450274363,50-100cm
8.5,2.2512917986064953,0-20cm
5.3,1.840549633397487,0-20cm
4.8,1.7578579175523736,20-50cm
6.2,1.9740810260220096,20-50cm
4.9,1.7749523509116738,50-100cm
11.2,2.501435951739211,0-20cm
8.1,2.2082744135228043,0-20cm
5.1,1.8082887711792655,20-50cm
3.3,1.4586150226995167,20-50cm
2.8,1.33500106673234,50-100cm
3.1,1.410986973710262,>100cm
14.4,2.7343675094195836,0-20cm
11.4,2.517696472610991,0-20cm
8.0,2.1972245773362196,0-20cm
5.4,1.8562979903656263,20-50cm
22.6,3.1612467120315646,0-20cm
19.8,3.0349529867072724,0-20cm
8.1,2.2082744135228043,20-50cm
7.7,2.1633230256605382,20-50cm
7.4,2.128231705849268,50-100cm
9.5,2.3513752571634776,0-20cm
7.1,2.0918640616783932,20-50cm
5.4,1.8562979903656263,20-50cm
5.7,1.9021075263969205,50-100cm
6.2,1.9740810260220096,50-100cm
5.7,1.9021075263969205,>100cm
14.5,2.740840023925201,0-20cm
11.9,2.5572273113676265,0-20cm
7.7,2.1633230256605382,20-50cm
5.7,1.9021075263969205,50-100cm
3.5,1.5040773967762742,>100cm
9.3,2.33214389523559,0-20cm
7.5,2.1400661634962708,20-50cm
2.8,1.33500106673234,20-50cm
2.7,1.308332819650179,20-50cm
2.7,1.308332819650179,50-100cm
2.3,1.1939224684724346,50-100cm
8.5,2.2512917986064953,0-20cm
4.5,1.7047480922384253,0-20cm
3.7,1.547562508716013,20-50cm
2.3,1.1939224684724346,20-50cm
2.2,1.1631508098056809,50-100cm
2.4,1.2237754316221157,50-100cm
10.5,2.4423470353692043,0-20cm
7.3,2.1162555148025524,0-20cm
5.1,1.8082887711792655,20-50cm
4.5,1.7047480922384253,20-50cm
3.9,1.589235205116581,50-100cm
1.3,0.832909122935104,50-100cm
12.9,2.631888840136646,0-20cm
7.0,2.0794415416798357,0-20cm
6.4,2.0014800002101243,20-50cm
6.5,2.0149030205422647,20-50cm
9.5,2.3513752571634776,50-100cm
9.9,2.388762789235098,>100cm
12.4,2.5952547069568657,0-20cm
12.2,2.580216829592325,0-20cm
5.3,1.840549633397487,20-50cm
1.9,1.0647107369924282,50-100cm
15.7,2.8154087194227095,0-20cm
12.1,2.5726122302071057,0-20cm
7.7,2.1633230256605382,20-50cm
4.5,1.7047480922384253,20-50cm
26.1,3.299533727885655,0-20cm
12.3,2.5877640352277083,0-20cm
5.9,1.9315214116032138,20-50cm
5.8,1.916922612182061,50-100cm
5.9,1.9315214116032138,50-100cm
4.7,1.7404661748405046,>100cm
13.8,2.6946271807700692,0-20cm
10.9,2.4765384001174837,0-20cm
9.8,2.379546134130174,20-50cm
10.5,2.4423470353692043,20-50cm
9.8,2.379546134130174,50-100cm
7.7,2.1633230256605382,50-100cm
12.2,2.580216829592325,0-20cm
7.1,2.0918640616783932,0-20cm
6.7,2.0412203288596382,20-50cm
8.1,2.2082744135228043,20-50cm
7.7,2.1633230256605382,50-100cm
8.1,2.2082744135228043,50-100cm
9.5,2.3513752571634776,50-100cm
10.7,2.4595888418037104,>100cm
10.2,2.4159137783010487,0-20cm
8.8,2.2823823856765264,0-20cm
5.1,1.8082887711792655,0-20cm
4.8,1.7578579175523736,20-50cm
3.0,1.3862943611198906,50-100cm
2.8,1.33500106673234,>100cm
13.6,2.681021528714291,0-20cm
10.5,2.4423470353692043,0-20cm
5.7,1.9021075263969205,20-50cm
6.3,1.9878743481543455,50-100cm
7.2,2.1041341542702074,50-100cm
2.9,1.3609765531356006,>100cm
11.6,2.533696813957432,0-20cm
8.6,2.2617630984737906,0-20cm
3.4,1.4816045409242156,20-50cm
2.7,1.308332819650179,20-50cm
3.3,1.4586150226995167,50-100cm
2.8,1.33500106673234,>100cm
8.3,2.2300144001592104,0-20cm
7.0,2.0794415416798357,0-20cm
3.1,1.410986973710262,20-50cm
2.1,1.1314021114911006,20-50cm
2.5,1.252762968495368,50-100cm
2.5,1.252762968495368,50-100cm
11.1,2.4932054526026954,0-20cm
9.4,2.341805806147327,0-20cm
5.0,1.791759469228055,20-50cm
2.2,1.1631508098056809,50-100cm
2.6,1.2809338454620642,>100cm
2.3,1.1939224684724346,>100cm
11.9,2.5572273113676265,0-20cm
7.3,2.1162555148025524,0-20cm
5.5,1.8718021769015913,20-50cm
3.7,1.547562508716013,20-50cm
2.0,1.0986122886681098,50-100cm
2.1,1.1314021114911006,>100cm
1.4,0.8754687373538999,>100cm
25.0,3.258096538021482,0-20cm
21.2,3.100092288878234,0-20cm
12.5,2.6026896854443837,20-50cm
8.5,2.2512917986064953,20-50cm
9.3,2.33214389523559,50-100cm
12.2,2.580216829592325,0-20cm
9.9,2.388762789235098,0-20cm
8.0,2.1972245773362196,20-50cm
7.4,2.128231705849268,20-50cm
6.2,1.9740810260220096,50-100cm
3.7,1.547562508716013,50-100cm
2.7,1.308332819650179,50-100cm
7.4,2.128231705849268,0-20cm
8.2,2.2192034840549946,0-20cm
2.4,1.2237754316221157,20-50cm
1.2,0.7884573603642702,20-50cm
0.6,0.4700036292457355,50-100cm
0.5,0.4054651081081644,>100cm
15.4,2.797281334830153,0-20cm
12.6,2.6100697927420065,0-20cm
8.0,2.1972245773362196,20-50cm
3.5,1.5040773967762742,50-100cm
2.3,1.1939224684724346,50-100cm
16.1,2.8390784635086144,0-20cm
10.0,2.3978952727983707,0-20cm
8.5,2.2512917986064953,20-50cm
8.0,2.1972245773362196,50-100cm
6.8,2.0541237336955462,50-100cm
6.5,2.0149030205422647,>100cm
9.9,2.388762789235098,0-20cm
6.1,1.9600947840472698,0-20cm
4.5,1.7047480922384253,20-50cm
4.4,1.6863989535702288,50-100cm
5.0,1.791759469228055,50-100cm
12.3,2.5877640352277083,0-20cm
10.3,2.424802725718295,0-20cm
6.4,2.0014800002101243,20-50cm
4.4,1.6863989535702288,50-100cm
3.3,1.4586150226995167,50-100cm
4.7,1.7404661748405046,>100cm
10.4,2.4336133554004498,0-20cm
8.8,2.2823823856765264,0-20cm
3.4,1.4816045409242156,20-50cm
2.8,1.33500106673234,50-100cm
2.0,1.0986122886681098,50-100cm
8.4,2.2407096892759584,0-20cm
4.7,1.7404661748405046,20-50cm
5.2,1.824549292051046,20-50cm
21.5,3.1135153092103742,0-20cm
16.3,2.8507065015037334,0-20cm
14.2,2.7212954278522306,20-50cm
12.3,2.5877640352277083,20-50cm
12.6,2.6100697927420065,50-100cm
20.3,3.0587070727153796,0-20cm
11.6,2.533696813957432,0-20cm
9.3,2.33214389523559,20-50cm
6.3,1.9878743481543455,50-100cm
4.7,1.7404661748405046,50-100cm
20.1,3.0492730404820207,0-20cm
8.6,2.2617630984737906,20-50cm
8.2,2.2192034840549946,20-50cm
4.7,1.7404661748405046,50-100cm
3.7,1.547562508716013,50-100cm
13.7,2.6878474937846906,0-20cm
4.6,1.7227665977411035,0-20cm
4.1,1.62924053973028,20-50cm
4.6,1.7227665977411035,50-100cm
4.2,1.6486586255873816,>100cm
10.1,2.4069451083182885,0-20cm
8.6,2.2617630984737906,20-50cm
6.3,1.9878743481543455,20-50cm
4.6,1.7227665977411035,50-100cm
2.2,1.1631508098056809,50-100cm
10.3,2.424802725718295,0-20cm
8.9,2.2925347571405443,20-50cm
7.4,2.128231705849268,50-100cm
7.2,2.1041341542702074,50-100cm
6.8,2.0541237336955462,>100cm
12.3,2.5877640352277083,0-20cm
6.9,2.066862759472976,20-50cm
6.2,1.9740810260220096,20-50cm
7.0,2.0794415416798357,50-100cm
16.7,2.8735646395797834,0-20cm
9.4,2.341805806147327,0-20cm
9.0,2.302585092994046,20-50cm
5.7,1.9021075263969205,50-100cm
7.6,2.151762203259462,>100cm
28.2,3.374168709274236,0-20cm
16.3,2.8507065015037334,20-50cm
7.5,2.1400661634962708,50-100cm
5.4,1.8562979903656263,50-100cm
5.1,1.8082887711792655,0-20cm
3.0,1.3862943611198906,20-50cm
2.2,1.1631508098056809,20-50cm
1.9,1.0647107369924282,50-100cm
1.6,0.9555114450274363,50-100cm
11.4,2.517696472610991,0-20cm
4.3,1.667706820558076,0-20cm
2.5,1.252762968495368,50-100cm
2.2,1.1631508098056809,50-100cm
9.4,2.341805806147327,0-20cm
2.7,1.308332819650179,20-50cm
2.3,1.1939224684724346,20-50cm
0.8,0.5877866649021191,50-100cm
9.6,2.3608540011180215,0-20cm
5.7,1.9021075263969205,0-20cm
5.5,1.8718021769015913,20-50cm
4.6,1.7227665977411035,50-100cm
13.9,2.7013612129514133,0-20cm
12.0,2.5649493574615367,0-20cm
6.2,1.9740810260220096,20-50cm
7.4,2.128231705849268,50-100cm
6.5,2.0149030205422647,>100cm
17.0,2.8903717578961645,0-20cm
10.4,2.4336133554004498,20-50cm
8.3,2.2300144001592104,20-50cm
3.2,1.4350845252893227,50-100cm
2.5,1.252762968495368,>100cm
8.7,2.272125885509337,0-20cm
5.1,1.8082887711792655,20-50cm
2.9,1.3609765531356006,50-100cm
14.0,2.70805020110221,0-20cm
7.3,2.1162555148025524,0-20cm
4.4,1.6863989535702288,20-50cm
3.5,1.5040773967762742,50-100cm
12.1,2.5726122302071057,0-20cm
12.3,2.5877640352277083,0-20cm
7.0,2.0794415416798357,20-50cm
3.8,1.5686159179138452,50-100cm
3.5,1.5040773967762742,>100cm
6.8,2.0541237336955462,0-20cm
5.2,1.824549292051046,20-50cm
4.4,1.6863989535702288,20-50cm
7.8,2.174751721484161,0-20cm
5.1,1.8082887711792655,20-50cm
3.2,1.4350845252893227,20-50cm
2.9,1.3609765531356006,50-100cm
4.5,1.7047480922384253,50-100cm
3.7,1.547562508716013,50-100cm
6.5,2.0149030205422647,0-20cm
4.8,1.7578579175523736,20-50cm
2.6,1.2809338454620642,20-50cm
2.2,1.1631508098056809,50-100cm
2.4,1.2237754316221157,>100cm
1.9,1.0647107369924282,>100cm
5.9,1.9315214116032138,0-20cm
4.4,1.6863989535702288,20-50cm
3.2,1.4350845252893227,20-50cm
4.3,1.667706820558076,50-100cm
3.4,1.4816045409242156,50-100cm
4.1,1.62924053973028,50-100cm
2.8,1.33500106673234,>100cm
8.3,2.2300144001592104,0-20cm
6.0,1.9459101490553132,0-20cm
7.1,2.0918640616783932,20-50cm
5.7,1.9021075263969205,50-100cm
3.1,1.410986973710262,>100cm
6.4,2.0014800002101243,0-20cm
5.0,1.791759469228055,20-50cm
2.6,1.2809338454620642,20-50cm
3.9,1.589235205116581,50-100cm
3.6,1.5260563034950494,50-100cm
4.0,1.6094379124341003,50-100cm
1.9,1.0647107369924282,>100cm
15.4,2.797281334830153,0-20cm
10.8,2.468099531471619,0-20cm
7.3,2.1162555148025524,20-50cm
6.2,1.9740810260220096,50-100cm
4.7,1.7404661748405046,50-100cm
4.8,1.7578579175523736,50-100cm
8.3,2.2300144001592104,>100cm
4.5,1.7047480922384253,0-20cm
4.4,1.6863989535702288,0-20cm
10.5,2.4423470353692043,20-50cm
6.9,2.066862759472976,20-50cm
7.0,2.0794415416798357,50-100cm
6.8,2.0541237336955462,>100cm
6.0,1.9459101490553132,0-20cm
4.1,1.62924053973028,0-20cm
3.2,1.4350845252893227,20-50cm
3.7,1.547562508716013,50-100cm
5.8,1.916922612182061,0-20cm
4.6,1.7227665977411035,20-50cm
22.5,3.1570004211501135,0-20cm
14.1,2.714694743820879,0-20cm
13.3,2.6602595372658615,20-50cm
3.9,1.589235205116581,50-100cm
3.3,1.4586150226995167,50-100cm
15.8,2.8213788864092133,0-20cm
15.2,2.785011242238338,20-50cm
7.0,2.0794415416798357,50-100cm
5.0,1.791759469228055,50-100cm
5.3,1.840549633397487,>100cm
13.3,2.6602595372658615,0-20cm
9.0,2.302585092994046,0-20cm
9.9,2.388762789235098,20-50cm
15.2,2.785011242238338,50-100cm
8.7,2.272125885509337,50-100cm
35.5,3.597312260588446,0-20cm
16.9,2.884800712846709,0-20cm
9.1,2.312535423847214,20-50cm
4.0,1.6094379124341003,50-100cm
3.0,1.3862943611198906,50-100cm
14.1,2.714694743820879,0-20cm
10.1,2.4069451083182885,0-20cm
7.8,2.174751721484161,20-50cm
14.6,2.747270914255491,0-20cm
11.6,2.533696813957432,0-20cm
12.3,2.5877640352277083,20-50cm
11.9,2.5572273113676265,50-100cm
20.2,3.054001181677967,>100cm
14.5,2.740840023925201,>100cm
35.7,3.6027767550605247,0-20cm
37.4,3.648057459593681,0-20cm
33.5,3.5409593240373143,20-50cm
9.6,2.3608540011180215,50-100cm
15.3,2.791165107812717,0-20cm
14.7,2.7536607123542622,0-20cm
23.7,3.2068032436339315,0-20cm
9.6,2.3608540011180215,0-20cm
5.6,1.8870696490323797,50-100cm
6.8,2.0541237336955462,50-100cm
8.0,2.1972245773362196,0-20cm
5.1,1.8082887711792655,20-50cm
4.0,1.6094379124341003,20-50cm
4.7,1.7404661748405046,50-100cm
7.6,2.151762203259462,0-20cm
3.9,1.589235205116581,0-20cm
3.8,1.5686159179138452,20-50cm
3.9,1.589235205116581,20-50cm
2.8,1.33500106673234,50-100cm
4.8,1.7578579175523736,50-100cm
15.3,2.791165107812717,0-20cm
12.2,2.580216829592325,0-20cm
9.2,2.322387720290225,20-50cm
4.4,1.6863989535702288,50-100cm
4.0,1.6094379124341003,50-100cm
7.7,2.1633230256605382,50-100cm
5.9,1.9315214116032138,>100cm
14.2,2.7212954278522306,0-20cm
8.1,2.2082744135228043,20-50cm
6.8,2.0541237336955462,50-100cm
3.1,1.410986973710262,50-100cm
13.8,2.6946271807700692,0-20cm
8.3,2.2300144001592104,0-20cm
5.7,1.9021075263969205,20-50cm
5.4,1.8562979903656263,0-20cm
2.4,1.2237754316221157,0-20cm
2.1,1.1314021114911006,20-50cm
2.1,1.1314021114911006,50-100cm
1.8,1.0296194171811583,>100cm
8.2,2.2192034840549946,0-20cm
5.1,1.8082887711792655,0-20cm
5.7,1.9021075263969205,20-50cm
3.6,1.5260563034950494,50-100cm
5.5,1.8718021769015913,50-100cm
3.3,1.4586150226995167,50-100cm
10.8,2.468099531471619,0-20cm
6.2,1.9740810260220096,20-50cm
9.5,2.3513752571634776,0-20cm
6.8,2.0541237336955462,20-50cm
6.0,1.9459101490553132,20-50cm
6.4,2.0014800002101243,50-100cm
3.4,1.4816045409242156,>100cm
15.0,2.772588722239781,0-20cm
12.1,2.5726122302071057,0-20cm
3.3,1.4586150226995167,20-50cm
11.8,2.5494451709255714,0-20cm
9.2,2.322387720290225,20-50cm
5.9,1.9315214116032138,20-50cm
3.8,1.5686159179138452,50-100cm
2.5,1.252762968495368,50-100cm
18.9,2.990719731730447,0-20cm
17.1,2.89591193827178,0-20cm
22.8,3.169685580677429,20-50cm
17.3,2.9069010598473755,0-20cm
11.1,2.4932054526026954,0-20cm
8.7,2.272125885509337,50-100cm
7.5,2.1400661634962708,>100cm
6.0,1.9459101490553132,0-20cm
2.7,1.308332819650179,20-50cm
2.0,1.0986122886681098,50-100cm
8.5,2.2512917986064953,0-20cm
4.0,1.6094379124341003,20-50cm
2.9,1.3609765531356006,20-50cm
2.3,1.1939224684724346,20-50cm
1.8,1.0296194171811583,50-100cm
8.5,2.2512917986064953,0-20cm
8.4,2.2407096892759584,20-50cm
5.4,1.8562979903656263,20-50cm
6.4,2.0014800002101243,0-20cm
2.1,1.1314021114911006,0-20cm
4.2,1.6486586255873816,50-100cm
5.5,1.8718021769015913,0-20cm
4.7,1.7404661748405046,0-20cm
3.0,1.3862943611198906,20-50cm
3.1,1.410986973710262,50-100cm
11.5,2.5257286443082556,0-20cm
11.5,2.5257286443082556,20-50cm
40.9,3.735285826928092,0-20cm
8.1,2.2082744135228043,0-20cm
4.0,1.6094379124341003,20-50cm
4.0,1.6094379124341003,50-100cm
1.2,0.7884573603642702,50-100cm
6.0,1.9459101490553132,0-20cm
3.0,1.3862943611198906,0-20cm
1.8,1.0296194171811583,20-50cm
1.7,0.9932517730102833,50-100cm
0.9,0.6418538861723948,50-100cm
2.0,1.0986122886681098,50-100cm
5.5,1.8718021769015913,0-20cm
3.0,1.3862943611198906,0-20cm
1.8,1.0296194171811583,20-50cm
1.5,0.9162907318741551,50-100cm
1.6,0.9555114450274363,50-100cm
10.7,2.4595888418037104,0-20cm
8.4,2.2407096892759584,20-50cm
8.9,2.2925347571405443,0-20cm
5.1,1.8082887711792655,20-50cm
4.0,1.6094379124341003,20-50cm
6.7,2.0412203288596382,50-100cm
6.2,1.9740810260220096,>100cm
10.2,2.4159137783010487,0-20cm
5.5,1.8718021769015913,20-50cm
2.9,1.3609765531356006,20-50cm
2.7,1.308332819650179,50-100cm
8.7,2.272125885509337,0-20cm
4.7,1.7404661748405046,0-20cm
10.5,2.4423470353692043,0-20cm
5.7,1.9021075263969205,20-50cm
3.0,1.3862943611198906,20-50cm
10.7,2.4595888418037104,0-20cm
5.3,1.840549633397487,20-50cm
3.3,1.4586150226995167,20-50cm
2.5,1.252762968495368,50-100cm
1.2,0.7884573603642702,>100cm
8.2,2.2192034840549946,0-20cm
5.6,1.8870696490323797,0-20cm
5.0,1.791759469228055,20-50cm
9.8,2.379546134130174,0-20cm
3.8,1.5686159179138452,0-20cm
4.8,1.7578579175523736,0-20cm
2.8,1.33500106673234,0-20cm
8.1,2.2082744135228043,0-20cm
4.9,1.7749523509116738,20-50cm
3.4,1.4816045409242156,20-50cm
7.6,2.151762203259462,0-20cm
5.0,1.791759469228055,20-50cm
3.5,1.5040773967762742,20-50cm
5.5,1.8718021769015913,0-20cm
2.5,1.252762968495368,20-50cm
2.1,1.1314021114911006,20-50cm
5.6,1.8870696490323797,0-20cm
3.3,1.4586150226995167,20-50cm
2.4,1.2237754316221157,20-50cm
8.9,2.2925347571405443,0-20cm
4.7,1.7404661748405046,20-50cm
5.6,1.8870696490323797,0-20cm
3.6,1.5260563034950494,0-20cm
3.2,1.4350845252893227,20-50cm
9.2,2.322387720290225,0-20cm
7.1,2.0918640616783932,0-20cm
6.3,1.9878743481543455,20-50cm
5.9,1.9315214116032138,0-20cm
3.4,1.4816045409242156,0-20cm
3.2,1.4350845252893227,20-50cm
2.7,1.308332819650179,50-100cm
6.5,2.0149030205422647,0-20cm
4.8,1.7578579175523736,20-50cm
3.3,1.4586150226995167,20-50cm
2.2,1.1631508098056809,50-100cm
6.8,2.0541237336955462,0-20cm
4.3,1.667706820558076,20-50cm
4.6,1.7227665977411035,20-50cm
3.3,1.4586150226995167,50-100cm
6.6,2.028148247292285,0-20cm
3.8,1.5686159179138452,0-20cm
3.3,1.4586150226995167,20-50cm
3.4,1.4816045409242156,50-100cm
2.9,1.3609765531356006,>100cm
7.5,2.1400661634962708,0-20cm
3.8,1.5686159179138452,0-20cm
11.4,2.517696472610991,0-20cm
3.4,1.4816045409242156,0-20cm
2.4,1.2237754316221157,50-100cm
2.8,1.33500106673234,50-100cm
15.5,2.803360380906535,0-20cm
11.6,2.533696813957432,20-50cm
11.4,2.517696472610991,20-50cm
11.9,2.5572273113676265,50-100cm
10.1,2.4069451083182885,0-20cm
7.6,2.151762203259462,20-50cm
6.4,2.0014800002101243,50-100cm
1.7,0.9932517730102833,>100cm
12.0,2.5649493574615367,0-20cm
9.8,2.379546134130174,0-20cm
6.0,1.9459101490553132,20-50cm
3.7,1.547562508716013,50-100cm
3.6,1.5260563034950494,50-100cm
20.9,3.086486636822455,0-20cm
15.4,2.797281334830153,0-20cm
6.8,2.0541237336955462,20-50cm
3.7,1.547562508716013,50-100cm
6.4,2.0014800002101243,0-20cm
2.2,1.1631508098056809,0-20cm
1.1,0.7419373447293773,20-50cm
1.3,0.832909122935104,50-100cm
1.1,0.7419373447293773,50-100cm
0.4,0.33647223662121295,>100cm
5.2,1.824549292051046,0-20cm
3.7,1.547562508716013,20-50cm
1.7,0.9932517730102833,20-50cm
1.3,0.832909122935104,50-100cm
2.0,1.0986122886681098,>100cm
6.8,2.0541237336955462,0-20cm
4.1,1.62924053973028,0-20cm
6.6,2.028148247292285,50-100cm
9.8,2.379546134130174,0-20cm
5.8,1.916922612182061,20-50cm
2.2,1.1631508098056809,50-100cm
4.2,1.6486586255873816,0-20cm
3.1,1.410986973710262,0-20cm
3.2,1.4350845252893227,20-50cm
1.2,0.7884573603642702,20-50cm
10.4,2.4336133554004498,0-20cm
4.8,1.7578579175523736,20-50cm
4.3,1.667706820558076,50-100cm
8.3,2.2300144001592104,0-20cm
5.2,1.824549292051046,0-20cm
3.0,1.3862943611198906,20-50cm
4.9,1.7749523509116738,50-100cm
3.4,1.4816045409242156,50-100cm
3.9,1.589235205116581,>100cm
5.5,1.8718021769015913,0-20cm
3.8,1.5686159179138452,0-20cm
2.8,1.33500106673234,20-50cm
5.4,1.8562979903656263,50-100cm
16.7,2.8735646395797834,50-100cm
13.9,2.7013612129514133,50-100cm
2.8,1.33500106673234,>100cm
2.6,1.2809338454620642,>100cm
4.3,1.667706820558076,0-20cm
3.3,1.4586150226995167,20-50cm
6.7,2.0412203288596382,50-100cm
2.7,1.308332819650179,50-100cm
2.2,1.1631508098056809,>100cm
1.2,0.7884573603642702,>100cm
10.0,2.3978952727983707,0-20cm
7.2,2.1041341542702074,0-20cm
10.4,2.4336133554004498,0-20cm
7.7,2.1633230256605382,0-20cm
6.0,1.9459101490553132,0-20cm
2.6,1.2809338454620642,0-20cm
1.2,0.7884573603642702,20-50cm
9.8,2.379546134130174,0-20cm
7.3,2.1162555148025524,20-50cm
15.8,2.8213788864092133,0-20cm
13.9,2.7013612129514133,0-20cm
1.7,0.9932517730102833,0-20cm
1.5,0.9162907318741551,0-20cm
9.5,2.3513752571634776,0-20cm
9.6,2.3608540011180215,0-20cm
21.9,3.131136910560194,0-20cm
13.7,2.6878474937846906,20-50cm
10.3,2.424802725718295,50-100cm
7.9,2.186051276738094,50-100cm
35.1,3.586292865338835,0-20cm
30.9,3.462606009790799,0-20cm
42.4,3.770459441106359,0-20cm
28.2,3.374168709274236,0-20cm
21.8,3.126760535960395,20-50cm
9.39675174,2.341493424669005,0-20cm
3.654292343,1.5377898783348827,0-20cm
2.668213457,1.2997047470848513,20-50cm
5.046403712,1.7994636675319253,20-50cm
5.220417633,1.8278370480661914,50-100cm
30.7424594,3.4576551979186982,0-20cm
31.84454756,3.491785751245754,0-20cm
34.86078886,3.5796444662618536,20-50cm
29.52436195,3.4185251172394047,50-100cm
18.32946636,2.9616306860104005,0-20cm
6.148491879,1.96690140844391,0-20cm
4.75638051,1.7503088935114712,20-50cm
12.03,2.567254391136754,0-20cm
8.03,2.200552367428894,0-20cm
8.74,2.2762411176544437,20-50cm
13.53,2.6762154775821916,0-20cm
10.0,2.3978952727983707,20-50cm
3.72,1.551808799597464,50-100cm
14.44315545,2.7371658922395445,0-20cm
13.28306265,2.659074405204275,0-20cm
7.482598608,2.138016842483422,20-50cm
5.858468677,1.9254841918922878,20-50cm
10.26682135,2.4218622430165584,50-100cm
12.6450116,2.6133740042881923,0-20cm
12.6450116,2.6133740042881923,20-50cm
11.60092807,2.533770467594143,20-50cm
12.29698376,2.587537224545704,50-100cm
11.42691415,2.5198646164552616,0-20cm
10.55684455,2.4472778631803367,0-20cm
10.61484919,2.4522843820657583,20-50cm
8.584686775,2.2601666972990686,50-100cm
18.73549884,2.9824189857145336,0-20cm
14.09512761,2.7143720169157155,20-50cm
11.31090487,2.5104854443998175,20-50cm
11.25290023,2.505762662438444,50-100cm
14.73317865,2.755771772307273,0-20cm
11.19489559,2.501017469925615,0-20cm
19.66357309,3.028372395978888,20-50cm
14.44315545,2.7371658922395445,50-100cm
10.55684455,2.4472778631803367,0-20cm
10.55684455,2.4472778631803367,20-50cm
13.97911833,2.7066571198816627,20-50cm
21.57772622,3.116963854802508,0-20cm
14.79118329,2.7594517646617756,20-50cm
27.66821346,3.3557889640366994,20-50cm
18.50348028,2.970592925542209,0-20cm
15.31322506,2.7919761322177292,20-50cm
11.94895592,2.561015160957038,20-50cm
12.52900232,2.6048357011046885,50-100cm
13.80510441,2.694972013875867,0-20cm
24.01392111,3.2194325142878886,20-50cm
17.51740139,2.9187109056582403,20-50cm
17.51740139,2.9187109056582403,50-100cm
17.22737819,2.902924759916552,0-20cm
12.76102088,2.6218400216135826,20-50cm
11.83294664,2.5520158202236005,20-50cm
11.89095128,2.5565256140728625,50-100cm
20.93967517,3.088296649359179,0-20cm
15.48723898,2.8025866865307005,20-50cm
24.18793503,3.226365111220279,20-50cm
27.78422274,3.3598274155050847,0-20cm
17.86542923,2.937331105874106,20-50cm
19.02552204,2.997007562027855,20-50cm
19.02552204,2.997007562027855,50-100cm
17.40139211,2.91242631990518,0-20cm
15.54524362,2.8060986659554072,0-20cm
14.73317865,2.755771772307273,20-50cm
14.09512761,2.7143720169157155,20-50cm
16.12529002,2.840556319479338,50-100cm
13.05104408,2.642696704762546,0-20cm
6.090487239,1.9587540601856084,20-50cm
8.642691415,2.266200262082887,20-50cm
15.89327146,2.8269154041893287,0-20cm
12.99303944,2.6385600231217374,0-20cm
3.422273782,1.4866539941324353,20-50cm
2.842227378,1.3460522447919403,50-100cm
2.668213457,1.2997047470848513,50-100cm
1.56612529,0.9423970919694907,>100cm
13.68909513,2.68710539060307,0-20cm
17.28538283,2.9061019882156423,20-50cm
11.42691415,2.5198646164552616,20-50cm
7.192575406,2.1032283058206738,50-100cm
15.25522042,2.788414113799274,0-20cm
11.774942,2.547485595962045,20-50cm
4.988399072,1.7898241096272645,20-50cm
4.69837587,1.7401811991510703,50-100cm
11.07888631,2.4914589953758495,0-20cm
10.44083527,2.4371889963982123,20-50cm
8.062645012,2.2041610213769114,20-50cm
6.902552204,2.067185771096572,50-100cm
6.20649652,1.9749829136435195,50-100cm
16.87935035,2.8836464351926585,0-20cm
6.728538283,2.044919748081826,20-50cm
10.20881671,2.4167006748667217,20-50cm
7.192575406,2.1032283058206738,50-100cm
11.19489559,2.501017469925615,0-20cm
3.306264501,1.4600708232052213,20-50cm
3.19025522,1.4327616437735151,20-50cm
2.494199536,1.2511043182667152,50-100cm
2.784222738,1.3308405125650895,>100cm
14.67517401,2.7520781875737947,0-20cm
10.15081206,2.4115123257473896,0-20cm
10.67285383,2.457265960532671,20-50cm
10.03480278,2.4010541673242503,20-50cm
5.626450116,1.8910692333543266,50-100cm
8.468677494,2.2479892452809844,0-20cm
7.076566125,2.088966797671782,0-20cm
6.3225058,1.9909525917986457,20-50cm
5.568445476,1.882277195063256,50-100cm
16.58932715,2.8672923061702056,0-20cm
13.57308585,2.6791763925655667,0-20cm
6.380510441,1.9988428016677164,20-50cm
4.988399072,1.7898241096272645,50-100cm
11.71693735,2.5429347545501044,0-20cm
8.004640371,2.1977400412396495,0-20cm
7.482598608,2.138016842483422,20-50cm
4.64037123,1.7299498842658516,50-100cm
15.31322506,2.7919761322177292,0-20cm
12.41299304,2.5962238670202438,20-50cm
10.09280742,2.4062969181082163,20-50cm
4.234338747,1.6552405224951414,50-100cm
15.13921114,2.7812517855630654,0-20cm
8.410672854,2.241844455185516,20-50cm
7.366589327,2.1242463136420437,20-50cm
6.032482599,1.9505397870098125,20-50cm
11.83294664,2.5520158202236005,0-20cm
10.96287703,2.4818082739417537,0-20cm
4.930394432,1.780090725468795,20-50cm
4.930394432,1.780090725468795,50-100cm
11.83294664,2.5520158202236005,0-20cm
9.39675174,2.341493424669005,20-50cm
8.178654292,2.216880602601443,20-50cm
5.684454756,1.899784644923856,50-100cm
16.99535963,2.8901139263271287,0-20cm
13.74709977,2.6910464376897374,0-20cm
5.800464037,1.916990850589062,20-50cm
3.306264501,1.4600708232052213,20-50cm
11.42691415,2.5198646164552616,0-20cm
8.932714617,2.295833816024146,20-50cm
7.77262181,2.171635713816278,20-50cm
4.64037123,1.7299498842658516,50-100cm
4.814385151,1.7603350453845883,50-100cm
10.26682135,2.4218622430165584,0-20cm
10.96287703,2.4818082739417537,0-20cm
5.220417633,1.8278370480661914,20-50cm
5.220417633,1.8278370480661914,50-100cm
5.510440835,1.873407170517675,50-100cm
12.47099768,2.600539054494606,0-20cm
9.280742459,2.33027248105715,20-50cm
8.352668213,2.2356616729645467,20-50cm
7.076566125,2.088966797671782,50-100cm
5.452436195,1.8644577641463982,50-100cm
8.700696056,2.2721976412853455,0-20cm
6.032482599,1.9505397870098125,20-50cm
5.046403712,1.7994636675319253,20-50cm
4.408352668,1.6879445488925413,50-100cm
8.236658933,2.223180232927466,0-20cm
6.090487239,1.9587540601856084,20-50cm
6.26450116,1.9829996312098825,20-50cm
4.872389791,1.7702616704101632,50-100cm
11.65893271,2.538363109054814,0-20cm
7.134570766,2.096122975419075,20-50cm
7.88863109,2.1847730545420854,20-50cm
7.946635731,2.191277565642508,50-100cm
13.34106729,2.66312725987748,0-20cm
6.670533643,2.0373861883174516,20-50cm
6.728538283,2.044919748081826,20-50cm
1.798143852,1.0289562873591707,50-100cm
1.276102088,0.8224643693882208,50-100cm
10.73085847,2.462222845835683,0-20cm
7.424593968,2.1311552813678727,0-20cm
6.148491879,1.96690140844391,20-50cm
4.060324826,1.6214306761006323,20-50cm
12.6450116,2.6133740042881923,0-20cm
5.684454756,1.899784644923856,0-20cm
5.916473318,1.9339060035937803,20-50cm
5.742459397,1.9084247540633008,50-100cm
4.75638051,1.7503088935114712,50-100cm
15.48723898,2.8025866865307005,0-20cm
11.94895592,2.561015160957038,20-50cm
7.83062645,2.17822595773921,20-50cm
5.626450116,1.8910692333543266,50-100cm
4.75638051,1.7503088935114712,50-100cm
7.250580046,2.110283506481116,0-20cm
2.320185615,1.200020689498126,0-20cm
2.320185615,1.200020689498126,20-50cm
1.682134571,0.9866129592159453,50-100cm
14.84918794,2.763118264941379,0-20cm
11.94895592,2.561015160957038,0-20cm
10.73085847,2.462222845835683,20-50cm
5.800464037,1.916990850589062,50-100cm
11.02088167,2.4866452766666476,0-20cm
4.408352668,1.6879445488925413,0-20cm
2.610208817,1.2837656147162086,20-50cm
2.436194896,1.2343647242828897,50-100cm
12.76102088,2.6218400216135826,0-20cm
4.814385151,1.7603350453845883,0-20cm
4.408352668,1.6879445488925413,20-50cm
2.958236659,1.3757986379648754,50-100cm
13.10904872,2.6468163447400914,0-20cm
9.860788863,2.3851589511862823,0-20cm
7.308584687,2.1172892799217724,20-50cm
7.308584687,2.1172892799217724,50-100cm
9.3387471,2.3358986915258138,0-20cm
1.856148492,1.0494740361229478,0-20cm
1.682134571,0.9866129592159453,20-50cm
1.56612529,0.9423970919694907,50-100cm
13.68909513,2.68710539060307,0-20cm
8.758700696,2.278159266153191,20-50cm
7.192575406,2.1032283058206738,20-50cm
13.39907193,2.6671637551994536,50-100cm
12.99303944,2.6385600231217374,50-100cm
25.5800464,3.2801607989570143,0-20cm
13.16705336,2.6509190828897324,0-20cm
7.366589327,2.1242463136420437,20-50cm
8.004640371,2.1977400412396495,20-50cm
8.294663573,2.2294404261127796,50-100cm
8.874709977,2.2899769409381743,50-100cm
16.2412993,2.84730762782495,0-20cm
6.844547564,2.059818712628983,0-20cm
7.424593968,2.1311552813678727,20-50cm
7.076566125,2.088966797671782,50-100cm
7.308584687,2.1172892799217724,50-100cm
12.9350348,2.634406158239728,50-100cm
10.55684455,2.4472778631803367,0-20cm
2.378190255,1.2173401385876361,20-50cm
0.754060325,0.5619332861749915,20-50cm
12.76102088,2.6218400216135826,0-20cm
4.988399072,1.7898241096272645,0-20cm
3.538283063,1.5125487605692358,20-50cm
4.872389791,1.7702616704101632,20-50cm
3.654292343,1.5377898783348827,50-100cm
15.31322506,2.7919761322177292,0-20cm
8.178654292,2.216880602601443,20-50cm
6.728538283,2.044919748081826,20-50cm
6.032482599,1.9505397870098125,50-100cm
19.19953596,3.0056596318660644,0-20cm
15.48723898,2.8025866865307005,20-50cm
7.598607889,2.1516003167844606,20-50cm
5.974477958,1.94225748017524,50-100cm
16.18329466,2.843937671161871,0-20cm
6.20649652,1.9749829136435195,20-50cm
7.424593968,2.1311552813678727,20-50cm
7.424593968,2.1311552813678727,50-100cm
12.12296984,2.5743641176565366,0-20cm
10.61484919,2.4522843820657583,20-50cm
5.916473318,1.9339060035937803,20-50cm
2.378190255,1.2173401385876361,50-100cm
3.480278422,1.4996851922636585,>100cm
18.73549884,2.9824189857145336,0-20cm
11.19489559,2.501017469925615,20-50cm
11.94895592,2.561015160957038,20-50cm
10.09280742,2.4062969181082163,50-100cm
5.336426914,1.8463150313457901,0-20cm
5.336426914,1.8463150313457901,0-20cm
4.234338747,1.6552405224951414,20-50cm
12.81902552,2.6260463035524015,0-20cm
8.062645012,2.2041610213769114,20-50cm
3.364269142,1.4734507393046723,20-50cm
2.378190255,1.2173401385876361,50-100cm
12.87703016,2.6302349667669254,0-20cm
8.700696056,2.2721976412853455,20-50cm
5.626450116,1.8910692333543266,20-50cm
3.422273782,1.4866539941324353,50-100cm
8.584686775,2.2601666972990686,50-100cm
16.47331787,2.8606750242591894,0-20cm
8.410672854,2.241844455185516,20-50cm
7.076566125,2.088966797671782,20-50cm
7.192575406,2.1032283058206738,50-100cm
7.308584687,2.1172892799217724,50-100cm
10.89907193,2.4764604080005475,0-20cm
8.950116009,2.2975842102985133,20-50cm
2.378190255,1.2173401385876361,50-100cm
11.13109049,2.4957716191624946,0-20cm
9.019721578,2.3045553086439168,20-50cm
3.451276102,1.4931908195634522,50-100cm
23.49187935,3.198341607505257,0-20cm
10.96287703,2.4818082739417537,0-20cm
8.700696056,2.2721976412853455,20-50cm
4.118329466,1.6328281096398902,50-100cm
15.25522042,2.788414113799274,0-20cm
9.280742459,2.33027248105715,20-50cm
8.990719258,2.301656587866543,50-100cm
8.642691415,2.266200262082887,>100cm
12.41299304,2.5962238670202438,0-20cm
11.19489559,2.501017469925615,20-50cm
8.004640371,2.1977400412396495,20-50cm
4.524361949,1.709167756391095,50-100cm
4.176334107,1.6440971043812276,>100cm
11.42691415,2.5198646164552616,0-20cm
3.654292343,1.5377898783348827,20-50cm
1.798143852,1.0289562873591707,20-50cm
16.99535963,2.8901139263271287,0-20cm
10.84686775,2.4720635077466433,20-50cm
3.248259861,1.4465094546204627,50-100cm
13.51508121,2.6751881923627674,0-20cm
6.670533643,2.0373861883174516,20-50cm
1.56612529,0.9423970919694907,50-100cm
16.06728538,2.8371634954546128,0-20cm
8.874709977,2.2899769409381743,20-50cm
4.75638051,1.7503088935114712,50-100cm
10.84686775,2.4720635077466433,0-20cm
8.816705336,2.284085560572831,20-50cm
7.134570766,2.096122975419075,20-50cm
6.786542923,2.052396977427628,50-100cm
15.02320186,2.7740377880865608,0-20cm
5.510440835,1.873407170517675,20-50cm
5.278422274,1.8371187186617233,50-100cm
13.16705336,2.6509190828897324,0-20cm
3.306264501,1.4600708232052213,20-50cm
3.016241299,1.3903464649967827,20-50cm
7.714617169,2.165001750181541,0-20cm
4.988399072,1.7898241096272645,20-50cm
5.626450116,1.8910692333543266,20-50cm
3.886310905,1.586437602616289,50-100cm
12.87703016,2.6302349667669254,0-20cm
9.454756381,2.3470570309352685,0-20cm
6.496519722,2.01443887577708,20-50cm
5.974477958,1.94225748017524,50-100cm
13.86310905,2.6988822401512125,0-20cm
8.932714617,2.295833816024146,0-20cm
8.932714617,2.295833816024146,50-100cm
4.988399072,1.7898241096272645,50-100cm
22.15777262,3.14233047450469,0-20cm
5.336426914,1.8463150313457901,20-50cm
5.278422274,1.8371187186617233,50-100cm
3.19025522,1.4327616437735151,50-100cm
21.51972158,3.114391439962382,0-20cm
6.844547564,2.059818712628983,20-50cm
4.69837587,1.7401811991510703,20-50cm
3.19025522,1.4327616437735151,50-100cm
14.32714617,2.7296255157364815,0-20cm
8.642691415,2.266200262082887,20-50cm
2.552204176,1.2675683054598799,20-50cm
7.598607889,2.1516003167844606,0-20cm
2.958236659,1.3757986379648754,20-50cm
2.668213457,1.2997047470848513,50-100cm
11.71693735,2.5429347545501044,0-20cm
6.148491879,1.96690140844391,0-20cm
5.510440835,1.873407170517675,50-100cm
17.05336427,2.893332053560734,0-20cm
7.946635731,2.191277565642508,20-50cm
4.988399072,1.7898241096272645,50-100cm
6.670533643,2.0373861883174516,>100cm
12.52900232,2.6048357011046885,0-20cm
9.918793503,2.3904854791395738,20-50cm
3.07424594,1.404685684171041,20-50cm
10.03480278,2.4010541673242503,0-20cm
8.932714617,2.295833816024146,0-20cm
7.77262181,2.171635713816278,50-100cm
5.684454756,1.899784644923856,50-100cm
15.02320186,2.7740377880865608,0-20cm
9.744779582,2.3744200163428864,20-50cm
9.164733179,2.318924197744161,20-50cm
8.468677494,2.2479892452809844,50-100cm
2.436194896,1.2343647242828897,>100cm
14.55916473,2.7446498367181316,0-20cm
8.004640371,2.1977400412396495,20-50cm
6.20649652,1.9749829136435195,20-50cm
5.510440835,1.873407170517675,50-100cm
11.94895592,2.561015160957038,0-20cm
6.090487239,1.9587540601856084,20-50cm
3.828306265,1.5744957363932024,50-100cm
10.03480278,2.4010541673242503,0-20cm
4.988399072,1.7898241096272645,0-20cm
7.018561485,2.0817590398303256,20-50cm
10.67285383,2.457265960532671,0-20cm
6.728538283,2.044919748081826,0-20cm
3.770301624,1.5624095364440707,20-50cm
4.466357309,1.6986124547437058,50-100cm
4.176334107,1.6440971043812276,>100cm
12.87703016,2.6302349667669254,0-20cm
12.87703016,2.6302349667669254,20-50cm
10.55684455,2.4472778631803367,50-100cm
6.786542923,2.052396977427628,50-100cm
12.47099768,2.600539054494606,0-20cm
12.76102088,2.6218400216135826,20-50cm
4.582366589,1.7196128063722729,20-50cm
2.784222738,1.3308405125650895,20-50cm
6.380510441,1.9988428016677164,50-100cm
6.438515081,2.00667124303799,50-100cm
7.366589327,2.1242463136420437,0-20cm
3.364269142,1.4734507393046723,20-50cm
3.364269142,1.4734507393046723,20-50cm
4.408352668,1.6879445488925413,50-100cm
6.844547564,2.059818712628983,0-20cm
8.120649652,2.210541035321165,0-20cm
5.568445476,1.882277195063256,20-50cm
5.278422274,1.8371187186617233,50-100cm
3.07424594,1.404685684171041,50-100cm
9.570765661,2.3580922344394004,0-20cm
7.134570766,2.096122975419075,20-50cm
5.916473318,1.9339060035937803,20-50cm
6.26450116,1.9829996312098825,50-100cm
6.786542923,2.052396977427628,0-20cm
4.582366589,1.7196128063722729,20-50cm
3.828306265,1.5744957363932024,20-50cm
3.016241299,1.3903464649967827,50-100cm
10.15081206,2.4115123257473896,0-20cm
5.568445476,1.882277195063256,0-20cm
6.612529002,2.0297954428152933,20-50cm
5.046403712,1.7994636675319253,50-100cm
6.670533643,2.0373861883174516,50-100cm
10.26682135,2.4218622430165584,>100cm
11.19489559,2.501017469925615,0-20cm
5.800464037,1.916990850589062,20-50cm
4.64037123,1.7299498842658516,20-50cm
10.32482599,2.4269973061296404,50-100cm
7.88863109,2.1847730545420854,>100cm
11.83294664,2.5520158202236005,0-20cm
8.178654292,2.216880602601443,0-20cm
5.568445476,1.882277195063256,20-50cm
4.582366589,1.7196128063722729,20-50cm
4.582366589,1.7196128063722729,50-100cm
4.524361949,1.709167756391095,50-100cm
9.3387471,2.3358986915258138,0-20cm
10.09280742,2.4062969181082163,20-50cm
8.700696056,2.2721976412853455,20-50cm
9.280742459,2.33027248105715,0-20cm
5.278422274,1.8371187186617233,20-50cm
4.930394432,1.780090725468795,50-100cm
10.49883991,2.442246152889434,0-20cm
4.930394432,1.780090725468795,20-50cm
4.814385151,1.7603350453845883,20-50cm
2.900232019,1.361036043417301,50-100cm
20.82366589,3.0829949722513414,0-20cm
10.32482599,2.4269973061296404,20-50cm
3.944315545,1.5982385419455967,20-50cm
3.944315545,1.5982385419455967,50-100cm
12.87703016,2.6302349667669254,0-20cm
9.164733179,2.318924197744161,0-20cm
12.00696056,2.565484641863583,20-50cm
11.19489559,2.501017469925615,20-50cm
7.946635731,2.191277565642508,50-100cm
8.584686775,2.2601666972990686,50-100cm
15.6612529,2.8130858379926442,0-20cm
7.88863109,2.1847730545420854,0-20cm
12.12296984,2.5743641176565366,20-50cm
9.39675174,2.341493424669005,50-100cm
6.148491879,1.96690140844391,>100cm
8.410672854,2.241844455185516,0-20cm
12.29698376,2.587537224545704,20-50cm
10.84686775,2.4720635077466433,20-50cm
13.51508121,2.6751881923627674,50-100cm
11.31090487,2.5104854443998175,0-20cm
9.686774942,2.3690069902773168,20-50cm
6.844547564,2.059818712628983,50-100cm
4.582366589,1.7196128063722729,50-100cm
2.900232019,1.361036043417301,>100cm
15.6612529,2.8130858379926442,0-20cm
11.94895592,2.561015160957038,20-50cm
8.236658933,2.223180232927466,20-50cm
6.032482599,1.9505397870098125,50-100cm
13.51508121,2.6751881923627674,0-20cm
8.236658933,2.223180232927466,20-50cm
6.26450116,1.9829996312098825,20-50cm
3.306264501,1.4600708232052213,50-100cm
6.26450116,1.9829996312098825,50-100cm
11.48491879,2.5245214191050547,0-20cm
12.52900232,2.6048357011046885,0-20cm
7.482598608,2.138016842483422,20-50cm
7.424593968,2.1311552813678727,50-100cm
10.03480278,2.4010541673242503,0-20cm
4.582366589,1.7196128063722729,20-50cm
4.582366589,1.7196128063722729,20-50cm
5.162412993,1.818468420486176,50-100cm
15.6612529,2.8130858379926442,0-20cm
6.380510441,1.9988428016677164,20-50cm
11.07888631,2.4914589953758495,50-100cm
12.9350348,2.634406158239728,50-100cm
13.39907193,2.6671637551994536,0-20cm
11.25290023,2.505762662438444,0-20cm
7.656612529,2.158323483117142,20-50cm
9.222737819,2.324614437256044,50-100cm
15.71925754,2.8165612011682097,0-20cm
12.0649652,2.5699342353639767,0-20cm
9.106728538,2.313201393921096,20-50cm
8.120649652,2.210541035321165,50-100cm
10.84686775,2.4720635077466433,50-100cm
13.68909513,2.68710539060307,0-20cm
8.758700696,2.278159266153191,20-50cm
8.758700696,2.278159266153191,20-50cm
3.596287703,1.5252489565912695,50-100cm
15.9512761,2.830343117128294,0-20cm
4.176334107,1.6440971043812276,20-50cm
6.20649652,1.9749829136435195,0-20cm
1.914153132,1.069579256838409,20-50cm
11.83294664,2.5520158202236005,0-20cm
7.308584687,2.1172892799217724,20-50cm
2.958236659,1.3757986379648754,50-100cm
8.700696056,2.2721976412853455,0-20cm
8.758700696,2.278159266153191,0-20cm
9.048723898,2.307445651119653,0-20cm
4.582366589,1.7196128063722729,0-20cm
2.958236659,1.3757986379648754,50-100cm
1.798143852,1.0289562873591707,50-100cm
8.236658933,2.223180232927466,0-20cm
5.046403712,1.7994636675319253,20-50cm
2.552204176,1.2675683054598799,20-50cm
2.900232019,1.361036043417301,0-20cm
2.320185615,1.200020689498126,20-50cm
10.20881671,2.4167006748667217,0-20cm
3.364269142,1.4734507393046723,20-50cm
3.364269142,1.4734507393046723,50-100cm
15.6612529,2.8130858379926442,0-20cm
7.134570766,2.096122975419075,20-50cm
3.538283063,1.5125487605692358,50-100cm
3.538283063,1.5125487605692358,>100cm
15.6612529,2.8130858379926442,0-20cm
6.26450116,1.9829996312098825,0-20cm
2.668213457,1.2997047470848513,20-50cm
16.82134571,2.880396936026427,0-20cm
4.060324826,1.6214306761006323,0-20cm
4.118329466,1.6328281096398902,50-100cm
11.60092807,2.533770467594143,0-20cm
2.088167053,1.1275777281734074,20-50cm
13.97911833,2.7066571198816627,0-20cm
6.728538283,2.044919748081826,20-50cm
10.32482599,2.4269973061296404,0-20cm
4.988399072,1.7898241096272645,0-20cm
12.6450116,2.6133740042881923,0-20cm
3.828306265,1.5744957363932024,20-50cm
14.90719258,2.766771370462666,0-20cm
8.642691415,2.266200262082887,20-50cm
4.69837587,1.7401811991510703,50-100cm
2.900232019,1.361036043417301,>100cm
13.225058,2.6550050573327293,0-20cm
5.278422274,1.8371187186617233,20-50cm
4.350348028,1.677161610754745,50-100cm
17.34338747,2.909269153698494,0-20cm
2.320185615,1.200020689498126,20-50cm
2.552204176,1.2675683054598799,20-50cm
2.552204176,1.2675683054598799,50-100cm
7.308584687,2.1172892799217724,0-20cm
4.64037123,1.7299498842658516,0-20cm
4.292343387,1.666261132091644,20-50cm
12.18097448,2.5787744626082816,0-20cm
4.75638051,1.7503088935114712,20-50cm
4.69837587,1.7401811991510703,20-50cm
4.930394432,1.780090725468795,50-100cm
7.018561485,2.0817590398303256,0-20cm
2.494199536,1.2511043182667152,0-20cm
21.1136891,3.096196833054212,0-20cm
5.742459397,1.9084247540633008,0-20cm
14.15313225,2.7182072597606304,0-20cm
10.44083527,2.4371889963982123,0-20cm
9.454756381,2.3470570309352685,0-20cm
5.974477958,1.94225748017524,20-50cm
13.86310905,2.6988822401512125,0-20cm
12.99303944,2.6385600231217374,0-20cm
6.20649652,1.9749829136435195,0-20cm
11.42691415,2.5198646164552616,0-20cm
14.2,2.7212954278522306,0-20cm
11.8,2.5494451709255714,0-20cm
11.7,2.5416019934645457,20-50cm
14.3,2.72785282839839,50-100cm
2.6,1.2809338454620642,50-100cm
22.9,3.173878458937465,0-20cm
11.4,2.517696472610991,0-20cm
7.9,2.186051276738094,20-50cm
6.7,2.0412203288596382,20-50cm
2.3,1.1939224684724346,>100cm
5.2,1.824549292051046,>100cm
26.0,3.295836866004329,0-20cm
21.5,3.1135153092103742,0-20cm
9.6,2.3608540011180215,20-50cm
5.4,1.8562979903656263,20-50cm
5.2,1.824549292051046,>100cm
20.0,3.044522437723423,0-20cm
17.5,2.917770732084279,0-20cm
13.6,2.681021528714291,20-50cm
15.5,2.803360380906535,20-50cm
18.1,2.9496883350525844,50-100cm
8.0,2.1972245773362196,>100cm
0.33,0.2851789422336624,0-20cm
0.33,0.2851789422336624,0-20cm
0.39,0.3293037471426004,20-50cm
0.31,0.27002713721306015,50-100cm
0.47,0.3852624007906449,50-100cm
0.51,0.412109650826833,50-100cm
26.0,3.295836866004329,0-20cm
13.3,2.6602595372658615,20-50cm
3.3,1.4586150226995167,20-50cm
2.1,1.1314021114911006,50-100cm
2.1,1.1314021114911006,50-100cm
28.9,3.3978584803966405,0-20cm
14.0,2.70805020110221,0-20cm
7.0,2.0794415416798357,20-50cm
3.6,1.5260563034950494,50-100cm
4.4,1.6863989535702288,50-100cm
4.8,1.7578579175523736,>100cm
23.8,3.2108436531709366,0-20cm
22.8,3.169685580677429,0-20cm
19.0,2.995732273553991,20-50cm
19.7,3.0301337002713233,20-50cm
8.9,2.2925347571405443,50-100cm
5.8,1.916922612182061,50-100cm
2.7,1.308332819650179,50-100cm
21.7,3.122364924487357,0-20cm
12.6,2.6100697927420065,0-20cm
7.1,2.0918640616783932,20-50cm
3.8,1.5686159179138452,20-50cm
3.8,1.5686159179138452,50-100cm
3.7,1.547562508716013,50-100cm
17.4,2.91235066461494,0-20cm
9.5,2.3513752571634776,0-20cm
5.0,1.791759469228055,20-50cm
4.0,1.6094379124341003,20-50cm
3.5,1.5040773967762742,50-100cm
1.7,0.9932517730102833,>100cm
24.1,3.2228678461377385,0-20cm
13.2,2.653241964607215,0-20cm
5.9,1.9315214116032138,20-50cm
3.3,1.4586150226995167,20-50cm
1.9,1.0647107369924282,50-100cm
22.8,3.169685580677429,0-20cm
9.9,2.388762789235098,0-20cm
4.9,1.7749523509116738,20-50cm
4.0,1.6094379124341003,20-50cm
3.4,1.4816045409242156,50-100cm
15.3,2.791165107812717,0-20cm
11.0,2.4849066497880004,0-20cm
2.3,1.1939224684724346,20-50cm
1.9,1.0647107369924282,50-100cm
2.4,1.2237754316221157,50-100cm
24.6,3.242592351485517,0-20cm
16.1,2.8390784635086144,0-20cm
6.7,2.0412203288596382,20-50cm
6.2,1.9740810260220096,20-50cm
6.4,2.0014800002101243,50-100cm
23.8,3.2108436531709366,0-20cm
18.8,2.9856819377004897,0-20cm
6.9,2.066862759472976,20-50cm
5.9,1.9315214116032138,20-50cm
4.6,1.7227665977411035,50-100cm
2.0,1.0986122886681098,50-100cm
18.9,2.990719731730447,0-20cm
7.5,2.1400661634962708,0-20cm
5.0,1.791759469228055,20-50cm
3.5,1.5040773967762742,20-50cm
1.1,0.7419373447293773,50-100cm
27.6,3.353406717825807,0-20cm
15.1,2.7788192719904172,20-50cm
21.1,3.095577608523707,20-50cm
13.2,2.653241964607215,20-50cm
15.2,2.785011242238338,50-100cm
4.7,1.7404661748405046,>100cm
18.2,2.954910279033736,0-20cm
13.9,2.7013612129514133,0-20cm
6.5,2.0149030205422647,20-50cm
4.3,1.667706820558076,20-50cm
4.1,1.62924053973028,50-100cm
2.0,1.0986122886681098,50-100cm
25.8,3.288401887516811,0-20cm
19.4,3.0155349008501706,0-20cm
9.8,2.379546134130174,20-50cm
4.4,1.6863989535702288,20-50cm
4.9,1.7749523509116738,50-100cm
4.8,1.7578579175523736,50-100cm
4.4,1.6863989535702288,>100cm
23.1,3.1822118404966093,0-20cm
12.9,2.631888840136646,0-20cm
4.2,1.6486586255873816,20-50cm
3.2,1.4350845252893227,20-50cm
2.5,1.252762968495368,50-100cm
2.0,1.0986122886681098,50-100cm
23.7,3.2068032436339315,0-20cm
8.5,2.2512917986064953,0-20cm
5.7,1.9021075263969205,20-50cm
3.9,1.589235205116581,20-50cm
2.2,1.1631508098056809,50-100cm
2.2,1.1631508098056809,50-100cm
2.2,1.1631508098056809,>100cm
20.8,3.0819099697950434,0-20cm
9.6,2.3608540011180215,0-20cm
4.0,1.6094379124341003,20-50cm
3.3,1.4586150226995167,20-50cm
4.0,1.6094379124341003,50-100cm
4.2,1.6486586255873816,>100cm
3.1,1.410986973710262,>100cm
25.5,3.2771447329921766,0-20cm
12.9,2.631888840136646,0-20cm
9.3,2.33214389523559,20-50cm
4.4,1.6863989535702288,20-50cm
4.1,1.62924053973028,50-100cm
3.8,1.5686159179138452,50-100cm
3.4,1.4816045409242156,50-100cm
15.0,2.772588722239781,0-20cm
10.7,2.4595888418037104,0-20cm
5.7,1.9021075263969205,20-50cm
4.6,1.7227665977411035,50-100cm
5.8,1.916922612182061,50-100cm
26.1,3.299533727885655,0-20cm
12.7,2.617395832834079,0-20cm
6.9,2.066862759472976,20-50cm
5.5,1.8718021769015913,20-50cm
6.5,2.0149030205422647,50-100cm
10.2,2.4159137783010487,50-100cm
26.0,3.295836866004329,0-20cm
22.9,3.173878458937465,0-20cm
10.4,2.4336133554004498,20-50cm
10.0,2.3978952727983707,20-50cm
3.0,1.3862943611198906,50-100cm
26.4,3.3105430133940246,0-20cm
20.2,3.054001181677967,0-20cm
15.1,2.7788192719904172,20-50cm
10.5,2.4423470353692043,20-50cm
9.7,2.3702437414678603,50-100cm
7.1,2.0918640616783932,50-100cm
11.6,2.533696813957432,0-20cm
6.3,1.9878743481543455,0-20cm
4.9,1.7749523509116738,20-50cm
3.9,1.589235205116581,20-50cm
3.2,1.4350845252893227,50-100cm
2.1,1.1314021114911006,50-100cm
1.5,0.9162907318741551,>100cm
13.5,2.6741486494265287,0-20cm
7.2,2.1041341542702074,0-20cm
3.9,1.589235205116581,20-50cm
3.5,1.5040773967762742,50-100cm
3.6,1.5260563034950494,50-100cm
37.2,3.6428355156125294,0-20cm
21.6,3.1179499062782403,0-20cm
20.5,3.068052935133617,20-50cm
10.1,2.4069451083182885,20-50cm
9.6,2.3608540011180215,50-100cm
6.3,1.9878743481543455,50-100cm
4.5,1.7047480922384253,>100cm
21.9,3.131136910560194,0-20cm
7.2,2.1041341542702074,0-20cm
10.8,2.468099531471619,20-50cm
5.7,1.9021075263969205,20-50cm
2.7,1.308332819650179,50-100cm
1.9,1.0647107369924282,50-100cm
23.0,3.1780538303479458,0-20cm
10.3,2.424802725718295,20-50cm
5.6,1.8870696490323797,20-50cm
6.2,1.9740810260220096,50-100cm
5.1,1.8082887711792655,50-100cm
2.7,1.308332819650179,>100cm
11.8,2.5494451709255714,0-20cm
9.4,2.341805806147327,0-20cm
10.7,2.4595888418037104,20-50cm
11.3,2.509599262378372,20-50cm
8.9,2.2925347571405443,50-100cm
7.5,2.1400661634962708,50-100cm
22.8,3.169685580677429,0-20cm
16.8,2.8791984572980396,0-20cm
7.2,2.1041341542702074,0-20cm
5.8,1.916922612182061,20-50cm
3.0,1.3862943611198906,20-50cm
3.0,1.3862943611198906,50-100cm
3.0,1.3862943611198906,>100cm
20.2,3.054001181677967,0-20cm
19.2,3.005682604407159,0-20cm
14.9,2.766319109226186,20-50cm
23.8,3.2108436531709366,20-50cm
7.7,2.1633230256605382,50-100cm
6.2,1.9740810260220096,50-100cm
20.9,3.086486636822455,0-20cm
17.8,2.9338568698359038,0-20cm
7.4,2.128231705849268,0-20cm
5.1,1.8082887711792655,20-50cm
5.3,1.840549633397487,50-100cm
3.8,1.5686159179138452,>100cm
22.7,3.1654750481410856,0-20cm
17.5,2.917770732084279,0-20cm
12.4,2.5952547069568657,20-50cm
12.9,2.631888840136646,20-50cm
12.4,2.5952547069568657,50-100cm
13.9,2.7013612129514133,0-20cm
11.5,2.5257286443082556,0-20cm
10.3,2.424802725718295,20-50cm
4.0,1.6094379124341003,20-50cm
1.8,1.0296194171811583,50-100cm
1.8,1.0296194171811583,50-100cm
17.6,2.9231615807191558,0-20cm
13.4,2.667228206581955,0-20cm
3.3,1.4586150226995167,20-50cm
5.4,1.8562979903656263,50-100cm
8.6,2.2617630984737906,50-100cm
7.8,2.174751721484161,>100cm
50.6,3.9435216724875173,0-20cm
29.5,3.417726683613366,0-20cm
13.1,2.6461747973841225,20-50cm
5.7,1.9021075263969205,50-100cm
5.8,1.916922612182061,50-100cm
19.53,3.0218872310308424,0-20cm
7.98,2.194999882314108,20-50cm
3.65,1.536867219599265,50-100cm
2.11,1.1346227261911428,50-100cm
29.7,3.4242626545931514,0-20cm
5.69,1.900613874140137,20-50cm
3.8,1.5686159179138452,50-100cm
2.4,1.2237754316221157,>100cm
2.52,1.2584609896100056,>100cm
7.64,2.1564025828159643,0-20cm
4.6,1.7227665977411035,0-20cm
2.87,1.3532545070416904,50-100cm
9.1,2.312535423847214,0-20cm
9.08,2.3105532626432224,0-20cm
5.01,1.7934247485471162,20-50cm
2.3,1.1939224684724346,50-100cm
6.8,2.0541237336955462,0-20cm
3.88,1.5851452198650557,20-50cm
2.94,1.3711807233098425,>100cm
2.36,1.2119409739751128,>100cm
12.84,2.6275629501895237,0-20cm
6.59,2.0268315914075385,20-50cm
4.98,1.7884205679625405,20-50cm
2.85,1.3480731482996928,50-100cm
2.23,1.172482137234565,>100cm
53.4,3.996364153861897,0-20cm
31.4,3.4781584227982836,0-20cm
16.1,2.8390784635086144,20-50cm
7.5,2.1400661634962708,20-50cm
80.8,4.404277243608702,0-20cm
34.4,3.5667118201397288,0-20cm
15.8,2.8213788864092133,20-50cm
6.3,1.9878743481543455,50-100cm
2.9,1.3609765531356006,>100cm
61.4,4.133565275375382,0-20cm
10.2,2.4159137783010487,20-50cm
4.4,1.6863989535702288,50-100cm
40.9,3.735285826928092,0-20cm
22.2,3.1441522786722644,0-20cm
21.0,3.091042453358316,20-50cm
15.4,2.797281334830153,50-100cm
6.7,2.0412203288596382,50-100cm
54.3,4.012772908528289,0-20cm
4.3,1.667706820558076,0-20cm
3.4,1.4816045409242156,20-50cm
26.1,3.299533727885655,0-20cm
8.9,2.2925347571405443,0-20cm
2.8,1.33500106673234,20-50cm
13.1,2.6461747973841225,0-20cm
7.0,2.0794415416798357,20-50cm
3.5,1.5040773967762742,50-100cm
2.3,1.1939224684724346,>100cm
34.0,3.5553480614894135,0-20cm
11.0,2.4849066497880004,20-50cm
5.6,1.8870696490323797,20-50cm
1.9,1.0647107369924282,50-100cm
11.7,2.5416019934645457,0-20cm
11.4,2.517696472610991,20-50cm
6.0,1.9459101490553132,0-20cm
1.9,1.0647107369924282,20-50cm
1.5,0.9162907318741551,50-100cm
2.1,1.1314021114911006,>100cm
14.5,2.740840023925201,0-20cm
3.2,1.4350845252893227,20-50cm
2.3,1.1939224684724346,50-100cm
1.8,1.0296194171811583,>100cm
24.3,3.2308043957334744,0-20cm
4.9,1.7749523509116738,20-50cm
5.9,1.9315214116032138,0-20cm
4.9,1.7749523509116738,20-50cm
5.0,1.791759469228055,50-100cm
3.5,1.5040773967762742,>100cm
17.7,2.928523523860541,0-20cm
5.3,1.840549633397487,20-50cm
4.2,1.6486586255873816,20-50cm
2.8,1.33500106673234,50-100cm
5.4,1.8562979903656263,0-20cm
2.6,1.2809338454620642,20-50cm
1.4,0.8754687373538999,50-100cm
1.0,0.6931471805599453,50-100cm
1.1,0.7419373447293773,>100cm
6.3,1.9878743481543455,0-20cm
2.9,1.3609765531356006,20-50cm
2.1,1.1314021114911006,50-100cm
1.8,1.0296194171811583,>100cm
23.4,3.1945831322991562,0-20cm
4.9,1.7749523509116738,0-20cm
4.0,1.6094379124341003,20-50cm
3.0,1.3862943611198906,50-100cm
2.4,1.2237754316221157,>100cm
21.0,3.091042453358316,0-20cm
8.3,2.2300144001592104,20-50cm
4.0,1.6094379124341003,50-100cm
4.2,1.6486586255873816,>100cm
8.4,2.2407096892759584,0-20cm
3.0,1.3862943611198906,0-20cm
2.9,1.3609765531356006,20-50cm
2.5,1.252762968495368,50-100cm
2.1,1.1314021114911006,50-100cm
14.0,2.70805020110221,0-20cm
8.0,2.1972245773362196,20-50cm
3.7,1.547562508716013,50-100cm
2.4,1.2237754316221157,>100cm
23.5,3.1986731175506815,0-20cm
8.2,2.2192034840549946,20-50cm
4.1,1.62924053973028,50-100cm
4.1,1.62924053973028,>100cm
22.8,3.169685580677429,0-20cm
7.6,2.151762203259462,0-20cm
3.2,1.4350845252893227,50-100cm
2.3,1.1939224684724346,>100cm
11.6,2.533696813957432,0-20cm
2.1,1.1314021114911006,20-50cm
1.9,1.0647107369924282,50-100cm
11.8,2.5494451709255714,0-20cm
5.2,1.824549292051046,20-50cm
4.7,1.7404661748405046,50-100cm
9.3,2.33214389523559,>100cm
5.7,1.9021075263969205,>100cm
15.4,2.797281334830153,0-20cm
11.4,2.517696472610991,20-50cm
6.4,2.0014800002101243,>100cm
8.0,2.1972245773362196,0-20cm
6.9,2.066862759472976,20-50cm
5.1,1.8082887711792655,20-50cm
14.7,2.7536607123542622,0-20cm
6.4,2.0014800002101243,0-20cm
2.6,1.2809338454620642,20-50cm
3.4,1.4816045409242156,50-100cm
9.9,2.388762789235098,0-20cm
9.5,2.3513752571634776,20-50cm
3.7,1.547562508716013,50-100cm
2.1,1.1314021114911006,>100cm
19.86,3.0378334495726262,0-20cm
6.71,2.0425181875752383,20-50cm
6.33,1.9919755158985601,20-50cm
6.41,2.0028304393079956,50-100cm
5.28,1.8373699804801074,>100cm
17.25,2.9041650800285006,0-20cm
7.46,2.135349173618132,20-50cm
6.79,2.052840859882657,50-100cm
7.63,2.1552445050953364,>100cm
105.81,4.671051555101604,0-20cm
43.12,3.786913194385302,0-20cm
53.51,3.9983841710761894,0-20cm
14.92,2.767576180416237,20-50cm
5.28,1.8373699804801074,50-100cm
4.44,1.6937790608678513,>100cm
21.96,3.133753571451366,0-20cm
3.67,1.541159071680806,20-50cm
2.45,1.2383742310432684,50-100cm
16.36,2.854168709232204,0-20cm
9.79,2.378619779270043,0-20cm
5.2,1.824549292051046,20-50cm
4.05,1.6193882432872684,50-100cm
9.79,2.378619779270043,0-20cm
5.99,1.944480556245719,20-50cm
5.35,1.8484548129046001,50-100cm
7.26,2.1114245875328868,50-100cm
81.83,4.416790314610172,0-20cm
21.23,3.101442727976105,0-20cm
20.05,3.0469005601283903,0-20cm
6.17,1.969905654611529,0-20cm
18.43,2.9668182633893485,0-20cm
16.15,2.8419981736119486,20-50cm
19.57,3.0238337036648657,50-100cm
21.26,3.102791345847399,0-20cm
7.6,2.151762203259462,20-50cm
4.1,1.62924053973028,50-100cm
6.72,2.0438143640366846,>100cm
35.59,3.5997749790311153,0-20cm
7.48,2.1377104498038118,0-20cm
15.53,2.8051769118329326,0-20cm
11.15,2.4973291697865574,20-50cm
4.78,1.7544036826842861,50-100cm
2.69,1.3056264580524357,50-100cm
2.06,1.1184149159642893,>100cm
11.77,2.547098670044448,0-20cm
4.58,1.7191887763932197,20-50cm
3.25,1.4469189829363254,50-100cm
3.19,1.4327007339340463,>100cm
1.99,1.095273387402595,>100cm
9.41,2.3427668826268775,0-20cm
3.67,1.541159071680806,20-50cm
1.52,0.9242589015233319,50-100cm
1.23,0.8020015854720274,>100cm
18.37,2.9637254774189046,0-20cm
11.29,2.5087859235779435,20-50cm
3.62,1.5303947050936475,20-50cm
2.2,1.1631508098056809,>100cm
17.35,2.9096295745005794,0-20cm
8.7,2.272125885509337,20-50cm
2.72,1.3137236682850553,50-100cm
18.04,2.9465420293632194,0-20cm
6.68,2.038619547159581,20-50cm
5.09,1.8066480817218056,50-100cm
2.68,1.3029127521808397,>100cm
29.1,3.40452517175483,0-20cm
1.12,0.7514160886839212,20-50cm
2.4,1.2237754316221157,50-100cm
3.05,1.3987168811184478,>100cm
9.89,2.387844936944869,0-20cm
4.25,1.6582280766035324,20-50cm
18.03,2.946016681308058,0-20cm
7.15,2.0980179272527715,20-50cm
2.24,1.1755733298042381,20-50cm
6.17,1.969905654611529,0-20cm
5.03,1.7967470107390942,50-100cm
4.5,1.7047480922384253,>100cm
3.14,1.420695787837223,>100cm
16.7,2.8735646395797834,0-20cm
4.57,1.7173950539391927,20-50cm
3.18,1.430311246536665,>100cm
28.13,3.3717685709713434,0-20cm
6.49,2.0135687975291283,20-50cm
3.11,1.4134230285081433,50-100cm
2.79,1.332366019094335,>100cm
15.99,2.8326249356838407,0-20cm
2.72,1.3137236682850553,20-50cm
19.61,3.0257763949023677,0-20cm
6.84,2.0592388343623163,20-50cm
3.52,1.5085119938441398,50-100cm
2.6,1.2809338454620642,>100cm
34.63,3.5731879796177446,0-20cm
10.21,2.4168062370840686,20-50cm
11.39,2.516889695641051,0-20cm
2.38,1.2178757094949273,20-50cm
20.3,3.0587070727153796,0-20cm
13.39,2.6665335208992764,20-50cm
1.99,1.095273387402595,50-100cm
25.08,3.261168737058452,0-20cm
5.8,1.916922612182061,20-50cm
2.69,1.3056264580524357,20-50cm
5.82,1.9198594718553708,0-20cm
2.82,1.3402504226184837,20-50cm
2.21,1.1662709371419244,50-100cm
1.28,0.8241754429663494,>100cm
10.45,2.4379897300002487,0-20cm
4.96,1.7850704810772584,20-50cm
3.25,1.4469189829363254,50-100cm
2.13,1.1410330045520618,>100cm
12.63,2.612273245708441,0-20cm
6.44,2.0068708488450007,20-50cm
2.53,1.2612978709452054,20-50cm
1.91,1.068153081183401,>100cm
9.46,2.347558458636777,0-20cm
4.44,1.6937790608678513,0-20cm
3.24,1.4445632692438664,50-100cm
1.33,0.8458682675776092,>100cm
10.22,2.4176979000945504,0-20cm
3.5,1.5040773967762742,20-50cm
14.89,2.7656899805486246,0-20cm
8.07,2.2049722641270453,0-20cm
5.94,1.937301774518713,20-50cm
2.92,1.366091653802371,>100cm
29.0,3.4011973816621555,0-20cm
7.91,2.187174241482718,20-50cm
6.6,2.028148247292285,50-100cm
19.3,3.0106208860477417,0-20cm
9.61,2.3617969526258915,0-20cm
9.45,2.34660197841082,50-100cm
4.42,1.6900958154515549,50-100cm
13.78,2.6932749155200555,0-20cm
8.02,2.199444334074532,20-50cm
3.82,1.5727739280625088,50-100cm
4.53,1.7101878155342434,>100cm
13.76,2.6919208191723265,0-20cm
16.96,2.8881470628740535,20-50cm
13.38,2.6658383522929006,50-100cm
13.81,2.6953026282797072,>100cm
3.7,1.547562508716013,0-20cm
10.1,2.4069451083182885,0-20cm
4.4,1.6863989535702288,20-50cm
31.5,3.481240089335692,0-20cm
11.0,2.4849066497880004,20-50cm
10.8,2.468099531471619,0-20cm
16.5,2.8622008809294686,0-20cm
47.5,3.8815637979434374,0-20cm
18.1,2.9496883350525844,0-20cm
17.9,2.9391619220655967,0-20cm
4.6,1.7227665977411035,0-20cm
4.6,1.7227665977411035,20-50cm
6.2,1.9740810260220096,50-100cm
17.3,2.9069010598473755,0-20cm
6.9,2.066862759472976,20-50cm
4.7,1.7404661748405046,20-50cm
3.2,1.4350845252893227,50-100cm
24.2,3.2268439945173775,0-20cm
17.4,2.91235066461494,0-20cm
10.6,2.451005098112319,20-50cm
11.1,2.4932054526026954,50-100cm
12.1,2.5726122302071057,50-100cm
30.4,3.4468078929142076,0-20cm
6.4,2.0014800002101243,20-50cm
6.0,1.9459101490553132,20-50cm
4.7,1.7404661748405046,20-50cm
4.9,1.7749523509116738,50-100cm
3.9,1.589235205116581,>100cm
11.7,2.5416019934645457,0-20cm
7.0,2.0794415416798357,0-20cm
4.3,1.667706820558076,20-50cm
1.8,1.0296194171811583,50-100cm
2.3,1.1939224684724346,50-100cm
1.2,0.7884573603642702,50-100cm
26.4,3.3105430133940246,0-20cm
14.5,2.740840023925201,0-20cm
8.2,2.2192034840549946,20-50cm
6.0,1.9459101490553132,50-100cm
9.7,2.3702437414678603,0-20cm
9.3,2.33214389523559,20-50cm
5.6,1.8870696490323797,20-50cm
4.1,1.62924053973028,50-100cm
10.5,2.4423470353692043,0-20cm
4.8,1.7578579175523736,20-50cm
4.4,1.6863989535702288,50-100cm
10.2,2.4159137783010487,0-20cm
4.4,1.6863989535702288,0-20cm
5.2,1.824549292051046,20-50cm
3.9,1.589235205116581,50-100cm
4.1,1.62924053973028,50-100cm
9.2,2.322387720290225,0-20cm
3.7,1.547562508716013,0-20cm
3.3,1.4586150226995167,50-100cm
3.1,1.410986973710262,>100cm
23.9,3.214867803470662,0-20cm
4.0,1.6094379124341003,20-50cm
11.1,2.4932054526026954,0-20cm
4.1,1.62924053973028,20-50cm
2.6,1.2809338454620642,50-100cm
3.6,1.5260563034950494,0-20cm
2.2,1.1631508098056809,20-50cm
2.8,1.33500106673234,50-100cm
3.4,1.4816045409242156,50-100cm
10.4,2.4336133554004498,0-20cm
6.1,1.9600947840472698,20-50cm
20.7,3.077312260546414,0-20cm
8.8,2.2823823856765264,20-50cm
3.5,1.5040773967762742,20-50cm
2.3,1.1939224684724346,50-100cm
20.0,3.044522437723423,0-20cm
7.4,2.128231705849268,0-20cm
4.9,1.7749523509116738,20-50cm
2.5,1.252762968495368,50-100cm
25.7,3.2846635654062037,0-20cm
11.6,2.533696813957432,20-50cm
3.0,1.3862943611198906,20-50cm
10.1,2.4069451083182885,0-20cm
7.2,2.1041341542702074,20-50cm
3.7,1.547562508716013,20-50cm
14.1,2.714694743820879,0-20cm
3.9,1.589235205116581,0-20cm
3.0,1.3862943611198906,50-100cm
5.0,1.791759469228055,0-20cm
2.3,1.1939224684724346,20-50cm
1.7,0.9932517730102833,50-100cm
21.4,3.109060958860994,0-20cm
9.9,2.388762789235098,0-20cm
4.0,1.6094379124341003,20-50cm
3.7,1.547562508716013,50-100cm
3.8,1.5686159179138452,>100cm
13.4,2.667228206581955,0-20cm
5.8,1.916922612182061,20-50cm
6.9,2.066862759472976,0-20cm
3.7,1.547562508716013,20-50cm
21.1,3.095577608523707,0-20cm
5.6,1.8870696490323797,20-50cm
3.7,1.547562508716013,>100cm
8.6,2.2617630984737906,0-20cm
5.1,1.8082887711792655,0-20cm
4.0,1.6094379124341003,20-50cm
2.7,1.308332819650179,>100cm
8.5,2.2512917986064953,0-20cm
10.7,2.4595888418037104,20-50cm
4.2,1.6486586255873816,50-100cm
20.9,3.086486636822455,0-20cm
15.2,2.785011242238338,20-50cm
10.4,2.4336133554004498,20-50cm
8.4,2.2407096892759584,0-20cm
3.2,1.4350845252893227,20-50cm
1.8,1.0296194171811583,20-50cm
0.9,0.6418538861723948,50-100cm
47.8,3.8877303128591016,0-20cm
20.7,3.077312260546414,0-20cm
17.4,2.91235066461494,0-20cm
11.0,2.4849066497880004,20-50cm
2.3,1.1939224684724346,50-100cm
33.1,3.529297384289471,0-20cm
14.5,2.740840023925201,0-20cm
9.7,2.3702437414678603,20-50cm
24.0,3.2188758248682006,0-20cm
20.6,3.0726933146901194,0-20cm
24.4,3.2347491740244907,50-100cm
24.0,3.2188758248682006,0-20cm
8.9,2.2925347571405443,20-50cm
13.7,2.6878474937846906,0-20cm
7.9,2.186051276738094,0-20cm
13.7,2.6878474937846906,0-20cm
8.3,2.2300144001592104,20-50cm
12.6,2.6100697927420065,0-20cm
7.5,2.1400661634962708,20-50cm
8.9,2.2925347571405443,50-100cm
23.5,3.1986731175506815,0-20cm
5.7,1.9021075263969205,0-20cm
24.1,3.2228678461377385,0-20cm
8.5,2.2512917986064953,20-50cm
2.8,1.33500106673234,50-100cm
11.8,2.5494451709255714,0-20cm
7.3,2.1162555148025524,20-50cm
7.7,2.1633230256605382,50-100cm
7.4,2.128231705849268,0-20cm
3.9,1.589235205116581,20-50cm
4.2,1.6486586255873816,50-100cm
5.2,1.824549292051046,0-20cm
5.6,1.8870696490323797,20-50cm
3.2,1.4350845252893227,50-100cm
6.0,1.9459101490553132,0-20cm
3.5,1.5040773967762742,20-50cm
4.0,1.6094379124341003,50-100cm
4.1,1.62924053973028,0-20cm
4.1,1.62924053973028,20-50cm
18.9,2.990719731730447,0-20cm
7.5,2.1400661634962708,20-50cm
2.7,1.308332819650179,50-100cm
16.8,2.8791984572980396,0-20cm
12.8,2.624668592163159,0-20cm
11.6,2.533696813957432,50-100cm
18.5,2.970414465569701,0-20cm
11.6,2.533696813957432,0-20cm
15.0,2.772588722239781,0-20cm
8.1,2.2082744135228043,20-50cm
4.4,1.6863989535702288,50-100cm
19.5,3.0204248861443626,0-20cm
4.6,1.7227665977411035,0-20cm
2.5,1.252762968495368,50-100cm
17.4,2.91235066461494,0-20cm
6.9,2.066862759472976,20-50cm
7.2,2.1041341542702074,50-100cm
12.8,2.624668592163159,0-20cm
10.2,2.4159137783010487,20-50cm
22.7,3.1654750481410856,0-20cm
7.8,2.174751721484161,0-20cm
6.8,2.0541237336955462,20-50cm
16.3,2.8507065015037334,0-20cm
9.8,2.379546134130174,0-20cm
18.1,2.9496883350525844,0-20cm
19.6,3.0252910757955354,0-20cm
28.6,3.3877743613300146,0-20cm
8.0,2.1972245773362196,20-50cm
4.2,1.6486586255873816,50-100cm
14.6,2.747270914255491,0-20cm
3.5,1.5040773967762742,20-50cm
2.1,1.1314021114911006,50-100cm
4.8,1.7578579175523736,0-20cm
8.5,2.2512917986064953,20-50cm
18.15545244,2.95258739781624,0-20cm
14.44315545,2.7371658922395445,0-20cm
3.886310905,1.586437602616289,20-50cm
10.61484919,2.4522843820657583,50-100cm
25.23201856,3.2669807470748813,0-20cm
17.92343387,2.9404010413417017,0-20cm
15.31322506,2.7919761322177292,20-50cm
3.538283063,1.5125487605692358,50-100cm
16.64733179,2.870584598580355,0-20cm
10.73085847,2.462222845835683,0-20cm
7.018561485,2.0817590398303256,20-50cm
2.610208817,1.2837656147162086,20-50cm
21.63573086,3.119529669299714,0-20cm
16.82134571,2.880396936026427,0-20cm
15.48723898,2.8025866865307005,20-50cm
5.974477958,1.94225748017524,20-50cm
2.378190255,1.2173401385876361,50-100cm
14.96519722,2.7704111793632284,0-20cm
0.986078886,0.6861622858814522,0-20cm
0.638051044,0.4935071473385028,20-50cm
1.334106729,0.8476292607537498,20-50cm
0.116009281,0.10975918023278262,50-100cm
2.552204176,1.2675683054598799,50-100cm
27.49419954,3.3497005416483185,0-20cm
23.37587007,3.1935937114263404,0-20cm
15.25522042,2.788414113799274,20-50cm
19.37354988,3.01423748506037,20-50cm
7.250580046,2.110283506481116,50-100cm
20.99767981,3.0909369846148653,0-20cm
14.73317865,2.755771772307273,0-20cm
3.770301624,1.5624095364440707,20-50cm
1.798143852,1.0289562873591707,50-100cm
1.450116009,0.8961353740478757,50-100cm
15.60324826,2.8095983545332466,0-20cm
13.80510441,2.694972013875867,0-20cm
9.686774942,2.3690069902773168,20-50cm
14.15313225,2.7182072597606304,50-100cm
17.69141531,2.928064344122108,0-20cm
13.34106729,2.66312725987748,0-20cm
11.89095128,2.5565256140728625,20-50cm
10.90487239,2.4769477608557575,20-50cm
3.886310905,1.586437602616289,50-100cm
20.06960557,3.0478315076598608,0-20cm
7.250580046,2.110283506481116,20-50cm
6.786542923,2.052396977427628,20-50cm
3.944315545,1.5982385419455967,20-50cm
2.320185615,1.200020689498126,50-100cm
16.53132251,2.863989138757197,0-20cm
7.192575406,2.1032283058206738,0-20cm
5.162412993,1.818468420486176,20-50cm
5.046403712,1.7994636675319253,20-50cm
5.568445476,1.882277195063256,50-100cm
24.12993039,3.2240595815556436,0-20cm
9.280742459,2.33027248105715,0-20cm
5.684454756,1.899784644923856,20-50cm
5.916473318,1.9339060035937803,20-50cm
3.335266821,1.4667831587420477,50-100cm
17.05336427,2.893332053560734,0-20cm
12.41299304,2.5962238670202438,0-20cm
1.160092807,0.7701511869767564,20-50cm
1.392111369,0.8721763939510395,20-50cm
0.464037123,0.3811977724580676,20-50cm
16.2412993,2.84730762782495,0-20cm
12.76102088,2.6218400216135826,0-20cm
6.090487239,1.9587540601856084,0-20cm
4.872389791,1.7702616704101632,20-50cm
3.306264501,1.4600708232052213,50-100cm
29.46635731,3.4166230358017122,0-20cm
18.90951276,2.991197645652097,0-20cm
13.51508121,2.6751881923627674,0-20cm
13.10904872,2.6468163447400914,50-100cm
12.12296984,2.5743641176565366,50-100cm
13.86310905,2.6988822401512125,0-20cm
4.814385151,1.7603350453845883,0-20cm
6.26450116,1.9829996312098825,20-50cm
8.468677494,2.2479892452809844,50-100cm
13.10904872,2.6468163447400914,0-20cm
5.452436195,1.8644577641463982,0-20cm
1.392111369,0.8721763939510395,20-50cm
0.870069606,0.6259756526336497,20-50cm
1.56612529,0.9423970919694907,50-100cm
19.60556845,3.0255613523743263,0-20cm
16.47331787,2.8606750242591894,0-20cm
9.628770302,2.363564503818358,0-20cm
4.176334107,1.6440971043812276,20-50cm
2.784222738,1.3308405125650895,50-100cm
18.85150812,2.9882799800658226,0-20cm
16.93735499,2.886885409305978,0-20cm
10.49883991,2.442246152889434,20-50cm
5.046403712,1.7994636675319253,20-50cm
3.19025522,1.4327616437735151,50-100cm
10.49883991,2.442246152889434,0-20cm
2.262180974,1.1823959821203476,0-20cm
1.102088167,0.7429312159138453,20-50cm
1.798143852,1.0289562873591707,50-100cm
1.392111369,0.8721763939510395,50-100cm
14.32714617,2.7296255157364815,0-20cm
12.87703016,2.6302349667669254,20-50cm
1.421113689,0.8842276363742169,20-50cm
0.174013921,0.1604285790868798,20-50cm
3.712296984,1.5501754715278433,50-100cm
11.07888631,2.4914589953758495,0-20cm
11.54292343,2.5291566364237292,0-20cm
3.364269142,1.4734507393046723,20-50cm
0.290023202,0.25466020425834535,20-50cm
0.812064965,0.5944670596271033,50-100cm
21.75174014,3.1246416321421036,0-20cm
20.01160093,3.0450747104308684,0-20cm
16.00928074,2.8337591209752473,20-50cm
7.424593968,2.1311552813678727,20-50cm
5.858468677,1.9254841918922878,50-100cm
14.96519722,2.7704111793632284,0-20cm
10.84686775,2.4720635077466433,0-20cm
10.03480278,2.4010541673242503,20-50cm
3.828306265,1.5744957363932024,20-50cm
4.872389791,1.7702616704101632,50-100cm
25.46403712,3.2757867215005145,0-20cm
9.512761021,2.352589854574646,0-20cm
4.524361949,1.709167756391095,20-50cm
0.928074246,0.656521704782988,20-50cm
18.0974478,2.9495547030875815,0-20cm
13.86310905,2.6988822401512125,0-20cm
6.670533643,2.0373861883174516,20-50cm
2.668213457,1.2997047470848513,20-50cm
2.378190255,1.2173401385876361,50-100cm
13.68909513,2.68710539060307,0-20cm
8.700696056,2.2721976412853455,0-20cm
1.798143852,1.0289562873591707,0-20cm
0.928074246,0.656521704782988,20-50cm
0.05800464,0.0563847190597611,50-100cm
16.93735499,2.886885409305978,0-20cm
11.02088167,2.4866452766666476,0-20cm
3.422273782,1.4866539941324353,20-50cm
5.510440835,1.873407170517675,20-50cm
14.44315545,2.7371658922395445,>100cm
14.96519722,2.7704111793632284,0-20cm
2.552204176,1.2675683054598799,0-20cm
2.088167053,1.1275777281734074,20-50cm
2.088167053,1.1275777281734074,20-50cm
3.306264501,1.4600708232052213,50-100cm
22.15777262,3.14233047450469,0-20cm
12.23897912,2.5831654417958805,0-20cm
8.236658933,2.223180232927466,0-20cm
5.684454756,1.899784644923856,20-50cm
19.37354988,3.01423748506037,50-100cm
1.218097448,0.7966498230397037,>100cm
18.73549884,2.9824189857145336,0-20cm
12.52900232,2.6048357011046885,0-20cm
5.684454756,1.899784644923856,20-50cm
10.61484919,2.4522843820657583,20-50cm
14.44315545,2.7371658922395445,50-100cm
12.99303944,2.6385600231217374,0-20cm
10.78886311,2.467155281570677,0-20cm
7.424593968,2.1311552813678727,20-50cm
6.960556845,2.0744989528115365,20-50cm
4.466357309,1.6986124547437058,50-100cm
19.2575406,3.0085270995467117,0-20cm
12.23897912,2.5831654417958805,20-50cm
9.918793503,2.3904854791395738,20-50cm
2.436194896,1.2343647242828897,50-100cm
0.812064965,0.5944670596271033,50-100cm
7.656612529,2.158323483117142,0-20cm
3.13225058,1.4188221931746843,0-20cm
2.552204176,1.2675683054598799,20-50cm
1.62412993,0.9647493858620633,20-50cm
4.69837587,1.7401811991510703,50-100cm
33.64269142,3.545086777558205,0-20cm
16.00928074,2.8337591209752473,0-20cm
16.00928074,2.8337591209752473,20-50cm
6.032482599,1.9505397870098125,20-50cm
3.19025522,1.4327616437735151,50-100cm
11.83294664,2.5520158202236005,0-20cm
6.090487239,1.9587540601856084,0-20cm
2.958236659,1.3757986379648754,0-20cm
2.958236659,1.3757986379648754,20-50cm
22.2737819,3.1473274866700773,0-20cm
7.134570766,2.096122975419075,20-50cm
5.800464037,1.916990850589062,20-50cm
4.814385151,1.7603350453845883,20-50cm
5.684454756,1.899784644923856,50-100cm
6.438515081,2.00667124303799,0-20cm
5.336426914,1.8463150313457901,0-20cm
2.842227378,1.3460522447919403,20-50cm
2.378190255,1.2173401385876361,50-100cm
24.01392111,3.2194325142878886,0-20cm
17.57540603,2.9218384493151213,0-20cm
4.350348028,1.677161610754745,20-50cm
4.64037123,1.7299498842658516,20-50cm
4.292343387,1.666261132091644,50-100cm
20.35962877,3.061502634259318,0-20cm
15.42923434,2.7990623296242867,0-20cm
11.48491879,2.5245214191050547,20-50cm
5.974477958,1.94225748017524,20-50cm
7.540603248,2.1448316432448467,0-20cm
2.494199536,1.2511043182667152,0-20cm
2.088167053,1.1275777281734074,20-50cm
0.174013921,0.1604285790868798,50-100cm
23.54988399,3.200707128771116,0-20cm
15.25522042,2.788414113799274,0-20cm
13.16705336,2.6509190828897324,0-20cm
9.918793503,2.3904854791395738,20-50cm
7.656612529,2.158323483117142,50-100cm
17.69141531,2.928064344122108,0-20cm
14.38515081,2.733402811130902,20-50cm
8.584686775,2.2601666972990686,20-50cm
7.018561485,2.0817590398303256,20-50cm
5.684454756,1.899784644923856,50-100cm
11.94895592,2.561015160957038,0-20cm
10.61484919,2.4522843820657583,0-20cm
5.336426914,1.8463150313457901,20-50cm
4.988399072,1.7898241096272645,20-50cm
4.988399072,1.7898241096272645,50-100cm
15.13921114,2.7812517855630654,0-20cm
3.364269142,1.4734507393046723,20-50cm
0.232018561,0.20865393074459407,20-50cm
1.392111369,0.8721763939510395,20-50cm
0.696055684,0.5283053693779048,50-100cm
14.67517401,2.7520781875737947,0-20cm
11.83294664,2.5520158202236005,0-20cm
1.50812065,0.9195337276742209,20-50cm
2.842227378,1.3460522447919403,20-50cm
1.914153132,1.069579256838409,50-100cm
33.52668213,3.541732420193919,0-20cm
11.71693735,2.5429347545501044,20-50cm
14.84918794,2.763118264941379,0-20cm
7.946635731,2.191277565642508,20-50cm
5.162412993,1.818468420486176,20-50cm
5.104408353,1.809011190990897,50-100cm
3.538283063,1.5125487605692358,50-100cm
9.570765661,2.3580922344394004,0-20cm
5.162412993,1.818468420486176,0-20cm
3.944315545,1.5982385419455967,20-50cm
2.030162413,1.1086162197349259,50-100cm
8.178654292,2.216880602601443,0-20cm
5.394431555,1.8554275421041846,20-50cm
4.524361949,1.709167756391095,50-100cm
12.23897912,2.5831654417958805,0-20cm
6.438515081,2.00667124303799,0-20cm
3.306264501,1.4600708232052213,20-50cm
1.798143852,1.0289562873591707,50-100cm
14.32714617,2.7296255157364815,0-20cm
6.032482599,1.9505397870098125,0-20cm
3.770301624,1.5624095364440707,50-100cm
3.364269142,1.4734507393046723,>100cm
12.70301624,2.6176159721053014,0-20cm
8.062645012,2.2041610213769114,0-20cm
6.380510441,1.9988428016677164,20-50cm
4.060324826,1.6214306761006323,50-100cm
29.64037123,3.422318460660613,0-20cm
11.83294664,2.5520158202236005,0-20cm
10.20881671,2.4167006748667217,20-50cm
21.46171694,3.1118123907340802,0-20cm
13.63109049,2.6831487501899676,0-20cm
9.686774942,2.3690069902773168,0-20cm
2.088167053,1.1275777281734074,20-50cm
3.016241299,1.3903464649967827,50-100cm
9.164733179,2.318924197744161,0-20cm
5.452436195,1.8644577641463982,0-20cm
4.75638051,1.7503088935114712,20-50cm
2.784222738,1.3308405125650895,50-100cm
3.480278422,1.4996851922636585,>100cm
30.68445476,3.4558261744847645,0-20cm
14.26914153,2.7258338982657584,0-20cm
8.062645012,2.2041610213769114,20-50cm
4.002320186,1.6099018420021345,50-100cm
6.3225058,1.9909525917986457,0-20cm
3.596287703,1.5252489565912695,20-50cm
2.088167053,1.1275777281734074,20-50cm
2.320185615,1.200020689498126,50-100cm
13.57308585,2.6791763925655667,0-20cm
8.468677494,2.2479892452809844,20-50cm
7.656612529,2.158323483117142,20-50cm
6.902552204,2.067185771096572,50-100cm
11.94895592,2.561015160957038,0-20cm
8.004640371,2.1977400412396495,20-50cm
9.744779582,2.3744200163428864,20-50cm
5.742459397,1.9084247540633008,50-100cm
3.712296984,1.5501754715278433,>100cm
14.79118329,2.7594517646617756,0-20cm
6.20649652,1.9749829136435195,0-20cm
3.016241299,1.3903464649967827,20-50cm
2.726218097,1.3153938042827849,50-100cm
10.73085847,2.462222845835683,0-20cm
4.350348028,1.677161610754745,20-50cm
2.552204176,1.2675683054598799,20-50cm
2.842227378,1.3460522447919403,50-100cm
2.494199536,1.2511043182667152,50-100cm
7.482598608,2.138016842483422,0-20cm
6.26450116,1.9829996312098825,0-20cm
4.814385151,1.7603350453845883,20-50cm
6.090487239,1.9587540601856084,50-100cm
6.20649652,1.9749829136435195,50-100cm
9.106728538,2.313201393921096,0-20cm
6.148491879,1.96690140844391,20-50cm
4.002320186,1.6099018420021345,20-50cm
3.13225058,1.4188221931746843,50-100cm
4.69837587,1.7401811991510703,50-100cm
7.308584687,2.1172892799217724,0-20cm
6.380510441,1.9988428016677164,20-50cm
3.13225058,1.4188221931746843,20-50cm
3.016241299,1.3903464649967827,50-100cm
2.146171694,1.1461863784806638,50-100cm
7.018561485,2.0817590398303256,0-20cm
3.364269142,1.4734507393046723,20-50cm
3.07424594,1.404685684171041,20-50cm
2.436194896,1.2343647242828897,50-100cm
1.334106729,0.8476292607537498,50-100cm
7.366589327,2.1242463136420437,0-20cm
2.900232019,1.361036043417301,0-20cm
2.900232019,1.361036043417301,20-50cm
3.480278422,1.4996851922636585,50-100cm
9.860788863,2.3851589511862823,0-20cm
4.466357309,1.6986124547437058,0-20cm
7.424593968,2.1311552813678727,50-100cm
2.552204176,1.2675683054598799,50-100cm
10.15081206,2.4115123257473896,0-20cm
3.596287703,1.5252489565912695,0-20cm
4.002320186,1.6099018420021345,20-50cm
3.886310905,1.586437602616289,50-100cm
14.26914153,2.7258338982657584,0-20cm
5.394431555,1.8554275421041846,20-50cm
5.858468677,1.9254841918922878,50-100cm
5.336426914,1.8463150313457901,50-100cm
7.076566125,2.088966797671782,>100cm
12.18097448,2.5787744626082816,0-20cm
2.378190255,1.2173401385876361,20-50cm
3.248259861,1.4465094546204627,20-50cm
2.262180974,1.1823959821203476,50-100cm
14.61716937,2.7483709096796587,0-20cm
7.482598608,2.138016842483422,0-20cm
6.090487239,1.9587540601856084,20-50cm
17.92343387,2.9404010413417017,0-20cm
9.222737819,2.324614437256044,0-20cm
11.89095128,2.5565256140728625,0-20cm
2.726218097,1.3153938042827849,0-20cm
1.62412993,0.9647493858620633,20-50cm
12.6450116,2.6133740042881923,0-20cm
11.71693735,2.5429347545501044,20-50cm
5.162412993,1.818468420486176,20-50cm
8.004640371,2.1977400412396495,0-20cm
4.292343387,1.666261132091644,0-20cm
7.134570766,2.096122975419075,0-20cm
6.26450116,1.9829996312098825,0-20cm
5.046403712,1.7994636675319253,20-50cm
1.914153132,1.069579256838409,50-100cm
8.352668213,2.2356616729645467,0-20cm
7.366589327,2.1242463136420437,0-20cm
2.378190255,1.2173401385876361,50-100cm
18.6774942,2.9794755562815345,0-20cm
9.39675174,2.341493424669005,0-20cm
3.712296984,1.5501754715278433,20-50cm
18.73549884,2.9824189857145336,0-20cm
11.02088167,2.4866452766666476,20-50cm
9.628770302,2.363564503818358,20-50cm
19.31554524,3.011386368360842,0-20cm
14.26914153,2.7258338982657584,20-50cm
8.004640371,2.1977400412396495,20-50cm
11.60092807,2.533770467594143,0-20cm
4.75638051,1.7503088935114712,20-50cm
30.04640371,3.4354829791272556,0-20cm
8.642691415,2.266200262082887,0-20cm
6.3225058,1.9909525917986457,0-20cm
3.364269142,1.4734507393046723,0-20cm
12.58700696,2.609113965496416,0-20cm
8.874709977,2.2899769409381743,0-20cm
19.54756381,3.0227423845229815,0-20cm
23.95591647,3.2171109271520586,0-20cm
27.61020882,3.3537636058819396,0-20cm
26.45011601,3.312370394176117,0-20cm
27.78422274,3.3598274155050847,0-20cm
15.60324826,2.8095983545332466,0-20cm
12.3549884,2.591889977973003,0-20cm
11.774942,2.547485595962045,0-20cm
17.44779582,2.9149448955990187,0-20cm
16.47331787,2.8606750242591894,0-20cm
4.153132251,1.6396047338721744,20-50cm
22.13457077,3.141328068912589,0-20cm
20.55104408,3.070424264564068,0-20cm
21.30510441,3.104815549582498,20-50cm
17.63921114,2.9252674875464435,50-100cm
18.34106729,2.962230674128124,0-20cm
5.585846868,1.8849229325450814,0-20cm
1.740139211,1.0080087260436568,20-50cm
21.29350348,3.104295312256245,0-20cm
5.591647332,1.8858032917828231,0-20cm
2.714617169,1.3122756227924046,20-50cm
11.17169374,2.499113070692877,0-20cm
6.409512761,2.002764682895078,20-50cm
4.135730858,1.6362221619771897,20-50cm
3.114849188,1.4146021841257168,50-100cm
21.18909513,3.099600957834542,0-20cm
7.430394432,2.1318435600057843,0-20cm
3.973317865,1.6040871958479765,20-50cm
2.697215777,1.3075800436827303,20-50cm
2.389791183,1.220768321560025,50-100cm
18.50928074,2.970890287732994,0-20cm
15.64965197,2.8123893135052858,0-20cm
16.52552204,2.863658220779416,20-50cm
11.2412993,2.5048154234112436,50-100cm
21.44431555,3.111037377226713,0-20cm
6.467517401,2.0105626013364137,20-50cm
4.280742459,1.664066705067342,50-100cm
24.24013921,3.2284355531094664,0-20cm
8.230858469,2.2225520527487794,20-50cm
4.147331787,1.6384784808040151,50-100cm
12.80162413,2.6247862758178764,0-20cm
9.593967517,2.3602847369481044,20-50cm
5.96287703,1.9405927553132938,20-50cm
1.386310905,0.86974861904274,50-100cm
65.66705336,4.1997108782631045,0-20cm
58.84570766,4.091769711136363,20-50cm
17.32598608,2.908320056966175,20-50cm
12.37238979,2.5931921178488317,50-100cm
11.4675174,2.523126654065801,0-20cm
5.69025522,1.9006520228892954,0-20cm
2.447795824,1.2377351352708612,50-100cm
20.10440835,3.049481945200195,0-20cm
17.22157773,2.90260648138689,0-20cm
21.18909513,3.099600957834542,0-20cm
7.430394432,2.1318435600057843,0-20cm
3.973317865,1.6040871958479765,50-100cm
13.43387471,2.6695778544128794,0-20cm
27.08816705,3.3353483862281093,0-20cm
25.69605568,3.2845158271526214,0-20cm
15.54524362,2.8060986659554072,0-20cm
1.740139211,1.0080087260436568,20-50cm
1.160092807,0.7701511869767564,50-100cm
21.92575406,3.132260910077046,0-20cm
20.35962877,3.061502634259318,0-20cm
8.990719258,2.301656587866543,20-50cm
3.654292343,1.5377898783348827,20-50cm
2.842227378,1.3460522447919403,50-100cm
2.378190255,1.2173401385876361,50-100cm
16.58932715,2.8672923061702056,0-20cm
10.32482599,2.4269973061296404,0-20cm
5.046403712,1.7994636675319253,20-50cm
4.060324826,1.6214306761006323,50-100cm
14.44315545,2.7371658922395445,0-20cm
12.58700696,2.609113965496416,0-20cm
6.786542923,2.052396977427628,20-50cm
3.654292343,1.5377898783348827,20-50cm
2.900232019,1.361036043417301,50-100cm
21.80974478,3.127187847281486,0-20cm
15.89327146,2.8269154041893287,0-20cm
6.380510441,1.9988428016677164,20-50cm
4.930394432,1.780090725468795,20-50cm
5.916473318,1.9339060035937803,50-100cm
13.28306265,2.659074405204275,0-20cm
11.65893271,2.538363109054814,0-20cm
7.308584687,2.1172892799217724,20-50cm
3.596287703,1.5252489565912695,20-50cm
3.596287703,1.5252489565912695,50-100cm
16.41531323,2.857349889874991,0-20cm
11.94895592,2.561015160957038,0-20cm
5.452436195,1.8644577641463982,20-50cm
3.13225058,1.4188221931746843,20-50cm
3.016241299,1.3903464649967827,50-100cm
20.76566125,3.0803335558889553,0-20cm
2.784222738,1.3308405125650895,0-20cm
2.204176334,1.1644550632722352,20-50cm
2.378190255,1.2173401385876361,50-100cm
19.31554524,3.011386368360842,0-20cm
9.512761021,2.352589854574646,0-20cm
3.13225058,1.4188221931746843,20-50cm
2.088167053,1.1275777281734074,50-100cm
15.3712297,2.7955255076820857,0-20cm
7.946635731,2.191277565642508,0-20cm
2.436194896,1.2343647242828897,20-50cm
1.798143852,1.0289562873591707,20-50cm
3.13225058,1.4188221931746843,50-100cm
2.610208817,1.2837656147162086,50-100cm
16.93735499,2.886885409305978,0-20cm
9.454756381,2.3470570309352685,0-20cm
6.148491879,1.96690140844391,20-50cm
6.670533643,2.0373861883174516,20-50cm
24.65197216,3.244620455990534,50-100cm
10.96287703,2.4818082739417537,0-20cm
8.062645012,2.2041610213769114,0-20cm
3.364269142,1.4734507393046723,20-50cm
2.262180974,1.1823959821203476,50-100cm
2.204176334,1.1644550632722352,50-100cm
18.56148492,2.973562577880605,0-20cm
8.526682135,2.254096507520187,20-50cm
2.842227378,1.3460522447919403,20-50cm
2.262180974,1.1823959821203476,50-100cm
2.262180974,1.1823959821203476,50-100cm
17.22737819,2.902924759916552,0-20cm
8.874709977,2.2899769409381743,0-20cm
3.596287703,1.5252489565912695,20-50cm
1.972157773,1.0892882119202307,50-100cm
3.770301624,1.5624095364440707,50-100cm
2.146171694,1.1461863784806638,50-100cm
17.74941995,2.931162815937892,0-20cm
9.048723898,2.307445651119653,0-20cm
3.886310905,1.586437602616289,20-50cm
1.914153132,1.069579256838409,20-50cm
1.62412993,0.9647493858620633,50-100cm
17.63341067,2.924956241931558,0-20cm
1.972157773,1.0892882119202307,0-20cm
4.292343387,1.666261132091644,20-50cm
3.422273782,1.4866539941324353,20-50cm
2.030162413,1.1086162197349259,50-100cm
17.63341067,2.924956241931558,0-20cm
7.308584687,2.1172892799217724,0-20cm
5.452436195,1.8644577641463982,20-50cm
2.958236659,1.3757986379648754,50-100cm
8.294663573,2.2294404261127796,50-100cm
3.422273782,1.4866539941324353,50-100cm
14.84918794,2.763118264941379,0-20cm
7.656612529,2.158323483117142,0-20cm
5.046403712,1.7994636675319253,20-50cm
4.002320186,1.6099018420021345,20-50cm
5.220417633,1.8278370480661914,50-100cm
8.062645012,2.2041610213769114,0-20cm
12.0649652,2.5699342353639767,0-20cm
9.686774942,2.3690069902773168,20-50cm
2.552204176,1.2675683054598799,20-50cm
3.596287703,1.5252489565912695,50-100cm
13.92111369,2.7027772360917592,0-20cm
9.454756381,2.3470570309352685,0-20cm
7.482598608,2.138016842483422,20-50cm
3.538283063,1.5125487605692358,20-50cm
16.41531323,2.857349889874991,0-20cm
3.19025522,1.4327616437735151,20-50cm
15.42923434,2.7990623296242867,20-50cm
3.654292343,1.5377898783348827,50-100cm
1.682134571,0.9866129592159453,50-100cm
21.22969838,3.10142915973291,0-20cm
13.16705336,2.6509190828897324,0-20cm
4.466357309,1.6986124547437058,20-50cm
4.118329466,1.6328281096398902,50-100cm
12.52900232,2.6048357011046885,0-20cm
5.510440835,1.873407170517675,0-20cm
5.278422274,1.8371187186617233,20-50cm
2.610208817,1.2837656147162086,50-100cm
12.99303944,2.6385600231217374,0-20cm
6.902552204,2.067185771096572,20-50cm
3.538283063,1.5125487605692358,20-50cm
12.87703016,2.6302349667669254,0-20cm
5.626450116,1.8910692333543266,0-20cm
2.958236659,1.3757986379648754,20-50cm
3.016241299,1.3903464649967827,50-100cm
10.38283063,2.43210613502655,0-20cm
5.568445476,1.882277195063256,0-20cm
2.552204176,1.2675683054598799,20-50cm
2.204176334,1.1644550632722352,50-100cm
17.86542923,2.937331105874106,0-20cm
6.20649652,1.9749829136435195,0-20cm
7.714617169,2.165001750181541,20-50cm
1.160092807,0.7701511869767564,20-50cm
18.79350348,2.9853537767908804,0-20cm
11.48491879,2.5245214191050547,0-20cm
2.784222738,1.3308405125650895,20-50cm
1.972157773,1.0892882119202307,50-100cm
6.7,2.0412203288596382,0-20cm
11.5,2.5257286443082556,0-20cm
5.8,1.916922612182061,20-50cm
7.7,2.1633230256605382,20-50cm
5.1,1.8082887711792655,50-100cm
18.5,2.970414465569701,0-20cm
11.2,2.501435951739211,20-50cm
8.1,2.2082744135228043,20-50cm
5.9,1.9315214116032138,50-100cm
4.1,1.62924053973028,50-100cm
7.2,2.1041341542702074,>100cm
34.2,3.5610460826040513,0-20cm
12.9,2.631888840136646,0-20cm
4.7,1.7404661748405046,20-50cm
4.5,1.7047480922384253,20-50cm
7.3,2.1162555148025524,50-100cm
4.0,1.6094379124341003,50-100cm
28.9,3.3978584803966405,0-20cm
17.6,2.9231615807191558,20-50cm
14.2,2.7212954278522306,20-50cm
9.5,2.3513752571634776,50-100cm
7.1,2.0918640616783932,50-100cm
10.7,2.4595888418037104,>100cm
5.9,1.9315214116032138,>100cm
29.8,3.427514689979529,0-20cm
20.4,3.0633909220278057,0-20cm
6.7,2.0412203288596382,20-50cm
4.9,1.7749523509116738,20-50cm
3.9,1.589235205116581,50-100cm
2.7,1.308332819650179,50-100cm
19.6,3.0252910757955354,0-20cm
13.8,2.6946271807700692,0-20cm
7.3,2.1162555148025524,20-50cm
4.4,1.6863989535702288,>100cm
28.5,3.3843902633457743,0-20cm
7.9,2.186051276738094,0-20cm
3.9,1.589235205116581,20-50cm
3.6,1.5260563034950494,20-50cm
5.2,1.824549292051046,50-100cm
29.1,3.40452517175483,0-20cm
21.0,3.091042453358316,0-20cm
4.7,1.7404661748405046,20-50cm
3.7,1.547562508716013,20-50cm
4.5,1.7047480922384253,50-100cm
14.0,2.70805020110221,0-20cm
11.6,2.533696813957432,0-20cm
5.1,1.8082887711792655,20-50cm
4.9,1.7749523509116738,50-100cm
20.0,3.044522437723423,0-20cm
14.7,2.7536607123542622,20-50cm
3.4,1.4816045409242156,20-50cm
2.6,1.2809338454620642,50-100cm
1.6,0.9555114450274363,50-100cm
6.9,2.066862759472976,0-20cm
3.7,1.547562508716013,0-20cm
2.8,1.33500106673234,20-50cm
0.9,0.6418538861723948,20-50cm
13.5,2.6741486494265287,0-20cm
3.1,1.410986973710262,0-20cm
12.8,2.624668592163159,0-20cm
8.3,2.2300144001592104,20-50cm
3.9,1.589235205116581,50-100cm
19.0,2.995732273553991,0-20cm
11.5,2.5257286443082556,20-50cm
6.3,1.9878743481543455,20-50cm
2.1,1.1314021114911006,50-100cm
11.4,2.517696472610991,0-20cm
5.3,1.840549633397487,20-50cm
5.6,1.8870696490323797,50-100cm
8.9,2.2925347571405443,0-20cm
5.9,1.9315214116032138,20-50cm
3.6,1.5260563034950494,50-100cm
3.4,1.4816045409242156,50-100cm
1.5,0.9162907318741551,>100cm
3.4,1.4816045409242156,0-20cm
2.6,1.2809338454620642,0-20cm
2.1,1.1314021114911006,50-100cm
8.7,2.272125885509337,0-20cm
6.3,1.9878743481543455,20-50cm
15.8,2.8213788864092133,0-20cm
8.1,2.2082744135228043,20-50cm
4.1,1.62924053973028,20-50cm
4.8,1.7578579175523736,50-100cm
22.8,3.169685580677429,0-20cm
9.2,2.322387720290225,20-50cm
5.9,1.9315214116032138,50-100cm
11.7,2.5416019934645457,0-20cm
7.9,2.186051276738094,0-20cm
4.6,1.7227665977411035,20-50cm
28.1,3.370738174177447,0-20cm
10.7,2.4595888418037104,20-50cm
10.0,2.3978952727983707,20-50cm
6.1,1.9600947840472698,50-100cm
10.0,2.3978952727983707,0-20cm
4.3,1.667706820558076,20-50cm
2.8,1.33500106673234,50-100cm
21.9,3.131136910560194,0-20cm
13.7,2.6878474937846906,20-50cm
8.6,2.2617630984737906,50-100cm
6.2,1.9740810260220096,50-100cm
32.9,3.5234150143864045,0-20cm
11.8,2.5494451709255714,20-50cm
7.5,2.1400661634962708,20-50cm
7.8,2.174751721484161,50-100cm
17.0,2.8903717578961645,0-20cm
5.6,1.8870696490323797,20-50cm
3.1,1.410986973710262,20-50cm
14.4,2.7343675094195836,0-20cm
13.3,2.6602595372658615,0-20cm
7.5,2.1400661634962708,20-50cm
5.9,1.9315214116032138,50-100cm
16.2,2.8449093838194073,0-20cm
5.5,1.8718021769015913,20-50cm
5.7,1.9021075263969205,50-100cm
6.2,1.9740810260220096,>100cm
9.6,2.3608540011180215,0-20cm
8.4,2.2407096892759584,20-50cm
4.9,1.7749523509116738,20-50cm
4.9,1.7749523509116738,20-50cm
5.1,1.8082887711792655,50-100cm
4.2,1.6486586255873816,50-100cm
6.2,1.9740810260220096,0-20cm
6.3,1.9878743481543455,20-50cm
5.0,1.791759469228055,50-100cm
9.7,2.3702437414678603,0-20cm
8.1,2.2082744135228043,20-50cm
6.8,2.0541237336955462,20-50cm
6.4,2.0014800002101243,>100cm
8.5,2.2512917986064953,0-20cm
13.1,2.6461747973841225,20-50cm
8.1,2.2082744135228043,20-50cm
5.7,1.9021075263969205,50-100cm
32.0,3.4965075614664802,0-20cm
10.1,2.4069451083182885,20-50cm
15.2,2.785011242238338,0-20cm
4.0,1.6094379124341003,20-50cm
6.6,2.028148247292285,>100cm
19.9,3.039749158970765,0-20cm
10.1,2.4069451083182885,0-20cm
23.9,3.214867803470662,0-20cm
5.7,1.9021075263969205,0-20cm
8.5,2.2512917986064953,0-20cm
1.0,0.6931471805599453,20-50cm
0.9,0.6418538861723948,50-100cm
27.5,3.349904087274605,0-20cm
9.9,2.388762789235098,0-20cm
6.9,2.066862759472976,20-50cm
5.4,1.8562979903656263,50-100cm
9.3,2.33214389523559,0-20cm
8.3,2.2300144001592104,0-20cm
8.4,2.2407096892759584,20-50cm
3.3,1.4586150226995167,50-100cm
7.1,2.0918640616783932,0-20cm
6.6,2.028148247292285,0-20cm
6.4,2.0014800002101243,20-50cm
5.7,1.9021075263969205,50-100cm
14.4,2.7343675094195836,0-20cm
4.2,1.6486586255873816,0-20cm
3.6,1.5260563034950494,20-50cm
3.8,1.5686159179138452,>100cm
15.3,2.791165107812717,0-20cm
10.8,2.468099531471619,0-20cm
13.5,2.6741486494265287,0-20cm
22.1,3.139832617527748,0-20cm
11.8,2.5494451709255714,0-20cm
2.7,1.308332819650179,50-100cm
4.9,1.7749523509116738,>100cm
13.1,2.6461747973841225,0-20cm
2.3,1.1939224684724346,0-20cm
22.2737819,3.1473274866700773,0-20cm
9.222737819,2.324614437256044,20-50cm
5.858468677,1.9254841918922878,20-50cm
2.552204176,1.2675683054598799,50-100cm
2.030162413,1.1086162197349259,50-100cm
29.87238979,3.4298622501597564,0-20cm
13.34106729,2.66312725987748,0-20cm
10.44083527,2.4371889963982123,20-50cm
3.364269142,1.4734507393046723,50-100cm
17.98143852,2.9434615816690877,0-20cm
6.380510441,1.9988428016677164,0-20cm
7.714617169,2.165001750181541,20-50cm
23.43387471,3.195970477277799,50-100cm
29.75638051,3.426097468988318,0-20cm
23.95591647,3.2171109271520586,20-50cm
6.960556845,2.0744989528115365,20-50cm
27.4361949,3.347662802031651,50-100cm
23.66589327,3.2054214501255966,0-20cm
4.64037123,1.7299498842658516,0-20cm
6.032482599,1.9505397870098125,20-50cm
15.6612529,2.8130858379926442,50-100cm
3.480278422,1.4996851922636585,50-100cm
14.09512761,2.7143720169157155,0-20cm
5.568445476,1.882277195063256,20-50cm
5.742459397,1.9084247540633008,20-50cm
6.148491879,1.96690140844391,50-100cm
8.294663573,2.2294404261127796,0-20cm
6.670533643,2.0373861883174516,0-20cm
9.3387471,2.3358986915258138,20-50cm
3.364269142,1.4734507393046723,50-100cm
3.306264501,1.4600708232052213,50-100cm
25.40603248,3.2735924870797324,0-20cm
28.24825986,3.3758200799423363,20-50cm
7.83062645,2.17822595773921,20-50cm
5.684454756,1.899784644923856,20-50cm
4.988399072,1.7898241096272645,50-100cm
3.422273782,1.4866539941324353,50-100cm
18.21345708,2.955610923108675,0-20cm
11.31090487,2.5104854443998175,0-20cm
8.352668213,2.2356616729645467,20-50cm
6.844547564,2.059818712628983,50-100cm
3.13225058,1.4188221931746843,50-100cm
20.70765661,3.0776650374838193,0-20cm
6.148491879,1.96690140844391,0-20cm
6.26450116,1.9829996312098825,20-50cm
11.25290023,2.505762662438444,50-100cm
25.5800464,3.2801607989570143,0-20cm
10.32482599,2.4269973061296404,0-20cm
4.501160093,1.704958995996664,20-50cm
5.295823666,1.839886503416664,20-50cm
7.656612529,2.158323483117142,50-100cm
15.89327146,2.8269154041893287,0-20cm
8.642691415,2.266200262082887,0-20cm
4.292343387,1.666261132091644,20-50cm
5.974477958,1.94225748017524,50-100cm
22.09976798,3.1398225733214606,0-20cm
16.18329466,2.843937671161871,0-20cm
8.584686775,2.2601666972990686,20-50cm
21.05568445,3.0935703668545536,20-50cm
4.176334107,1.6440971043812276,50-100cm
22.67981439,3.1646229717249503,0-20cm
12.58700696,2.609113965496416,0-20cm
8.642691415,2.266200262082887,20-50cm
7.714617169,2.165001750181541,50-100cm
13.68909513,2.68710539060307,0-20cm
10.96287703,2.4818082739417537,0-20cm
3.944315545,1.5982385419455967,20-50cm
3.422273782,1.4866539941324353,50-100cm
3.654292343,1.5377898783348827,>100cm
9.744779582,2.3744200163428864,0-20cm
18.6774942,2.9794755562815345,20-50cm
3.944315545,1.5982385419455967,20-50cm
2.204176334,1.1644550632722352,50-100cm
9.106728538,2.313201393921096,0-20cm
4.292343387,1.666261132091644,0-20cm
7.482598608,2.138016842483422,0-20cm
9.860788863,2.3851589511862823,20-50cm
5.568445476,1.882277195063256,50-100cm
21.9837587,3.1347878230141504,0-20cm
14.44315545,2.7371658922395445,0-20cm
10.49883991,2.442246152889434,20-50cm
6.148491879,1.96690140844391,20-50cm
7.308584687,2.1172892799217724,50-100cm
15.31322506,2.7919761322177292,0-20cm
9.802784223,2.3798038993317956,0-20cm
6.670533643,2.0373861883174516,20-50cm
5.510440835,1.873407170517675,20-50cm
8.178654292,2.216880602601443,20-50cm
8.352668213,2.2356616729645467,50-100cm
14.84918794,2.763118264941379,0-20cm
12.3549884,2.591889977973003,0-20cm
6.090487239,1.9587540601856084,20-50cm
3.364269142,1.4734507393046723,50-100cm
2.900232019,1.361036043417301,50-100cm
17.16937355,2.8997374046535747,0-20cm
9.164733179,2.318924197744161,0-20cm
7.308584687,2.1172892799217724,20-50cm
6.26450116,1.9829996312098825,20-50cm
5.220417633,1.8278370480661914,50-100cm
20.88167053,3.085649324273665,0-20cm
15.71925754,2.8165612011682097,0-20cm
4.408352668,1.6879445488925413,20-50cm
2.668213457,1.2997047470848513,20-50cm
12.9350348,2.634406158239728,0-20cm
14.50116009,2.740914865640619,0-20cm
4.814385151,1.7603350453845883,20-50cm
4.176334107,1.6440971043812276,50-100cm
14.15313225,2.7182072597606304,0-20cm
12.52900232,2.6048357011046885,0-20cm
4.622969838,1.7268599652551304,20-50cm
3.886310905,1.586437602616289,50-100cm
19.43155452,3.0170804959984605,0-20cm
6.090487239,1.9587540601856084,0-20cm
3.538283063,1.5125487605692358,20-50cm
3.248259861,1.4465094546204627,50-100cm
2.668213457,1.2997047470848513,50-100cm
17.16937355,2.8997374046535747,0-20cm
4.582366589,1.7196128063722729,0-20cm
4.408352668,1.6879445488925413,20-50cm
3.828306265,1.5744957363932024,50-100cm
2.610208817,1.2837656147162086,50-100cm
15.83526682,2.8234759016112907,0-20cm
12.0649652,2.5699342353639767,0-20cm
5.916473318,1.9339060035937803,20-50cm
6.960556845,2.0744989528115365,50-100cm
16.93735499,2.886885409305978,0-20cm
8.642691415,2.266200262082887,0-20cm
5.278422274,1.8371187186617233,20-50cm
5.452436195,1.8644577641463982,50-100cm
14.79118329,2.7594517646617756,>100cm
12.81902552,2.6260463035524015,0-20cm
6.844547564,2.059818712628983,0-20cm
3.944315545,1.5982385419455967,20-50cm
4.002320186,1.6099018420021345,50-100cm
6.786542923,2.052396977427628,50-100cm
10.90487239,2.4769477608557575,0-20cm
7.946635731,2.191277565642508,0-20cm
4.872389791,1.7702616704101632,20-50cm
6.612529002,2.0297954428152933,20-50cm
3.039443155,1.3961068495524367,50-100cm
8.294663573,2.2294404261127796,0-20cm
10.49883991,2.442246152889434,20-50cm
14.38515081,2.733402811130902,20-50cm
8.816705336,2.284085560572831,20-50cm
7.366589327,2.1242463136420437,50-100cm
4.524361949,1.709167756391095,50-100cm
19.08352668,2.99989991087623,0-20cm
13.74709977,2.6910464376897374,0-20cm
6.844547564,2.059818712628983,20-50cm
4.814385151,1.7603350453845883,20-50cm
3.886310905,1.586437602616289,50-100cm
14.73317865,2.755771772307273,0-20cm
8.120649652,2.210541035321165,0-20cm
4.930394432,1.780090725468795,20-50cm
4.988399072,1.7898241096272645,20-50cm
3.886310905,1.586437602616289,50-100cm
15.02320186,2.7740377880865608,0-20cm
4.988399072,1.7898241096272645,0-20cm
4.466357309,1.6986124547437058,20-50cm
3.422273782,1.4866539941324353,20-50cm
4.350348028,1.677161610754745,50-100cm
3.944315545,1.5982385419455967,>100cm
16.12529002,2.840556319479338,0-20cm
9.39675174,2.341493424669005,0-20cm
3.944315545,1.5982385419455967,20-50cm
4.524361949,1.709167756391095,50-100cm
1.856148492,1.0494740361229478,50-100cm
14.79118329,2.7594517646617756,0-20cm
7.77262181,2.171635713816278,0-20cm
3.016241299,1.3903464649967827,20-50cm
3.016241299,1.3903464649967827,50-100cm
17.63341067,2.924956241931558,0-20cm
13.45707657,2.671184022708489,0-20cm
3.306264501,1.4600708232052213,20-50cm
3.016241299,1.3903464649967827,50-100cm
3.016241299,1.3903464649967827,50-100cm
2.494199536,1.2511043182667152,0-20cm
3.654292343,1.5377898783348827,0-20cm
2.900232019,1.361036043417301,20-50cm
6.786542923,2.052396977427628,50-100cm
31.55452436,3.4829163562303807,0-20cm
13.86310905,2.6988822401512125,0-20cm
4.988399072,1.7898241096272645,20-50cm
2.610208817,1.2837656147162086,50-100cm
5.626450116,1.8910692333543266,0-20cm
2.842227378,1.3460522447919403,0-20cm
2.088167053,1.1275777281734074,20-50cm
4.002320186,1.6099018420021345,50-100cm
3.19025522,1.4327616437735151,>100cm
15.83526682,2.8234759016112907,0-20cm
10.26682135,2.4218622430165584,0-20cm
5.162412993,1.818468420486176,20-50cm
3.07424594,1.404685684171041,50-100cm
27.78422274,3.3598274155050847,0-20cm
14.09512761,2.7143720169157155,0-20cm
5.974477958,1.94225748017524,20-50cm
5.046403712,1.7994636675319253,50-100cm
19.83758701,3.0367584237130654,0-20cm
15.02320186,2.7740377880865608,0-20cm
6.148491879,1.96690140844391,20-50cm
5.742459397,1.9084247540633008,50-100cm
13.34106729,2.66312725987748,0-20cm
3.596287703,1.5252489565912695,0-20cm
2.552204176,1.2675683054598799,20-50cm
2.842227378,1.3460522447919403,50-100cm
14.26914153,2.7258338982657584,0-20cm
9.802784223,2.3798038993317956,20-50cm
8.004640371,2.1977400412396495,20-50cm
5.162412993,1.818468420486176,20-50cm
6.902552204,2.067185771096572,50-100cm
20.59164733,3.072306542218104,0-20cm
10.09280742,2.4062969181082163,20-50cm
4.988399072,1.7898241096272645,20-50cm
3.19025522,1.4327616437735151,50-100cm
4.988399072,1.7898241096272645,0-20cm
3.016241299,1.3903464649967827,0-20cm
2.088167053,1.1275777281734074,20-50cm
11.48491879,2.5245214191050547,50-100cm
5.626450116,1.8910692333543266,>100cm
35.32482599,3.59250141908011,0-20cm
15.77726218,2.820024528013121,0-20cm
8.526682135,2.254096507520187,20-50cm
5.220417633,1.8278370480661914,50-100cm
4.466357309,1.6986124547437058,50-100cm
26.56612529,3.316587674353698,0-20cm
6.3225058,1.9909525917986457,0-20cm
4.582366589,1.7196128063722729,20-50cm
3.886310905,1.586437602616289,50-100cm
15.19721578,2.784839362035684,0-20cm
12.00696056,2.565484641863583,0-20cm
10.49883991,2.442246152889434,20-50cm
2.378190255,1.2173401385876361,20-50cm
16.12529002,2.840556319479338,0-20cm
14.90719258,2.766771370462666,0-20cm
13.80510441,2.694972013875867,20-50cm
3.596287703,1.5252489565912695,20-50cm
40.25522042,3.7197776604095645,0-20cm
24.53596288,3.2400877676322564,0-20cm
6.090487239,1.9587540601856084,20-50cm
4.814385151,1.7603350453845883,50-100cm
21.51972158,3.114391439962382,0-20cm
17.11136891,2.896539857663715,0-20cm
12.52900232,2.6048357011046885,20-50cm
14.96519722,2.7704111793632284,50-100cm
17.80742459,2.9342517168735514,50-100cm
31.49651972,3.4811329980631647,0-20cm
12.99303944,2.6385600231217374,0-20cm
7.88863109,2.1847730545420854,20-50cm
4.814385151,1.7603350453845883,20-50cm
4.408352668,1.6879445488925413,50-100cm
12.00696056,2.565484641863583,50-100cm
38.28306265,3.67079345015147,0-20cm
10.84686775,2.4720635077466433,20-50cm
10.26682135,2.4218622430165584,20-50cm
2.610208817,1.2837656147162086,50-100cm
40.0812065,3.715550754151964,0-20cm
4.408352668,1.6879445488925413,20-50cm
2.842227378,1.3460522447919403,20-50cm
3.654292343,1.5377898783348827,50-100cm
8.642691415,2.266200262082887,>100cm
25.17401392,3.264767083458623,0-20cm
19.77958237,3.0339708877790335,0-20cm
20.47563805,3.0669191787211476,20-50cm
5.974477958,1.94225748017524,20-50cm
4.002320186,1.6099018420021345,50-100cm
22.50580046,3.1572472187781795,0-20cm
15.9512761,2.830343117128294,0-20cm
5.626450116,1.8910692333543266,20-50cm
7.308584687,2.1172892799217724,50-100cm
8.990719258,2.301656587866543,50-100cm
22.79582367,3.1695100892292856,0-20cm
8.120649652,2.210541035321165,0-20cm
2.030162413,1.1086162197349259,20-50cm
24.24593968,3.228665338038423,0-20cm
20.64965197,3.0749893790306064,0-20cm
5.800464037,1.916990850589062,0-20cm
4.350348028,1.677161610754745,20-50cm
21.51972158,3.114391439962382,0-20cm
15.54524362,2.8060986659554072,0-20cm
7.482598608,2.138016842483422,20-50cm
9.454756381,2.3470570309352685,0-20cm
15.0812065,2.7776512920306557,0-20cm
16.53132251,2.863989138757197,20-50cm
4.466357309,1.6986124547437058,50-100cm
2.900232019,1.361036043417301,>100cm
3.016241299,1.3903464649967827,>100cm
19.54756381,3.0227423845229815,0-20cm
13.97911833,2.7066571198816627,0-20cm
7.540603248,2.1448316432448467,20-50cm
2.030162413,1.1086162197349259,50-100cm
2.262180974,1.1823959821203476,50-100cm
17.11136891,2.896539857663715,0-20cm
8.236658933,2.223180232927466,0-20cm
3.016241299,1.3903464649967827,20-50cm
2.784222738,1.3308405125650895,20-50cm
11.31090487,2.5104854443998175,0-20cm
2.088167053,1.1275777281734074,0-20cm
2.262180974,1.1823959821203476,20-50cm
2.784222738,1.3308405125650895,50-100cm
2.320185615,1.200020689498126,50-100cm
13.225058,2.6550050573327293,0-20cm
4.69837587,1.7401811991510703,0-20cm
2.842227378,1.3460522447919403,20-50cm
0.812064965,0.5944670596271033,50-100cm
0.464037123,0.3811977724580676,50-100cm
13.92111369,2.7027772360917592,0-20cm
5.974477958,1.94225748017524,0-20cm
4.582366589,1.7196128063722729,20-50cm
13.74709977,2.6910464376897374,0-20cm
10.20881671,2.4167006748667217,0-20cm
7.192575406,2.1032283058206738,20-50cm
3.944315545,1.5982385419455967,50-100cm
29.06032483,3.403206190321001,0-20cm
4.69837587,1.7401811991510703,0-20cm
4.176334107,1.6440971043812276,20-50cm
14.26914153,2.7258338982657584,0-20cm
12.76102088,2.6218400216135826,0-20cm
4.64037123,1.7299498842658516,20-50cm
2.900232019,1.361036043417301,50-100cm
2.726218097,1.3153938042827849,50-100cm
23.08584687,3.1816244011829378,0-20cm
4.292343387,1.666261132091644,0-20cm
1.740139211,1.0080087260436568,20-50cm
2.378190255,1.2173401385876361,20-50cm
5.742459397,1.9084247540633008,>100cm
2.436194896,1.2343647242828897,>100cm
17.45939675,2.9155735497758464,0-20cm
12.76102088,2.6218400216135826,0-20cm
18.50348028,2.970592925542209,20-50cm
10.49883991,2.442246152889434,50-100cm
5.452436195,1.8644577641463982,50-100cm
21.1136891,3.096196833054212,0-20cm
5.800464037,1.916990850589062,0-20cm
3.13225058,1.4188221931746843,20-50cm
3.19025522,1.4327616437735151,20-50cm
2.668213457,1.2997047470848513,50-100cm
3.828306265,1.5744957363932024,50-100cm
15.19721578,2.784839362035684,0-20cm
10.73085847,2.462222845835683,0-20cm
3.654292343,1.5377898783348827,20-50cm
3.07424594,1.404685684171041,20-50cm
3.538283063,1.5125487605692358,50-100cm
30.7424594,3.4576551979186982,0-20cm
25.5800464,3.2801607989570143,0-20cm
13.80510441,2.694972013875867,20-50cm
7.540603248,2.1448316432448467,20-50cm
6.612529002,2.0297954428152933,50-100cm
5.800464037,1.916990850589062,>100cm
11.13689095,2.496249653161721,0-20cm
3.07424594,1.404685684171041,20-50cm
2.204176334,1.1644550632722352,20-50cm
1.798143852,1.0289562873591707,50-100cm
17.74941995,2.931162815937892,0-20cm
12.12296984,2.5743641176565366,0-20cm
13.92111369,2.7027772360917592,20-50cm
16.47331787,2.8606750242591894,50-100cm
10.15081206,2.4115123257473896,0-20cm
10.09280742,2.4062969181082163,0-20cm
4.582366589,1.7196128063722729,20-50cm
2.436194896,1.2343647242828897,20-50cm
1.450116009,0.8961353740478757,50-100cm
22.04176334,3.1373083667532913,0-20cm
18.73549884,2.9824189857145336,0-20cm
4.060324826,1.6214306761006323,20-50cm
6.20649652,1.9749829136435195,20-50cm
3.654292343,1.5377898783348827,50-100cm
21.17169374,3.098816418544966,0-20cm
5.278422274,1.8371187186617233,20-50cm
2.494199536,1.2511043182667152,20-50cm
0.638051044,0.4935071473385028,50-100cm
16.99535963,2.8901139263271287,0-20cm
8.294663573,2.2294404261127796,0-20cm
2.494199536,1.2511043182667152,20-50cm
31.3225058,3.4757637615881207,0-20cm
29.69837587,3.424209749936396,0-20cm
10.32482599,2.4269973061296404,20-50cm
2.204176334,1.1644550632722352,50-100cm
22.91183295,3.1743734389251164,0-20cm
7.424593968,2.1311552813678727,0-20cm
6.902552204,2.067185771096572,20-50cm
5.974477958,1.94225748017524,20-50cm
5.568445476,1.882277195063256,50-100cm
16.06728538,2.8371634954546128,50-100cm
14.09512761,2.7143720169157155,0-20cm
10.44083527,2.4371889963982123,0-20cm
3.306264501,1.4600708232052213,20-50cm
12.0649652,2.5699342353639767,50-100cm
3.480278422,1.4996851922636585,50-100cm
21.34570766,3.1066342516087104,0-20cm
17.98143852,2.9434615816690877,0-20cm
4.466357309,1.6986124547437058,20-50cm
8.004640371,2.1977400412396495,20-50cm
41.47331787,3.748876063948592,50-100cm
74.53596288,4.324608872382501,>100cm
16.64733179,2.870584598580355,>100cm
13.63109049,2.6831487501899676,0-20cm
7.946635731,2.191277565642508,0-20cm
7.134570766,2.096122975419075,20-50cm
16.70533643,2.8738660873601742,20-50cm
3.886310905,1.586437602616289,50-100cm
28.53828306,3.3856871528683525,0-20cm
21.17169374,3.098816418544966,0-20cm
7.540603248,2.1448316432448467,20-50cm
18.21345708,2.955610923108675,20-50cm
3.770301624,1.5624095364440707,50-100cm
3.538283063,1.5125487605692358,50-100cm
22.21577726,3.144832101850459,0-20cm
11.19489559,2.501017469925615,0-20cm
2.900232019,1.361036043417301,20-50cm
18.61948956,2.976523437488899,50-100cm
1.276102088,0.8224643693882208,50-100cm
14.09512761,2.7143720169157155,0-20cm
12.18097448,2.5787744626082816,0-20cm
2.668213457,1.2997047470848513,20-50cm
4.118329466,1.6328281096398902,20-50cm
4.408352668,1.6879445488925413,50-100cm
17.74941995,2.931162815937892,0-20cm
14.38515081,2.733402811130902,0-20cm
3.712296984,1.5501754715278433,20-50cm
4.582366589,1.7196128063722729,50-100cm
5.684454756,1.899784644923856,50-100cm
14.21113689,2.7220278496974344,0-20cm
11.54292343,2.5291566364237292,0-20cm
2.146171694,1.1461863784806638,20-50cm
23.72389791,3.207770302602286,0-20cm
7.366589327,2.1242463136420437,0-20cm
8.120649652,2.210541035321165,20-50cm
6.902552204,2.067185771096572,50-100cm
31.96055684,3.4953115993160377,0-20cm
6.380510441,1.9988428016677164,0-20cm
5.104408353,1.809011190990897,20-50cm
3.480278422,1.4996851922636585,50-100cm
11.89095128,2.5565256140728625,50-100cm
22.91183295,3.1743734389251164,0-20cm
6.26450116,1.9829996312098825,20-50cm
2.030162413,1.1086162197349259,20-50cm
2.668213457,1.2997047470848513,50-100cm
26.50812065,3.314481257444772,0-20cm
17.16937355,2.8997374046535747,0-20cm
4.118329466,1.6328281096398902,20-50cm
3.13225058,1.4188221931746843,50-100cm
14.73317865,2.755771772307273,0-20cm
8.410672854,2.241844455185516,0-20cm
3.248259861,1.4465094546204627,20-50cm
3.016241299,1.3903464649967827,20-50cm
2.958236659,1.3757986379648754,50-100cm
3.422273782,1.4866539941324353,>100cm
21.28770302,3.1040350922896662,0-20cm
12.41299304,2.5962238670202438,20-50cm
6.844547564,2.059818712628983,20-50cm
3.016241299,1.3903464649967827,50-100cm
15.89327146,2.8269154041893287,0-20cm
4.002320186,1.6099018420021345,20-50cm
3.13225058,1.4188221931746843,20-50cm
6.902552204,2.067185771096572,>100cm
25.17401392,3.264767083458623,0-20cm
13.39907193,2.6671637551994536,0-20cm
3.306264501,1.4600708232052213,20-50cm
4.524361949,1.709167756391095,50-100cm
4.118329466,1.6328281096398902,50-100cm
18.73549884,2.9824189857145336,0-20cm
11.13689095,2.496249653161721,20-50cm
9.39675174,2.341493424669005,20-50cm
8.410672854,2.241844455185516,50-100cm
9.512761021,2.352589854574646,50-100cm
10.03480278,2.4010541673242503,>100cm
13.57308585,2.6791763925655667,0-20cm
9.686774942,2.3690069902773168,20-50cm
2.900232019,1.361036043417301,20-50cm
2.784222738,1.3308405125650895,50-100cm
2.726218097,1.3153938042827849,50-100cm
20.30162413,3.05878332004322,0-20cm
10.26682135,2.4218622430165584,0-20cm
8.468677494,2.2479892452809844,50-100cm
7.424593968,2.1311552813678727,50-100cm
6.960556845,2.0744989528115365,>100cm
46.92575406,3.8696530229758985,0-20cm
59.9187935,4.109541723168994,20-50cm
58.93271462,4.093222509956836,50-100cm
19.31554524,3.011386368360842,50-100cm
12.23897912,2.5831654417958805,0-20cm
11.31090487,2.5104854443998175,20-50cm
7.308584687,2.1172892799217724,20-50cm
4.060324826,1.6214306761006323,50-100cm
17.63341067,2.924956241931558,0-20cm
9.628770302,2.363564503818358,20-50cm
7.308584687,2.1172892799217724,50-100cm
21.34570766,3.1066342516087104,0-20cm
6.032482599,1.9505397870098125,20-50cm
5.104408353,1.809011190990897,20-50cm
4.69837587,1.7401811991510703,>100cm
10.55684455,2.4472778631803367,0-20cm
2.378190255,1.2173401385876361,0-20cm
2.552204176,1.2675683054598799,20-50cm
3.016241299,1.3903464649967827,50-100cm
3.770301624,1.5624095364440707,>100cm
12.3549884,2.591889977973003,0-20cm
5.800464037,1.916990850589062,0-20cm
3.480278422,1.4996851922636585,20-50cm
3.016241299,1.3903464649967827,50-100cm
2.784222738,1.3308405125650895,>100cm
3.712296984,1.5501754715278433,>100cm
15.3712297,2.7955255076820857,0-20cm
7.018561485,2.0817590398303256,0-20cm
2.842227378,1.3460522447919403,50-100cm
3.016241299,1.3903464649967827,>100cm
52.37819026,3.9774022404417497,0-20cm
10.73085847,2.462222845835683,20-50cm
5.858468677,1.9254841918922878,50-100cm
16.06728538,2.8371634954546128,0-20cm
4.002320186,1.6099018420021345,20-50cm
1.972157773,1.0892882119202307,50-100cm
1.972157773,1.0892882119202307,>100cm
17.45939675,2.9155735497758464,0-20cm
5.858468677,1.9254841918922878,20-50cm
2.958236659,1.3757986379648754,50-100cm
17.16937355,2.8997374046535747,0-20cm
4.350348028,1.677161610754745,20-50cm
3.944315545,1.5982385419455967,50-100cm
1.50812065,0.9195337276742209,50-100cm
36.36890951,3.620839062177857,0-20cm
12.99303944,2.6385600231217374,0-20cm
2.958236659,1.3757986379648754,20-50cm
1.276102088,0.8224643693882208,50-100cm
1.334106729,0.8476292607537498,>100cm
2.436194896,1.2343647242828897,0-20cm
1.798143852,1.0289562873591707,0-20cm
1.450116009,0.8961353740478757,20-50cm
1.798143852,1.0289562873591707,>100cm
9.106728538,2.313201393921096,0-20cm
5.916473318,1.9339060035937803,20-50cm
5.742459397,1.9084247540633008,50-100cm
1.334106729,0.8476292607537498,>100cm
14.26914153,2.7258338982657584,0-20cm
6.728538283,2.044919748081826,0-20cm
3.13225058,1.4188221931746843,20-50cm
3.364269142,1.4734507393046723,50-100cm
0.986078886,0.6861622858814522,>100cm
13.45707657,2.671184022708489,0-20cm
2.436194896,1.2343647242828897,0-20cm
4.69837587,1.7401811991510703,20-50cm
2.842227378,1.3460522447919403,50-100cm
2.552204176,1.2675683054598799,0-20cm
1.450116009,0.8961353740478757,0-20cm
1.740139211,1.0080087260436568,50-100cm
2.320185615,1.200020689498126,>100cm
25.5800464,3.2801607989570143,0-20cm
7.250580046,2.110283506481116,0-20cm
8.758700696,2.278159266153191,20-50cm
3.248259861,1.4465094546204627,50-100cm
7.598607889,2.1516003167844606,0-20cm
2.378190255,1.2173401385876361,0-20cm
1.56612529,0.9423970919694907,20-50cm
0.986078886,0.6861622858814522,50-100cm
15.71925754,2.8165612011682097,0-20cm
8.816705336,2.284085560572831,0-20cm
10.84686775,2.4720635077466433,20-50cm
6.902552204,2.067185771096572,50-100cm
25.11600928,3.262548508662048,0-20cm
9.686774942,2.3690069902773168,0-20cm
10.96287703,2.4818082739417537,50-100cm
28.65429234,3.3896068819137346,0-20cm
7.482598608,2.138016842483422,0-20cm
6.090487239,1.9587540601856084,20-50cm
7.134570766,2.096122975419075,50-100cm
23.49187935,3.198341607505257,0-20cm
8.758700696,2.278159266153191,0-20cm
5.742459397,1.9084247540633008,20-50cm
2.262180974,1.1823959821203476,50-100cm
14.84918794,2.763118264941379,0-20cm
3.13225058,1.4188221931746843,20-50cm
2.610208817,1.2837656147162086,>100cm
11.48491879,2.5245214191050547,0-20cm
7.134570766,2.096122975419075,0-20cm
2.958236659,1.3757986379648754,50-100cm
1.50812065,0.9195337276742209,>100cm
13.92111369,2.7027772360917592,0-20cm
5.510440835,1.873407170517675,20-50cm
5.104408353,1.809011190990897,50-100cm
12.9350348,2.634406158239728,0-20cm
3.19025522,1.4327616437735151,20-50cm
1.62412993,0.9647493858620633,50-100cm
6.960556845,2.0744989528115365,0-20cm
4.466357309,1.6986124547437058,20-50cm
3.538283063,1.5125487605692358,50-100cm
3.770301624,1.5624095364440707,>100cm
9.918793503,2.3904854791395738,0-20cm
3.306264501,1.4600708232052213,20-50cm
3.944315545,1.5982385419455967,50-100cm
4.292343387,1.666261132091644,50-100cm
5.336426914,1.8463150313457901,>100cm
9.744779582,2.3744200163428864,0-20cm
4.75638051,1.7503088935114712,0-20cm
10.44083527,2.4371889963982123,20-50cm
5.046403712,1.7994636675319253,50-100cm
9.280742459,2.33027248105715,0-20cm
5.510440835,1.873407170517675,20-50cm
4.814385151,1.7603350453845883,50-100cm
7.134570766,2.096122975419075,>100cm
7.308584687,2.1172892799217724,0-20cm
2.436194896,1.2343647242828897,0-20cm
2.726218097,1.3153938042827849,20-50cm
2.436194896,1.2343647242828897,50-100cm
1.856148492,1.0494740361229478,50-100cm
8.062645012,2.2041610213769114,0-20cm
4.814385151,1.7603350453845883,0-20cm
5.974477958,1.94225748017524,20-50cm
2.726218097,1.3153938042827849,20-50cm
3.13225058,1.4188221931746843,50-100cm
10.49883991,2.442246152889434,0-20cm
5.974477958,1.94225748017524,0-20cm
2.030162413,1.1086162197349259,20-50cm
4.872389791,1.7702616704101632,50-100cm
8.004640371,2.1977400412396495,0-20cm
2.900232019,1.361036043417301,0-20cm
3.538283063,1.5125487605692358,20-50cm
12.3549884,2.591889977973003,0-20cm
6.3225058,1.9909525917986457,0-20cm
5.568445476,1.882277195063256,50-100cm
14.15313225,2.7182072597606304,0-20cm
4.930394432,1.780090725468795,20-50cm
3.770301624,1.5624095364440707,20-50cm
3.480278422,1.4996851922636585,50-100cm
8.642691415,2.266200262082887,0-20cm
3.712296984,1.5501754715278433,20-50cm
3.944315545,1.5982385419455967,50-100cm
5.568445476,1.882277195063256,>100cm
25.2900232,3.269189521206216,0-20cm
11.42691415,2.5198646164552616,0-20cm
10.55684455,2.4472778631803367,20-50cm
21.75174014,3.1246416321421036,50-100cm
8.700696056,2.2721976412853455,0-20cm
5.626450116,1.8910692333543266,0-20cm
2.842227378,1.3460522447919403,20-50cm
3.248259861,1.4465094546204627,50-100cm
4.466357309,1.6986124547437058,0-20cm
4.176334107,1.6440971043812276,0-20cm
3.19025522,1.4327616437735151,50-100cm
2.900232019,1.361036043417301,50-100cm
12.3549884,2.591889977973003,0-20cm
3.944315545,1.5982385419455967,20-50cm
3.422273782,1.4866539941324353,20-50cm
3.828306265,1.5744957363932024,50-100cm
2.436194896,1.2343647242828897,>100cm
43.9675174,3.8059403935660416,0-20cm
15.25522042,2.788414113799274,20-50cm
12.0649652,2.5699342353639767,50-100cm
30.10440835,3.4373495567283725,0-20cm
21.34570766,3.1066342516087104,0-20cm
7.83062645,2.17822595773921,20-50cm
51.45011601,3.959862546660642,0-20cm
11.774942,2.547485595962045,20-50cm
5.858468677,1.9254841918922878,50-100cm
2.842227378,1.3460522447919403,50-100cm
48.43387471,3.900635912067864,0-20cm
20.59164733,3.072306542218104,0-20cm
4.002320186,1.6099018420021345,50-100cm
1.392111369,0.8721763939510395,>100cm
22.2737819,3.1473274866700773,0-20cm
7.424593968,2.1311552813678727,0-20cm
2.958236659,1.3757986379648754,50-100cm
2.320185615,1.200020689498126,50-100cm
22.44779582,3.154776495591763,0-20cm
9.802784223,2.3798038993317956,0-20cm
3.944315545,1.5982385419455967,20-50cm
22.33178654,3.1498166600410373,0-20cm
12.12296984,2.5743641176565366,0-20cm
6.786542923,2.052396977427628,20-50cm
23.60788863,3.203067067549013,0-20cm
9.280742459,2.33027248105715,0-20cm
8.004640371,2.1977400412396495,20-50cm
5.104408353,1.809011190990897,>100cm
13.28306265,2.659074405204275,0-20cm
10.44083527,2.4371889963982123,0-20cm
3.306264501,1.4600708232052213,20-50cm
16.58932715,2.8672923061702056,0-20cm
4.350348028,1.677161610754745,20-50cm
0.754060325,0.5619332861749915,50-100cm
12.76102088,2.6218400216135826,0-20cm
7.540603248,2.1448316432448467,0-20cm
0.928074246,0.656521704782988,0-20cm
2.262180974,1.1823959821203476,0-20cm
14.44315545,2.7371658922395445,0-20cm
5.684454756,1.899784644923856,0-20cm
2.320185615,1.200020689498126,20-50cm
1.62412993,0.9647493858620633,50-100cm
33.23665893,3.5332969685335285,0-20cm
12.23897912,2.5831654417958805,0-20cm
7.250580046,2.110283506481116,20-50cm
4.118329466,1.6328281096398902,50-100cm
32.59860789,3.5144846342655978,0-20cm
6.728538283,2.044919748081826,0-20cm
6.3225058,1.9909525917986457,50-100cm
7.656612529,2.158323483117142,>100cm
25.69605568,3.2845158271526214,0-20cm
3.480278422,1.4996851922636585,0-20cm
2.030162413,1.1086162197349259,50-100cm
9.164733179,2.318924197744161,0-20cm
11.19489559,2.501017469925615,0-20cm
5.220417633,1.8278370480661914,20-50cm
3.712296984,1.5501754715278433,50-100cm
1.102088167,0.7429312159138453,>100cm
11.02088167,2.4866452766666476,0-20cm
8.004640371,2.1977400412396495,20-50cm
9.280742459,2.33027248105715,50-100cm
16.82134571,2.880396936026427,0-20cm
2.436194896,1.2343647242828897,20-50cm
1.334106729,0.8476292607537498,50-100cm
9.570765661,2.3580922344394004,0-20cm
5.162412993,1.818468420486176,0-20cm
2.436194896,1.2343647242828897,20-50cm
22.38979118,3.1522996528093348,0-20cm
5.800464037,1.916990850589062,20-50cm
2.958236659,1.3757986379648754,50-100cm
9.164733179,2.318924197744161,0-20cm
5.626450116,1.8910692333543266,20-50cm
9.860788863,2.3851589511862823,20-50cm
15.77726218,2.820024528013121,0-20cm
11.36890951,2.5151860264957904,20-50cm
11.65893271,2.538363109054814,50-100cm
6.148491879,1.96690140844391,>100cm
3.364269142,1.4734507393046723,>100cm
13.74709977,2.6910464376897374,0-20cm
3.016241299,1.3903464649967827,20-50cm
2.204176334,1.1644550632722352,20-50cm
26.21809745,3.3038820994829545,0-20cm
10.44083527,2.4371889963982123,0-20cm
3.480278422,1.4996851922636585,20-50cm
1.160092807,0.7701511869767564,50-100cm
12.52900232,2.6048357011046885,0-20cm
5.394431555,1.8554275421041846,20-50cm
3.016241299,1.3903464649967827,20-50cm
1.914153132,1.069579256838409,50-100cm
7.250580046,2.110283506481116,0-20cm
4.002320186,1.6099018420021345,0-20cm
2.320185615,1.200020689498126,20-50cm
0.928074246,0.656521704782988,50-100cm
18.0974478,2.9495547030875815,0-20cm
11.13689095,2.496249653161721,20-50cm
4.69837587,1.7401811991510703,50-100cm
30.45243619,3.4484764424675434,0-20cm
19.19953596,3.0056596318660644,0-20cm
11.07888631,2.4914589953758495,50-100cm
15.71925754,2.8165612011682097,0-20cm
12.58700696,2.609113965496416,20-50cm
10.20881671,2.4167006748667217,50-100cm
8.178654292,2.216880602601443,0-20cm
2.436194896,1.2343647242828897,0-20cm
1.798143852,1.0289562873591707,20-50cm
3.712296984,1.5501754715278433,50-100cm
8.062645012,2.2041610213769114,0-20cm
2.552204176,1.2675683054598799,20-50cm
2.726218097,1.3153938042827849,50-100cm
3.13225058,1.4188221931746843,50-100cm
2.900232019,1.361036043417301,>100cm
1.450116009,0.8961353740478757,0-20cm
1.334106729,0.8476292607537498,20-50cm
2.262180974,1.1823959821203476,50-100cm
1.856148492,1.0494740361229478,50-100cm
5.452436195,1.8644577641463982,0-20cm
2.726218097,1.3153938042827849,20-50cm
2.552204176,1.2675683054598799,50-100cm
7.482598608,2.138016842483422,0-20cm
8.062645012,2.2041610213769114,0-20cm
3.886310905,1.586437602616289,20-50cm
3.886310905,1.586437602616289,0-20cm
1.56612529,0.9423970919694907,0-20cm
15.19721578,2.784839362035684,0-20cm
4.292343387,1.666261132091644,0-20cm
82.19257541,4.421158105984651,0-20cm
39.32714617,3.697024844417732,0-20cm
2.204176334,1.1644550632722352,0-20cm
2.088167053,1.1275777281734074,0-20cm
2.088167053,1.1275777281734074,50-100cm
7.3,2.1162555148025524,0-20cm
16.0,2.833213344056216,0-20cm
8.6,2.2617630984737906,0-20cm
9.6,2.3608540011180215,0-20cm
3.9,1.589235205116581,20-50cm
1.2,0.7884573603642702,50-100cm
1.7,0.9932517730102833,0-20cm
1.9,1.0647107369924282,0-20cm
1.3,0.832909122935104,50-100cm
1.1,0.7419373447293773,50-100cm
1.3,0.832909122935104,0-20cm
1.8,1.0296194171811583,20-50cm
1.8,1.0296194171811583,50-100cm
2.5,1.252762968495368,50-100cm
5.3,1.840549633397487,0-20cm
4.2,1.6486586255873816,0-20cm
3.6,1.5260563034950494,20-50cm
3.4,1.4816045409242156,20-50cm
14.2,2.7212954278522306,0-20cm
8.8,2.2823823856765264,0-20cm
8.2,2.2192034840549946,20-50cm
5.5,1.8718021769015913,50-100cm
9.8,2.379546134130174,50-100cm
12.3,2.5877640352277083,0-20cm
23.8,3.2108436531709366,0-20cm
8.0,2.1972245773362196,20-50cm
1.9,1.0647107369924282,50-100cm
1.3,0.832909122935104,50-100cm
8.9,2.2925347571405443,0-20cm
6.4,2.0014800002101243,0-20cm
1.5,0.9162907318741551,20-50cm
1.2,0.7884573603642702,50-100cm
12.1,2.5726122302071057,0-20cm
11.8,2.5494451709255714,0-20cm
3.0,1.3862943611198906,20-50cm
2.2,1.1631508098056809,50-100cm
6.1,1.9600947840472698,0-20cm
3.5,1.5040773967762742,0-20cm
2.0,1.0986122886681098,20-50cm
1.4,0.8754687373538999,50-100cm
11.8,2.5494451709255714,0-20cm
12.1,2.5726122302071057,0-20cm
9.2,2.322387720290225,20-50cm
3.0,1.3862943611198906,50-100cm
67.2,4.222444564849416,0-20cm
79.0,4.382026634673881,20-50cm
77.3,4.360547602996758,20-50cm
85.5,4.460144413937834,50-100cm
30.5,3.449987545831587,0-20cm
20.8,3.0819099697950434,0-20cm
10.8,2.468099531471619,20-50cm
8.6,2.2617630984737906,50-100cm
65.7,4.200204952921578,0-20cm
38.5,3.676300671907076,0-20cm
23.1,3.1822118404966093,20-50cm
11.2,2.501435951739211,20-50cm
3.5,1.5040773967762742,50-100cm
10.8,2.468099531471619,0-20cm
1.9,1.0647107369924282,0-20cm
2.0,1.0986122886681098,20-50cm
1.9,1.0647107369924282,50-100cm
17.4,2.91235066461494,0-20cm
15.7,2.8154087194227095,0-20cm
12.2,2.580216829592325,20-50cm
7.1,2.0918640616783932,50-100cm
72.1,4.291828366755733,0-20cm
3.1,1.410986973710262,0-20cm
2.9,1.3609765531356006,20-50cm
4.1,1.62924053973028,0-20cm
4.3,1.667706820558076,0-20cm
3.5,1.5040773967762742,50-100cm
20.0,3.044522437723423,50-100cm
12.3,2.5877640352277083,0-20cm
10.2,2.4159137783010487,0-20cm
8.9,2.2925347571405443,20-50cm
179.9,5.19794439240125,0-20cm
158.2,5.0701612734102826,0-20cm
157.3,5.064491966886966,20-50cm
46.3,3.856510295497887,50-100cm
18.8,2.9856819377004897,0-20cm
6.7,2.0412203288596382,0-20cm
5.8,1.916922612182061,20-50cm
7.2,2.1041341542702074,50-100cm
3.7,1.547562508716013,50-100cm
6.4,2.0014800002101243,0-20cm
4.9,1.7749523509116738,0-20cm
5.1,1.8082887711792655,20-50cm
2.0,1.0986122886681098,0-20cm
2.0,1.0986122886681098,0-20cm
1.3,0.832909122935104,20-50cm
2.2,1.1631508098056809,50-100cm
1.5,0.9162907318741551,0-20cm
3.6,1.5260563034950494,0-20cm
2.4,1.2237754316221157,20-50cm
1.8,1.0296194171811583,20-50cm
2.5,1.252762968495368,0-20cm
2.4,1.2237754316221157,0-20cm
2.7,1.308332819650179,20-50cm
2.1,1.1314021114911006,50-100cm
19.6,3.0252910757955354,0-20cm
3.4,1.4816045409242156,20-50cm
2.8,1.33500106673234,50-100cm
2.0,1.0986122886681098,50-100cm
6.9,2.066862759472976,0-20cm
8.2,2.2192034840549946,0-20cm
6.3,1.9878743481543455,20-50cm
4.7,1.7404661748405046,50-100cm
76.7,4.3528552573736015,0-20cm
28.2,3.374168709274236,20-50cm
33.5,3.5409593240373143,50-100cm
117.6,4.775756486563625,0-20cm
101.4,4.628886712605407,0-20cm
29.9,3.4307561839036995,20-50cm
35.3,3.591817741270805,50-100cm
30.2,3.4404180948154366,0-20cm
20.4,3.0633909220278057,0-20cm
9.7,2.3702437414678603,20-50cm
5.3,1.840549633397487,50-100cm
4.9,1.7749523509116738,>100cm
16.5,2.8622008809294686,0-20cm
9.9,2.388762789235098,0-20cm
15.3,2.791165107812717,20-50cm
24.4,3.2347491740244907,50-100cm
27.3,3.342861804649192,50-100cm
14.8,2.760009940032921,0-20cm
3.8,1.5686159179138452,0-20cm
2.1,1.1314021114911006,50-100cm
14.8,2.760009940032921,>100cm
61.3,4.131961425793407,0-20cm
12.6,2.6100697927420065,0-20cm
4.6,1.7227665977411035,20-50cm
6.6,2.028148247292285,50-100cm
84.1,4.443827035579329,0-20cm
18.4,2.9652730660692823,0-20cm
9.7,2.3702437414678603,20-50cm
9.1,2.312535423847214,50-100cm
25.4,3.2733640101522705,0-20cm
5.1,1.8082887711792655,0-20cm
2.9,1.3609765531356006,20-50cm
1.7,0.9932517730102833,50-100cm
89.6,4.506454213048934,0-20cm
47.0,3.871201010907891,20-50cm
37.2,3.6428355156125294,50-100cm
23.0,3.1780538303479458,50-100cm
104.0,4.653960350157523,0-20cm
96.1,4.575741375297279,0-20cm
88.2,4.490881039585964,20-50cm
11.7,2.5416019934645457,0-20cm
5.1,1.8082887711792655,20-50cm
4.3,1.667706820558076,20-50cm
11.7,2.5416019934645457,0-20cm
5.8,1.916922612182061,0-20cm
4.6,1.7227665977411035,20-50cm
97.0,4.584967478670572,0-20cm
20.4,3.0633909220278057,0-20cm
30.4,3.4468078929142076,20-50cm
15.5,2.803360380906535,50-100cm
6.4,2.0014800002101243,50-100cm
37.9,3.6609942506244004,0-20cm
7.4,2.128231705849268,0-20cm
2.4,1.2237754316221157,20-50cm
2.4,1.2237754316221157,50-100cm
36.7,3.629660094453965,0-20cm
11.4,2.517696472610991,0-20cm
115.2,4.755312844417811,0-20cm
47.4,3.879499813722586,0-20cm
5.8,1.916922612182061,20-50cm
1.3,0.832909122935104,50-100cm
153.9,5.042779747422823,0-20cm
69.7,4.258445572902527,0-20cm
6.8,2.0541237336955462,20-50cm
1.4,0.8754687373538999,50-100cm
68.6,4.242764567340374,0-20cm
19.0,2.995732273553991,20-50cm
4.4,1.6863989535702288,50-100cm
2.8,1.33500106673234,>100cm
50.0,3.9318256327243257,0-20cm
25.4,3.2733640101522705,0-20cm
46.6,3.8628327612373745,20-50cm
19.8,3.0349529867072724,20-50cm
59.2,4.097672352314776,0-20cm
9.4,2.341805806147327,0-20cm
5.0,1.791759469228055,50-100cm
2.4,1.2237754316221157,50-100cm
28.2,3.374168709274236,0-20cm
5.9,1.9315214116032138,0-20cm
2.5,1.252762968495368,20-50cm
52.3,3.975936331171799,0-20cm
27.4,3.3463891451671604,0-20cm
7.5,2.1400661634962708,20-50cm
1.6,0.9555114450274363,50-100cm
45.0,3.828641396489095,0-20cm
12.7,2.617395832834079,0-20cm
7.0,2.0794415416798357,20-50cm
3.4,1.4816045409242156,20-50cm
9.1,2.312535423847214,0-20cm
4.9,1.7749523509116738,0-20cm
2.7,1.308332819650179,50-100cm
2.4,1.2237754316221157,>100cm
21.7,3.122364924487357,0-20cm
11.3,2.509599262378372,0-20cm
2.4,1.2237754316221157,20-50cm
1.6,0.9555114450274363,50-100cm
3.3,1.4586150226995167,0-20cm
1.0,0.6931471805599453,0-20cm
1.9,1.0647107369924282,20-50cm
2.9,1.3609765531356006,>100cm
10.4,2.4336133554004498,0-20cm
6.0,1.9459101490553132,0-20cm
105.1,4.664382045619937,0-20cm
32.4,3.5085558999826545,0-20cm
5.1,1.8082887711792655,20-50cm
94.0,4.553876891600541,0-20cm
10.0,2.3978952727983707,0-20cm
17.4,2.91235066461494,20-50cm
3.2,1.4350845252893227,50-100cm
56.7,4.055257173514054,0-20cm
76.8,4.354141431184346,0-20cm
24.6,3.242592351485517,20-50cm
24.6,3.242592351485517,20-50cm
5.3,1.840549633397487,50-100cm
11.6,2.533696813957432,0-20cm
8.1,2.2082744135228043,0-20cm
2.5,1.252762968495368,20-50cm
14.6,2.747270914255491,0-20cm
5.8,1.916922612182061,0-20cm
4.5,1.7047480922384253,50-100cm
3.0,1.3862943611198906,>100cm
11.2,2.501435951739211,0-20cm
8.7,2.272125885509337,0-20cm
5.1,1.8082887711792655,20-50cm
7.9,2.186051276738094,50-100cm
92.7,4.540098189244376,0-20cm
47.5,3.8815637979434374,0-20cm
27.4,3.3463891451671604,20-50cm
5.3,1.840549633397487,20-50cm
17.0,2.8903717578961645,0-20cm
15.0,2.772588722239781,0-20cm
4.0,1.6094379124341003,20-50cm
8.6,2.2617630984737906,0-20cm
7.2,2.1041341542702074,20-50cm
2.9,1.3609765531356006,20-50cm
0.9,0.6418538861723948,50-100cm
1.3,0.832909122935104,50-100cm
4.0,1.6094379124341003,0-20cm
2.9,1.3609765531356006,0-20cm
3.1,1.410986973710262,20-50cm
6.1,1.9600947840472698,0-20cm
5.5,1.8718021769015913,0-20cm
5.7,1.9021075263969205,20-50cm
4.6,1.7227665977411035,50-100cm
5.0,1.791759469228055,50-100cm
5.2,1.824549292051046,0-20cm
3.8,1.5686159179138452,0-20cm
2.5,1.252762968495368,20-50cm
1.7,0.9932517730102833,50-100cm
1.3,0.832909122935104,>100cm
38.8,3.6838669122903918,0-20cm
26.8,3.3250360206965914,0-20cm
18.1,2.9496883350525844,20-50cm
9.8,2.379546134130174,50-100cm
2.7,1.308332819650179,0-20cm
1.1,0.7419373447293773,0-20cm
0.6,0.4700036292457355,20-50cm
12.3,2.5877640352277083,0-20cm
5.0,1.791759469228055,0-20cm
4.2,1.6486586255873816,20-50cm
12.3,2.5877640352277083,0-20cm
3.4,1.4816045409242156,0-20cm
6.3,1.9878743481543455,0-20cm
1.5,0.9162907318741551,0-20cm
2.2,1.1631508098056809,50-100cm
2.9,1.3609765531356006,0-20cm
1.3,0.832909122935104,0-20cm
0.4,0.33647223662121295,20-50cm
0.3,0.26236426446749106,>100cm
8.352668213,2.2356616729645467,0-20cm
7.540603248,2.1448316432448467,0-20cm
7.192575406,2.1032283058206738,50-100cm
7.598607889,2.1516003167844606,50-100cm
29.35034803,3.4128079846555748,0-20cm
15.6612529,2.8130858379926442,0-20cm
12.9350348,2.634406158239728,20-50cm
7.598607889,2.1516003167844606,50-100cm
12.12296984,2.5743641176565366,0-20cm
13.45707657,2.671184022708489,0-20cm
8.120649652,2.210541035321165,20-50cm
3.654292343,1.5377898783348827,50-100cm
9.512761021,2.352589854574646,50-100cm
41.93735499,3.759742192742513,0-20cm
39.26914153,3.695585456781652,0-20cm
30.97447796,3.4649380208265455,20-50cm
26.10208817,3.299610779160672,50-100cm
8.410672854,2.241844455185516,>100cm
11.25290023,2.505762662438444,0-20cm
8.468677494,2.2479892452809844,20-50cm
3.13225058,1.4188221931746843,50-100cm
1.972157773,1.0892882119202307,50-100cm
28.36426914,3.379778599851538,0-20cm
33.23665893,3.5332969685335285,0-20cm
22.96983759,3.1767962728705648,20-50cm
17.69141531,2.928064344122108,50-100cm
5.684454756,1.899784644923856,0-20cm
5.800464037,1.916990850589062,0-20cm
3.07424594,1.404685684171041,20-50cm
2.262180974,1.1823959821203476,50-100cm
1.972157773,1.0892882119202307,50-100cm
14.79118329,2.7594517646617756,0-20cm
9.39675174,2.341493424669005,20-50cm
3.364269142,1.4734507393046723,20-50cm
2.494199536,1.2511043182667152,50-100cm
1.682134571,0.9866129592159453,50-100cm
26.04408353,3.2974682578939767,0-20cm
10.20881671,2.4167006748667217,20-50cm
9.686774942,2.3690069902773168,50-100cm
37.12296984,3.640816983411378,0-20cm
18.387471,2.964627032692383,20-50cm
3.538283063,1.5125487605692358,20-50cm
11.07888631,2.4914589953758495,0-20cm
12.6450116,2.6133740042881923,20-50cm
16.93735499,2.886885409305978,20-50cm
5.742459397,1.9084247540633008,50-100cm
4.176334107,1.6440971043812276,0-20cm
3.248259861,1.4465094546204627,20-50cm
2.204176334,1.1644550632722352,50-100cm
1.62412993,0.9647493858620633,>100cm
5.278422274,1.8371187186617233,0-20cm
3.712296984,1.5501754715278433,0-20cm
4.292343387,1.666261132091644,50-100cm
4.64037123,1.7299498842658516,50-100cm
4.75638051,1.7503088935114712,0-20cm
3.886310905,1.586437602616289,0-20cm
3.828306265,1.5744957363932024,20-50cm
4.350348028,1.677161610754745,50-100cm
2.726218097,1.3153938042827849,>100cm
15.71925754,2.8165612011682097,0-20cm
5.626450116,1.8910692333543266,20-50cm
5.452436195,1.8644577641463982,50-100cm
2.610208817,1.2837656147162086,50-100cm
9.860788863,2.3851589511862823,0-20cm
9.686774942,2.3690069902773168,0-20cm
4.292343387,1.666261132091644,20-50cm
1.56612529,0.9423970919694907,50-100cm
3.944315545,1.5982385419455967,0-20cm
2.668213457,1.2997047470848513,20-50cm
2.552204176,1.2675683054598799,20-50cm
2.320185615,1.200020689498126,50-100cm
1.972157773,1.0892882119202307,>100cm
4.524361949,1.709167756391095,0-20cm
2.378190255,1.2173401385876361,0-20cm
1.50812065,0.9195337276742209,20-50cm
1.276102088,0.8224643693882208,20-50cm
0.986078886,0.6861622858814522,50-100cm
4.64037123,1.7299498842658516,0-20cm
2.784222738,1.3308405125650895,20-50cm
2.552204176,1.2675683054598799,20-50cm
2.088167053,1.1275777281734074,>100cm
3.364269142,1.4734507393046723,0-20cm
1.856148492,1.0494740361229478,0-20cm
1.102088167,0.7429312159138453,50-100cm
1.218097448,0.7966498230397037,50-100cm
4.234338747,1.6552405224951414,0-20cm
2.610208817,1.2837656147162086,0-20cm
2.552204176,1.2675683054598799,50-100cm
2.146171694,1.1461863784806638,>100cm
2.552204176,1.2675683054598799,0-20cm
1.798143852,1.0289562873591707,0-20cm
1.276102088,0.8224643693882208,20-50cm
1.218097448,0.7966498230397037,50-100cm
1.62412993,0.9647493858620633,0-20cm
1.276102088,0.8224643693882208,0-20cm
0.986078886,0.6861622858814522,20-50cm
1.044083527,0.7149495359879368,50-100cm
4.408352668,1.6879445488925413,0-20cm
6.728538283,2.044919748081826,0-20cm
2.784222738,1.3308405125650895,50-100cm
1.334106729,0.8476292607537498,>100cm
1.972157773,1.0892882119202307,0-20cm
1.276102088,0.8224643693882208,0-20cm
1.740139211,1.0080087260436568,50-100cm
2.842227378,1.3460522447919403,0-20cm
3.364269142,1.4734507393046723,20-50cm
11.65893271,2.538363109054814,20-50cm
13.39907193,2.6671637551994536,50-100cm
21.0,3.091042453358316,0-20cm
15.6,2.8094026953624973,0-20cm
15.6,2.8094026953624973,20-50cm
13.8,2.6946271807700692,50-100cm
15.8,2.8213788864092133,0-20cm
9.5,2.3513752571634776,20-50cm
6.9,2.066862759472976,20-50cm
3.0,1.3862943611198906,50-100cm
2.5,1.252762968495368,50-100cm
7.5,2.1400661634962708,0-20cm
5.5,1.8718021769015913,0-20cm
2.8,1.33500106673234,20-50cm
2.6,1.2809338454620642,50-100cm
41.7,3.754198920234579,0-20cm
41.6,3.751854253275325,0-20cm
37.9,3.6609942506244004,20-50cm
25.6,3.2809112157876537,50-100cm
59.2,4.097672352314776,0-20cm
42.4,3.770459441106359,0-20cm
38.7,3.681351187693145,20-50cm
24.5,3.2386784521643803,50-100cm
6.4,2.0014800002101243,50-100cm
11.2,2.501435951739211,0-20cm
4.8,1.7578579175523736,0-20cm
5.2,1.824549292051046,20-50cm
42.3,3.768152635008444,0-20cm
19.5,3.0204248861443626,20-50cm
9.8,2.379546134130174,20-50cm
18.5,2.970414465569701,50-100cm
42.3,3.768152635008444,50-100cm
57.9,4.075841090657541,0-20cm
27.5,3.349904087274605,20-50cm
18.3,2.9601050959108397,50-100cm
34.1,3.55820113047182,0-20cm
27.9,3.3638415951183864,0-20cm
7.6,2.151762203259462,20-50cm
5.3,1.840549633397487,50-100cm
4.1,1.62924053973028,50-100cm
25.9,3.292126286607793,0-20cm
14.8,2.760009940032921,0-20cm
10.1,2.4069451083182885,20-50cm
6.1,1.9600947840472698,50-100cm
33.5,3.5409593240373143,0-20cm
10.0,2.3978952727983707,0-20cm
5.3,1.840549633397487,20-50cm
36.9,3.634951112088381,0-20cm
13.4,2.667228206581955,0-20cm
7.0,2.0794415416798357,20-50cm
2.6,1.2809338454620642,0-20cm
4.6,1.7227665977411035,0-20cm
3.0,1.3862943611198906,20-50cm
2.8,1.33500106673234,0-20cm
1.9,1.0647107369924282,20-50cm
1.5,0.9162907318741551,20-50cm
0.8,0.5877866649021191,50-100cm
11.8,2.5494451709255714,0-20cm
9.7,2.3702437414678603,0-20cm
9.6,2.3608540011180215,20-50cm
9.8,2.379546134130174,50-100cm
13.9,2.7013612129514133,0-20cm
7.9,2.186051276738094,0-20cm
6.0,1.9459101490553132,20-50cm
4.7,1.7404661748405046,50-100cm
4.3,1.667706820558076,>100cm
14.0,2.70805020110221,0-20cm
13.9,2.7013612129514133,0-20cm
5.9,1.9315214116032138,20-50cm
1.5,0.9162907318741551,50-100cm
11.8,2.5494451709255714,0-20cm
17.0,2.8903717578961645,0-20cm
11.0,2.4849066497880004,20-50cm
6.4,2.0014800002101243,50-100cm
3.7,1.547562508716013,50-100cm
37.9,3.6609942506244004,0-20cm
7.4,2.128231705849268,0-20cm
2.4,1.2237754316221157,20-50cm
2.4,1.2237754316221157,50-100cm
12.1,2.5726122302071057,0-20cm
7.9,2.186051276738094,20-50cm
8.5,2.2512917986064953,20-50cm
8.5,2.2512917986064953,50-100cm
3.5,1.5040773967762742,50-100cm
12.2,2.580216829592325,0-20cm
4.4,1.6863989535702288,20-50cm
4.4,1.6863989535702288,20-50cm
3.0,1.3862943611198906,50-100cm
1.9,1.0647107369924282,50-100cm
10.4,2.4336133554004498,0-20cm
2.3,1.1939224684724346,0-20cm
2.0,1.0986122886681098,20-50cm
2.3,1.1939224684724346,50-100cm
23.4,3.1945831322991562,0-20cm
16.1,2.8390784635086144,20-50cm
42.0,3.7612001156935624,0-20cm
17.6,2.9231615807191558,0-20cm
8.0,2.1972245773362196,20-50cm
22.4,3.152736022363656,0-20cm
13.6,2.681021528714291,0-20cm
13.6,2.681021528714291,20-50cm
18.9,2.990719731730447,50-100cm
5.8,1.916922612182061,0-20cm
5.5,1.8718021769015913,20-50cm
3.6,1.5260563034950494,20-50cm
2.2,1.1631508098056809,50-100cm
8.2,2.2192034840549946,0-20cm
6.3,1.9878743481543455,0-20cm
3.4,1.4816045409242156,20-50cm
2.5,1.252762968495368,50-100cm
10.9,2.4765384001174837,0-20cm
4.5,1.7047480922384253,0-20cm
3.3,1.4586150226995167,20-50cm
4.3,1.667706820558076,0-20cm
3.7,1.547562508716013,0-20cm
2.6,1.2809338454620642,50-100cm
2.6,1.2809338454620642,>100cm
0.7,0.5306282510621704,0-20cm
0.1,0.09531017980432487,0-20cm
9.3,2.33214389523559,0-20cm
8.7,2.272125885509337,0-20cm
3.3,1.4586150226995167,20-50cm
2.3,1.1939224684724346,50-100cm
109.7,4.706823839714591,0-20cm
63.1,4.160444363926624,0-20cm
50.9,3.949318790171843,>100cm
138.9,4.940927881671436,0-20cm
196.0,5.2832037287379885,50-100cm
62.5,4.151039905898646,50-100cm
8.8,2.2823823856765264,>100cm
3.6,1.5260563034950494,>100cm
143.3,4.971894465779825,0-20cm
117.8,4.777441406928545,0-20cm
152.9,5.0363030408448335,>100cm
37.4,3.648057459593681,0-20cm
36.1,3.6136169696133895,20-50cm
50.9,3.949318790171843,0-20cm
36.4,3.6216707044204863,0-20cm
17.9,2.9391619220655967,20-50cm
51.9,3.9684033388642534,0-20cm
34.4,3.5667118201397288,20-50cm
25.4,3.2733640101522705,20-50cm
12.4,2.5952547069568657,50-100cm
5.8,1.916922612182061,>100cm
35.0,3.58351893845611,0-20cm
18.3,2.9601050959108397,0-20cm
7.7,2.1633230256605382,20-50cm
7.3,2.1162555148025524,20-50cm
3.5,1.5040773967762742,50-100cm
31.4,3.4781584227982836,0-20cm
14.6,2.747270914255491,20-50cm
13.4,2.667228206581955,20-50cm
12.2,2.580216829592325,50-100cm
8.5,2.2512917986064953,>100cm
38.7,3.681351187693145,0-20cm
17.5,2.917770732084279,20-50cm
16.8,2.8791984572980396,20-50cm
16.4,2.856470206220483,50-100cm
15.2,2.785011242238338,50-100cm
49.3,3.9180050771056933,0-20cm
40.3,3.720862499966987,20-50cm
41.6,3.751854253275325,20-50cm
45.9,3.8480176754522337,50-100cm
5.9,1.9315214116032138,>100cm
58.8,4.091005660956586,0-20cm
43.1,3.7864597824528,0-20cm
50.9,3.949318790171843,20-50cm
27.1,3.3357695763397,20-50cm
11.6,2.533696813957432,50-100cm
11.4,2.517696472610991,50-100cm
48.6,3.903990833730882,0-20cm
31.0,3.4657359027997265,20-50cm
21.5,3.1135153092103742,0-20cm
18.0,2.9444389791664403,0-20cm
16.9,2.884800712846709,20-50cm
18.1,2.9496883350525844,0-20cm
10.5,2.4423470353692043,0-20cm
8.5,2.2512917986064953,20-50cm
12.3,2.5877640352277083,50-100cm
12.8,2.624668592163159,50-100cm
4.9,1.7749523509116738,0-20cm
1.1,0.7419373447293773,0-20cm
1.9,1.0647107369924282,20-50cm
0.2,0.18232155679395465,50-100cm
0.1,0.09531017980432487,50-100cm
66.4,4.210645017918261,0-20cm
68.0,4.23410650459726,0-20cm
10.38283063,2.43210613502655,0-20cm
9.976798144,2.395783785540928,20-50cm
9.048723898,2.307445651119653,20-50cm
8.932714617,2.295833816024146,50-100cm
7.946635731,2.191277565642508,50-100cm
6.844547564,2.059818712628983,0-20cm
3.364269142,1.4734507393046723,0-20cm
2.494199536,1.2511043182667152,20-50cm
2.378190255,1.2173401385876361,20-50cm
1.218097448,0.7966498230397037,50-100cm
4.350348028,1.677161610754745,0-20cm
3.886310905,1.586437602616289,0-20cm
2.668213457,1.2997047470848513,20-50cm
1.798143852,1.0289562873591707,50-100cm
3.07424594,1.404685684171041,50-100cm
4.118329466,1.6328281096398902,>100cm
15.25522042,2.788414113799274,0-20cm
11.89095128,2.5565256140728625,20-50cm
4.75638051,1.7503088935114712,50-100cm
1.914153132,1.069579256838409,50-100cm
4.988399072,1.7898241096272645,0-20cm
3.828306265,1.5744957363932024,0-20cm
3.07424594,1.404685684171041,20-50cm
2.320185615,1.200020689498126,20-50cm
2.204176334,1.1644550632722352,50-100cm
8.352668213,2.2356616729645467,0-20cm
4.872389791,1.7702616704101632,0-20cm
3.596287703,1.5252489565912695,20-50cm
3.944315545,1.5982385419455967,50-100cm
3.712296984,1.5501754715278433,50-100cm
3.422273782,1.4866539941324353,0-20cm
2.320185615,1.200020689498126,0-20cm
3.770301624,1.5624095364440707,20-50cm
3.364269142,1.4734507393046723,50-100cm
1.798143852,1.0289562873591707,>100cm
5.974477958,1.94225748017524,0-20cm
4.69837587,1.7401811991510703,0-20cm
3.770301624,1.5624095364440707,20-50cm
3.770301624,1.5624095364440707,50-100cm
1.972157773,1.0892882119202307,50-100cm
5.568445476,1.882277195063256,0-20cm
3.596287703,1.5252489565912695,20-50cm
4.582366589,1.7196128063722729,20-50cm
4.524361949,1.709167756391095,50-100cm
4.176334107,1.6440971043812276,50-100cm
4.75638051,1.7503088935114712,0-20cm
3.422273782,1.4866539941324353,0-20cm
3.538283063,1.5125487605692358,20-50cm
1.914153132,1.069579256838409,50-100cm
1.62412993,0.9647493858620633,50-100cm
3.538283063,1.5125487605692358,0-20cm
3.07424594,1.404685684171041,0-20cm
2.088167053,1.1275777281734074,20-50cm
1.740139211,1.0080087260436568,50-100cm
1.392111369,0.8721763939510395,>100cm
5.916473318,1.9339060035937803,0-20cm
4.582366589,1.7196128063722729,0-20cm
5.626450116,1.8910692333543266,20-50cm
2.552204176,1.2675683054598799,50-100cm
2.552204176,1.2675683054598799,>100cm
7.018561485,2.0817590398303256,0-20cm
2.668213457,1.2997047470848513,20-50cm
3.944315545,1.5982385419455967,50-100cm
3.422273782,1.4866539941324353,50-100cm
2.726218097,1.3153938042827849,>100cm
3.19025522,1.4327616437735151,0-20cm
2.610208817,1.2837656147162086,20-50cm
2.088167053,1.1275777281734074,20-50cm
1.56612529,0.9423970919694907,50-100cm
0.580046404,0.4574542162278497,>100cm
5.742459397,1.9084247540633008,0-20cm
4.930394432,1.780090725468795,0-20cm
6.090487239,1.9587540601856084,20-50cm
6.26450116,1.9829996312098825,50-100cm
3.944315545,1.5982385419455967,50-100cm
3.480278422,1.4996851922636585,0-20cm
2.668213457,1.2997047470848513,20-50cm
2.726218097,1.3153938042827849,20-50cm
2.726218097,1.3153938042827849,50-100cm
3.19025522,1.4327616437735151,50-100cm
2.494199536,1.2511043182667152,>100cm
2.610208817,1.2837656147162086,0-20cm
2.784222738,1.3308405125650895,0-20cm
2.842227378,1.3460522447919403,20-50cm
1.740139211,1.0080087260436568,50-100cm
1.56612529,0.9423970919694907,>100cm
2.146171694,1.1461863784806638,0-20cm
1.798143852,1.0289562873591707,0-20cm
1.856148492,1.0494740361229478,50-100cm
1.856148492,1.0494740361229478,50-100cm
3.306264501,1.4600708232052213,0-20cm
2.378190255,1.2173401385876361,0-20cm
1.798143852,1.0289562873591707,20-50cm
1.50812065,0.9195337276742209,20-50cm
1.334106729,0.8476292607537498,50-100cm
3.07424594,1.404685684171041,0-20cm
2.668213457,1.2997047470848513,0-20cm
2.320185615,1.200020689498126,20-50cm
2.610208817,1.2837656147162086,20-50cm
2.900232019,1.361036043417301,50-100cm
3.770301624,1.5624095364440707,50-100cm
2.378190255,1.2173401385876361,0-20cm
1.740139211,1.0080087260436568,0-20cm
1.62412993,0.9647493858620633,20-50cm
1.392111369,0.8721763939510395,50-100cm
4.408352668,1.6879445488925413,0-20cm
4.118329466,1.6328281096398902,0-20cm
3.306264501,1.4600708232052213,20-50cm
2.900232019,1.361036043417301,50-100cm
1.972157773,1.0892882119202307,>100cm
11.42691415,2.5198646164552616,0-20cm
10.49883991,2.442246152889434,0-20cm
12.41299304,2.5962238670202438,0-20cm
14.7,2.7536607123542622,0-20cm
16.5,2.8622008809294686,20-50cm
20.4,3.0633909220278057,50-100cm
16.6,2.8678989020441064,>100cm
30.9,3.462606009790799,0-20cm
35.6,3.6000482404073204,20-50cm
28.7,3.391147045808654,50-100cm
12.2,2.580216829592325,0-20cm
4.5,1.7047480922384253,20-50cm
2.2,1.1631508098056809,>100cm
55.9,4.041295341132285,0-20cm
40.2,3.7184382563554808,20-50cm
8.1,2.2082744135228043,50-100cm
26.6,3.3178157727231046,0-20cm
17.9,2.9391619220655967,20-50cm
11.4,2.517696472610991,50-100cm
7.0,2.0794415416798357,50-100cm
11.5,2.5257286443082556,0-20cm
7.5,2.1400661634962708,20-50cm
2.3,1.1939224684724346,50-100cm
10.5,2.4423470353692043,0-20cm
19.5,3.0204248861443626,50-100cm
10.9,2.4765384001174837,0-20cm
4.1,1.62924053973028,20-50cm
1.4,0.8754687373538999,50-100cm
10.5,2.4423470353692043,0-20cm
9.4,2.341805806147327,20-50cm
1.9,1.0647107369924282,50-100cm
7.3,2.1162555148025524,0-20cm
3.5,1.5040773967762742,20-50cm
0.9,0.6418538861723948,50-100cm
12.0,2.5649493574615367,0-20cm
9.4,2.341805806147327,50-100cm
6.5,2.0149030205422647,50-100cm
4.7,1.7404661748405046,0-20cm
6.7,2.0412203288596382,20-50cm
3.4,1.4816045409242156,50-100cm
11.8,2.5494451709255714,0-20cm
3.8,1.5686159179138452,20-50cm
1.7,0.9932517730102833,50-100cm
5.3,1.840549633397487,0-20cm
3.8,1.5686159179138452,20-50cm
2.7,1.308332819650179,20-50cm
2.6,1.2809338454620642,50-100cm
2.8,1.33500106673234,0-20cm
2.3,1.1939224684724346,20-50cm
2.2,1.1631508098056809,50-100cm
4.9,1.7749523509116738,0-20cm
3.2,1.4350845252893227,20-50cm
2.2,1.1631508098056809,50-100cm
8.0,2.1972245773362196,0-20cm
5.3,1.840549633397487,20-50cm
4.7,1.7404661748405046,50-100cm
10.0,2.3978952727983707,0-20cm
2.8,1.33500106673234,20-50cm
2.2,1.1631508098056809,50-100cm
8.4,2.2407096892759584,0-20cm
3.0,1.3862943611198906,20-50cm
3.3,1.4586150226995167,50-100cm
3.0,1.3862943611198906,0-20cm
2.3,1.1939224684724346,50-100cm
8.6,2.2617630984737906,0-20cm
3.1,1.410986973710262,50-100cm
2.1,1.1314021114911006,50-100cm
6.6,2.028148247292285,0-20cm
8.1,2.2082744135228043,20-50cm
3.8,1.5686159179138452,50-100cm
8.8,2.2823823856765264,0-20cm
6.5,2.0149030205422647,20-50cm
5.8,1.916922612182061,50-100cm
4.4,1.6863989535702288,>100cm
9.6,2.3608540011180215,0-20cm
6.3,1.9878743481543455,50-100cm
2.4,1.2237754316221157,>100cm
8.4,2.2407096892759584,0-20cm
27.4,3.3463891451671604,0-20cm
24.76798144,3.249132691755431,0-20cm
20.24361949,3.056056590989461,0-20cm
15.48723898,2.8025866865307005,20-50cm
9.106728538,2.313201393921096,20-50cm
14.32714617,2.7296255157364815,0-20cm
7.88863109,2.1847730545420854,0-20cm
5.800464037,1.916990850589062,20-50cm
2.842227378,1.3460522447919403,50-100cm
3.016241299,1.3903464649967827,50-100cm
16.76334107,2.8771368431818636,0-20cm
6.844547564,2.059818712628983,0-20cm
5.568445476,1.882277195063256,20-50cm
3.480278422,1.4996851922636585,20-50cm
2.726218097,1.3153938042827849,50-100cm
16.47331787,2.8606750242591894,0-20cm
9.39675174,2.341493424669005,0-20cm
8.410672854,2.241844455185516,20-50cm
8.700696056,2.2721976412853455,50-100cm
24.59396752,3.242356679967166,0-20cm
15.48723898,2.8025866865307005,0-20cm
15.31322506,2.7919761322177292,20-50cm
11.54292343,2.5291566364237292,20-50cm
21.34570766,3.1066342516087104,50-100cm
20.53364269,3.069616488425919,0-20cm
7.366589327,2.1242463136420437,20-50cm
6.554524362,2.0221466370254397,20-50cm
5.104408353,1.809011190990897,50-100cm
2.726218097,1.3153938042827849,50-100cm
14.21113689,2.7220278496974344,0-20cm
14.90719258,2.766771370462666,0-20cm
8.758700696,2.278159266153191,20-50cm
8.816705336,2.284085560572831,20-50cm
6.612529002,2.0297954428152933,50-100cm
7.656612529,2.158323483117142,>100cm
16.99535963,2.8901139263271287,0-20cm
8.584686775,2.2601666972990686,0-20cm
4.292343387,1.666261132091644,20-50cm
4.234338747,1.6552405224951414,50-100cm
5.510440835,1.873407170517675,50-100cm
15.54524362,2.8060986659554072,0-20cm
9.164733179,2.318924197744161,20-50cm
15.83526682,2.8234759016112907,0-20cm
4.75638051,1.7503088935114712,0-20cm
3.016241299,1.3903464649967827,20-50cm
3.480278422,1.4996851922636585,50-100cm
11.48491879,2.5245214191050547,50-100cm
4.69837587,1.7401811991510703,0-20cm
6.090487239,1.9587540601856084,20-50cm
4.64037123,1.7299498842658516,20-50cm
3.306264501,1.4600708232052213,50-100cm
15.19721578,2.784839362035684,0-20cm
6.090487239,1.9587540601856084,20-50cm
3.596287703,1.5252489565912695,20-50cm
2.958236659,1.3757986379648754,50-100cm
18.32946636,2.9616306860104005,0-20cm
11.48491879,2.5245214191050547,0-20cm
3.828306265,1.5744957363932024,20-50cm
4.872389791,1.7702616704101632,20-50cm
4.75638051,1.7503088935114712,50-100cm
5.220417633,1.8278370480661914,0-20cm
2.378190255,1.2173401385876361,20-50cm
3.016241299,1.3903464649967827,20-50cm
3.016241299,1.3903464649967827,50-100cm
16.87935035,2.8836464351926585,0-20cm
12.12296984,2.5743641176565366,20-50cm
5.916473318,1.9339060035937803,20-50cm
5.278422274,1.8371187186617233,50-100cm
26.56612529,3.316587674353698,>100cm
17.16937355,2.8997374046535747,0-20cm
5.220417633,1.8278370480661914,0-20cm
3.538283063,1.5125487605692358,20-50cm
2.378190255,1.2173401385876361,50-100cm
2.784222738,1.3308405125650895,>100cm
19.29814385,3.010529445906628,0-20cm
8.602088167,2.261980592216145,20-50cm
8.700696056,2.2721976412853455,20-50cm
7.598607889,2.1516003167844606,50-100cm
8.874709977,2.2899769409381743,0-20cm
7.598607889,2.1516003167844606,20-50cm
5.742459397,1.9084247540633008,50-100cm
4.814385151,1.7603350453845883,>100cm
3.480278422,1.4996851922636585,>100cm
6.670533643,2.0373861883174516,0-20cm
5.626450116,1.8910692333543266,20-50cm
8.642691415,2.266200262082887,20-50cm
3.944315545,1.5982385419455967,50-100cm
3.248259861,1.4465094546204627,50-100cm
9.512761021,2.352589854574646,0-20cm
4.814385151,1.7603350453845883,20-50cm
5.800464037,1.916990850589062,50-100cm
4.930394432,1.780090725468795,50-100cm
4.350348028,1.677161610754745,>100cm
5.162412993,1.818468420486176,0-20cm
16.2412993,2.84730762782495,0-20cm
5.684454756,1.899784644923856,20-50cm
5.916473318,1.9339060035937803,50-100cm
5.278422274,1.8371187186617233,50-100cm
15.25522042,2.788414113799274,0-20cm
15.48723898,2.8025866865307005,0-20cm
11.48491879,2.5245214191050547,20-50cm
4.988399072,1.7898241096272645,50-100cm
4.466357309,1.6986124547437058,50-100cm
10.03480278,2.4010541673242503,0-20cm
5.104408353,1.809011190990897,0-20cm
4.292343387,1.666261132091644,20-50cm
4.118329466,1.6328281096398902,50-100cm
4.292343387,1.666261132091644,>100cm
8.874709977,2.2899769409381743,0-20cm
3.364269142,1.4734507393046723,20-50cm
2.668213457,1.2997047470848513,50-100cm
2.900232019,1.361036043417301,50-100cm
9.570765661,2.3580922344394004,0-20cm
5.974477958,1.94225748017524,20-50cm
4.582366589,1.7196128063722729,20-50cm
3.770301624,1.5624095364440707,50-100cm
3.596287703,1.5252489565912695,>100cm
11.94895592,2.561015160957038,0-20cm
9.164733179,2.318924197744161,20-50cm
6.26450116,1.9829996312098825,20-50cm
6.554524362,2.0221466370254397,20-50cm
7.308584687,2.1172892799217724,50-100cm
10.09280742,2.4062969181082163,0-20cm
7.946635731,2.191277565642508,20-50cm
7.424593968,2.1311552813678727,20-50cm
5.858468677,1.9254841918922878,50-100cm
12.6450116,2.6133740042881923,0-20cm
8.874709977,2.2899769409381743,0-20cm
4.582366589,1.7196128063722729,20-50cm
4.350348028,1.677161610754745,20-50cm
4.408352668,1.6879445488925413,50-100cm
10.90487239,2.4769477608557575,0-20cm
14.67517401,2.7520781875737947,20-50cm
5.336426914,1.8463150313457901,20-50cm
3.886310905,1.586437602616289,50-100cm
3.770301624,1.5624095364440707,50-100cm
12.52900232,2.6048357011046885,0-20cm
3.828306265,1.5744957363932024,20-50cm
5.394431555,1.8554275421041846,20-50cm
5.278422274,1.8371187186617233,20-50cm
5.510440835,1.873407170517675,50-100cm
5.742459397,1.9084247540633008,>100cm
12.47099768,2.600539054494606,0-20cm
4.524361949,1.709167756391095,0-20cm
4.466357309,1.6986124547437058,20-50cm
5.684454756,1.899784644923856,50-100cm
3.19025522,1.4327616437735151,50-100cm
3.480278422,1.4996851922636585,>100cm
8.584686775,2.2601666972990686,0-20cm
6.844547564,2.059818712628983,20-50cm
5.278422274,1.8371187186617233,20-50cm
4.292343387,1.666261132091644,50-100cm
8.874709977,2.2899769409381743,0-20cm
4.75638051,1.7503088935114712,20-50cm
3.364269142,1.4734507393046723,50-100cm
5.104408353,1.809011190990897,50-100cm
12.58700696,2.609113965496416,0-20cm
5.336426914,1.8463150313457901,20-50cm
6.090487239,1.9587540601856084,20-50cm
4.350348028,1.677161610754745,50-100cm
7.656612529,2.158323483117142,0-20cm
5.046403712,1.7994636675319253,20-50cm
4.234338747,1.6552405224951414,20-50cm
4.060324826,1.6214306761006323,50-100cm
4.176334107,1.6440971043812276,>100cm
9.512761021,2.352589854574646,0-20cm
4.75638051,1.7503088935114712,20-50cm
4.75638051,1.7503088935114712,50-100cm
4.582366589,1.7196128063722729,50-100cm
16.58932715,2.8672923061702056,0-20cm
10.73085847,2.462222845835683,20-50cm
7.77262181,2.171635713816278,20-50cm
4.930394432,1.780090725468795,50-100cm
19.19953596,3.0056596318660644,0-20cm
13.57308585,2.6791763925655667,0-20cm
5.220417633,1.8278370480661914,20-50cm
2.436194896,1.2343647242828897,50-100cm
12.3549884,2.591889977973003,0-20cm
9.280742459,2.33027248105715,0-20cm
5.974477958,1.94225748017524,20-50cm
6.148491879,1.96690140844391,50-100cm
7.714617169,2.165001750181541,0-20cm
3.944315545,1.5982385419455967,20-50cm
3.654292343,1.5377898783348827,50-100cm
3.016241299,1.3903464649967827,50-100cm
4.292343387,1.666261132091644,>100cm
10.73085847,2.462222845835683,0-20cm
8.700696056,2.2721976412853455,20-50cm
6.032482599,1.9505397870098125,20-50cm
7.076566125,2.088966797671782,50-100cm
12.52900232,2.6048357011046885,0-20cm
12.3549884,2.591889977973003,20-50cm
1.972157773,1.0892882119202307,50-100cm
2.552204176,1.2675683054598799,50-100cm
2.320185615,1.200020689498126,>100cm
8.816705336,2.284085560572831,0-20cm
3.654292343,1.5377898783348827,20-50cm
4.408352668,1.6879445488925413,50-100cm
10.26682135,2.4218622430165584,0-20cm
5.626450116,1.8910692333543266,20-50cm
6.380510441,1.9988428016677164,20-50cm
4.814385151,1.7603350453845883,>100cm
10.96287703,2.4818082739417537,0-20cm
4.75638051,1.7503088935114712,20-50cm
5.046403712,1.7994636675319253,50-100cm
4.408352668,1.6879445488925413,50-100cm
9.686774942,2.3690069902773168,0-20cm
5.278422274,1.8371187186617233,20-50cm
5.278422274,1.8371187186617233,20-50cm
2.668213457,1.2997047470848513,50-100cm
1.50812065,0.9195337276742209,>100cm
20.59164733,3.072306542218104,0-20cm
16.99535963,2.8901139263271287,0-20cm
9.860788863,2.3851589511862823,20-50cm
8.816705336,2.284085560572831,0-20cm
5.162412993,1.818468420486176,20-50cm
3.828306265,1.5744957363932024,20-50cm
2.958236659,1.3757986379648754,50-100cm
7.656612529,2.158323483117142,0-20cm
4.69837587,1.7401811991510703,20-50cm
4.524361949,1.709167756391095,20-50cm
2.958236659,1.3757986379648754,50-100cm
19.19953596,3.0056596318660644,0-20cm
4.118329466,1.6328281096398902,0-20cm
3.422273782,1.4866539941324353,20-50cm
4.582366589,1.7196128063722729,20-50cm
4.75638051,1.7503088935114712,50-100cm
5.568445476,1.882277195063256,>100cm
10.84686775,2.4720635077466433,0-20cm
7.424593968,2.1311552813678727,0-20cm
4.292343387,1.666261132091644,20-50cm
3.07424594,1.404685684171041,50-100cm
2.958236659,1.3757986379648754,>100cm
12.12296984,2.5743641176565366,0-20cm
8.816705336,2.284085560572831,0-20cm
5.278422274,1.8371187186617233,20-50cm
5.336426914,1.8463150313457901,20-50cm
5.162412993,1.818468420486176,50-100cm
6.670533643,2.0373861883174516,0-20cm
4.64037123,1.7299498842658516,0-20cm
1.334106729,0.8476292607537498,20-50cm
2.494199536,1.2511043182667152,50-100cm
2.436194896,1.2343647242828897,50-100cm
11.48491879,2.5245214191050547,0-20cm
5.916473318,1.9339060035937803,0-20cm
6.090487239,1.9587540601856084,50-100cm
3.248259861,1.4465094546204627,50-100cm
2.958236659,1.3757986379648754,0-20cm
2.204176334,1.1644550632722352,0-20cm
1.914153132,1.069579256838409,20-50cm
2.958236659,1.3757986379648754,50-100cm
2.146171694,1.1461863784806638,50-100cm
10.20881671,2.4167006748667217,0-20cm
2.958236659,1.3757986379648754,0-20cm
2.784222738,1.3308405125650895,20-50cm
2.436194896,1.2343647242828897,50-100cm
3.364269142,1.4734507393046723,50-100cm
21.05568445,3.0935703668545536,0-20cm
7.77262181,2.171635713816278,0-20cm
8.526682135,2.254096507520187,20-50cm
8.004640371,2.1977400412396495,50-100cm
9.918793503,2.3904854791395738,0-20cm
6.902552204,2.067185771096572,20-50cm
6.612529002,2.0297954428152933,50-100cm
11.89095128,2.5565256140728625,0-20cm
5.568445476,1.882277195063256,0-20cm
1.798143852,1.0289562873591707,20-50cm
1.50812065,0.9195337276742209,50-100cm
9.744779582,2.3744200163428864,0-20cm
7.88863109,2.1847730545420854,20-50cm
4.64037123,1.7299498842658516,20-50cm
4.988399072,1.7898241096272645,50-100cm
4.234338747,1.6552405224951414,50-100cm
14.09512761,2.7143720169157155,0-20cm
7.366589327,2.1242463136420437,0-20cm
4.69837587,1.7401811991510703,20-50cm
4.582366589,1.7196128063722729,50-100cm
3.596287703,1.5252489565912695,50-100cm
10.15081206,2.4115123257473896,0-20cm
8.352668213,2.2356616729645467,20-50cm
5.800464037,1.916990850589062,20-50cm
5.162412993,1.818468420486176,50-100cm
3.712296984,1.5501754715278433,>100cm
9.118329466,2.3143485777037056,0-20cm
4.234338747,1.6552405224951414,20-50cm
4.234338747,1.6552405224951414,20-50cm
1.56612529,0.9423970919694907,50-100cm
4.118329466,1.6328281096398902,50-100cm
3.596287703,1.5252489565912695,>100cm
12.47099768,2.600539054494606,0-20cm
4.350348028,1.677161610754745,20-50cm
5.046403712,1.7994636675319253,20-50cm
4.060324826,1.6214306761006323,20-50cm
3.364269142,1.4734507393046723,50-100cm
12.9350348,2.634406158239728,0-20cm
5.858468677,1.9254841918922878,20-50cm
4.350348028,1.677161610754745,20-50cm
3.306264501,1.4600708232052213,50-100cm
2.726218097,1.3153938042827849,50-100cm
3.364269142,1.4734507393046723,>100cm
11.54292343,2.5291566364237292,0-20cm
8.410672854,2.241844455185516,20-50cm
4.69837587,1.7401811991510703,20-50cm
4.582366589,1.7196128063722729,20-50cm
5.626450116,1.8910692333543266,50-100cm
12.6450116,2.6133740042881923,0-20cm
5.162412993,1.818468420486176,20-50cm
2.494199536,1.2511043182667152,50-100cm
1.62412993,0.9647493858620633,50-100cm
7.83062645,2.17822595773921,0-20cm
6.380510441,1.9988428016677164,20-50cm
3.654292343,1.5377898783348827,20-50cm
3.07424594,1.404685684171041,50-100cm
3.654292343,1.5377898783348827,50-100cm
5.162412993,1.818468420486176,0-20cm
6.670533643,2.0373861883174516,20-50cm
4.002320186,1.6099018420021345,20-50cm
4.060324826,1.6214306761006323,50-100cm
12.18097448,2.5787744626082816,0-20cm
5.684454756,1.899784644923856,20-50cm
6.090487239,1.9587540601856084,20-50cm
4.408352668,1.6879445488925413,>100cm
5.626450116,1.8910692333543266,>100cm
20.76566125,3.0803335558889553,0-20cm
5.104408353,1.809011190990897,0-20cm
4.002320186,1.6099018420021345,50-100cm
5.626450116,1.8910692333543266,>100cm
8.352668213,2.2356616729645467,0-20cm
4.988399072,1.7898241096272645,20-50cm
4.002320186,1.6099018420021345,50-100cm
3.828306265,1.5744957363932024,50-100cm
44.43155452,3.8162068971035676,0-20cm
6.148491879,1.96690140844391,0-20cm
7.946635731,2.191277565642508,20-50cm
6.20649652,1.9749829136435195,20-50cm
14.50116009,2.740914865640619,0-20cm
6.3225058,1.9909525917986457,20-50cm
5.684454756,1.899784644923856,20-50cm
4.69837587,1.7401811991510703,50-100cm
11.83294664,2.5520158202236005,0-20cm
4.234338747,1.6552405224951414,20-50cm
4.350348028,1.677161610754745,20-50cm
2.668213457,1.2997047470848513,50-100cm
9.164733179,2.318924197744161,0-20cm
5.684454756,1.899784644923856,20-50cm
5.104408353,1.809011190990897,20-50cm
3.422273782,1.4866539941324353,50-100cm
3.770301624,1.5624095364440707,>100cm
12.0649652,2.5699342353639767,0-20cm
3.422273782,1.4866539941324353,20-50cm
2.552204176,1.2675683054598799,20-50cm
2.088167053,1.1275777281734074,50-100cm
25.40603248,3.2735924870797324,0-20cm
15.6612529,2.8130858379926442,0-20cm
10.44083527,2.4371889963982123,20-50cm
6.844547564,2.059818712628983,50-100cm
6.844547564,2.059818712628983,50-100cm
6.380510441,1.9988428016677164,>100cm
10.20881671,2.4167006748667217,0-20cm
8.526682135,2.254096507520187,0-20cm
4.350348028,1.677161610754745,20-50cm
5.278422274,1.8371187186617233,20-50cm
6.20649652,1.9749829136435195,50-100cm
5.510440835,1.873407170517675,0-20cm
1.856148492,1.0494740361229478,20-50cm
2.378190255,1.2173401385876361,50-100cm
1.914153132,1.069579256838409,50-100cm
9.512761021,2.352589854574646,0-20cm
3.596287703,1.5252489565912695,20-50cm
5.104408353,1.809011190990897,20-50cm
4.060324826,1.6214306761006323,50-100cm
9.860788863,2.3851589511862823,0-20cm
9.3387471,2.3358986915258138,20-50cm
6.728538283,2.044919748081826,20-50cm
6.148491879,1.96690140844391,50-100cm
7.714617169,2.165001750181541,0-20cm
4.524361949,1.709167756391095,20-50cm
4.060324826,1.6214306761006323,20-50cm
4.118329466,1.6328281096398902,50-100cm
4.814385151,1.7603350453845883,0-20cm
2.958236659,1.3757986379648754,20-50cm
2.784222738,1.3308405125650895,20-50cm
1.62412993,0.9647493858620633,50-100cm
1.740139211,1.0080087260436568,50-100cm
5.974477958,1.94225748017524,0-20cm
12.58700696,2.609113965496416,20-50cm
5.568445476,1.882277195063256,20-50cm
5.568445476,1.882277195063256,50-100cm
4.582366589,1.7196128063722729,>100cm
10.67285383,2.457265960532671,0-20cm
4.988399072,1.7898241096272645,20-50cm
3.19025522,1.4327616437735151,20-50cm
2.320185615,1.200020689498126,50-100cm
1.740139211,1.0080087260436568,50-100cm
10.20881671,2.4167006748667217,0-20cm
8.062645012,2.2041610213769114,20-50cm
4.350348028,1.677161610754745,50-100cm
11.07888631,2.4914589953758495,0-20cm
4.524361949,1.709167756391095,20-50cm
3.07424594,1.404685684171041,50-100cm
4.234338747,1.6552405224951414,50-100cm
11.02088167,2.4866452766666476,0-20cm
3.712296984,1.5501754715278433,20-50cm
2.668213457,1.2997047470848513,20-50cm
3.944315545,1.5982385419455967,50-100cm
11.31090487,2.5104854443998175,0-20cm
8.932714617,2.295833816024146,0-20cm
5.394431555,1.8554275421041846,20-50cm
5.104408353,1.809011190990897,50-100cm
5.562645012,1.881393724740272,0-20cm
5.626450116,1.8910692333543266,20-50cm
5.493039443,1.870730748203725,20-50cm
8.996519722,2.302237004618316,50-100cm
17.51740139,2.9187109056582403,0-20cm
4.64037123,1.7299498842658516,0-20cm
3.886310905,1.586437602616289,20-50cm
4.814385151,1.7603350453845883,50-100cm
23.78190255,3.210113650897005,0-20cm
11.42691415,2.5198646164552616,0-20cm
8.758700696,2.278159266153191,20-50cm
11.71693735,2.5429347545501044,0-20cm
4.176334107,1.6440971043812276,0-20cm
1.972157773,1.0892882119202307,20-50cm
11.60092807,2.533770467594143,0-20cm
5.800464037,1.916990850589062,0-20cm
3.886310905,1.586437602616289,20-50cm
3.016241299,1.3903464649967827,50-100cm
2.958236659,1.3757986379648754,50-100cm
7.308584687,2.1172892799217724,0-20cm
2.204176334,1.1644550632722352,0-20cm
1.56612529,0.9423970919694907,20-50cm
20.24361949,3.056056590989461,0-20cm
12.58700696,2.609113965496416,0-20cm
16.41531323,2.857349889874991,50-100cm
5.452436195,1.8644577641463982,0-20cm
4.002320186,1.6099018420021345,0-20cm
2.900232019,1.361036043417301,20-50cm
2.320185615,1.200020689498126,50-100cm
1.914153132,1.069579256838409,50-100cm
16.76334107,2.8771368431818636,0-20cm
11.25290023,2.505762662438444,20-50cm
6.496519722,2.01443887577708,20-50cm
12.81902552,2.6260463035524015,0-20cm
6.20649652,1.9749829136435195,0-20cm
3.422273782,1.4866539941324353,20-50cm
2.784222738,1.3308405125650895,50-100cm
7.018561485,2.0817590398303256,0-20cm
7.482598608,2.138016842483422,20-50cm
5.974477958,1.94225748017524,50-100cm
3.306264501,1.4600708232052213,50-100cm
9.512761021,2.352589854574646,0-20cm
8.236658933,2.223180232927466,20-50cm
3.654292343,1.5377898783348827,20-50cm
3.828306265,1.5744957363932024,20-50cm
7.77262181,2.171635713816278,0-20cm
2.726218097,1.3153938042827849,0-20cm
4.814385151,1.7603350453845883,20-50cm
1.450116009,0.8961353740478757,50-100cm
11.07888631,2.4914589953758495,0-20cm
8.816705336,2.284085560572831,0-20cm
3.654292343,1.5377898783348827,20-50cm
3.770301624,1.5624095364440707,50-100cm
11.71693735,2.5429347545501044,0-20cm
5.858468677,1.9254841918922878,20-50cm
4.988399072,1.7898241096272645,20-50cm
4.002320186,1.6099018420021345,50-100cm
6.090487239,1.9587540601856084,50-100cm
9.454756381,2.3470570309352685,0-20cm
13.28306265,2.659074405204275,20-50cm
9.686774942,2.3690069902773168,20-50cm
7.482598608,2.138016842483422,50-100cm
8.642691415,2.266200262082887,0-20cm
3.712296984,1.5501754715278433,20-50cm
3.07424594,1.404685684171041,50-100cm
2.552204176,1.2675683054598799,50-100cm
16.12529002,2.840556319479338,0-20cm
7.192575406,2.1032283058206738,0-20cm
3.886310905,1.586437602616289,20-50cm
5.568445476,1.882277195063256,50-100cm
14.15313225,2.7182072597606304,0-20cm
7.250580046,2.110283506481116,0-20cm
4.988399072,1.7898241096272645,20-50cm
3.596287703,1.5252489565912695,50-100cm
6.3225058,1.9909525917986457,0-20cm
2.262180974,1.1823959821203476,20-50cm
3.654292343,1.5377898783348827,20-50cm
2.030162413,1.1086162197349259,50-100cm
7.192575406,2.1032283058206738,0-20cm
5.568445476,1.882277195063256,0-20cm
5.568445476,1.882277195063256,20-50cm
4.060324826,1.6214306761006323,50-100cm
7.482598608,2.138016842483422,50-100cm
13.51508121,2.6751881923627674,0-20cm
10.26682135,2.4218622430165584,20-50cm
16.18329466,2.843937671161871,50-100cm
13.10904872,2.6468163447400914,50-100cm
25.2900232,3.269189521206216,0-20cm
11.31090487,2.5104854443998175,0-20cm
6.902552204,2.067185771096572,20-50cm
6.554524362,2.0221466370254397,20-50cm
13.16705336,2.6509190828897324,50-100cm
11.02088167,2.4866452766666476,0-20cm
4.466357309,1.6986124547437058,20-50cm
4.002320186,1.6099018420021345,20-50cm
3.944315545,1.5982385419455967,50-100cm
3.016241299,1.3903464649967827,50-100cm
8.990719258,2.301656587866543,0-20cm
11.54292343,2.5291566364237292,20-50cm
8.874709977,2.2899769409381743,20-50cm
7.192575406,2.1032283058206738,50-100cm
8.236658933,2.223180232927466,50-100cm
136.6009281,4.924357670389287,0-20cm
34.6287703,3.5731534659713557,0-20cm
6.960556845,2.0744989528115365,20-50cm
12.6450116,2.6133740042881923,0-20cm
11.48491879,2.5245214191050547,0-20cm
5.336426914,1.8463150313457901,20-50cm
3.828306265,1.5744957363932024,>100cm
10.4,2.4336133554004498,0-20cm
6.2,1.9740810260220096,0-20cm
3.8,1.5686159179138452,20-50cm
3.5,1.5040773967762742,50-100cm
2.3,1.1939224684724346,>100cm
9.1,2.312535423847214,0-20cm
8.1,2.2082744135228043,0-20cm
2.5,1.252762968495368,20-50cm
2.2,1.1631508098056809,50-100cm
2.0,1.0986122886681098,50-100cm
1.9,1.0647107369924282,50-100cm
19.6,3.0252910757955354,0-20cm
16.9,2.884800712846709,0-20cm
15.6,2.8094026953624973,20-50cm
14.1,2.714694743820879,20-50cm
12.7,2.617395832834079,50-100cm
7.4,2.128231705849268,50-100cm
12.5,2.6026896854443837,0-20cm
7.4,2.128231705849268,0-20cm
4.7,1.7404661748405046,20-50cm
4.3,1.667706820558076,20-50cm
8.9,2.2925347571405443,0-20cm
5.5,1.8718021769015913,0-20cm
4.0,1.6094379124341003,20-50cm
14.61716937,2.7483709096796587,0-20cm
6.496519722,2.01443887577708,0-20cm
6.090487239,1.9587540601856084,20-50cm
6.786542923,2.052396977427628,20-50cm
3.944315545,1.5982385419455967,50-100cm
7.366589327,2.1242463136420437,0-20cm
5.858468677,1.9254841918922878,20-50cm
3.596287703,1.5252489565912695,20-50cm
3.19025522,1.4327616437735151,50-100cm
1.798143852,1.0289562873591707,50-100cm
1.50812065,0.9195337276742209,>100cm
14.15313225,2.7182072597606304,0-20cm
6.438515081,2.00667124303799,0-20cm
4.872389791,1.7702616704101632,20-50cm
5.336426914,1.8463150313457901,20-50cm
4.75638051,1.7503088935114712,50-100cm
12.87703016,2.6302349667669254,0-20cm
5.452436195,1.8644577641463982,20-50cm
7.134570766,2.096122975419075,20-50cm
8.352668213,2.2356616729645467,50-100cm
7.83062645,2.17822595773921,50-100cm
7.482598608,2.138016842483422,0-20cm
4.176334107,1.6440971043812276,20-50cm
10.3,2.424802725718295,0-20cm
1.5,0.9162907318741551,0-20cm
1.8,1.0296194171811583,20-50cm
1.9,1.0647107369924282,50-100cm
2.3,1.1939224684724346,50-100cm
2.0,1.0986122886681098,50-100cm
2.6,1.2809338454620642,0-20cm
1.6,0.9555114450274363,0-20cm
1.4,0.8754687373538999,20-50cm
1.6,0.9555114450274363,>100cm
5.2,1.824549292051046,0-20cm
22.2,3.1441522786722644,0-20cm
28.8,3.3945083935113587,0-20cm
10.44,2.437115985951652,0-20cm
7.65,2.157559320943788,0-20cm
7.68,2.1610215286722587,20-50cm
7.65,2.157559320943788,50-100cm
12.52,2.604170070614818,0-20cm
7.11,2.093097868127322,0-20cm
5.91,1.9329696377795786,20-50cm
6.27,1.9837562915454279,50-100cm
22.66,3.1637858585502405,0-20cm
5.94,1.937301774518713,0-20cm
4.88,1.7715567619105355,20-50cm
3.63,1.5325568680981427,50-100cm
12.3,2.5877640352277083,0-20cm
10.5,2.4423470353692043,0-20cm
6.04,1.951608170169951,20-50cm
4.88,1.7715567619105355,20-50cm
5.86,1.925707441737794,50-100cm
12.33,2.5900171341906173,0-20cm
10.78,2.4664031782234406,0-20cm
5.32,1.843719208158766,0-20cm
5.33,1.8453002361560848,50-100cm
6.07,1.9558604799084813,50-100cm
21.3,3.104586678466073,0-20cm
11.16,2.498151876538021,0-20cm
11.15,2.4973291697865574,20-50cm
8.42,2.2428350885882717,20-50cm
6.88,2.064327903869788,50-100cm
10.46,2.4388627112865935,0-20cm
10.05,2.402430427963762,0-20cm
9.13,2.315501318260592,20-50cm
7.38,2.1258479144939915,50-100cm
3.98,1.6054298910365616,50-100cm
9.96,2.3942522815198695,0-20cm
8.0,2.1972245773362196,20-50cm
3.45,1.4929040961781488,20-50cm
34.63,3.5731879796177446,0-20cm
15.88,2.826129489167811,0-20cm
13.55,2.6775909936175015,0-20cm
11.28,2.5079719227189963,20-50cm
5.64,1.8931119634883424,50-100cm
5.78,1.9139771019523042,>100cm
16.64,2.8701690505786455,0-20cm
5.49,1.8702625307159986,0-20cm
5.78,1.9139771019523042,20-50cm
4.89,1.7732559976634952,20-50cm
5.6,1.8870696490323797,50-100cm
20.6,3.0726933146901194,0-20cm
17.56,2.9210087273580543,0-20cm
11.28,2.5079719227189963,20-50cm
6.86,2.061786606441115,50-100cm
7.96,2.192770226986839,50-100cm
9.44,2.3456445824544927,0-20cm
6.24,1.979621206397625,0-20cm
7.11,2.093097868127322,20-50cm
3.98,1.6054298910365616,20-50cm
4.13,1.6351056591826783,50-100cm
13.11,2.6468837658647226,0-20cm
6.32,1.9906103279732201,20-50cm
1.76,1.0152306797290587,20-50cm
0.32,0.2776317365982795,>100cm
2.63,1.2892326482767593,0-20cm
2.82,1.3402504226184837,20-50cm
2.51,1.2556160374777743,>100cm
2.85,1.3480731482996928,>100cm
9.16,2.318458442150336,0-20cm
4.41,1.6882490928583902,20-50cm
1.89,1.0612565021243408,20-50cm
1.36,0.8586616190375187,50-100cm
11.48,2.5241273629412815,0-20cm
3.16,1.425515074273172,20-50cm
1.69,0.9895411936137477,50-100cm
1.11,0.7466879474879752,>100cm
4.92,1.7783364488959144,0-20cm
5.01,1.7934247485471162,20-50cm
2.0,1.0986122886681098,50-100cm
3.62,1.5303947050936475,50-100cm
10.54,2.4458192610799534,0-20cm
5.35,1.8484548129046001,20-50cm
4.71,1.742219023667919,50-100cm
2.98,1.3812818192963463,>100cm
5.07,1.803358605071407,0-20cm
4.51,1.706564623164823,20-50cm
3.1,1.410986973710262,20-50cm
2.44,1.235471471385307,>100cm
7.83,2.178155014615869,0-20cm
6.03,1.9501867058225735,0-20cm
3.93,1.5953389880545987,20-50cm
3.54,1.5129270120532565,50-100cm
2.13,1.1410330045520618,50-100cm
12.88,2.6304489550786583,0-20cm
10.67,2.4570214462984645,0-20cm
6.9,2.066862759472976,20-50cm
8.53,2.254444717666111,50-100cm
4.76,1.7509374747078,50-100cm
1.58,0.9477893989335261,0-20cm
5.82,1.9198594718553708,0-20cm
5.53,1.8764069432883397,20-50cm
4.96,1.7850704810772584,50-100cm
18.94,2.9927277645336923,0-20cm
14.25,2.7245795030534206,20-50cm
7.37,2.124653884501384,50-100cm
6.14,1.965712776351493,>100cm
22.48,3.1561489949598958,0-20cm
6.15,1.9671123567059163,0-20cm
4.3,1.667706820558076,20-50cm
3.24,1.4445632692438664,50-100cm
2.99,1.3837912309017721,50-100cm
16.14,2.8414149131696336,0-20cm
5.9,1.9315214116032138,20-50cm
3.76,1.5602476682433286,50-100cm
3.93,1.5953389880545987,50-100cm
6.32,1.9906103279732201,0-20cm
4.62,1.7263316639055997,20-50cm
4.28,1.6639260977181702,50-100cm
4.55,1.713797927758343,>100cm
13.29,2.659559991941776,0-20cm
12.38,2.5937610547000824,20-50cm
11.73,2.543961412569315,20-50cm
6.49,2.0135687975291283,50-100cm
12.78,2.6232182655855123,>100cm
8.29,2.2289385528257473,0-20cm
5.36,1.8500283773520307,20-50cm
3.21,1.43746264769429,50-100cm
2.74,1.3190856114264407,50-100cm
2.96,1.3762440252663892,>100cm
10.27,2.422144328051685,0-20cm
4.77,1.7526720805200082,20-50cm
3.01,1.3887912413184778,50-100cm
2.56,1.269760544863939,50-100cm
1.42,0.883767540168595,>100cm
14.85,2.7631695003232895,0-20cm
8.75,2.277267285009756,20-50cm
6.47,2.010894999144726,50-100cm
7.73,2.166765369851511,50-100cm
6.89,2.065596134857783,>100cm
9.67,2.367436065313662,0-20cm
3.72,1.551808799597464,0-20cm
4.26,1.6601310267496185,50-100cm
3.03,1.3937663759585917,>100cm
2.95,1.3737155789130306,>100cm
11.31,2.510411940196362,0-20cm
4.45,1.6956156086751528,20-50cm
4.06,1.6213664832993742,20-50cm
4.34,1.6752256529721035,50-100cm
2.66,1.297463147413275,>100cm
5.43,1.860974538249528,0-20cm
4.55,1.713797927758343,20-50cm
4.18,1.6448050562713916,>100cm
9.52,2.3532782073095637,0-20cm
3.85,1.5789787049493917,20-50cm
4.2,1.6486586255873816,50-100cm
4.06,1.6213664832993742,50-100cm
2.16,1.1505720275988207,0-20cm
2.33,1.2029723039923526,20-50cm
1.17,0.7747271675523681,20-50cm
1.0,0.6931471805599453,>100cm
6.57,2.0241930674493576,0-20cm
0.83,0.6043159668533296,20-50cm
2.94,1.3711807233098425,50-100cm
3.39,1.47932922708708,>100cm
22.61,3.1616703510974213,0-20cm
5.39,1.8547342683894434,0-20cm
3.34,1.4678743481123135,50-100cm
2.68,1.3029127521808397,50-100cm
6.2,1.9740810260220096,0-20cm
6.47,2.010894999144726,20-50cm
5.99,1.944480556245719,50-100cm
5.89,1.9300710850255671,50-100cm
7.88,2.1838015570040787,0-20cm
3.37,1.4747630091074988,20-50cm
2.05,1.1151415906193203,20-50cm
2.06,1.1184149159642893,50-100cm
22.13,3.141130476243348,0-20cm
1.76,1.0152306797290587,20-50cm
2.06,1.1184149159642893,50-100cm
7.58,2.149433913499871,0-20cm
3.81,1.5706970841176697,0-20cm
4.55,1.713797927758343,20-50cm
2.89,1.358409157630355,50-100cm
2.66,1.297463147413275,>100cm
7.31,2.1174596088673567,0-20cm
6.01,1.9473377010464987,20-50cm
4.94,1.7817091333745536,20-50cm
3.1,1.410986973710262,50-100cm
5.37,1.851599469584072,0-20cm
3.75,1.55814461804655,20-50cm
3.73,1.5539252025038417,20-50cm
13.79,2.6939512767227085,0-20cm
10.33,2.427454075039915,0-20cm
7.75,2.169053700369523,20-50cm
5.74,1.9080599249242156,50-100cm
5.72,1.9050881545350582,0-20cm
2.52,1.2584609896100056,20-50cm
2.02,1.1052568313867783,50-100cm
2.09,1.128171090909654,>100cm
21.18,3.099190981922221,0-20cm
12.81,2.6253929674212007,0-20cm
5.59,1.8855533485144158,50-100cm
5.36,1.8500283773520307,>100cm
13.08,2.644755350729896,0-20cm
13.56,2.67827804276854,20-50cm
3.42,1.4861396960896067,50-100cm
3.64,1.534714366238164,>100cm
10.79,2.4672517145492794,0-20cm
7.97,2.1938856760707046,20-50cm
4.92,1.7783364488959144,20-50cm
1.84,1.0438040521731147,50-100cm
13.58,2.6796507265805123,0-20cm
8.51,2.252343876557299,20-50cm
9.11,2.3135250330323798,20-50cm
4.76,1.7509374747078,20-50cm
3.29,1.4562867329399256,>100cm
13.48,2.6727683869575705,0-20cm
10.62,2.4527277514237653,0-20cm
3.91,1.5912739418064292,20-50cm
2.15,1.1474024528375417,50-100cm
2.09,1.128171090909654,>100cm
11.08,2.4915511925066687,0-20cm
5.29,1.8389610707123492,20-50cm
4.26,1.6601310267496185,20-50cm
1.15,0.7654678421395714,50-100cm
1.22,0.7975071958841881,50-100cm
9.07,2.309560706730471,0-20cm
5.86,1.925707441737794,0-20cm
4.72,1.7439688053917064,20-50cm
2.56,1.269760544863939,50-100cm
1.79,1.0260415958332743,50-100cm
18.77,2.9841656371825254,0-20cm
13.87,2.6993457604720636,20-50cm
11.79,2.548663615590751,20-50cm
5.94,1.937301774518713,50-100cm
4.01,1.6114359150967734,50-100cm
14.86,2.7638002162067017,0-20cm
7.3,2.1162555148025524,0-20cm
6.91,2.0681277817795625,20-50cm
1.39,0.8712933659434192,50-100cm
0.71,0.5364933705145685,50-100cm
8.39,2.2396452932201716,0-20cm
6.85,2.060513531794317,0-20cm
2.37,1.2149127443642704,20-50cm
1.28,0.8241754429663494,50-100cm
13.9,2.7013612129514133,0-20cm
6.54,2.020222182019865,0-20cm
4.48,1.7011051009599243,20-50cm
3.74,1.556037135706985,50-100cm
2.6,1.2809338454620642,50-100cm
9.92,2.390595970316759,0-20cm
6.89,2.065596134857783,0-20cm
4.78,1.7544036826842861,20-50cm
1.91,1.068153081183401,50-100cm
2.19,1.1600209167967532,50-100cm
13.81,2.6953026282797072,0-20cm
6.55,2.0215475632609334,0-20cm
3.48,1.4996230464268938,20-50cm
2.22,1.169381359556317,50-100cm
1.77,1.0188473201992472,50-100cm
16.36,2.854168709232204,0-20cm
5.2,1.824549292051046,0-20cm
2.58,1.275362800412609,20-50cm
2.59,1.2781522025001875,>100cm
10.02,2.3997118037247684,0-20cm
6.58,2.0255131996542803,0-20cm
8.52,2.253394848803274,20-50cm
8.19,2.2181159363675955,50-100cm
27.21,3.339676525013905,0-20cm
8.25,2.224623551524334,20-50cm
9.03,2.305580601973844,20-50cm
2.77,1.3270750014599193,0-20cm
2.44,1.235471471385307,0-20cm
2.58,1.275362800412609,20-50cm
1.83,1.0402767116551463,50-100cm
5.46,1.8656293177945105,0-20cm
4.38,1.682688374173693,20-50cm
3.89,1.5871923034867808,50-100cm
3.93,1.5953389880545987,50-100cm
8.37,2.2375130962503307,0-20cm
2.37,1.2149127443642704,20-50cm
2.5,1.252762968495368,20-50cm
3.67,1.541159071680806,50-100cm
2.03,1.1085626195212777,>100cm
6.44,2.0068708488450007,0-20cm
3.49,1.501852701754163,0-20cm
5.52,1.8748743759385615,20-50cm
5.58,1.884034745337226,50-100cm
4.01,1.6114359150967734,>100cm
3.31,1.4609379041156565,>100cm
2.18,1.1568811967920856,0-20cm
1.24,0.8064758658669485,20-50cm
4.1,1.62924053973028,50-100cm
1.94,1.0784095813505903,50-100cm
2.92,1.366091653802371,50-100cm
12.06,2.569554123848285,0-20cm
5.8,1.916922612182061,0-20cm
4.09,1.6272778305624314,20-50cm
2.87,1.3532545070416904,50-100cm
7.19,2.102913897864978,0-20cm
3.46,1.4951487660319727,0-20cm
1.26,0.8153648132841945,20-50cm
2.51,1.2556160374777743,50-100cm
2.71,1.3110318766193438,>100cm
12.41,2.596000697293587,0-20cm
8.35,2.2353763433005955,0-20cm
4.21,1.6505798557652755,20-50cm
4.68,1.7369512327330598,50-100cm
5.7,1.9021075263969205,50-100cm
2.49,1.2499017362143359,>100cm
12.82,2.626116818339524,0-20cm
8.41,2.2417729535972883,20-50cm
11.25,2.505525936990736,50-100cm
2.97,1.3787660946990992,>100cm
8.35,2.2353763433005955,0-20cm
6.21,1.9754689512968577,20-50cm
3.69,1.545432582458188,20-50cm
3.23,1.4422019930581866,50-100cm
8.1,2.2082744135228043,0-20cm
3.63,1.5325568680981427,20-50cm
3.04,1.3962446919730587,50-100cm
2.33,1.2029723039923526,>100cm
10.36,2.4300984132930052,0-20cm
3.41,1.4838746894587547,0-20cm
3.82,1.5727739280625088,20-50cm
4.21,1.6505798557652755,50-100cm
1.65,0.9745596399981308,50-100cm
10.22,2.4176979000945504,0-20cm
6.5,2.0149030205422647,0-20cm
3.79,1.5665304114228238,20-50cm
2.24,1.1755733298042381,50-100cm
9.05,2.307572634505085,0-20cm
8.16,2.214846178686039,0-20cm
1.25,0.8109302162163288,20-50cm
0.54,0.43178241642553783,50-100cm
6.42,2.004179057179289,0-20cm
2.84,1.3454723665996355,20-50cm
1.84,1.0438040521731147,50-100cm
14.93,2.768204123921957,0-20cm
9.97,2.395164274287139,20-50cm
7.49,2.138889000323256,>100cm
14.68,2.7523860149222616,0-20cm
3.24,1.4445632692438664,0-20cm
4.35,1.6770965609079151,20-50cm
2.65,1.2947271675944,50-100cm
8.87,2.28949985344539,0-20cm
3.7,1.547562508716013,0-20cm
4.14,1.6370530794670737,20-50cm
1.88,1.0577902941478545,50-100cm
12.59,2.6093342281630525,0-20cm
8.0,2.1972245773362196,0-20cm
4.99,1.7900914121273581,20-50cm
6.9,2.066862759472976,50-100cm
4.11,1.631199404215613,50-100cm
2.66,1.297463147413275,>100cm
1.54,0.9321640810304452,0-20cm
4.29,1.665818245870208,0-20cm
2.38,1.2178757094949273,20-50cm
8.93,2.295560478057081,0-20cm
4.11,1.631199404215613,20-50cm
2.91,1.3635373739972745,20-50cm
8.34,2.234306252240751,0-20cm
2.4,1.2237754316221157,20-50cm
1.32,0.8415671856782186,50-100cm
13.0,2.6390573296152584,0-20cm
4.64,1.7298840655099674,20-50cm
4.6,1.7227665977411035,50-100cm
9.19,2.321406847234633,50-100cm
9.28,2.330200260027019,0-20cm
3.18,1.430311246536665,0-20cm
1.62,0.9631743177730056,20-50cm
1.09,0.7371640659767197,50-100cm
4.82,1.7613002617433464,0-20cm
3.1,1.410986973710262,20-50cm
1.64,0.9707789171582247,20-50cm
1.19,0.7839015438284094,50-100cm
1.09,0.7371640659767197,>100cm
5.56,1.8809906029559975,0-20cm
1.4,0.8754687373538999,20-50cm
0.84,0.6097655716208943,50-100cm
7.65,2.157559320943788,0-20cm
1.69,0.9895411936137477,20-50cm
1.97,1.0885619528146082,50-100cm
4.37,1.6808279085207734,0-20cm
2.41,1.2267122912954254,20-50cm
1.92,1.0715836162801904,50-100cm
4.49,1.7029282555214393,>100cm
18.66,2.9785861147190205,0-20cm
8.0,2.1972245773362196,0-20cm
4.41,1.6882490928583902,20-50cm
3.95,1.599387576580599,20-50cm
3.66,1.5390154481375546,50-100cm
11.33,2.512035317176253,0-20cm
7.83,2.178155014615869,20-50cm
3.77,1.56234630490025,50-100cm
3.46,1.4951487660319727,50-100cm
5.77,1.9125010869241836,50-100cm
3.32,1.463255402256019,>100cm
10.0,2.3978952727983707,0-20cm
4.28,1.6639260977181702,0-20cm
3.01,1.3887912413184778,50-100cm
1.72,1.000631880307906,>100cm
5.26,1.8341801851120072,0-20cm
3.29,1.4562867329399256,0-20cm
3.03,1.3937663759585917,20-50cm
3.39,1.47932922708708,50-100cm
3.58,1.5216989981260935,>100cm
16.5,2.8622008809294686,0-20cm
13.57,2.6789646202071133,0-20cm
5.78,1.9139771019523042,20-50cm
6.08,1.9572739077056285,50-100cm
4.02,1.6134299337036377,0-20cm
0.86,0.6205764877251099,0-20cm
6.34,1.9933388426264242,0-20cm
5.22,1.827769906751088,20-50cm
4.9,1.7749523509116738,50-100cm
1.2,0.7884573603642702,0-20cm
4.78,1.7544036826842861,0-20cm
3.03,1.3937663759585917,50-100cm
1.81,1.0331844833456545,50-100cm
10.98,2.4832385926873033,0-20cm
6.37,1.9974177062012453,0-20cm
8.25,2.224623551524334,20-50cm
27.23,3.340385242265398,0-20cm
4.24,1.6563214983329508,50-100cm
17.57,2.9215473753646144,0-20cm
15.16,2.7825390530929495,20-50cm
7.92,2.188295946591918,50-100cm
7.58,2.149433913499871,0-20cm
5.96,1.9401794743463283,20-50cm
5.95,1.9387416595767009,50-100cm
6.63,2.0320878452963655,50-100cm
2.58,1.275362800412609,>100cm
4.06,1.6213664832993742,0-20cm
4.61,1.724550719534605,20-50cm
5.08,1.8050046959780757,50-100cm
1.07,0.7275486072772778,>100cm
14.55,2.744060638625243,0-20cm
11.42,2.519308076505333,20-50cm
10.54,2.4458192610799534,20-50cm
11.03,2.4874035299865875,50-100cm
4.52,1.7083778602890038,50-100cm
5.3,1.840549633397487,0-20cm
4.35,1.6770965609079151,20-50cm
4.6,1.7227665977411035,20-50cm
9.34,2.336019869080283,0-20cm
5.79,1.9154509415706047,20-50cm
4.44,1.6937790608678513,20-50cm
3.9,1.589235205116581,50-100cm
3.99,1.6074359097634274,0-20cm
2.79,1.332366019094335,20-50cm
0.33,0.2851789422336624,50-100cm
4.55,1.713797927758343,0-20cm
3.11,1.4134230285081433,20-50cm
2.29,1.1908875647772805,20-50cm
1.95,1.0818051703517284,>100cm
8.41,2.2417729535972883,0-20cm
6.55,2.0215475632609334,0-20cm
4.26,1.6601310267496185,20-50cm
2.02,1.1052568313867783,50-100cm
15.6,2.8094026953624973,0-20cm
7.77,2.1713368063840917,20-50cm
4.57,1.7173950539391927,50-100cm
4.88,1.7715567619105355,50-100cm
4.26,1.6601310267496185,>100cm
12.3,2.5877640352277083,0-20cm
6.97,2.075684492802124,20-50cm
6.76,2.048982334195127,50-100cm
3.3,1.4586150226995167,>100cm
17.31,2.907447358686419,0-20cm
5.05,1.80005827204275,20-50cm
8.19,2.2181159363675955,20-50cm
2.6,1.2809338454620642,50-100cm
12.08,2.5710843460290524,0-20cm
6.2,1.9740810260220096,0-20cm
2.32,1.199964782928397,20-50cm
2.89,1.358409157630355,50-100cm
10.82,2.469793011977952,0-20cm
6.4,2.0014800002101243,0-20cm
5.87,1.927164106234258,50-100cm
6.68,2.038619547159581,0-20cm
5.84,1.922787731634459,20-50cm
5.18,1.8213182714695995,20-50cm
4.72,1.7439688053917064,0-20cm
1.47,0.9042181506398859,0-20cm
1.36,0.8586616190375187,50-100cm
0.98,0.6830968447064438,50-100cm
1.14,0.76080582903376,>100cm
6.82,2.05668455455722,0-20cm
6.61,2.0294631718735947,0-20cm
6.28,1.9851308622085946,50-100cm
5.4,1.8562979903656263,0-20cm
2.1,1.1314021114911006,50-100cm
2.81,1.3376291891386096,50-100cm
7.91,2.187174241482718,0-20cm
4.38,1.682688374173693,0-20cm
3.86,1.5810384379124023,50-100cm
7.7,2.1633230256605382,0-20cm
1.1,0.7419373447293773,0-20cm
0.13,0.12221763272424921,50-100cm
1.48,0.9082585601768908,50-100cm
1.63,0.9669838461896731,>100cm
1.63,0.9669838461896731,>100cm
3.87,1.5830939370944985,0-20cm
4.33,1.673351238177753,0-20cm
3.37,1.4747630091074988,50-100cm
5.24,1.8309801823813363,0-20cm
2.69,1.3056264580524357,0-20cm
0.31,0.27002713721306015,20-50cm
3.0,1.3862943611198906,0-20cm
1.52,0.9242589015233319,20-50cm
1.59,0.9516578757114464,20-50cm
1.19,0.7839015438284094,>100cm
1.09,0.7371640659767197,>100cm
18.89,2.9902170928658807,0-20cm
9.97,2.395164274287139,20-50cm
8.06,2.203869120054888,50-100cm
19.98,3.043569602968151,0-20cm
10.26,2.421256622711544,20-50cm
8.81,2.2834022735772717,50-100cm
9.3,2.33214389523559,>100cm
6.84,2.0592388343623163,0-20cm
4.55,1.713797927758343,20-50cm
4.3,1.667706820558076,50-100cm
1.43,0.8878912573524571,0-20cm
9.74,2.3739750890807185,0-20cm
2.06,1.1184149159642893,20-50cm
1.21,0.7929925155296614,50-100cm
6.6,2.028148247292285,0-20cm
0.9,0.6418538861723948,0-20cm
1.31,0.8372475245337022,50-100cm
1.11,0.7466879474879752,>100cm
12.85,2.6282852326333477,0-20cm
5.17,1.8196988379172965,20-50cm
3.83,1.5748464676644813,20-50cm
5.56,1.8809906029559975,50-100cm
1.65,0.9745596399981308,50-100cm
8.29,2.2289385528257473,0-20cm
5.45,1.864080130807681,20-50cm
4.61,1.724550719534605,20-50cm
4.22,1.6524974018945473,50-100cm
11.95,2.5610957881455465,0-20cm
5.92,1.9344157696295783,0-20cm
3.35,1.4701758451005928,20-50cm
1.93,1.0750024230289759,50-100cm
3.54,1.5129270120532565,>100cm
7.95,2.191653532286764,0-20cm
3.16,1.425515074273172,0-20cm
5.34,1.8468787684491346,20-50cm
1.29,0.8285518175661483,50-100cm
4.46,1.6974487897568136,50-100cm
0.89,0.636576829071551,>100cm
3.05,1.3987168811184478,0-20cm
10.51,2.4432162227337915,20-50cm
3.72,1.551808799597464,20-50cm
3.36,1.4724720573609429,50-100cm
10.83,2.4706386779902956,0-20cm
2.93,1.3686394258811698,20-50cm
2.48,1.247032293786383,20-50cm
0.32,0.2776317365982795,50-100cm
14.22,2.7226103524335397,0-20cm
6.67,2.0373166153791646,20-50cm
5.01,1.7934247485471162,20-50cm
2.83,1.3428648031925547,50-100cm
3.1,1.410986973710262,>100cm
9.22,2.3243465847755584,0-20cm
3.57,1.5195132049061133,20-50cm
2.3,1.1939224684724346,50-100cm
2.01,1.1019400787607843,>100cm
12.87,2.6297282343267403,0-20cm
1.61,0.9593502213346021,20-50cm
0.54,0.43178241642553783,50-100cm
5.06,1.801709800081223,50-100cm
14.02,2.7093826463359885,0-20cm
2.93,1.3686394258811698,0-20cm
1.27,0.8197798314933114,20-50cm
1.24,0.8064758658669485,50-100cm
7.84,2.179286876649552,20-50cm
9.66,2.3664984187376983,>100cm
5.69,1.900613874140137,>100cm
8.2,2.2192034840549946,>100cm
11.8,2.5494451709255714,0-20cm
5.95,1.9387416595767009,20-50cm
6.11,1.9615022438151495,0-20cm
5.64,1.8931119634883424,20-50cm
5.08,1.8050046959780757,50-100cm
6.44,2.0068708488450007,>100cm
5.69,1.900613874140137,0-20cm
3.68,1.5432981099295553,0-20cm
1.99,1.095273387402595,20-50cm
8.4,2.2407096892759584,0-20cm
5.33,1.8453002361560848,0-20cm
4.84,1.7647307968401356,20-50cm
4.81,1.7595805708638197,50-100cm
4.58,1.7191887763932197,0-20cm
1.26,0.8153648132841945,20-50cm
2.22,1.169381359556317,50-100cm
9.26,2.3282528397426234,0-20cm
11.08,2.4915511925066687,20-50cm
7.36,2.1234584270966104,0-20cm
7.2,2.1041341542702074,0-20cm
9.85,2.3841650799864684,20-50cm
4.58,1.7191887763932197,50-100cm
0.54,0.43178241642553783,0-20cm
0.09,0.08617769624105233,50-100cm
0.76,0.5653138090500605,50-100cm
0.55,0.4382549309311553,0-20cm
0.55,0.4382549309311553,0-20cm
3.18,1.430311246536665,20-50cm
0.33,0.2851789422336624,50-100cm
0.42,0.35065687161316933,50-100cm
8.18,2.217027204632399,0-20cm
8.6,2.2617630984737906,0-20cm
5.43,1.860974538249528,20-50cm
5.66,1.8961194845522977,50-100cm
9.71,2.3711778844596574,0-20cm
9.4,2.341805806147327,20-50cm
6.4,2.0014800002101243,50-100cm
3.82,1.5727739280625088,0-20cm
5.03,1.7967470107390942,20-50cm
4.89,1.7732559976634952,50-100cm
4.88,1.7715567619105355,>100cm
5.45,1.864080130807681,0-20cm
4.0,1.6094379124341003,0-20cm
3.75,1.55814461804655,50-100cm
3.52,1.5085119938441398,50-100cm
3.08,1.4060969884160703,>100cm
13.71,2.688527534613346,0-20cm
7.13,2.0955609235597192,0-20cm
6.29,1.986503546020567,20-50cm
95.72,4.571820206306537,0-20cm
92.63,4.539350844950798,0-20cm
37.15,3.641525757730466,20-50cm
16.96,2.8881470628740535,50-100cm
79.86,4.392719264212625,0-20cm
39.33,3.697095608885277,0-20cm
38.24,3.6696966346971625,20-50cm
12.35,2.5915163848462583,0-20cm
7.71,2.1644717908644115,0-20cm
8.7,2.272125885509337,20-50cm
3.8,1.5686159179138452,50-100cm
1.33,0.8458682675776092,50-100cm
11.19,2.5006159434931803,0-20cm
6.26,1.9823798288367047,0-20cm
4.33,1.673351238177753,20-50cm
3.25,1.4469189829363254,50-100cm
1.9,1.0647107369924282,50-100cm
9.64,2.3646204839134985,0-20cm
1.47,0.9042181506398859,0-20cm
1.04,0.712949807856125,20-50cm
3.46,1.4951487660319727,>100cm
2.67,1.3001916620664788,>100cm
6.52,2.017566137961748,0-20cm
8.24,2.2235418856535927,20-50cm
4.37,1.6808279085207734,50-100cm
5.16,1.8180767775454285,0-20cm
2.36,1.2119409739751128,20-50cm
1.84,1.0438040521731147,50-100cm
16.13,2.8408313123360287,0-20cm
8.94,2.2965670206684825,20-50cm
6.66,2.0360119837525,50-100cm
6.2,1.9740810260220096,0-20cm
1.91,1.068153081183401,20-50cm
5.61,1.888583653863595,0-20cm
0.16,0.14842000511827327,20-50cm
0.32,0.2776317365982795,50-100cm
3.66,1.5390154481375546,0-20cm
4.99,1.7900914121273581,20-50cm
2.28,1.1878434223960523,50-100cm
3.81,1.5706970841176697,50-100cm
5.21,1.8261608959453874,0-20cm
0.5,0.4054651081081644,20-50cm
0.84,0.6097655716208943,50-100cm
7.54,2.1447610078004784,0-20cm
3.2,1.4350845252893227,20-50cm
3.61,1.5282278570085572,20-50cm
3.74,1.556037135706985,50-100cm
6.15,1.9671123567059163,>100cm
12.37,2.5930133911138515,0-20cm
5.77,1.9125010869241836,0-20cm
4.33,1.673351238177753,50-100cm
3.19,1.4327007339340463,50-100cm
3.24,1.4445632692438664,0-20cm
2.37,1.2149127443642704,20-50cm
5.32,1.843719208158766,0-20cm
2.7,1.308332819650179,0-20cm
4.96,1.7850704810772584,0-20cm
0.36,0.3074846997479606,20-50cm
0.27,0.23901690047049992,50-100cm
2.21,1.1662709371419244,0-20cm
1.91,1.068153081183401,20-50cm
1.47,0.9042181506398859,20-50cm
1.31,0.8372475245337022,50-100cm
7.99,2.196112848483529,0-20cm
0.54,0.43178241642553783,20-50cm
0.44,0.36464311358790924,20-50cm
0.43,0.3576744442718159,50-100cm
32.32,3.506157817298642,0-20cm
27.56,3.3520071374713836,0-20cm
7.43,2.131796772013764,20-50cm
9.96,2.3942522815198695,50-100cm
14.2,2.7212954278522306,0-20cm
3.68,1.5432981099295553,20-50cm
3.68,1.5432981099295553,50-100cm
2.52,1.2584609896100056,50-100cm
3.34,1.4678743481123135,>100cm
3.74,1.556037135706985,0-20cm
4.64,1.7298840655099674,20-50cm
1.14,0.76080582903376,20-50cm
0.8,0.5877866649021191,50-100cm
0.66,0.5068176023684519,50-100cm
4.95,1.7833912195575383,0-20cm
1.26,0.8153648132841945,20-50cm
9.744779582,2.3744200163428864,0-20cm
4.292343387,1.666261132091644,20-50cm
4.350348028,1.677161610754745,50-100cm
15.02320186,2.7740377880865608,0-20cm
6.032482599,1.9505397870098125,20-50cm
4.350348028,1.677161610754745,50-100cm
2.784222738,1.3308405125650895,>100cm
10.15081206,2.4115123257473896,0-20cm
5.104408353,1.809011190990897,20-50cm
4.408352668,1.6879445488925413,50-100cm
12.58700696,2.609113965496416,0-20cm
12.6450116,2.6133740042881923,20-50cm
8.468677494,2.2479892452809844,20-50cm
8.236658933,2.223180232927466,50-100cm
16.29930394,2.8506662660122157,0-20cm
4.872389791,1.7702616704101632,0-20cm
4.350348028,1.677161610754745,20-50cm
3.538283063,1.5125487605692358,50-100cm
14.50116009,2.740914865640619,0-20cm
14.26914153,2.7258338982657584,0-20cm
7.076566125,2.088966797671782,20-50cm
5.394431555,1.8554275421041846,20-50cm
11.774942,2.547485595962045,0-20cm
6.554524362,2.0221466370254397,20-50cm
5.104408353,1.809011190990897,50-100cm
4.69837587,1.7401811991510703,50-100cm
9.39675174,2.341493424669005,0-20cm
2.668213457,1.2997047470848513,20-50cm
2.668213457,1.2997047470848513,50-100cm
7.540603248,2.1448316432448467,0-20cm
2.320185615,1.200020689498126,20-50cm
1.740139211,1.0080087260436568,50-100cm
1.740139211,1.0080087260436568,50-100cm
7.3,2.1162555148025524,0-20cm
3.3,1.4586150226995167,0-20cm
3.4,1.4816045409242156,20-50cm
2.2,1.1631508098056809,50-100cm
7.3,2.1162555148025524,0-20cm
2.8,1.33500106673234,0-20cm
1.3,0.832909122935104,50-100cm
2.7,1.308332819650179,>100cm
5.3,1.840549633397487,0-20cm
1.4,0.8754687373538999,20-50cm
4.6,1.7227665977411035,50-100cm
2.3,1.1939224684724346,50-100cm
2.3,1.1939224684724346,>100cm
12.4,2.5952547069568657,0-20cm
4.9,1.7749523509116738,0-20cm
4.8,1.7578579175523736,50-100cm
3.1,1.410986973710262,50-100cm
3.7,1.547562508716013,0-20cm
2.0,1.0986122886681098,20-50cm
3.1,1.410986973710262,50-100cm
2.7,1.308332819650179,>100cm
6.1,1.9600947840472698,0-20cm
1.4,0.8754687373538999,0-20cm
1.6,0.9555114450274363,20-50cm
3.6,1.5260563034950494,50-100cm
1.1,0.7419373447293773,50-100cm
39.09,3.6911269266544156,0-20cm
7.13,2.0955609235597192,0-20cm
2.17,1.1537315878891892,20-50cm
1.12,0.7514160886839212,50-100cm
2.45,1.2383742310432684,>100cm
13.16,2.6504210882655737,0-20cm
6.34,1.9933388426264242,0-20cm
5.87,1.927164106234258,20-50cm
10.86,2.4731713935695794,50-100cm
5.04,1.7984040119467235,50-100cm
35.81,3.60576954739093,0-20cm
6.92,2.0693912058263346,0-20cm
4.06,1.6213664832993742,0-20cm
3.53,1.5107219394949427,20-50cm
14.36,2.731766727719526,0-20cm
8.13,2.211565694606877,0-20cm
4.5,1.7047480922384253,20-50cm
30.01,3.4343097331123578,0-20cm
15.37,2.7954503913830435,0-20cm
6.96,2.0744289998562917,20-50cm
3.4,1.4816045409242156,50-100cm
8.74,2.2762411176544437,0-20cm
2.19,1.1600209167967532,20-50cm
1.36,0.8586616190375187,50-100cm
1.75,1.0116009116784799,50-100cm
0.95,0.6678293725756554,>100cm
3.54,1.5129270120532565,0-20cm
1.39,0.8712933659434192,20-50cm
1.56,0.9400072584914712,50-100cm
1.24,0.8064758658669485,>100cm
5.16,1.8180767775454285,0-20cm
1.95,1.0818051703517284,20-50cm
2.31,1.1969481893889715,50-100cm
2.8,1.33500106673234,50-100cm
2.57,1.2725655957915476,>100cm
2.19,1.1600209167967532,>100cm
4.56,1.715598108262491,0-20cm
1.98,1.091923300517313,20-50cm
2.08,1.1249295969854831,20-50cm
1.2,0.7884573603642702,>100cm
1.59,0.9516578757114464,0-20cm
1.91,1.068153081183401,0-20cm
1.85,1.0473189942805592,20-50cm
8.89,2.2915241456346207,0-20cm
5.15,1.8164520818184267,0-20cm
5.39,1.8547342683894434,20-50cm
2.91,1.3635373739972745,20-50cm
5.72,1.9050881545350582,>100cm
31.26,3.4738280726970627,0-20cm
1.51,0.9202827531436926,0-20cm
0.33,0.2851789422336624,50-100cm
0.81,0.5933268452777344,>100cm
1.75,1.0116009116784799,>100cm
5.66,1.8961194845522977,0-20cm
0.67,0.5128236264286637,20-50cm
1.01,0.6981347220709844,20-50cm
4.21,1.6505798557652755,0-20cm
1.65,0.9745596399981308,20-50cm
0.77,0.5709795465857378,20-50cm
0.47,0.3852624007906449,50-100cm
1.15,0.7654678421395714,>100cm
4.34,1.6752256529721035,0-20cm
1.58,0.9477893989335261,20-50cm
1.52,0.9242589015233319,50-100cm
1.2,0.7884573603642702,>100cm
9.65,2.365559892155434,0-20cm
5.19,1.8229350866965048,0-20cm
26.69,3.3210713371828704,0-20cm
6.64,2.033397603178429,0-20cm
6.17,1.969905654611529,50-100cm
12.38,2.5937610547000824,50-100cm
18.38,2.96424160646262,0-20cm
11.58,2.5321082512722946,20-50cm
8.64,2.265921108622454,20-50cm
8.0,2.1972245773362196,>100cm
20.75,3.079613757534693,0-20cm
5.09,1.8066480817218056,0-20cm
1.92,1.0715836162801904,20-50cm
2.09,1.128171090909654,50-100cm
4.13,1.6351056591826783,>100cm
9.87,2.386006701133118,0-20cm
4.12,1.6331544390514163,20-50cm
5.13,1.81319474994812,50-100cm
5.8,1.916922612182061,>100cm
4.94,1.7817091333745536,0-20cm
3.23,1.4422019930581866,20-50cm
2.65,1.2947271675944,50-100cm
2.14,1.144222799920162,50-100cm
1.92,1.0715836162801904,0-20cm
2.4,1.2237754316221157,20-50cm
7.59,2.150598735996164,0-20cm
6.93,2.0706530356467567,20-50cm
1.2,0.7884573603642702,20-50cm
1.05,0.7178397931503169,50-100cm
2.08,1.1249295969854831,0-20cm
1.38,0.8671004876833833,20-50cm
0.63,0.48858001481867097,50-100cm
0.82,0.598836501088704,>100cm
4.64,1.7298840655099674,0-20cm
1.45,0.8960880245566356,0-20cm
0.46,0.3784364357202451,20-50cm
0.14,0.1310282624064041,50-100cm
7.91,2.187174241482718,0-20cm
5.61,1.888583653863595,20-50cm
0.6,0.4700036292457355,20-50cm
7.35,2.122261538862764,50-100cm
0.9,0.6418538861723948,50-100cm
0.34,0.29266961396282004,0-20cm
0.01,0.009950330853168083,20-50cm
0.32,0.2776317365982795,50-100cm
0.83,0.6043159668533296,0-20cm
0.46,0.3784364357202451,20-50cm
0.37,0.31481073984003355,20-50cm
0.73,0.5481214085096876,20-50cm
6.12,1.9629077254238845,0-20cm
6.08,1.9572739077056285,0-20cm
7.09,2.0906287310704004,0-20cm
1.51,0.9202827531436926,20-50cm
1.0,0.6931471805599453,50-100cm
0.66,0.5068176023684519,>100cm
10.03480278,2.4010541673242503,0-20cm
6.032482599,1.9505397870098125,20-50cm
3.422273782,1.4866539941324353,50-100cm
3.306264501,1.4600708232052213,50-100cm
22.91183295,3.1743734389251164,0-20cm
4.466357309,1.6986124547437058,0-20cm
2.668213457,1.2997047470848513,20-50cm
2.378190255,1.2173401385876361,50-100cm
13.225058,2.6550050573327293,0-20cm
4.408352668,1.6879445488925413,20-50cm
6.20649652,1.9749829136435195,20-50cm
13.80510441,2.694972013875867,0-20cm
6.20649652,1.9749829136435195,0-20cm
5.742459397,1.9084247540633008,20-50cm
6.20649652,1.9749829136435195,50-100cm
4.292343387,1.666261132091644,50-100cm
14.32714617,2.7296255157364815,0-20cm
6.960556845,2.0744989528115365,0-20cm
5.510440835,1.873407170517675,20-50cm
6.090487239,1.9587540601856084,20-50cm
2.842227378,1.3460522447919403,50-100cm
5.046403712,1.7994636675319253,0-20cm
2.146171694,1.1461863784806638,20-50cm
2.320185615,1.200020689498126,50-100cm
14.32714617,2.7296255157364815,0-20cm
3.712296984,1.5501754715278433,0-20cm
2.494199536,1.2511043182667152,20-50cm
9.802784223,2.3798038993317956,0-20cm
5.162412993,1.818468420486176,20-50cm
5.046403712,1.7994636675319253,20-50cm
4.64037123,1.7299498842658516,50-100cm
8.758700696,2.278159266153191,0-20cm
5.916473318,1.9339060035937803,0-20cm
0.232018561,0.20865393074459407,20-50cm
1.914153132,1.069579256838409,50-100cm
0.696055684,0.5283053693779048,50-100cm
14.21113689,2.7220278496974344,0-20cm
8.004640371,2.1977400412396495,0-20cm
3.248259861,1.4465094546204627,20-50cm
2.958236659,1.3757986379648754,20-50cm
2.610208817,1.2837656147162086,50-100cm
12.18097448,2.5787744626082816,0-20cm
9.280742459,2.33027248105715,0-20cm
2.320185615,1.200020689498126,20-50cm
0.580046404,0.4574542162278497,20-50cm
4.64037123,1.7299498842658516,50-100cm
10.26682135,2.4218622430165584,0-20cm
5.684454756,1.899784644923856,20-50cm
4.69837587,1.7401811991510703,20-50cm
0.928074246,0.656521704782988,50-100cm
0.928074246,0.656521704782988,50-100cm
12.29698376,2.587537224545704,0-20cm
9.918793503,2.3904854791395738,0-20cm
8.410672854,2.241844455185516,20-50cm
7.946635731,2.191277565642508,20-50cm
7.83062645,2.17822595773921,50-100cm
9.686774942,2.3690069902773168,0-20cm
3.538283063,1.5125487605692358,20-50cm
3.480278422,1.4996851922636585,20-50cm
2.958236659,1.3757986379648754,50-100cm
1.972157773,1.0892882119202307,>100cm
21.22969838,3.10142915973291,0-20cm
11.65893271,2.538363109054814,0-20cm
7.134570766,2.096122975419075,20-50cm
6.554524362,2.0221466370254397,50-100cm
9.222737819,2.324614437256044,0-20cm
7.076566125,2.088966797671782,0-20cm
3.828306265,1.5744957363932024,20-50cm
1.218097448,0.7966498230397037,50-100cm
3.422273782,1.4866539941324353,50-100cm
10.15081206,2.4115123257473896,0-20cm
3.886310905,1.586437602616289,20-50cm
3.422273782,1.4866539941324353,20-50cm
3.422273782,1.4866539941324353,50-100cm
23.83990719,3.2124515207458986,0-20cm
17.86542923,2.937331105874106,0-20cm
8.700696056,2.2721976412853455,20-50cm
5.800464037,1.916990850589062,20-50cm
4.69837587,1.7401811991510703,50-100cm
15.9512761,2.830343117128294,0-20cm
10.84686775,2.4720635077466433,0-20cm
6.496519722,2.01443887577708,20-50cm
5.336426914,1.8463150313457901,20-50cm
4.872389791,1.7702616704101632,50-100cm
10.03480278,2.4010541673242503,0-20cm
3.480278422,1.4996851922636585,0-20cm
2.320185615,1.200020689498126,20-50cm
0.522041763,0.42005269861625594,50-100cm
1.102088167,0.7429312159138453,50-100cm
8.758700696,2.278159266153191,0-20cm
4.060324826,1.6214306761006323,0-20cm
0.232018561,0.20865393074459407,20-50cm
0.290023202,0.25466020425834535,20-50cm
7.366589327,2.1242463136420437,0-20cm
5.162412993,1.818468420486176,0-20cm
0.870069606,0.6259756526336497,20-50cm
0.522041763,0.42005269861625594,50-100cm
0.522041763,0.42005269861625594,50-100cm
10.78886311,2.467155281570677,0-20cm
4.350348028,1.677161610754745,0-20cm
2.494199536,1.2511043182667152,20-50cm
5.162412993,1.818468420486176,50-100cm
0.870069606,0.6259756526336497,50-100cm
13.45707657,2.671184022708489,0-20cm
8.816705336,2.284085560572831,0-20cm
6.438515081,2.00667124303799,20-50cm
6.3225058,1.9909525917986457,50-100cm
4.002320186,1.6099018420021345,50-100cm
12.76102088,2.6218400216135826,0-20cm
9.3387471,2.3358986915258138,0-20cm
7.134570766,2.096122975419075,20-50cm
6.380510441,1.9988428016677164,50-100cm
6.844547564,2.059818712628983,50-100cm
11.65893271,2.538363109054814,0-20cm
2.958236659,1.3757986379648754,0-20cm
1.798143852,1.0289562873591707,20-50cm
0.406032483,0.3407718962510452,50-100cm
11.89095128,2.5565256140728625,0-20cm
5.974477958,1.94225748017524,0-20cm
4.060324826,1.6214306761006323,20-50cm
2.639211137,1.29176693755695,50-100cm
8.642691415,2.266200262082887,0-20cm
2.436194896,1.2343647242828897,0-20cm
2.552204176,1.2675683054598799,20-50cm
2.030162413,1.1086162197349259,50-100cm
1.914153132,1.069579256838409,50-100cm
11.65893271,2.538363109054814,0-20cm
6.844547564,2.059818712628983,0-20cm
3.770301624,1.5624095364440707,20-50cm
3.364269142,1.4734507393046723,50-100cm
0.986078886,0.6861622858814522,>100cm
9.222737819,2.324614437256044,0-20cm
5.626450116,1.8910692333543266,20-50cm
3.016241299,1.3903464649967827,20-50cm
1.276102088,0.8224643693882208,50-100cm
1.914153132,1.069579256838409,50-100cm
12.23897912,2.5831654417958805,0-20cm
7.946635731,2.191277565642508,0-20cm
4.466357309,1.6986124547437058,20-50cm
3.248259861,1.4465094546204627,50-100cm
1.160092807,0.7701511869767564,50-100cm
8.642691415,2.266200262082887,0-20cm
7.134570766,2.096122975419075,0-20cm
15.31322506,2.7919761322177292,20-50cm
4.060324826,1.6214306761006323,50-100cm
3.886310905,1.586437602616289,50-100cm
10.78886311,2.467155281570677,0-20cm
5.916473318,1.9339060035937803,0-20cm
4.234338747,1.6552405224951414,20-50cm
3.07424594,1.404685684171041,50-100cm
0.522041763,0.42005269861625594,50-100cm
9.744779582,2.3744200163428864,0-20cm
8.236658933,2.223180232927466,0-20cm
1.972157773,1.0892882119202307,20-50cm
4.002320186,1.6099018420021345,50-100cm
2.610208817,1.2837656147162086,50-100cm
11.36890951,2.5151860264957904,0-20cm
6.26450116,1.9829996312098825,0-20cm
3.480278422,1.4996851922636585,20-50cm
1.56612529,0.9423970919694907,50-100cm
17.28538283,2.9061019882156423,0-20cm
10.44083527,2.4371889963982123,0-20cm
7.83062645,2.17822595773921,20-50cm
8.352668213,2.2356616729645467,50-100cm
5.800464037,1.916990850589062,>100cm
7.424593968,2.1311552813678727,0-20cm
3.596287703,1.5252489565912695,20-50cm
0.348027842,0.29864266657948874,20-50cm
0.870069606,0.6259756526336497,50-100cm
2.030162413,1.1086162197349259,>100cm
9.976798144,2.395783785540928,0-20cm
3.306264501,1.4600708232052213,20-50cm
1.798143852,1.0289562873591707,20-50cm
1.682134571,0.9866129592159453,50-100cm
0.580046404,0.4574542162278497,50-100cm
2.436194896,1.2343647242828897,>100cm
7.076566125,2.088966797671782,0-20cm
3.422273782,1.4866539941324353,20-50cm
3.13225058,1.4188221931746843,50-100cm
3.596287703,1.5252489565912695,50-100cm
2.726218097,1.3153938042827849,50-100cm
1.218097448,0.7966498230397037,>100cm
8.236658933,2.223180232927466,0-20cm
1.740139211,1.0080087260436568,20-50cm
1.56612529,0.9423970919694907,50-100cm
1.50812065,0.9195337276742209,>100cm
1.682134571,0.9866129592159453,>100cm
14.61716937,2.7483709096796587,0-20cm
7.076566125,2.088966797671782,0-20cm
4.75638051,1.7503088935114712,20-50cm
4.002320186,1.6099018420021345,20-50cm
2.436194896,1.2343647242828897,50-100cm
9.3387471,2.3358986915258138,0-20cm
5.452436195,1.8644577641463982,20-50cm
3.364269142,1.4734507393046723,20-50cm
2.146171694,1.1461863784806638,50-100cm
4.872389791,1.7702616704101632,50-100cm
3.654292343,1.5377898783348827,50-100cm
9.164733179,2.318924197744161,0-20cm
5.336426914,1.8463150313457901,20-50cm
6.902552204,2.067185771096572,20-50cm
6.090487239,1.9587540601856084,50-100cm
6.26450116,1.9829996312098825,>100cm
7.192575406,2.1032283058206738,0-20cm
2.842227378,1.3460522447919403,20-50cm
4.176334107,1.6440971043812276,20-50cm
0.522041763,0.42005269861625594,50-100cm
2.378190255,1.2173401385876361,50-100cm
1.044083527,0.7149495359879368,50-100cm
9.280742459,2.33027248105715,0-20cm
4.930394432,1.780090725468795,0-20cm
1.798143852,1.0289562873591707,20-50cm
1.62412993,0.9647493858620633,20-50cm
1.218097448,0.7966498230397037,50-100cm
0.464037123,0.3811977724580676,50-100cm
9.454756381,2.3470570309352685,0-20cm
7.424593968,2.1311552813678727,20-50cm
2.900232019,1.361036043417301,20-50cm
6.090487239,1.9587540601856084,50-100cm
5.510440835,1.873407170517675,>100cm
14.15313225,2.7182072597606304,0-20cm
6.960556845,2.0744989528115365,0-20cm
6.032482599,1.9505397870098125,20-50cm
5.742459397,1.9084247540633008,20-50cm
5.626450116,1.8910692333543266,50-100cm
4.292343387,1.666261132091644,>100cm
13.225058,2.6550050573327293,0-20cm
8.004640371,2.1977400412396495,20-50cm
5.916473318,1.9339060035937803,20-50cm
5.974477958,1.94225748017524,50-100cm
5.278422274,1.8371187186617233,50-100cm
14.50116009,2.740914865640619,0-20cm
8.526682135,2.254096507520187,0-20cm
4.350348028,1.677161610754745,20-50cm
4.118329466,1.6328281096398902,50-100cm
4.988399072,1.7898241096272645,50-100cm
15.54524362,2.8060986659554072,0-20cm
6.090487239,1.9587540601856084,0-20cm
4.64037123,1.7299498842658516,20-50cm
2.726218097,1.3153938042827849,50-100cm
2.204176334,1.1644550632722352,50-100cm
10.44083527,2.4371889963982123,0-20cm
7.83062645,2.17822595773921,0-20cm
4.814385151,1.7603350453845883,20-50cm
5.162412993,1.818468420486176,50-100cm
3.016241299,1.3903464649967827,50-100cm
8.990719258,2.301656587866543,0-20cm
2.726218097,1.3153938042827849,20-50cm
0.986078886,0.6861622858814522,20-50cm
1.682134571,0.9866129592159453,50-100cm
2.842227378,1.3460522447919403,50-100cm
9.164733179,2.318924197744161,0-20cm
6.496519722,2.01443887577708,0-20cm
5.684454756,1.899784644923856,20-50cm
2.958236659,1.3757986379648754,20-50cm
3.480278422,1.4996851922636585,50-100cm
11.42691415,2.5198646164552616,0-20cm
2.668213457,1.2997047470848513,0-20cm
4.582366589,1.7196128063722729,20-50cm
4.64037123,1.7299498842658516,50-100cm
12.00696056,2.565484641863583,0-20cm
7.250580046,2.110283506481116,20-50cm
3.364269142,1.4734507393046723,20-50cm
2.842227378,1.3460522447919403,50-100cm
2.668213457,1.2997047470848513,50-100cm
12.18097448,2.5787744626082816,0-20cm
4.75638051,1.7503088935114712,0-20cm
4.69837587,1.7401811991510703,20-50cm
3.016241299,1.3903464649967827,20-50cm
4.234338747,1.6552405224951414,50-100cm
13.05104408,2.642696704762546,0-20cm
6.960556845,2.0744989528115365,20-50cm
7.77262181,2.171635713816278,20-50cm
8.178654292,2.216880602601443,50-100cm
11.19489559,2.501017469925615,>100cm
8.236658933,2.223180232927466,0-20cm
4.234338747,1.6552405224951414,0-20cm
2.958236659,1.3757986379648754,20-50cm
3.770301624,1.5624095364440707,50-100cm
3.480278422,1.4996851922636585,>100cm
14.03712297,2.710522008334769,0-20cm
8.294663573,2.2294404261127796,0-20cm
2.262180974,1.1823959821203476,20-50cm
2.378190255,1.2173401385876361,20-50cm
4.408352668,1.6879445488925413,50-100cm
8.004640371,2.1977400412396495,0-20cm
4.64037123,1.7299498842658516,0-20cm
0.116009281,0.10975918023278262,20-50cm
2.726218097,1.3153938042827849,50-100cm
5.104408353,1.809011190990897,>100cm
14.15313225,2.7182072597606304,0-20cm
13.34106729,2.66312725987748,20-50cm
20.41763341,3.0642145738549877,0-20cm
10.67285383,2.457265960532671,0-20cm
11.25290023,2.505762662438444,20-50cm
12.0649652,2.5699342353639767,20-50cm
3.944315545,1.5982385419455967,50-100cm
27.90023202,3.3638496234598616,0-20cm
8.584686775,2.2601666972990686,0-20cm
3.712296984,1.5501754715278433,20-50cm
1.972157773,1.0892882119202307,50-100cm
12.70301624,2.6176159721053014,0-20cm
6.786542923,2.052396977427628,0-20cm
8.236658933,2.223180232927466,20-50cm
10.38283063,2.43210613502655,50-100cm
2.436194896,1.2343647242828897,50-100cm
11.19489559,2.501017469925615,0-20cm
7.192575406,2.1032283058206738,0-20cm
5.858468677,1.9254841918922878,20-50cm
4.176334107,1.6440971043812276,50-100cm
6.786542923,2.052396977427628,0-20cm
6.786542923,2.052396977427628,0-20cm
2.494199536,1.2511043182667152,20-50cm
2.610208817,1.2837656147162086,20-50cm
2.436194896,1.2343647242828897,50-100cm
9.918793503,2.3904854791395738,0-20cm
5.916473318,1.9339060035937803,0-20cm
3.712296984,1.5501754715278433,20-50cm
2.262180974,1.1823959821203476,20-50cm
1.972157773,1.0892882119202307,50-100cm
24.76798144,3.249132691755431,0-20cm
7.88863109,2.1847730545420854,0-20cm
4.872389791,1.7702616704101632,20-50cm
4.060324826,1.6214306761006323,50-100cm
3.016241299,1.3903464649967827,50-100cm
16.47331787,2.8606750242591894,0-20cm
12.81902552,2.6260463035524015,0-20cm
6.032482599,1.9505397870098125,20-50cm
3.13225058,1.4188221931746843,50-100cm
13.39907193,2.6671637551994536,0-20cm
1.856148492,1.0494740361229478,0-20cm
4.814385151,1.7603350453845883,20-50cm
3.886310905,1.586437602616289,50-100cm
2.726218097,1.3153938042827849,50-100cm
16.12529002,2.840556319479338,0-20cm
11.89095128,2.5565256140728625,0-20cm
7.192575406,2.1032283058206738,20-50cm
8.178654292,2.216880602601443,20-50cm
1.856148492,1.0494740361229478,50-100cm
7.83062645,2.17822595773921,0-20cm
4.060324826,1.6214306761006323,20-50cm
2.030162413,1.1086162197349259,20-50cm
2.900232019,1.361036043417301,50-100cm
1.276102088,0.8224643693882208,50-100cm
8.642691415,2.266200262082887,0-20cm
5.336426914,1.8463150313457901,0-20cm
5.336426914,1.8463150313457901,20-50cm
2.204176334,1.1644550632722352,20-50cm
2.088167053,1.1275777281734074,50-100cm
7.88863109,2.1847730545420854,0-20cm
1.392111369,0.8721763939510395,0-20cm
4.118329466,1.6328281096398902,20-50cm
3.828306265,1.5744957363932024,50-100cm
20.47563805,3.0669191787211476,0-20cm
6.3225058,1.9909525917986457,0-20cm
4.988399072,1.7898241096272645,20-50cm
8.758700696,2.278159266153191,50-100cm
8.178654292,2.216880602601443,0-20cm
4.930394432,1.780090725468795,0-20cm
5.336426914,1.8463150313457901,20-50cm
6.554524362,2.0221466370254397,20-50cm
2.726218097,1.3153938042827849,50-100cm
13.57308585,2.6791763925655667,0-20cm
6.844547564,2.059818712628983,0-20cm
5.278422274,1.8371187186617233,20-50cm
9.39675174,2.341493424669005,20-50cm
2.320185615,1.200020689498126,50-100cm
15.13921114,2.7812517855630654,0-20cm
7.714617169,2.165001750181541,0-20cm
6.20649652,1.9749829136435195,20-50cm
6.438515081,2.00667124303799,20-50cm
5.104408353,1.809011190990897,50-100cm
14.50116009,2.740914865640619,0-20cm
5.162412993,1.818468420486176,0-20cm
6.902552204,2.067185771096572,20-50cm
5.916473318,1.9339060035937803,20-50cm
4.002320186,1.6099018420021345,50-100cm
18.15545244,2.95258739781624,0-20cm
6.496519722,2.01443887577708,0-20cm
5.278422274,1.8371187186617233,20-50cm
3.19025522,1.4327616437735151,50-100cm
10.90487239,2.4769477608557575,0-20cm
4.002320186,1.6099018420021345,0-20cm
4.002320186,1.6099018420021345,20-50cm
3.770301624,1.5624095364440707,20-50cm
3.248259861,1.4465094546204627,50-100cm
2.262180974,1.1823959821203476,50-100cm
21.46171694,3.1118123907340802,0-20cm
6.786542923,2.052396977427628,0-20cm
2.204176334,1.1644550632722352,20-50cm
2.378190255,1.2173401385876361,50-100cm
25.2900232,3.269189521206216,0-20cm
10.03480278,2.4010541673242503,0-20cm
6.786542923,2.052396977427628,20-50cm
9.976798144,2.395783785540928,0-20cm
3.13225058,1.4188221931746843,0-20cm
3.13225058,1.4188221931746843,20-50cm
1.856148492,1.0494740361229478,20-50cm
3.538283063,1.5125487605692358,50-100cm
20.35962877,3.061502634259318,0-20cm
9.3387471,2.3358986915258138,0-20cm
4.292343387,1.666261132091644,20-50cm
5.104408353,1.809011190990897,50-100cm
24.24593968,3.228665338038423,0-20cm
13.80510441,2.694972013875867,0-20cm
6.26450116,1.9829996312098825,20-50cm
11.19489559,2.501017469925615,50-100cm
3.944315545,1.5982385419455967,50-100cm
28.5962877,3.3876489379242876,0-20cm
6.844547564,2.059818712628983,0-20cm
5.510440835,1.873407170517675,0-20cm
5.858468677,1.9254841918922878,20-50cm
5.220417633,1.8278370480661914,50-100cm
4.292343387,1.666261132091644,50-100cm
19.43155452,3.0170804959984605,0-20cm
12.12296984,2.5743641176565366,0-20cm
5.974477958,1.94225748017524,20-50cm
3.828306265,1.5744957363932024,50-100cm
2.262180974,1.1823959821203476,50-100cm
15.9512761,2.830343117128294,0-20cm
9.048723898,2.307445651119653,0-20cm
9.048723898,2.307445651119653,20-50cm
9.512761021,2.352589854574646,20-50cm
6.032482599,1.9505397870098125,50-100cm
6.032482599,1.9505397870098125,50-100cm
12.99303944,2.6385600231217374,0-20cm
9.39675174,2.341493424669005,0-20cm
7.946635731,2.191277565642508,20-50cm
3.712296984,1.5501754715278433,50-100cm
2.784222738,1.3308405125650895,50-100cm
7.656612529,2.158323483117142,0-20cm
3.422273782,1.4866539941324353,0-20cm
3.422273782,1.4866539941324353,20-50cm
2.726218097,1.3153938042827849,50-100cm
2.030162413,1.1086162197349259,50-100cm
11.54292343,2.5291566364237292,0-20cm
10.38283063,2.43210613502655,0-20cm
5.626450116,1.8910692333543266,20-50cm
2.668213457,1.2997047470848513,50-100cm
4.466357309,1.6986124547437058,50-100cm
8.990719258,2.301656587866543,0-20cm
6.148491879,1.96690140844391,0-20cm
8.468677494,2.2479892452809844,20-50cm
5.742459397,1.9084247540633008,20-50cm
17.34338747,2.909269153698494,0-20cm
6.438515081,2.00667124303799,0-20cm
6.438515081,2.00667124303799,20-50cm
6.670533643,2.0373861883174516,50-100cm
4.69837587,1.7401811991510703,50-100cm
9.280742459,2.33027248105715,0-20cm
7.192575406,2.1032283058206738,0-20cm
3.306264501,1.4600708232052213,20-50cm
1.56612529,0.9423970919694907,20-50cm
1.856148492,1.0494740361229478,50-100cm
21.80974478,3.127187847281486,0-20cm
6.26450116,1.9829996312098825,0-20cm
4.814385151,1.7603350453845883,20-50cm
3.306264501,1.4600708232052213,50-100cm
3.712296984,1.5501754715278433,50-100cm
24.4199536,3.2355344404252597,0-20cm
9.628770302,2.363564503818358,20-50cm
6.20649652,1.9749829136435195,20-50cm
3.712296984,1.5501754715278433,50-100cm
2.726218097,1.3153938042827849,50-100cm
20.06960557,3.0478315076598608,0-20cm
10.32482599,2.4269973061296404,0-20cm
3.770301624,1.5624095364440707,20-50cm
3.016241299,1.3903464649967827,20-50cm
2.262180974,1.1823959821203476,50-100cm
12.12296984,2.5743641176565366,0-20cm
3.712296984,1.5501754715278433,0-20cm
1.392111369,0.8721763939510395,20-50cm
4.69837587,1.7401811991510703,50-100cm
9.860788863,2.3851589511862823,50-100cm
11.89095128,2.5565256140728625,0-20cm
3.828306265,1.5744957363932024,0-20cm
2.900232019,1.361036043417301,20-50cm
2.494199536,1.2511043182667152,50-100cm
3.07424594,1.404685684171041,>100cm
16.18329466,2.843937671161871,0-20cm
9.860788863,2.3851589511862823,0-20cm
4.930394432,1.780090725468795,0-20cm
3.770301624,1.5624095364440707,20-50cm
6.844547564,2.059818712628983,20-50cm
2.610208817,1.2837656147162086,50-100cm
10.15081206,2.4115123257473896,0-20cm
3.828306265,1.5744957363932024,0-20cm
3.828306265,1.5744957363932024,20-50cm
3.886310905,1.586437602616289,50-100cm
4.118329466,1.6328281096398902,50-100cm
24.7099768,3.2468791189047734,0-20cm
8.004640371,2.1977400412396495,0-20cm
5.220417633,1.8278370480661914,0-20cm
3.596287703,1.5252489565912695,50-100cm
2.784222738,1.3308405125650895,50-100cm
10.20881671,2.4167006748667217,0-20cm
4.002320186,1.6099018420021345,0-20cm
2.668213457,1.2997047470848513,20-50cm
2.436194896,1.2343647242828897,20-50cm
1.50812065,0.9195337276742209,50-100cm
7.366589327,2.1242463136420437,0-20cm
1.972157773,1.0892882119202307,0-20cm
1.798143852,1.0289562873591707,20-50cm
1.276102088,0.8224643693882208,20-50cm
1.160092807,0.7701511869767564,50-100cm
8.758700696,2.278159266153191,0-20cm
4.988399072,1.7898241096272645,0-20cm
2.030162413,1.1086162197349259,20-50cm
1.682134571,0.9866129592159453,20-50cm
1.914153132,1.069579256838409,50-100cm
14.79118329,2.7594517646617756,0-20cm
5.916473318,1.9339060035937803,0-20cm
5.336426914,1.8463150313457901,20-50cm
4.988399072,1.7898241096272645,50-100cm
5.162412993,1.818468420486176,50-100cm
13.10904872,2.6468163447400914,0-20cm
3.248259861,1.4465094546204627,0-20cm
2.204176334,1.1644550632722352,20-50cm
1.160092807,0.7701511869767564,20-50cm
25.87006961,3.2910130132455553,0-20cm
7.366589327,2.1242463136420437,0-20cm
5.394431555,1.8554275421041846,20-50cm
1.50812065,0.9195337276742209,20-50cm
1.044083527,0.7149495359879368,20-50cm
11.36890951,2.5151860264957904,0-20cm
6.844547564,2.059818712628983,0-20cm
7.714617169,2.165001750181541,20-50cm
3.480278422,1.4996851922636585,20-50cm
6.438515081,2.00667124303799,0-20cm
3.422273782,1.4866539941324353,0-20cm
1.682134571,0.9866129592159453,20-50cm
2.262180974,1.1823959821203476,50-100cm
1.740139211,1.0080087260436568,50-100cm
1.044083527,0.7149495359879368,50-100cm
17.16937355,2.8997374046535747,0-20cm
3.944315545,1.5982385419455967,0-20cm
3.422273782,1.4866539941324353,20-50cm
4.060324826,1.6214306761006323,20-50cm
9.976798144,2.395783785540928,0-20cm
2.320185615,1.200020689498126,0-20cm
1.218097448,0.7966498230397037,20-50cm
1.044083527,0.7149495359879368,50-100cm
1.044083527,0.7149495359879368,50-100cm
12.87703016,2.6302349667669254,0-20cm
8.004640371,2.1977400412396495,0-20cm
4.814385151,1.7603350453845883,20-50cm
2.842227378,1.3460522447919403,20-50cm
1.218097448,0.7966498230397037,50-100cm
22.38979118,3.1522996528093348,0-20cm
4.466357309,1.6986124547437058,0-20cm
1.972157773,1.0892882119202307,20-50cm
1.160092807,0.7701511869767564,20-50cm
18.03944316,2.946512783137233,0-20cm
4.176334107,1.6440971043812276,0-20cm
1.450116009,0.8961353740478757,20-50cm
1.740139211,1.0080087260436568,50-100cm
8.468677494,2.2479892452809844,50-100cm
8.468677494,2.2479892452809844,0-20cm
2.784222738,1.3308405125650895,0-20cm
3.19025522,1.4327616437735151,20-50cm
3.480278422,1.4996851922636585,50-100cm
12.47099768,2.600539054494606,0-20cm
3.13225058,1.4188221931746843,0-20cm
2.204176334,1.1644550632722352,20-50cm
3.422273782,1.4866539941324353,50-100cm
1.62412993,0.9647493858620633,50-100cm
1.856148492,1.0494740361229478,>100cm
10.26682135,2.4218622430165584,0-20cm
6.032482599,1.9505397870098125,0-20cm
2.494199536,1.2511043182667152,20-50cm
1.56612529,0.9423970919694907,50-100cm
11.54292343,2.5291566364237292,0-20cm
2.146171694,1.1461863784806638,0-20cm
1.102088167,0.7429312159138453,20-50cm
0.406032483,0.3407718962510452,>100cm
17.22737819,2.902924759916552,0-20cm
4.75638051,1.7503088935114712,0-20cm
1.682134571,0.9866129592159453,20-50cm
0.696055684,0.5283053693779048,50-100cm
0.580046404,0.4574542162278497,>100cm
14.73317865,2.755771772307273,0-20cm
4.234338747,1.6552405224951414,0-20cm
2.320185615,1.200020689498126,20-50cm
1.276102088,0.8224643693882208,50-100cm
3.944315545,1.5982385419455967,50-100cm
12.70301624,2.6176159721053014,0-20cm
2.784222738,1.3308405125650895,0-20cm
1.392111369,0.8721763939510395,20-50cm
1.392111369,0.8721763939510395,20-50cm
1.102088167,0.7429312159138453,50-100cm
10.55684455,2.4472778631803367,0-20cm
2.146171694,1.1461863784806638,0-20cm
2.900232019,1.361036043417301,20-50cm
1.50812065,0.9195337276742209,50-100cm
0.638051044,0.4935071473385028,50-100cm
10.32482599,2.4269973061296404,0-20cm
5.162412993,1.818468420486176,0-20cm
2.494199536,1.2511043182667152,20-50cm
2.030162413,1.1086162197349259,50-100cm
3.306264501,1.4600708232052213,0-20cm
2.494199536,1.2511043182667152,20-50cm
2.088167053,1.1275777281734074,50-100cm
2.552204176,1.2675683054598799,>100cm
20.53364269,3.069616488425919,0-20cm
2.378190255,1.2173401385876361,0-20cm
4.408352668,1.6879445488925413,20-50cm
2.146171694,1.1461863784806638,50-100cm
1.914153132,1.069579256838409,50-100cm
6.902552204,2.067185771096572,0-20cm
7.250580046,2.110283506481116,0-20cm
3.306264501,1.4600708232052213,20-50cm
20.93967517,3.088296649359179,0-20cm
6.090487239,1.9587540601856084,20-50cm
3.654292343,1.5377898783348827,20-50cm
4.118329466,1.6328281096398902,50-100cm
3.538283063,1.5125487605692358,>100cm
4.466357309,1.6986124547437058,0-20cm
3.944315545,1.5982385419455967,0-20cm
4.002320186,1.6099018420021345,20-50cm
2.088167053,1.1275777281734074,50-100cm
2.146171694,1.1461863784806638,50-100cm
3.364269142,1.4734507393046723,0-20cm
4.75638051,1.7503088935114712,0-20cm
1.740139211,1.0080087260436568,20-50cm
2.668213457,1.2997047470848513,50-100cm
5.800464037,1.916990850589062,0-20cm
3.770301624,1.5624095364440707,0-20cm
1.914153132,1.069579256838409,20-50cm
2.030162413,1.1086162197349259,50-100cm
1.56612529,0.9423970919694907,>100cm
12.99303944,2.6385600231217374,0-20cm
3.538283063,1.5125487605692358,20-50cm
2.958236659,1.3757986379648754,50-100cm
1.972157773,1.0892882119202307,50-100cm
1.798143852,1.0289562873591707,50-100cm
23.02784223,3.179213250876796,0-20cm
6.032482599,1.9505397870098125,0-20cm
3.712296984,1.5501754715278433,20-50cm
3.596287703,1.5252489565912695,50-100cm
11.65893271,2.538363109054814,0-20cm
2.204176334,1.1644550632722352,20-50cm
2.784222738,1.3308405125650895,20-50cm
3.944315545,1.5982385419455967,50-100cm
3.248259861,1.4465094546204627,>100cm
12.76102088,2.6218400216135826,0-20cm
5.916473318,1.9339060035937803,0-20cm
3.886310905,1.586437602616289,20-50cm
2.842227378,1.3460522447919403,50-100cm
2.436194896,1.2343647242828897,>100cm
11.54292343,2.5291566364237292,0-20cm
2.262180974,1.1823959821203476,0-20cm
6.26450116,1.9829996312098825,20-50cm
2.378190255,1.2173401385876361,50-100cm
11.83294664,2.5520158202236005,0-20cm
4.002320186,1.6099018420021345,0-20cm
2.610208817,1.2837656147162086,20-50cm
2.320185615,1.200020689498126,20-50cm
2.204176334,1.1644550632722352,50-100cm
7.598607889,2.1516003167844606,0-20cm
4.64037123,1.7299498842658516,0-20cm
2.668213457,1.2997047470848513,20-50cm
2.668213457,1.2997047470848513,20-50cm
8.236658933,2.223180232927466,0-20cm
3.13225058,1.4188221931746843,0-20cm
2.320185615,1.200020689498126,20-50cm
2.030162413,1.1086162197349259,50-100cm
1.682134571,0.9866129592159453,50-100cm
18.387471,2.964627032692383,0-20cm
6.728538283,2.044919748081826,20-50cm
4.234338747,1.6552405224951414,50-100cm
17.57540603,2.9218384493151213,0-20cm
7.83062645,2.17822595773921,0-20cm
3.596287703,1.5252489565912695,20-50cm
2.378190255,1.2173401385876361,50-100cm
11.94895592,2.561015160957038,0-20cm
7.598607889,2.1516003167844606,0-20cm
6.3225058,1.9909525917986457,20-50cm
5.104408353,1.809011190990897,20-50cm
4.234338747,1.6552405224951414,50-100cm
2.494199536,1.2511043182667152,50-100cm
16.29930394,2.8506662660122157,0-20cm
9.744779582,2.3744200163428864,0-20cm
9.686774942,2.3690069902773168,20-50cm
4.75638051,1.7503088935114712,50-100cm
3.19025522,1.4327616437735151,50-100cm
8.584686775,2.2601666972990686,0-20cm
10.03480278,2.4010541673242503,0-20cm
5.510440835,1.873407170517675,20-50cm
4.408352668,1.6879445488925413,20-50cm
2.842227378,1.3460522447919403,50-100cm
18.0974478,2.9495547030875815,0-20cm
8.526682135,2.254096507520187,0-20cm
6.844547564,2.059818712628983,20-50cm
3.886310905,1.586437602616289,50-100cm
3.364269142,1.4734507393046723,50-100cm
11.774942,2.547485595962045,0-20cm
6.032482599,1.9505397870098125,0-20cm
6.3225058,1.9909525917986457,20-50cm
3.828306265,1.5744957363932024,50-100cm
27.49419954,3.3497005416483185,0-20cm
9.280742459,2.33027248105715,0-20cm
3.828306265,1.5744957363932024,20-50cm
6.670533643,2.0373861883174516,50-100cm
9.628770302,2.363564503818358,0-20cm
8.642691415,2.266200262082887,0-20cm
5.684454756,1.899784644923856,20-50cm
3.07424594,1.404685684171041,50-100cm
2.436194896,1.2343647242828897,50-100cm
24.53596288,3.2400877676322564,0-20cm
6.3225058,1.9909525917986457,0-20cm
5.104408353,1.809011190990897,20-50cm
7.77262181,2.171635713816278,50-100cm
19.02552204,2.997007562027855,0-20cm
8.004640371,2.1977400412396495,0-20cm
5.452436195,1.8644577641463982,20-50cm
4.64037123,1.7299498842658516,50-100cm
19.43155452,3.0170804959984605,0-20cm
5.394431555,1.8554275421041846,0-20cm
5.626450116,1.8910692333543266,20-50cm
10.44083527,2.4371889963982123,50-100cm
21.92575406,3.132260910077046,0-20cm
5.394431555,1.8554275421041846,0-20cm
5.046403712,1.7994636675319253,20-50cm
2.668213457,1.2997047470848513,50-100cm
6.090487239,1.9587540601856084,>100cm
14.32714617,2.7296255157364815,0-20cm
3.828306265,1.5744957363932024,0-20cm
4.002320186,1.6099018420021345,20-50cm
2.610208817,1.2837656147162086,50-100cm
0.522041763,0.42005269861625594,50-100cm
12.12296984,2.5743641176565366,0-20cm
2.726218097,1.3153938042827849,0-20cm
1.450116009,0.8961353740478757,20-50cm
0.928074246,0.656521704782988,50-100cm
13.92111369,2.7027772360917592,0-20cm
5.220417633,1.8278370480661914,0-20cm
3.712296984,1.5501754715278433,20-50cm
1.740139211,1.0080087260436568,50-100cm
2.320185615,1.200020689498126,50-100cm
12.52900232,2.6048357011046885,0-20cm
5.858468677,1.9254841918922878,0-20cm
1.450116009,0.8961353740478757,20-50cm
3.248259861,1.4465094546204627,50-100cm
1.450116009,0.8961353740478757,50-100cm
1.50812065,0.9195337276742209,0-20cm
4.350348028,1.677161610754745,0-20cm
1.334106729,0.8476292607537498,20-50cm
0.986078886,0.6861622858814522,20-50cm
0.928074246,0.656521704782988,50-100cm
5.046403712,1.7994636675319253,0-20cm
1.044083527,0.7149495359879368,0-20cm
0.928074246,0.656521704782988,0-20cm
0.812064965,0.5944670596271033,50-100cm
12.81902552,2.6260463035524015,0-20cm
7.308584687,2.1172892799217724,0-20cm
4.060324826,1.6214306761006323,20-50cm
8.874709977,2.2899769409381743,50-100cm
22.5638051,3.1597118525337398,0-20cm
8.816705336,2.284085560572831,0-20cm
4.814385151,1.7603350453845883,20-50cm
10.73085847,2.462222845835683,50-100cm
0.580046404,0.4574542162278497,50-100cm
4.69837587,1.7401811991510703,0-20cm
4.292343387,1.666261132091644,0-20cm
1.914153132,1.069579256838409,20-50cm
2.262180974,1.1823959821203476,50-100cm
6.902552204,2.067185771096572,0-20cm
3.886310905,1.586437602616289,0-20cm
2.378190255,1.2173401385876361,20-50cm
3.07424594,1.404685684171041,50-100cm
1.392111369,0.8721763939510395,0-20cm
4.524361949,1.709167756391095,0-20cm
2.146171694,1.1461863784806638,20-50cm
1.856148492,1.0494740361229478,50-100cm
3.770301624,1.5624095364440707,50-100cm
6.438515081,2.00667124303799,0-20cm
3.596287703,1.5252489565912695,20-50cm
5.568445476,1.882277195063256,50-100cm
2.668213457,1.2997047470848513,50-100cm
11.65893271,2.538363109054814,0-20cm
1.334106729,0.8476292607537498,0-20cm
1.914153132,1.069579256838409,20-50cm
1.102088167,0.7429312159138453,50-100cm
1.276102088,0.8224643693882208,50-100cm
6.844547564,2.059818712628983,0-20cm
2.958236659,1.3757986379648754,0-20cm
1.972157773,1.0892882119202307,20-50cm
0.812064965,0.5944670596271033,50-100cm
9.3387471,2.3358986915258138,0-20cm
5.800464037,1.916990850589062,0-20cm
1.62412993,0.9647493858620633,20-50cm
1.334106729,0.8476292607537498,50-100cm
11.60092807,2.533770467594143,0-20cm
4.524361949,1.709167756391095,0-20cm
0.696055684,0.5283053693779048,20-50cm
1.856148492,1.0494740361229478,50-100cm
15.31322506,2.7919761322177292,0-20cm
2.494199536,1.2511043182667152,0-20cm
2.320185615,1.200020689498126,20-50cm
2.262180974,1.1823959821203476,50-100cm
2.668213457,1.2997047470848513,50-100cm
5.046403712,1.7994636675319253,0-20cm
2.378190255,1.2173401385876361,0-20cm
0.928074246,0.656521704782988,20-50cm
6.612529002,2.0297954428152933,0-20cm
3.654292343,1.5377898783348827,20-50cm
3.306264501,1.4600708232052213,50-100cm
13.63109049,2.6831487501899676,0-20cm
3.364269142,1.4734507393046723,0-20cm
1.102088167,0.7429312159138453,20-50cm
2.668213457,1.2997047470848513,50-100cm
1.392111369,0.8721763939510395,>100cm
8.874709977,2.2899769409381743,0-20cm
4.69837587,1.7401811991510703,0-20cm
2.030162413,1.1086162197349259,20-50cm
1.218097448,0.7966498230397037,50-100cm
4.234338747,1.6552405224951414,50-100cm
1.50812065,0.9195337276742209,50-100cm
10.61484919,2.4522843820657583,0-20cm
7.134570766,2.096122975419075,0-20cm
1.62412993,0.9647493858620633,20-50cm
1.50812065,0.9195337276742209,50-100cm
9.860788863,2.3851589511862823,0-20cm
11.48491879,2.5245214191050547,0-20cm
20.70765661,3.0776650374838193,20-50cm
2.262180974,1.1823959821203476,50-100cm
2.262180974,1.1823959821203476,>100cm
8.004640371,2.1977400412396495,0-20cm
6.3225058,1.9909525917986457,0-20cm
2.088167053,1.1275777281734074,20-50cm
11.71693735,2.5429347545501044,50-100cm
1.798143852,1.0289562873591707,50-100cm
9.164733179,2.318924197744161,0-20cm
5.916473318,1.9339060035937803,0-20cm
2.146171694,1.1461863784806638,20-50cm
1.450116009,0.8961353740478757,50-100cm
7.424593968,2.1311552813678727,0-20cm
7.946635731,2.191277565642508,0-20cm
2.784222738,1.3308405125650895,20-50cm
2.320185615,1.200020689498126,50-100cm
2.436194896,1.2343647242828897,50-100cm
9.686774942,2.3690069902773168,0-20cm
5.974477958,1.94225748017524,0-20cm
5.394431555,1.8554275421041846,20-50cm
4.060324826,1.6214306761006323,50-100cm
2.726218097,1.3153938042827849,>100cm
12.3549884,2.591889977973003,0-20cm
10.03480278,2.4010541673242503,0-20cm
5.626450116,1.8910692333543266,20-50cm
4.002320186,1.6099018420021345,50-100cm
10.90487239,2.4769477608557575,0-20cm
3.596287703,1.5252489565912695,0-20cm
1.276102088,0.8224643693882208,50-100cm
0.812064965,0.5944670596271033,50-100cm
3.712296984,1.5501754715278433,50-100cm
8.352668213,2.2356616729645467,0-20cm
4.872389791,1.7702616704101632,0-20cm
3.306264501,1.4600708232052213,20-50cm
4.75638051,1.7503088935114712,50-100cm
1.740139211,1.0080087260436568,>100cm
10.03480278,2.4010541673242503,0-20cm
3.538283063,1.5125487605692358,0-20cm
4.524361949,1.709167756391095,20-50cm
7.77262181,2.171635713816278,50-100cm
6.786542923,2.052396977427628,50-100cm
2.436194896,1.2343647242828897,>100cm
16.19489559,2.844612571751808,0-20cm
2.383990719,1.2190556991279227,0-20cm
1.664733179,0.9801039321551396,20-50cm
0.35962877,0.30721169925142183,50-100cm
6.902552204,2.067185771096572,0-20cm
3.248259861,1.4465094546204627,20-50cm
1.798143852,1.0289562873591707,20-50cm
0.928074246,0.656521704782988,50-100cm
9.106728538,2.313201393921096,0-20cm
12.18097448,2.5787744626082816,0-20cm
6.612529002,2.0297954428152933,20-50cm
5.278422274,1.8371187186617233,20-50cm
2.030162413,1.1086162197349259,50-100cm
16.06728538,2.8371634954546128,0-20cm
13.51508121,2.6751881923627674,20-50cm
40.60324826,3.7281782473919622,0-20cm
32.13457077,3.5005771714801286,0-20cm
7.250580046,2.110283506481116,0-20cm
2.726218097,1.3153938042827849,0-20cm
7.308584687,2.1172892799217724,0-20cm
3.19025522,1.4327616437735151,0-20cm
1.856148492,1.0494740361229478,20-50cm
1.972157773,1.0892882119202307,50-100cm
11.83294664,2.5520158202236005,0-20cm
4.872389791,1.7702616704101632,20-50cm
4.988399072,1.7898241096272645,20-50cm
2.668213457,1.2997047470848513,50-100cm
46.4037123,3.858700544199693,0-20cm
12.00696056,2.565484641863583,0-20cm
6.496519722,2.01443887577708,20-50cm
10.03480278,2.4010541673242503,0-20cm
12.9350348,2.634406158239728,0-20cm
7.88863109,2.1847730545420854,20-50cm
12.8,2.624668592163159,0-20cm
6.3,1.9878743481543455,0-20cm
5.2,1.824549292051046,20-50cm
6.2,1.9740810260220096,20-50cm
4.4,1.6863989535702288,50-100cm
3.5,1.5040773967762742,50-100cm
12.0,2.5649493574615367,0-20cm
8.6,2.2617630984737906,0-20cm
9.4,2.341805806147327,20-50cm
2.5,1.252762968495368,50-100cm
1.3,0.832909122935104,50-100cm
10.8,2.468099531471619,0-20cm
8.7,2.272125885509337,0-20cm
6.1,1.9600947840472698,20-50cm
6.8,2.0541237336955462,50-100cm
5.7,1.9021075263969205,>100cm
8.5,2.2512917986064953,0-20cm
8.1,2.2082744135228043,0-20cm
10.0,2.3978952727983707,0-20cm
4.0,1.6094379124341003,0-20cm
2.6,1.2809338454620642,20-50cm
2.9,1.3609765531356006,>100cm
12.3,2.5877640352277083,0-20cm
7.3,2.1162555148025524,0-20cm
6.6,2.028148247292285,20-50cm
2.2,1.1631508098056809,50-100cm
10.2,2.4159137783010487,0-20cm
7.2,2.1041341542702074,0-20cm
5.9,1.9315214116032138,20-50cm
5.2,1.824549292051046,50-100cm
7.4,2.128231705849268,0-20cm
2.8,1.33500106673234,0-20cm
1.4,0.8754687373538999,20-50cm
4.3,1.667706820558076,0-20cm
2.7,1.308332819650179,0-20cm
1.8,1.0296194171811583,20-50cm
1.9,1.0647107369924282,>100cm
10.0,2.3978952727983707,0-20cm
5.7,1.9021075263969205,0-20cm
4.9,1.7749523509116738,20-50cm
10.8,2.468099531471619,0-20cm
5.3,1.840549633397487,20-50cm
5.8,1.916922612182061,50-100cm
3.2,1.4350845252893227,50-100cm
10.7,2.4595888418037104,0-20cm
7.9,2.186051276738094,0-20cm
3.2,1.4350845252893227,20-50cm
2.9,1.3609765531356006,50-100cm
2.1,1.1314021114911006,50-100cm
7.3,2.1162555148025524,0-20cm
6.1,1.9600947840472698,0-20cm
2.8,1.33500106673234,20-50cm
2.5,1.252762968495368,50-100cm
2.3,1.1939224684724346,50-100cm
6.9,2.066862759472976,0-20cm
5.0,1.791759469228055,0-20cm
3.8,1.5686159179138452,20-50cm
3.1,1.410986973710262,50-100cm
2.1,1.1314021114911006,50-100cm
4.5,1.7047480922384253,0-20cm
1.8,1.0296194171811583,20-50cm
0.7,0.5306282510621704,20-50cm
0.3,0.26236426446749106,50-100cm
0.4,0.33647223662121295,50-100cm
5.9,1.9315214116032138,0-20cm
4.8,1.7578579175523736,0-20cm
2.9,1.3609765531356006,20-50cm
2.2,1.1631508098056809,50-100cm
1.6,0.9555114450274363,50-100cm
4.6,1.7227665977411035,0-20cm
3.5,1.5040773967762742,0-20cm
2.6,1.2809338454620642,20-50cm
5.8,1.916922612182061,50-100cm
1.7,0.9932517730102833,50-100cm
10.2,2.4159137783010487,0-20cm
6.1,1.9600947840472698,0-20cm
6.1,1.9600947840472698,20-50cm
3.7,1.547562508716013,50-100cm
10.9,2.4765384001174837,0-20cm
8.6,2.2617630984737906,0-20cm
6.5,2.0149030205422647,20-50cm
6.3,1.9878743481543455,50-100cm
3.9,1.589235205116581,50-100cm
13.9,2.7013612129514133,0-20cm
7.5,2.1400661634962708,0-20cm
7.9,2.186051276738094,20-50cm
3.2,1.4350845252893227,50-100cm
10.2,2.4159137783010487,0-20cm
6.3,1.9878743481543455,0-20cm
5.8,1.916922612182061,20-50cm
2.1,1.1314021114911006,50-100cm
1.4,0.8754687373538999,50-100cm
8.8,2.2823823856765264,0-20cm
5.4,1.8562979903656263,0-20cm
4.0,1.6094379124341003,20-50cm
2.8,1.33500106673234,50-100cm
2.7,1.308332819650179,50-100cm
8.4,2.2407096892759584,0-20cm
6.5,2.0149030205422647,0-20cm
5.3,1.840549633397487,20-50cm
1.4,0.8754687373538999,50-100cm
1.0,0.6931471805599453,>100cm
6.9,2.066862759472976,0-20cm
5.3,1.840549633397487,0-20cm
6.4,2.0014800002101243,20-50cm
3.2,1.4350845252893227,50-100cm
2.0,1.0986122886681098,50-100cm
11.4,2.517696472610991,0-20cm
7.1,2.0918640616783932,0-20cm
3.5,1.5040773967762742,20-50cm
1.4,0.8754687373538999,50-100cm
0.1,0.09531017980432487,50-100cm
6.8,2.0541237336955462,0-20cm
2.4,1.2237754316221157,0-20cm
1.2,0.7884573603642702,50-100cm
3.6,1.5260563034950494,50-100cm
1.3,0.832909122935104,>100cm
9.1,2.312535423847214,0-20cm
3.8,1.5686159179138452,0-20cm
2.4,1.2237754316221157,20-50cm
1.8,1.0296194171811583,50-100cm
14.2,2.7212954278522306,0-20cm
5.4,1.8562979903656263,0-20cm
3.5,1.5040773967762742,20-50cm
6.2,1.9740810260220096,50-100cm
8.4,2.2407096892759584,0-20cm
9.9,2.388762789235098,0-20cm
4.0,1.6094379124341003,20-50cm
3.6,1.5260563034950494,50-100cm
13.1,2.6461747973841225,0-20cm
9.9,2.388762789235098,0-20cm
4.6,1.7227665977411035,20-50cm
4.0,1.6094379124341003,50-100cm
4.7,1.7404661748405046,50-100cm
3.3,1.4586150226995167,0-20cm
1.6,0.9555114450274363,20-50cm
1.7,0.9932517730102833,50-100cm
1.2,0.7884573603642702,>100cm
9.1,2.312535423847214,0-20cm
4.4,1.6863989535702288,0-20cm
1.5,0.9162907318741551,50-100cm
1.1,0.7419373447293773,>100cm
7.3,2.1162555148025524,0-20cm
4.4,1.6863989535702288,0-20cm
2.1,1.1314021114911006,50-100cm
1.2,0.7884573603642702,50-100cm
7.0,2.0794415416798357,0-20cm
5.7,1.9021075263969205,0-20cm
4.1,1.62924053973028,20-50cm
3.6,1.5260563034950494,50-100cm
3.3,1.4586150226995167,>100cm
5.9,1.9315214116032138,0-20cm
3.0,1.3862943611198906,0-20cm
2.9,1.3609765531356006,50-100cm
3.3,1.4586150226995167,50-100cm
11.1,2.4932054526026954,0-20cm
3.3,1.4586150226995167,20-50cm
1.8,1.0296194171811583,50-100cm
1.5,0.9162907318741551,50-100cm
10.3,2.424802725718295,0-20cm
2.4,1.2237754316221157,20-50cm
1.2,0.7884573603642702,20-50cm
1.7,0.9932517730102833,50-100cm
0.5,0.4054651081081644,50-100cm
9.6,2.3608540011180215,0-20cm
4.5,1.7047480922384253,0-20cm
4.3,1.667706820558076,20-50cm
3.1,1.410986973710262,50-100cm
17.8,2.9338568698359038,0-20cm
13.4,2.667228206581955,20-50cm
6.8,2.0541237336955462,20-50cm
7.5,2.1400661634962708,50-100cm
27.8,3.3603753871419,0-20cm
20.9,3.086486636822455,0-20cm
16.5,2.8622008809294686,20-50cm
10.3,2.424802725718295,0-20cm
5.3,1.840549633397487,0-20cm
5.5,1.8718021769015913,50-100cm
9.1,2.312535423847214,0-20cm
5.3,1.840549633397487,20-50cm
2.3,1.1939224684724346,50-100cm
2.0,1.0986122886681098,50-100cm
2.4,1.2237754316221157,>100cm
9.2,2.322387720290225,0-20cm
3.9,1.589235205116581,20-50cm
3.0,1.3862943611198906,50-100cm
10.8,2.468099531471619,0-20cm
3.7,1.547562508716013,0-20cm
3.2,1.4350845252893227,20-50cm
14.5,2.740840023925201,0-20cm
4.4,1.6863989535702288,0-20cm
19.1,3.0007198150650303,0-20cm
10.1,2.4069451083182885,0-20cm
26.7,3.3214324131932926,0-20cm
6.9,2.066862759472976,0-20cm
1.4,0.8754687373538999,20-50cm
15.2,2.785011242238338,0-20cm
4.4,1.6863989535702288,0-20cm
1.6,0.9555114450274363,50-100cm
2.4,1.2237754316221157,50-100cm
6.5,2.0149030205422647,0-20cm
3.6,1.5260563034950494,0-20cm
3.3,1.4586150226995167,0-20cm
1.9,1.0647107369924282,20-50cm
15.9,2.827313621929028,0-20cm
4.8,1.7578579175523736,0-20cm
4.0,1.6094379124341003,20-50cm
3.7,1.547562508716013,50-100cm
6.5,2.0149030205422647,0-20cm
3.9,1.589235205116581,20-50cm
2.9,1.3609765531356006,50-100cm
5.9,1.9315214116032138,0-20cm
4.6,1.7227665977411035,20-50cm
3.3,1.4586150226995167,0-20cm
3.3,1.4586150226995167,20-50cm
0.9,0.6418538861723948,20-50cm
10.0,2.3978952727983707,0-20cm
5.1,1.8082887711792655,0-20cm
4.3,1.667706820558076,50-100cm
2.9,1.3609765531356006,>100cm
5.8,1.916922612182061,0-20cm
4.5,1.7047480922384253,20-50cm
3.0,1.3862943611198906,20-50cm
4.1,1.62924053973028,0-20cm
1.8,1.0296194171811583,0-20cm
6.6,2.028148247292285,0-20cm
3.4,1.4816045409242156,0-20cm
2.3,1.1939224684724346,20-50cm
3.8,1.5686159179138452,0-20cm
3.3,1.4586150226995167,20-50cm
5.0,1.791759469228055,20-50cm
5.2,1.824549292051046,0-20cm
2.4,1.2237754316221157,0-20cm
3.2,1.4350845252893227,0-20cm
2.5,1.252762968495368,0-20cm
23.6,3.202746442938317,0-20cm
20.4,3.0633909220278057,0-20cm
47.6,3.883623530906448,0-20cm
21.8,3.126760535960395,0-20cm
11.3,2.509599262378372,0-20cm
14.2,2.7212954278522306,0-20cm
7.5,2.1400661634962708,0-20cm
3.6,1.5260563034950494,20-50cm
6.9,2.066862759472976,0-20cm
4.3,1.667706820558076,0-20cm
10.0,2.3978952727983707,0-20cm
7.2,2.1041341542702074,20-50cm
13.3,2.6602595372658615,0-20cm
2.5,1.252762968495368,0-20cm
5.7,1.9021075263969205,0-20cm
3.1,1.410986973710262,20-50cm
11.25290023,2.505762662438444,0-20cm
10.84686775,2.4720635077466433,0-20cm
3.19025522,1.4327616437735151,20-50cm
3.944315545,1.5982385419455967,50-100cm
3.828306265,1.5744957363932024,50-100cm
6.496519722,2.01443887577708,0-20cm
7.308584687,2.1172892799217724,0-20cm
0.406032483,0.3407718962510452,20-50cm
2.784222738,1.3308405125650895,50-100cm
7.424593968,2.1311552813678727,0-20cm
5.162412993,1.818468420486176,0-20cm
7.83062645,2.17822595773921,20-50cm
9.744779582,2.3744200163428864,20-50cm
18.15545244,2.95258739781624,0-20cm
13.05104408,2.642696704762546,20-50cm
12.41299304,2.5962238670202438,20-50cm
8.990719258,2.301656587866543,50-100cm
49.88399072,3.9295483499183486,0-20cm
17.63341067,2.924956241931558,0-20cm
19.2575406,3.0085270995467117,50-100cm
6.902552204,2.067185771096572,50-100cm
5.046403712,1.7994636675319253,>100cm
24.22273782,3.2277458821388874,0-20cm
9.849187935,2.3840902324850033,20-50cm
7.041763341,2.084648380163437,20-50cm
7.041763341,2.084648380163437,50-100cm
4.176334107,1.6440971043812276,50-100cm
4.814385151,1.7603350453845883,0-20cm
6.902552204,2.067185771096572,0-20cm
5.162412993,1.818468420486176,20-50cm
3.596287703,1.5252489565912695,50-100cm
1.160092807,0.7701511869767564,>100cm
6.670533643,2.0373861883174516,0-20cm
4.75638051,1.7503088935114712,0-20cm
7.308584687,2.1172892799217724,20-50cm
3.422273782,1.4866539941324353,50-100cm
3.596287703,1.5252489565912695,50-100cm
2.494199536,1.2511043182667152,0-20cm
2.668213457,1.2997047470848513,0-20cm
6.438515081,2.00667124303799,20-50cm
3.306264501,1.4600708232052213,50-100cm
4.814385151,1.7603350453845883,50-100cm
5.452436195,1.8644577641463982,>100cm
2.726218097,1.3153938042827849,0-20cm
3.306264501,1.4600708232052213,20-50cm
4.060324826,1.6214306761006323,20-50cm
1.276102088,0.8224643693882208,50-100cm
9.048723898,2.307445651119653,0-20cm
6.902552204,2.067185771096572,0-20cm
4.872389791,1.7702616704101632,20-50cm
4.872389791,1.7702616704101632,20-50cm
3.248259861,1.4465094546204627,50-100cm
5.046403712,1.7994636675319253,50-100cm
3.596287703,1.5252489565912695,0-20cm
0.870069606,0.6259756526336497,0-20cm
6.380510441,1.9988428016677164,0-20cm
1.56612529,0.9423970919694907,20-50cm
0.928074246,0.656521704782988,50-100cm
1.914153132,1.069579256838409,50-100cm
14.03712297,2.710522008334769,0-20cm
3.07424594,1.404685684171041,0-20cm
3.886310905,1.586437602616289,20-50cm
3.13225058,1.4188221931746843,50-100cm
3.364269142,1.4734507393046723,50-100cm
2.088167053,1.1275777281734074,50-100cm
0.174013921,0.1604285790868798,50-100cm
11.31090487,2.5104854443998175,0-20cm
6.554524362,2.0221466370254397,0-20cm
9.3387471,2.3358986915258138,20-50cm
10.84686775,2.4720635077466433,20-50cm
4.292343387,1.666261132091644,50-100cm
2.958236659,1.3757986379648754,50-100cm
5.800464037,1.916990850589062,>100cm
10.67285383,2.457265960532671,0-20cm
5.394431555,1.8554275421041846,20-50cm
2.088167053,1.1275777281734074,20-50cm
2.494199536,1.2511043182667152,50-100cm
4.292343387,1.666261132091644,50-100cm
6.786542923,2.052396977427628,50-100cm
6.26450116,1.9829996312098825,0-20cm
5.568445476,1.882277195063256,20-50cm
2.900232019,1.361036043417301,50-100cm
1.160092807,0.7701511869767564,50-100cm
0.928074246,0.656521704782988,50-100cm
4.060324826,1.6214306761006323,0-20cm
6.496519722,2.01443887577708,0-20cm
3.828306265,1.5744957363932024,0-20cm
11.31090487,2.5104854443998175,50-100cm
1.56612529,0.9423970919694907,50-100cm
2.726218097,1.3153938042827849,50-100cm
4.872389791,1.7702616704101632,0-20cm
3.538283063,1.5125487605692358,0-20cm
4.292343387,1.666261132091644,20-50cm
3.596287703,1.5252489565912695,50-100cm
1.856148492,1.0494740361229478,50-100cm
1.914153132,1.069579256838409,>100cm
3.770301624,1.5624095364440707,0-20cm
2.842227378,1.3460522447919403,0-20cm
1.856148492,1.0494740361229478,50-100cm
1.914153132,1.069579256838409,50-100cm
1.740139211,1.0080087260436568,50-100cm
1.50812065,0.9195337276742209,0-20cm
1.392111369,0.8721763939510395,0-20cm
1.450116009,0.8961353740478757,0-20cm
1.044083527,0.7149495359879368,0-20cm
0.812064965,0.5944670596271033,20-50cm
1.276102088,0.8224643693882208,0-20cm
0.638051044,0.4935071473385028,0-20cm
0.522041763,0.42005269861625594,20-50cm
0.580046404,0.4574542162278497,20-50cm
0.754060325,0.5619332861749915,0-20cm
0.580046404,0.4574542162278497,0-20cm
0.522041763,0.42005269861625594,20-50cm
0.580046404,0.4574542162278497,50-100cm
0.522041763,0.42005269861625594,50-100cm
1.334106729,0.8476292607537498,0-20cm
0.928074246,0.656521704782988,20-50cm
0.696055684,0.5283053693779048,20-50cm
1.276102088,0.8224643693882208,50-100cm
0.928074246,0.656521704782988,50-100cm
0.580046404,0.4574542162278497,0-20cm
0.754060325,0.5619332861749915,0-20cm
0.638051044,0.4935071473385028,20-50cm
0.696055684,0.5283053693779048,50-100cm
0.580046404,0.4574542162278497,50-100cm
1.160092807,0.7701511869767564,0-20cm
1.102088167,0.7429312159138453,0-20cm
1.56612529,0.9423970919694907,20-50cm
0.522041763,0.42005269861625594,50-100cm
1.62412993,0.9647493858620633,50-100cm
1.56612529,0.9423970919694907,0-20cm
1.856148492,1.0494740361229478,0-20cm
1.392111369,0.8721763939510395,20-50cm
1.62412993,0.9647493858620633,50-100cm
5.005800464,1.792725746232027,0-20cm
4.257540603,1.659663351436984,20-50cm
3.921113689,1.593534864441604,20-50cm
2.030162413,1.1086162197349259,50-100cm
2.975638051,1.3801852511998272,50-100cm
6.728538283,2.044919748081826,0-20cm
2.204176334,1.1644550632722352,0-20cm
8.816705336,2.284085560572831,20-50cm
2.552204176,1.2675683054598799,50-100cm
1.392111369,0.8721763939510395,50-100cm
6.26450116,1.9829996312098825,0-20cm
3.422273782,1.4866539941324353,0-20cm
1.798143852,1.0289562873591707,20-50cm
2.726218097,1.3153938042827849,0-20cm
2.436194896,1.2343647242828897,0-20cm
1.50812065,0.9195337276742209,20-50cm
0.812064965,0.5944670596271033,50-100cm
1.218097448,0.7966498230397037,>100cm
1.740139211,1.0080087260436568,0-20cm
1.56612529,0.9423970919694907,0-20cm
1.682134571,0.9866129592159453,20-50cm
1.682134571,0.9866129592159453,50-100cm
1.102088167,0.7429312159138453,50-100cm
3.480278422,1.4996851922636585,0-20cm
3.248259861,1.4465094546204627,0-20cm
2.262180974,1.1823959821203476,20-50cm
1.914153132,1.069579256838409,0-20cm
1.218097448,0.7966498230397037,20-50cm
2.2,1.1631508098056809,0-20cm
1.4,0.8754687373538999,0-20cm
1.7,0.9932517730102833,20-50cm
1.5,0.9162907318741551,>100cm
1.3,0.832909122935104,0-20cm
1.3,0.832909122935104,0-20cm
2.1,1.1314021114911006,20-50cm
0.9,0.6418538861723948,50-100cm
0.7,0.5306282510621704,0-20cm
1.8,1.0296194171811583,0-20cm
1.8,1.0296194171811583,20-50cm
0.9,0.6418538861723948,50-100cm
5.5,1.8718021769015913,0-20cm
21.8,3.126760535960395,0-20cm
11.2,2.501435951739211,20-50cm
9.9,2.388762789235098,50-100cm
4.2,1.6486586255873816,0-20cm
3.8,1.5686159179138452,0-20cm
2.1,1.1314021114911006,20-50cm
2.0,1.0986122886681098,50-100cm
1.0,0.6931471805599453,50-100cm
13.9,2.7013612129514133,0-20cm
12.7,2.617395832834079,0-20cm
7.3,2.1162555148025524,20-50cm
6.4,2.0014800002101243,50-100cm
7.2,2.1041341542702074,50-100cm
44.7,3.822098297900159,0-20cm
17.5,2.917770732084279,0-20cm
13.6,2.681021528714291,20-50cm
18.9,2.990719731730447,0-20cm
6.6,2.028148247292285,0-20cm
3.4,1.4816045409242156,20-50cm
6.0,1.9459101490553132,50-100cm
11.7,2.5416019934645457,0-20cm
11.6,2.533696813957432,20-50cm
24.7,3.246490991901174,0-20cm
21.0,3.091042453358316,0-20cm
22.8,3.169685580677429,20-50cm
18.6,2.975529566236472,50-100cm
10.9,2.4765384001174837,0-20cm
10.8,2.468099531471619,0-20cm
4.8,1.7578579175523736,20-50cm
4.5,1.7047480922384253,50-100cm
35.1,3.586292865338835,0-20cm
24.3,3.2308043957334744,0-20cm
12.3,2.5877640352277083,50-100cm
8.8,2.2823823856765264,50-100cm
7.6,2.151762203259462,0-20cm
9.1,2.312535423847214,0-20cm
9.1,2.312535423847214,20-50cm
7.6,2.151762203259462,50-100cm
25.0,3.258096538021482,0-20cm
38.0,3.6635616461296463,0-20cm
2.4,1.2237754316221157,0-20cm
2.7,1.308332819650179,0-20cm
3.2,1.4350845252893227,50-100cm
2.7,1.308332819650179,50-100cm
4.292343387,1.666261132091644,0-20cm
4.524361949,1.709167756391095,0-20cm
4.060324826,1.6214306761006323,20-50cm
2.958236659,1.3757986379648754,50-100cm
3.13225058,1.4188221931746843,50-100cm
4.118329466,1.6328281096398902,0-20cm
2.900232019,1.361036043417301,0-20cm
1.972157773,1.0892882119202307,20-50cm
2.436194896,1.2343647242828897,50-100cm
4.64037123,1.7299498842658516,0-20cm
4.988399072,1.7898241096272645,0-20cm
4.060324826,1.6214306761006323,20-50cm
3.016241299,1.3903464649967827,20-50cm
1.682134571,0.9866129592159453,50-100cm
5.916473318,1.9339060035937803,0-20cm
4.69837587,1.7401811991510703,0-20cm
3.538283063,1.5125487605692358,20-50cm
2.668213457,1.2997047470848513,50-100cm
3.654292343,1.5377898783348827,>100cm
7.946635731,2.191277565642508,0-20cm
5.742459397,1.9084247540633008,0-20cm
4.814385151,1.7603350453845883,20-50cm
4.582366589,1.7196128063722729,20-50cm
3.828306265,1.5744957363932024,50-100cm
6.496519722,2.01443887577708,0-20cm
5.916473318,1.9339060035937803,0-20cm
4.582366589,1.7196128063722729,20-50cm
3.944315545,1.5982385419455967,20-50cm
3.422273782,1.4866539941324353,50-100cm
7.366589327,2.1242463136420437,0-20cm
7.83062645,2.17822595773921,0-20cm
6.786542923,2.052396977427628,50-100cm
4.292343387,1.666261132091644,50-100cm
4.118329466,1.6328281096398902,50-100cm
5.278422274,1.8371187186617233,0-20cm
3.828306265,1.5744957363932024,0-20cm
3.538283063,1.5125487605692358,20-50cm
2.494199536,1.2511043182667152,50-100cm
2.378190255,1.2173401385876361,50-100cm
3.770301624,1.5624095364440707,0-20cm
1.798143852,1.0289562873591707,0-20cm
1.50812065,0.9195337276742209,50-100cm
1.276102088,0.8224643693882208,50-100cm
1.160092807,0.7701511869767564,>100cm
0.928074246,0.656521704782988,0-20cm
0.522041763,0.42005269861625594,0-20cm
0.522041763,0.42005269861625594,20-50cm
0.812064965,0.5944670596271033,20-50cm
0.870069606,0.6259756526336497,50-100cm
4.466357309,1.6986124547437058,0-20cm
3.538283063,1.5125487605692358,0-20cm
2.320185615,1.200020689498126,20-50cm
2.320185615,1.200020689498126,50-100cm
0.464037123,0.3811977724580676,0-20cm
0.580046404,0.4574542162278497,0-20cm
0.406032483,0.3407718962510452,20-50cm
0.580046404,0.4574542162278497,20-50cm
0.464037123,0.3811977724580676,50-100cm
0.986078886,0.6861622858814522,0-20cm
0.348027842,0.29864266657948874,0-20cm
0.464037123,0.3811977724580676,0-20cm
0.290023202,0.25466020425834535,0-20cm
0.580046404,0.4574542162278497,20-50cm
0.348027842,0.29864266657948874,50-100cm
0.522041763,0.42005269861625594,>100cm
2.726218097,1.3153938042827849,0-20cm
2.784222738,1.3308405125650895,0-20cm
0.986078886,0.6861622858814522,0-20cm
0.638051044,0.4935071473385028,20-50cm
0.696055684,0.5283053693779048,50-100cm
0.638051044,0.4935071473385028,50-100cm
3.364269142,1.4734507393046723,0-20cm
2.146171694,1.1461863784806638,0-20cm
3.07424594,1.404685684171041,20-50cm
3.306264501,1.4600708232052213,50-100cm
3.538283063,1.5125487605692358,50-100cm
3.596287703,1.5252489565912695,0-20cm
3.07424594,1.404685684171041,0-20cm
3.712296984,1.5501754715278433,20-50cm
2.262180974,1.1823959821203476,50-100cm
2.436194896,1.2343647242828897,0-20cm
2.262180974,1.1823959821203476,20-50cm
1.740139211,1.0080087260436568,50-100cm
1.50812065,0.9195337276742209,50-100cm
1.798143852,1.0289562873591707,0-20cm
1.044083527,0.7149495359879368,0-20cm
1.392111369,0.8721763939510395,20-50cm
7.714617169,2.165001750181541,0-20cm
8.584686775,2.2601666972990686,0-20cm
5.452436195,1.8644577641463982,20-50cm
2.842227378,1.3460522447919403,50-100cm
1.50812065,0.9195337276742209,>100cm
15.25522042,2.788414113799274,0-20cm
8.932714617,2.295833816024146,0-20cm
3.364269142,1.4734507393046723,20-50cm
2.784222738,1.3308405125650895,50-100cm
2.030162413,1.1086162197349259,50-100cm
6.148491879,1.96690140844391,0-20cm
2.204176334,1.1644550632722352,0-20cm
1.276102088,0.8224643693882208,20-50cm
1.62412993,0.9647493858620633,50-100cm
2.320185615,1.200020689498126,50-100cm
4.002320186,1.6099018420021345,0-20cm
3.016241299,1.3903464649967827,0-20cm
1.798143852,1.0289562873591707,20-50cm
1.50812065,0.9195337276742209,20-50cm
6.26450116,1.9829996312098825,0-20cm
3.654292343,1.5377898783348827,0-20cm
1.914153132,1.069579256838409,20-50cm
2.030162413,1.1086162197349259,50-100cm
7.018561485,2.0817590398303256,0-20cm
4.118329466,1.6328281096398902,0-20cm
3.538283063,1.5125487605692358,20-50cm
2.726218097,1.3153938042827849,50-100cm
2.726218097,1.3153938042827849,50-100cm
3.712296984,1.5501754715278433,0-20cm
3.596287703,1.5252489565912695,0-20cm
3.248259861,1.4465094546204627,20-50cm
3.538283063,1.5125487605692358,50-100cm
3.828306265,1.5744957363932024,50-100cm
11.25290023,2.505762662438444,0-20cm
11.07888631,2.4914589953758495,0-20cm
8.468677494,2.2479892452809844,20-50cm
5.742459397,1.9084247540633008,50-100cm
3.422273782,1.4866539941324353,0-20cm
3.13225058,1.4188221931746843,0-20cm
3.07424594,1.404685684171041,20-50cm
3.364269142,1.4734507393046723,50-100cm
6.728538283,2.044919748081826,0-20cm
5.104408353,1.809011190990897,0-20cm
1.856148492,1.0494740361229478,20-50cm
1.740139211,1.0080087260436568,50-100cm
1.50812065,0.9195337276742209,50-100cm
12.6450116,2.6133740042881923,0-20cm
9.3387471,2.3358986915258138,20-50cm
3.422273782,1.4866539941324353,20-50cm
2.784222738,1.3308405125650895,50-100cm
2.320185615,1.200020689498126,50-100cm
10.26682135,2.4218622430165584,0-20cm
2.784222738,1.3308405125650895,20-50cm
1.682134571,0.9866129592159453,20-50cm
1.276102088,0.8224643693882208,50-100cm
14.73317865,2.755771772307273,0-20cm
10.78886311,2.467155281570677,0-20cm
4.930394432,1.780090725468795,50-100cm
4.002320186,1.6099018420021345,>100cm
3.538283063,1.5125487605692358,0-20cm
3.248259861,1.4465094546204627,0-20cm
2.668213457,1.2997047470848513,20-50cm
2.552204176,1.2675683054598799,50-100cm
6.786542923,2.052396977427628,0-20cm
6.148491879,1.96690140844391,0-20cm
3.886310905,1.586437602616289,20-50cm
3.480278422,1.4996851922636585,50-100cm
3.13225058,1.4188221931746843,50-100cm
5.916473318,1.9339060035937803,0-20cm
3.596287703,1.5252489565912695,0-20cm
2.784222738,1.3308405125650895,20-50cm
3.828306265,1.5744957363932024,50-100cm
2.030162413,1.1086162197349259,0-20cm
1.56612529,0.9423970919694907,0-20cm
1.50812065,0.9195337276742209,20-50cm
2.610208817,1.2837656147162086,0-20cm
3.016241299,1.3903464649967827,0-20cm
2.610208817,1.2837656147162086,20-50cm
2.958236659,1.3757986379648754,50-100cm
1.914153132,1.069579256838409,50-100cm
7.134570766,2.096122975419075,0-20cm
3.770301624,1.5624095364440707,0-20cm
2.088167053,1.1275777281734074,50-100cm
1.392111369,0.8721763939510395,>100cm
5.278422274,1.8371187186617233,0-20cm
2.262180974,1.1823959821203476,0-20cm
1.798143852,1.0289562873591707,20-50cm
1.56612529,0.9423970919694907,50-100cm
1.160092807,0.7701511869767564,50-100cm
1.276102088,0.8224643693882208,0-20cm
0.986078886,0.6861622858814522,0-20cm
0.928074246,0.656521704782988,20-50cm
0.928074246,0.656521704782988,50-100cm
2.494199536,1.2511043182667152,0-20cm
2.494199536,1.2511043182667152,0-20cm
1.914153132,1.069579256838409,20-50cm
8.410672854,2.241844455185516,0-20cm
8.700696056,2.2721976412853455,20-50cm
12.29698376,2.587537224545704,20-50cm
8.700696056,2.2721976412853455,50-100cm
6.438515081,2.00667124303799,50-100cm
2.726218097,1.3153938042827849,0-20cm
2.610208817,1.2837656147162086,0-20cm
2.146171694,1.1461863784806638,20-50cm
1.044083527,0.7149495359879368,50-100cm
4.524361949,1.709167756391095,0-20cm
2.784222738,1.3308405125650895,0-20cm
1.334106729,0.8476292607537498,20-50cm
0.986078886,0.6861622858814522,50-100cm
0.870069606,0.6259756526336497,50-100cm
1.044083527,0.7149495359879368,50-100cm
1.972157773,1.0892882119202307,0-20cm
2.668213457,1.2997047470848513,0-20cm
0.986078886,0.6861622858814522,20-50cm
0.696055684,0.5283053693779048,50-100cm
5.394431555,1.8554275421041846,0-20cm
1.334106729,0.8476292607537498,20-50cm
0.986078886,0.6861622858814522,20-50cm
1.682134571,0.9866129592159453,50-100cm
2.378190255,1.2173401385876361,0-20cm
2.204176334,1.1644550632722352,0-20cm
2.146171694,1.1461863784806638,50-100cm
2.030162413,1.1086162197349259,>100cm
3.016241299,1.3903464649967827,0-20cm
2.784222738,1.3308405125650895,0-20cm
2.494199536,1.2511043182667152,20-50cm
1.972157773,1.0892882119202307,50-100cm
1.856148492,1.0494740361229478,>100cm
4.524361949,1.709167756391095,0-20cm
2.668213457,1.2997047470848513,0-20cm
1.856148492,1.0494740361229478,20-50cm
1.334106729,0.8476292607537498,>100cm
6.844547564,2.059818712628983,0-20cm
6.3225058,1.9909525917986457,0-20cm
4.118329466,1.6328281096398902,20-50cm
1.972157773,1.0892882119202307,50-100cm
4.582366589,1.7196128063722729,0-20cm
2.900232019,1.361036043417301,0-20cm
1.856148492,1.0494740361229478,20-50cm
1.392111369,0.8721763939510395,50-100cm
1.160092807,0.7701511869767564,50-100cm
3.248259861,1.4465094546204627,0-20cm
3.422273782,1.4866539941324353,0-20cm
4.350348028,1.677161610754745,20-50cm
2.030162413,1.1086162197349259,50-100cm
2.146171694,1.1461863784806638,>100cm
2.378190255,1.2173401385876361,0-20cm
1.50812065,0.9195337276742209,0-20cm
0.754060325,0.5619332861749915,20-50cm
0.406032483,0.3407718962510452,50-100cm
3.770301624,1.5624095364440707,0-20cm
3.07424594,1.404685684171041,0-20cm
2.262180974,1.1823959821203476,20-50cm
2.204176334,1.1644550632722352,50-100cm
0.464037123,0.3811977724580676,0-20cm
0.406032483,0.3407718962510452,0-20cm
0.232018561,0.20865393074459407,50-100cm
0.406032483,0.3407718962510452,0-20cm
0.348027842,0.29864266657948874,0-20cm
0.580046404,0.4574542162278497,0-20cm
0.232018561,0.20865393074459407,0-20cm
0.174013921,0.1604285790868798,20-50cm
0.348027842,0.29864266657948874,50-100cm
1.276102088,0.8224643693882208,0-20cm
0.928074246,0.656521704782988,0-20cm
1.50812065,0.9195337276742209,50-100cm
1.044083527,0.7149495359879368,50-100cm
0.812064965,0.5944670596271033,0-20cm
0.580046404,0.4574542162278497,0-20cm
0.580046404,0.4574542162278497,20-50cm
0.522041763,0.42005269861625594,50-100cm
0.986078886,0.6861622858814522,>100cm
0.986078886,0.6861622858814522,0-20cm
0.638051044,0.4935071473385028,0-20cm
0.638051044,0.4935071473385028,0-20cm
0.580046404,0.4574542162278497,0-20cm
0.580046404,0.4574542162278497,20-50cm
0.464037123,0.3811977724580676,0-20cm
0.406032483,0.3407718962510452,0-20cm
0.696055684,0.5283053693779048,0-20cm
0.406032483,0.3407718962510452,0-20cm
0.638051044,0.4935071473385028,20-50cm
0.580046404,0.4574542162278497,50-100cm
0.522041763,0.42005269861625594,50-100cm
1.450116009,0.8961353740478757,0-20cm
2.552204176,1.2675683054598799,0-20cm
1.392111369,0.8721763939510395,0-20cm
1.798143852,1.0289562873591707,0-20cm
2.668213457,1.2997047470848513,0-20cm
2.030162413,1.1086162197349259,0-20cm
1.0,0.6931471805599453,0-20cm
0.9,0.6418538861723948,0-20cm
0.9,0.6418538861723948,20-50cm
1.1,0.7419373447293773,0-20cm
1.1,0.7419373447293773,0-20cm
0.7,0.5306282510621704,20-50cm
0.8,0.5877866649021191,50-100cm
1.3,0.832909122935104,0-20cm
2.1,1.1314021114911006,0-20cm
1.1,0.7419373447293773,20-50cm
0.9,0.6418538861723948,50-100cm
4.2,1.6486586255873816,0-20cm
1.4,0.8754687373538999,0-20cm
1.5,0.9162907318741551,20-50cm
0.9,0.6418538861723948,50-100cm
0.6,0.4700036292457355,50-100cm
0.5,0.4054651081081644,>100cm
4.2,1.6486586255873816,0-20cm
1.4,0.8754687373538999,0-20cm
1.5,0.9162907318741551,20-50cm
0.9,0.6418538861723948,20-50cm
0.6,0.4700036292457355,50-100cm
0.5,0.4054651081081644,>100cm
2.8,1.33500106673234,0-20cm
2.7,1.308332819650179,0-20cm
2.0,1.0986122886681098,20-50cm
6.8,2.0541237336955462,50-100cm
3.0,1.3862943611198906,50-100cm
1.4,0.8754687373538999,0-20cm
1.8,1.0296194171811583,20-50cm
1.5,0.9162907318741551,20-50cm
1.0,0.6931471805599453,50-100cm
5.1,1.8082887711792655,0-20cm
5.1,1.8082887711792655,0-20cm
2.2,1.1631508098056809,0-20cm
1.6,0.9555114450274363,20-50cm
0.8,0.5877866649021191,>100cm
1.4,0.8754687373538999,0-20cm
1.1,0.7419373447293773,0-20cm
0.9,0.6418538861723948,20-50cm
0.8,0.5877866649021191,50-100cm
155.0,5.049856007249537,0-20cm
157.9,5.0682750735426705,0-20cm
148.8,5.00930107108312,20-50cm
154.9,5.049214776063731,50-100cm
62.7,4.154184562578117,>100cm
15.5,2.803360380906535,0-20cm
15.7,2.8154087194227095,0-20cm
9.0,2.302585092994046,20-50cm
3.3,1.4586150226995167,50-100cm
43.9,3.8044377947482086,0-20cm
34.7,3.5751506887855933,0-20cm
27.3,3.342861804649192,20-50cm
13.3,2.6602595372658615,50-100cm
4.2,1.6486586255873816,50-100cm
38.6,3.6788291182604347,0-20cm
33.3,3.535145354171894,0-20cm
14.8,2.760009940032921,20-50cm
8.0,2.1972245773362196,50-100cm
4.7,1.7404661748405046,50-100cm
37.2,3.6428355156125294,0-20cm
21.9,3.131136910560194,0-20cm
15.7,2.8154087194227095,20-50cm
9.8,2.379546134130174,50-100cm
105.9,4.671893818030999,0-20cm
131.7,4.888090941338162,0-20cm
90.8,4.519612297626445,20-50cm
90.0,4.51085950651685,50-100cm
92.7,4.540098189244376,>100cm
81.2,4.409155302062135,0-20cm
50.1,3.933784497209659,20-50cm
42.3,3.768152635008444,50-100cm
37.8,3.6584202466292277,50-100cm
62.2,4.146304301152812,0-20cm
60.1,4.11251186617755,0-20cm
53.3,3.9945242269398897,20-50cm
15.2,2.785011242238338,50-100cm
22.1,3.139832617527748,0-20cm
21.9,3.131136910560194,0-20cm
20.8,3.0819099697950434,20-50cm
10.9,2.4765384001174837,50-100cm
68.8,4.2456340097683265,0-20cm
56.8,4.056988775678332,0-20cm
43.9,3.8044377947482086,20-50cm
14.1,2.714694743820879,50-100cm
53.3,3.9945242269398897,0-20cm
47.0,3.871201010907891,20-50cm
42.3,3.768152635008444,50-100cm
3.6,1.5260563034950494,>100cm
63.1,4.160444363926624,0-20cm
42.1,3.763522997109702,20-50cm
11.7,2.5416019934645457,50-100cm
19.4,3.0155349008501706,0-20cm
12.0,2.5649493574615367,20-50cm
2.0,1.0986122886681098,50-100cm
1.9,1.0647107369924282,50-100cm
12.4,2.5952547069568657,0-20cm
11.3,2.509599262378372,0-20cm
7.9,2.186051276738094,20-50cm
3.6,1.5260563034950494,50-100cm
21.7,3.122364924487357,0-20cm
18.9,2.990719731730447,0-20cm
18.8,2.9856819377004897,20-50cm
16.8,2.8791984572980396,50-100cm
9.7,2.3702437414678603,>100cm
12.1,2.5726122302071057,0-20cm
3.1,1.410986973710262,0-20cm
1.4,0.8754687373538999,20-50cm
1.0,0.6931471805599453,50-100cm
52.7,3.983413001514819,0-20cm
44.1,3.8088822465086327,0-20cm
20.9,3.086486636822455,20-50cm
6.7,2.0412203288596382,50-100cm
32.9,3.5234150143864045,0-20cm
26.6,3.3178157727231046,0-20cm
8.9,2.2925347571405443,20-50cm
11.1,2.4932054526026954,50-100cm
18.8,2.9856819377004897,50-100cm
43.2,3.7887247890836524,0-20cm
17.0,2.8903717578961645,20-50cm
8.2,2.2192034840549946,20-50cm
64.6,4.183575695950044,0-20cm
18.5,2.970414465569701,20-50cm
17.7,2.928523523860541,20-50cm
11.8,2.5494451709255714,20-50cm
48.1,3.893859034800475,0-20cm
38.9,3.686376323895818,0-20cm
5.4,1.8562979903656263,20-50cm
46.7,3.8649313978942956,0-20cm
17.4,2.91235066461494,20-50cm
4.1,1.62924053973028,20-50cm
73.8,4.314817884980432,0-20cm
49.5,3.9219733362813143,0-20cm
5.0,1.791759469228055,20-50cm
3.5,1.5040773967762742,50-100cm
118.6,4.784152841516532,0-20cm
74.6,4.3254562831854875,0-20cm
52.0,3.970291913552122,20-50cm
67.0,4.219507705176107,50-100cm
65.0,4.189654742026425,0-20cm
56.8,4.056988775678332,0-20cm
37.0,3.6375861597263857,20-50cm
13.9,2.7013612129514133,50-100cm
56.4,4.050044303325521,0-20cm
55.3,4.030694535145645,0-20cm
16.7,2.8735646395797834,20-50cm
4.4,1.6863989535702288,20-50cm
65.8,4.2017030805426,0-20cm
35.3,3.591817741270805,20-50cm
6.3,1.9878743481543455,20-50cm
2.8,1.33500106673234,50-100cm
100.0,4.61512051684126,0-20cm
55.8,4.039536325727106,0-20cm
54.7,4.019980146933238,20-50cm
20.3,3.0587070727153796,20-50cm
3.1,1.410986973710262,50-100cm
30.0,3.4339872044851463,0-20cm
15.4,2.797281334830153,0-20cm
2.7,1.308332819650179,20-50cm
6.3,1.9878743481543455,20-50cm
1.9,1.0647107369924282,50-100cm
28.7,3.391147045808654,0-20cm
18.5,2.970414465569701,0-20cm
9.5,2.3513752571634776,20-50cm
45.7,3.8437441646748516,0-20cm
29.2,3.407841924380824,0-20cm
9.5,2.3513752571634776,50-100cm
3.9,1.589235205116581,50-100cm
31.3,3.475067230228611,0-20cm
24.4,3.2347491740244907,0-20cm
11.6,2.533696813957432,20-50cm
3.3,1.4586150226995167,50-100cm
4.5,1.7047480922384253,>100cm
41.1,3.7400477406883357,0-20cm
24.6,3.242592351485517,0-20cm
7.2,2.1041341542702074,20-50cm
4.5,1.7047480922384253,50-100cm
29.0,3.4011973816621555,0-20cm
23.9,3.214867803470662,0-20cm
19.4,3.0155349008501706,20-50cm
8.2,2.2192034840549946,50-100cm
20.3,3.0587070727153796,0-20cm
14.2,2.7212954278522306,0-20cm
10.3,2.424802725718295,20-50cm
4.0,1.6094379124341003,50-100cm
6.4,2.0014800002101243,50-100cm
44.7,3.822098297900159,0-20cm
21.3,3.104586678466073,0-20cm
22.9,3.173878458937465,20-50cm
5.8,1.916922612182061,50-100cm
18.3,2.9601050959108397,0-20cm
5.6,1.8870696490323797,20-50cm
2.6,1.2809338454620642,20-50cm
2.1,1.1314021114911006,50-100cm
23.3,3.190476350346503,0-20cm
15.5,2.803360380906535,0-20cm
6.8,2.0541237336955462,20-50cm
2.8,1.33500106673234,50-100cm
2.3,1.1939224684724346,50-100cm
39.5,3.7013019741124933,0-20cm
22.3,3.1484533605716547,0-20cm
5.0,1.791759469228055,20-50cm
2.9,1.3609765531356006,50-100cm
38.1,3.66612246699132,0-20cm
37.6,3.653252276470785,0-20cm
78.7,4.378269585796169,0-20cm
55.1,4.027135812528651,0-20cm
26.8,3.3250360206965914,20-50cm
3.3,1.4586150226995167,0-20cm
8.2,2.2192034840549946,0-20cm
35.0,3.58351893845611,0-20cm
7.8,2.174751721484161,0-20cm
4.1,1.62924053973028,20-50cm
36.0,3.6109179126442243,0-20cm
26.5,3.3141860046725258,0-20cm
12.1,2.5726122302071057,20-50cm
9.1,2.312535423847214,50-100cm
9.9,2.388762789235098,0-20cm
7.8,2.174751721484161,0-20cm
3.9,1.589235205116581,20-50cm
4.8,1.7578579175523736,50-100cm
14.8,2.760009940032921,0-20cm
15.4,2.797281334830153,0-20cm
7.5,2.1400661634962708,20-50cm
3.6,1.5260563034950494,0-20cm
5.5,1.8718021769015913,0-20cm
7.6,2.151762203259462,20-50cm
6.5,2.0149030205422647,50-100cm
16.4,2.856470206220483,0-20cm
12.7,2.617395832834079,0-20cm
9.9,2.388762789235098,20-50cm
7.3,2.1162555148025524,50-100cm
9.1,2.312535423847214,50-100cm
42.5,3.7727609380946383,0-20cm
33.4,3.5380565643793527,0-20cm
14.4,2.7343675094195836,20-50cm
9.6,2.3608540011180215,50-100cm
4.2,1.6486586255873816,50-100cm
22.5,3.1570004211501135,0-20cm
15.7,2.8154087194227095,0-20cm
11.8,2.5494451709255714,20-50cm
9.5,2.3513752571634776,20-50cm
4.9,1.7749523509116738,50-100cm
10.7,2.4595888418037104,0-20cm
7.7,2.1633230256605382,0-20cm
6.9,2.066862759472976,20-50cm
1.8,1.0296194171811583,20-50cm
1.7,0.9932517730102833,50-100cm
15.8,2.8213788864092133,0-20cm
13.7,2.6878474937846906,20-50cm
5.5,1.8718021769015913,20-50cm
3.1,1.410986973710262,50-100cm
6.5,2.0149030205422647,0-20cm
3.4,1.4816045409242156,0-20cm
1.4,0.8754687373538999,20-50cm
0.7,0.5306282510621704,50-100cm
18.1,2.9496883350525844,0-20cm
6.0,1.9459101490553132,0-20cm
6.0,1.9459101490553132,20-50cm
4.5,1.7047480922384253,50-100cm
25.2,3.265759410767051,0-20cm
16.8,2.8791984572980396,0-20cm
10.2,2.4159137783010487,0-20cm
7.3,2.1162555148025524,20-50cm
7.2,2.1041341542702074,20-50cm
15.7,2.8154087194227095,0-20cm
11.1,2.4932054526026954,0-20cm
5.7,1.9021075263969205,0-20cm
5.2,1.824549292051046,0-20cm
34.1,3.55820113047182,0-20cm
19.5,3.0204248861443626,20-50cm
55.2,4.028916756899646,0-20cm
30.4,3.4468078929142076,20-50cm
45.5,3.8394523125933104,0-20cm
21.0,3.091042453358316,0-20cm
2.3,1.1939224684724346,20-50cm
7.018561485,2.0817590398303256,0-20cm
5.510440835,1.873407170517675,0-20cm
3.364269142,1.4734507393046723,0-20cm
2.784222738,1.3308405125650895,50-100cm
2.842227378,1.3460522447919403,0-20cm
3.13225058,1.4188221931746843,0-20cm
6.20649652,1.9749829136435195,20-50cm
1.856148492,1.0494740361229478,20-50cm
1.56612529,0.9423970919694907,50-100cm
11.4,2.517696472610991,0-20cm
5.0,1.791759469228055,20-50cm
4.4,1.6863989535702288,50-100cm
3.3,1.4586150226995167,50-100cm
8.8,2.2823823856765264,0-20cm
7.0,2.0794415416798357,20-50cm
1.0,0.6931471805599453,50-100cm
0.7,0.5306282510621704,50-100cm
11.2,2.501435951739211,0-20cm
5.6,1.8870696490323797,20-50cm
2.5,1.252762968495368,50-100cm
2.4,1.2237754316221157,>100cm
20.9,3.086486636822455,0-20cm
8.5,2.2512917986064953,20-50cm
15.3,2.791165107812717,20-50cm
8.0,2.1972245773362196,50-100cm
4.7,1.7404661748405046,0-20cm
2.9,1.3609765531356006,20-50cm
2.1,1.1314021114911006,50-100cm
1.3,0.832909122935104,50-100cm
7.0,2.0794415416798357,0-20cm
2.3,1.1939224684724346,0-20cm
2.4,1.2237754316221157,20-50cm
2.3,1.1939224684724346,50-100cm
1.7,0.9932517730102833,>100cm
12.8,2.624668592163159,0-20cm
9.0,2.302585092994046,0-20cm
7.8,2.174751721484161,20-50cm
7.8,2.174751721484161,50-100cm
9.2,2.322387720290225,0-20cm
8.1,2.2082744135228043,0-20cm
6.1,1.9600947840472698,20-50cm
5.6,1.8870696490323797,50-100cm
5.3,1.840549633397487,50-100cm
5.6,1.8870696490323797,0-20cm
1.4,0.8754687373538999,20-50cm
0.5,0.4054651081081644,50-100cm
2.3,1.1939224684724346,50-100cm
0.8,0.5877866649021191,>100cm
8.9,2.2925347571405443,0-20cm
17.6,2.9231615807191558,20-50cm
7.7,2.1633230256605382,20-50cm
7.0,2.0794415416798357,50-100cm
8.2,2.2192034840549946,50-100cm
3.5,1.5040773967762742,0-20cm
3.6,1.5260563034950494,0-20cm
3.8,1.5686159179138452,20-50cm
3.3,1.4586150226995167,50-100cm
3.5,1.5040773967762742,50-100cm
10.8,2.468099531471619,0-20cm
6.8,2.0541237336955462,0-20cm
6.7,2.0412203288596382,20-50cm
5.0,1.791759469228055,50-100cm
3.8,1.5686159179138452,50-100cm
7.4,2.128231705849268,0-20cm
1.7,0.9932517730102833,20-50cm
1.9,1.0647107369924282,20-50cm
7.9,2.186051276738094,50-100cm
2.3,1.1939224684724346,>100cm
6.0,1.9459101490553132,0-20cm
4.9,1.7749523509116738,0-20cm
4.7,1.7404661748405046,20-50cm
17.9,2.9391619220655967,0-20cm
24.5,3.2386784521643803,20-50cm
8.4,2.2407096892759584,50-100cm
2.9,1.3609765531356006,50-100cm
7.1,2.0918640616783932,0-20cm
7.4,2.128231705849268,20-50cm
6.2,1.9740810260220096,50-100cm
5.1,1.8082887711792655,50-100cm
12.9,2.631888840136646,0-20cm
10.0,2.3978952727983707,0-20cm
7.6,2.151762203259462,20-50cm
5.4,1.8562979903656263,0-20cm
4.7,1.7404661748405046,0-20cm
8.0,2.1972245773362196,50-100cm
3.0,1.3862943611198906,50-100cm
1.7,0.9932517730102833,>100cm
1.4,0.8754687373538999,0-20cm
2.2,1.1631508098056809,20-50cm
1.8,1.0296194171811583,50-100cm
2.1,1.1314021114911006,>100cm
9.0,2.302585092994046,0-20cm
3.8,1.5686159179138452,0-20cm
4.3,1.667706820558076,20-50cm
4.9,1.7749523509116738,50-100cm
8.1,2.2082744135228043,0-20cm
3.4,1.4816045409242156,20-50cm
5.9,1.9315214116032138,>100cm
6.8,2.0541237336955462,0-20cm
4.2,1.6486586255873816,20-50cm
5.5,1.8718021769015913,50-100cm
5.6,1.8870696490323797,>100cm
10.7,2.4595888418037104,0-20cm
6.4,2.0014800002101243,20-50cm
4.8,1.7578579175523736,20-50cm
4.4,1.6863989535702288,50-100cm
16.5,2.8622008809294686,0-20cm
7.4,2.128231705849268,20-50cm
10.5,2.4423470353692043,50-100cm
7.7,2.1633230256605382,>100cm
5.9,1.9315214116032138,0-20cm
4.2,1.6486586255873816,0-20cm
6.0,1.9459101490553132,>100cm
1.4,0.8754687373538999,0-20cm
4.1,1.62924053973028,20-50cm
5.1,1.8082887711792655,50-100cm
7.5,2.1400661634962708,50-100cm
1.2,0.7884573603642702,0-20cm
0.7,0.5306282510621704,0-20cm
5.3,1.840549633397487,0-20cm
8.9,2.2925347571405443,0-20cm
8.0,2.1972245773362196,0-20cm
5.5,1.8718021769015913,20-50cm
4.7,1.7404661748405046,50-100cm
12.2,2.580216829592325,0-20cm
7.2,2.1041341542702074,20-50cm
5.5,1.8718021769015913,20-50cm
9.3,2.33214389523559,0-20cm
4.9,1.7749523509116738,20-50cm
4.4,1.6863989535702288,50-100cm
10.2,2.4159137783010487,0-20cm
10.0,2.3978952727983707,20-50cm
7.5,2.1400661634962708,50-100cm
6.1,1.9600947840472698,50-100cm
7.7,2.1633230256605382,0-20cm
4.9,1.7749523509116738,20-50cm
6.1,1.9600947840472698,0-20cm
3.5,1.5040773967762742,20-50cm
2.4,1.2237754316221157,50-100cm
9.1,2.312535423847214,0-20cm
6.0,1.9459101490553132,50-100cm
10.0,2.3978952727983707,0-20cm
6.7,2.0412203288596382,20-50cm
3.6,1.5260563034950494,50-100cm
10.1,2.4069451083182885,0-20cm
5.5,1.8718021769015913,20-50cm
3.3,1.4586150226995167,20-50cm
4.3,1.667706820558076,50-100cm
5.0,1.791759469228055,>100cm
8.8,2.2823823856765264,0-20cm
6.1,1.9600947840472698,0-20cm
4.9,1.7749523509116738,50-100cm
9.1,2.312535423847214,0-20cm
5.0,1.791759469228055,20-50cm
3.1,1.410986973710262,20-50cm
7.7,2.1633230256605382,0-20cm
5.5,1.8718021769015913,20-50cm
3.3,1.4586150226995167,50-100cm
6.9,2.066862759472976,0-20cm
5.9,1.9315214116032138,20-50cm
3.9,1.589235205116581,50-100cm
3.9,1.589235205116581,0-20cm
2.4,1.2237754316221157,20-50cm
1.9,1.0647107369924282,50-100cm
3.2,1.4350845252893227,0-20cm
3.8,1.5686159179138452,20-50cm
2.5,1.252762968495368,50-100cm
3.8,1.5686159179138452,0-20cm
1.4,0.8754687373538999,20-50cm
1.1,0.7419373447293773,50-100cm
9.1,2.312535423847214,0-20cm
3.1,1.410986973710262,0-20cm
1.8,1.0296194171811583,20-50cm
1.7,0.9932517730102833,>100cm
4.9,1.7749523509116738,0-20cm
3.3,1.4586150226995167,20-50cm
2.0,1.0986122886681098,0-20cm
1.5,0.9162907318741551,20-50cm
1.3,0.832909122935104,50-100cm
4.9,1.7749523509116738,0-20cm
2.7,1.308332819650179,20-50cm
1.6,0.9555114450274363,50-100cm
3.3,1.4586150226995167,0-20cm
1.6,0.9555114450274363,20-50cm
4.8,1.7578579175523736,0-20cm
2.7,1.308332819650179,20-50cm
2.5,1.252762968495368,50-100cm
5.4,1.8562979903656263,0-20cm
2.5,1.252762968495368,20-50cm
0.8,0.5877866649021191,50-100cm
1.6,0.9555114450274363,0-20cm
1.7,0.9932517730102833,20-50cm
1.6,0.9555114450274363,50-100cm
3.5,1.5040773967762742,0-20cm
2.3,1.1939224684724346,20-50cm
1.9,1.0647107369924282,50-100cm
2.6,1.2809338454620642,50-100cm
3.2,1.4350845252893227,0-20cm
4.5,1.7047480922384253,20-50cm
2.0,1.0986122886681098,50-100cm
3.7,1.547562508716013,0-20cm
2.8,1.33500106673234,20-50cm
2.7,1.308332819650179,>100cm
5.6,1.8870696490323797,0-20cm
5.3,1.840549633397487,20-50cm
4.2,1.6486586255873816,50-100cm
2.9,1.3609765531356006,0-20cm
2.1,1.1314021114911006,20-50cm
1.7,0.9932517730102833,>100cm
2.5,1.252762968495368,0-20cm
1.4,0.8754687373538999,20-50cm
2.0,1.0986122886681098,0-20cm
1.3,0.832909122935104,20-50cm
1.0,0.6931471805599453,50-100cm
4.2,1.6486586255873816,0-20cm
3.8,1.5686159179138452,20-50cm
3.8,1.5686159179138452,0-20cm
3.6,1.5260563034950494,20-50cm
4.0,1.6094379124341003,50-100cm
8.8,2.2823823856765264,0-20cm
6.5,2.0149030205422647,20-50cm
4.2,1.6486586255873816,50-100cm
5.9,1.9315214116032138,0-20cm
4.3,1.667706820558076,20-50cm
4.6,1.7227665977411035,50-100cm
1.9,1.0647107369924282,0-20cm
2.3,1.1939224684724346,20-50cm
11.5,2.5257286443082556,0-20cm
8.3,2.2300144001592104,20-50cm
2.7,1.308332819650179,>100cm
4.9,1.7749523509116738,0-20cm
3.1,1.410986973710262,20-50cm
4.3,1.667706820558076,0-20cm
7.2,2.1041341542702074,20-50cm
1.4,0.8754687373538999,50-100cm
3.8,1.5686159179138452,0-20cm
3.3,1.4586150226995167,20-50cm
4.7,1.7404661748405046,20-50cm
5.7,1.9021075263969205,0-20cm
7.6,2.151762203259462,0-20cm
7.0,2.0794415416798357,20-50cm
6.9,2.066862759472976,50-100cm
8.5,2.2512917986064953,50-100cm
3.3,1.4586150226995167,0-20cm
3.6,1.5260563034950494,20-50cm
2.3,1.1939224684724346,50-100cm
3.5,1.5040773967762742,50-100cm
12.1,2.5726122302071057,0-20cm
4.8,1.7578579175523736,20-50cm
3.9,1.589235205116581,50-100cm
6.9,2.066862759472976,0-20cm
5.9,1.9315214116032138,20-50cm
5.5,1.8718021769015913,50-100cm
4.9,1.7749523509116738,0-20cm
2.6,1.2809338454620642,20-50cm
1.9,1.0647107369924282,50-100cm
3.5,1.5040773967762742,0-20cm
1.9,1.0647107369924282,20-50cm
2.6,1.2809338454620642,50-100cm
3.6,1.5260563034950494,0-20cm
2.9,1.3609765531356006,20-50cm
2.3,1.1939224684724346,50-100cm
4.9,1.7749523509116738,0-20cm
4.4,1.6863989535702288,50-100cm
3.2,1.4350845252893227,0-20cm
4.7,1.7404661748405046,20-50cm
3.7,1.547562508716013,0-20cm
2.2,1.1631508098056809,20-50cm
1.5,0.9162907318741551,>100cm
6.5,2.0149030205422647,0-20cm
3.4,1.4816045409242156,20-50cm
1.9,1.0647107369924282,50-100cm
2.2,1.1631508098056809,0-20cm
1.4,0.8754687373538999,20-50cm
7.0,2.0794415416798357,0-20cm
2.4,1.2237754316221157,20-50cm
1.6,0.9555114450274363,>100cm
3.5,1.5040773967762742,0-20cm
3.4,1.4816045409242156,20-50cm
2.2,1.1631508098056809,50-100cm
3.6,1.5260563034950494,0-20cm
3.7,1.547562508716013,20-50cm
3.2,1.4350845252893227,50-100cm
8.2,2.2192034840549946,0-20cm
6.0,1.9459101490553132,20-50cm
4.5,1.7047480922384253,0-20cm
3.2,1.4350845252893227,20-50cm
2.8,1.33500106673234,0-20cm
2.9,1.3609765531356006,20-50cm
1.3,0.832909122935104,50-100cm
2.8,1.33500106673234,0-20cm
2.0,1.0986122886681098,20-50cm
1.6,0.9555114450274363,50-100cm
4.9,1.7749523509116738,0-20cm
3.1,1.410986973710262,20-50cm
1.8,1.0296194171811583,>100cm
1.6,0.9555114450274363,0-20cm
1.5,0.9162907318741551,20-50cm
1.4,0.8754687373538999,50-100cm
4.1,1.62924053973028,0-20cm
4.3,1.667706820558076,20-50cm
4.2,1.6486586255873816,50-100cm
25.0,3.258096538021482,0-20cm
9.2,2.322387720290225,20-50cm
4.6,1.7227665977411035,20-50cm
7.9,2.186051276738094,0-20cm
4.8,1.7578579175523736,20-50cm
2.2,1.1631508098056809,50-100cm
0.8,0.5877866649021191,0-20cm
13.2,2.653241964607215,0-20cm
1.5,0.9162907318741551,0-20cm
3.7,1.547562508716013,0-20cm
1.5,0.9162907318741551,0-20cm
1.2,0.7884573603642702,0-20cm
1.6,0.9555114450274363,0-20cm
1.0,0.6931471805599453,0-20cm
0.9,0.6418538861723948,0-20cm
2.0,1.0986122886681098,0-20cm
3.2,1.4350845252893227,50-100cm
10.5,2.4423470353692043,0-20cm
7.7,2.1633230256605382,20-50cm
4.3,1.667706820558076,0-20cm
5.2,1.824549292051046,0-20cm
5.1,1.8082887711792655,0-20cm
2.6,1.2809338454620642,20-50cm
2.4,1.2237754316221157,0-20cm
1.9,1.0647107369924282,20-50cm
1.8,1.0296194171811583,50-100cm
3.7,1.547562508716013,0-20cm
1.8,1.0296194171811583,20-50cm
1.8,1.0296194171811583,50-100cm
9.1,2.312535423847214,0-20cm
22.0,3.1354942159291497,0-20cm
17.9,2.9391619220655967,20-50cm
14.0,2.70805020110221,0-20cm
3.6,1.5260563034950494,0-20cm
5.2,1.824549292051046,20-50cm
2.9,1.3609765531356006,0-20cm
1.1,0.7419373447293773,20-50cm
5.9,1.9315214116032138,0-20cm
4.2,1.6486586255873816,0-20cm
1.7,0.9932517730102833,20-50cm
4.3,1.667706820558076,0-20cm
6.3225058,1.9909525917986457,0-20cm
1.218097448,0.7966498230397037,0-20cm
2.726218097,1.3153938042827849,20-50cm
0.986078886,0.6861622858814522,50-100cm
2.842227378,1.3460522447919403,50-100cm
19.02552204,2.997007562027855,0-20cm
20.93967517,3.088296649359179,20-50cm
2.552204176,1.2675683054598799,20-50cm
4.002320186,1.6099018420021345,50-100cm
1.56612529,0.9423970919694907,50-100cm
4.060324826,1.6214306761006323,0-20cm
6.032482599,1.9505397870098125,20-50cm
2.204176334,1.1644550632722352,20-50cm
4.292343387,1.666261132091644,0-20cm
1.972157773,1.0892882119202307,20-50cm
4.002320186,1.6099018420021345,20-50cm
3.654292343,1.5377898783348827,50-100cm
5.974477958,1.94225748017524,>100cm
7.656612529,2.158323483117142,0-20cm
3.480278422,1.4996851922636585,20-50cm
2.262180974,1.1823959821203476,20-50cm
0.986078886,0.6861622858814522,50-100cm
3.016241299,1.3903464649967827,0-20cm
2.668213457,1.2997047470848513,20-50cm
1.856148492,1.0494740361229478,50-100cm
2.900232019,1.361036043417301,50-100cm
1.50812065,0.9195337276742209,>100cm
5.452436195,1.8644577641463982,0-20cm
2.088167053,1.1275777281734074,0-20cm
1.740139211,1.0080087260436568,20-50cm
1.392111369,0.8721763939510395,50-100cm
1.798143852,1.0289562873591707,50-100cm
3.364269142,1.4734507393046723,0-20cm
3.944315545,1.5982385419455967,20-50cm
3.886310905,1.586437602616289,50-100cm
4.234338747,1.6552405224951414,0-20cm
4.872389791,1.7702616704101632,0-20cm
3.480278422,1.4996851922636585,20-50cm
2.900232019,1.361036043417301,50-100cm
3.828306265,1.5744957363932024,0-20cm
7.308584687,2.1172892799217724,20-50cm
5.278422274,1.8371187186617233,20-50cm
4.814385151,1.7603350453845883,50-100cm
4.75638051,1.7503088935114712,0-20cm
2.030162413,1.1086162197349259,20-50cm
2.784222738,1.3308405125650895,50-100cm
3.596287703,1.5252489565912695,0-20cm
2.262180974,1.1823959821203476,0-20cm
1.798143852,1.0289562873591707,20-50cm
1.56612529,0.9423970919694907,50-100cm
4.524361949,1.709167756391095,0-20cm
2.784222738,1.3308405125650895,20-50cm
3.19025522,1.4327616437735151,50-100cm
4.234338747,1.6552405224951414,0-20cm
2.958236659,1.3757986379648754,20-50cm
3.07424594,1.404685684171041,50-100cm
4.524361949,1.709167756391095,0-20cm
1.972157773,1.0892882119202307,20-50cm
1.334106729,0.8476292607537498,20-50cm
5.104408353,1.809011190990897,0-20cm
3.306264501,1.4600708232052213,20-50cm
1.856148492,1.0494740361229478,50-100cm
2.262180974,1.1823959821203476,0-20cm
2.146171694,1.1461863784806638,20-50cm
2.784222738,1.3308405125650895,50-100cm
3.07424594,1.404685684171041,50-100cm
4.75638051,1.7503088935114712,0-20cm
9.744779582,2.3744200163428864,20-50cm
7.714617169,2.165001750181541,50-100cm
3.480278422,1.4996851922636585,0-20cm
2.668213457,1.2997047470848513,20-50cm
2.900232019,1.361036043417301,50-100cm
11.83294664,2.5520158202236005,0-20cm
2.262180974,1.1823959821203476,0-20cm
1.392111369,0.8721763939510395,20-50cm
1.50812065,0.9195337276742209,50-100cm
1.102088167,0.7429312159138453,50-100cm
6.960556845,2.0744989528115365,0-20cm
1.56612529,0.9423970919694907,20-50cm
3.07424594,1.404685684171041,20-50cm
2.320185615,1.200020689498126,50-100cm
6.26450116,1.9829996312098825,0-20cm
2.668213457,1.2997047470848513,20-50cm
2.610208817,1.2837656147162086,50-100cm
2.030162413,1.1086162197349259,50-100cm
8.700696056,2.2721976412853455,0-20cm
1.740139211,1.0080087260436568,0-20cm
1.914153132,1.069579256838409,50-100cm
1.798143852,1.0289562873591707,>100cm
2.262180974,1.1823959821203476,0-20cm
1.50812065,0.9195337276742209,20-50cm
1.044083527,0.7149495359879368,50-100cm
4.176334107,1.6440971043812276,0-20cm
1.56612529,0.9423970919694907,0-20cm
1.160092807,0.7701511869767564,20-50cm
1.392111369,0.8721763939510395,50-100cm
8.062645012,2.2041610213769114,0-20cm
3.480278422,1.4996851922636585,0-20cm
0.696055684,0.5283053693779048,20-50cm
0.580046404,0.4574542162278497,20-50cm
1.044083527,0.7149495359879368,50-100cm
4.524361949,1.709167756391095,0-20cm
2.668213457,1.2997047470848513,20-50cm
2.378190255,1.2173401385876361,20-50cm
2.668213457,1.2997047470848513,50-100cm
7.83062645,2.17822595773921,0-20cm
2.842227378,1.3460522447919403,20-50cm
2.842227378,1.3460522447919403,50-100cm
2.842227378,1.3460522447919403,>100cm
23.66589327,3.2054214501255966,0-20cm
18.21345708,2.955610923108675,20-50cm
19.60556845,3.0255613523743263,50-100cm
14.15313225,2.7182072597606304,50-100cm
37.18097448,3.6423373412825213,0-20cm
12.18097448,2.5787744626082816,20-50cm
8.004640371,2.1977400412396495,50-100cm
29.46635731,3.4166230358017122,0-20cm
23.95591647,3.2171109271520586,20-50cm
30.51044084,3.4503189461505306,0-20cm
30.7424594,3.4576551979186982,20-50cm
5.162412993,1.818468420486176,0-20cm
3.07424594,1.404685684171041,20-50cm
4.176334107,1.6440971043812276,>100cm
5.046403712,1.7994636675319253,0-20cm
1.972157773,1.0892882119202307,20-50cm
1.56612529,0.9423970919694907,>100cm
7.424593968,2.1311552813678727,0-20cm
3.886310905,1.586437602616289,20-50cm
3.306264501,1.4600708232052213,50-100cm
2.726218097,1.3153938042827849,50-100cm
20.06960557,3.0478315076598608,0-20cm
8.526682135,2.254096507520187,0-20cm
5.974477958,1.94225748017524,50-100cm
16.00928074,2.8337591209752473,0-20cm
8.004640371,2.1977400412396495,0-20cm
4.75638051,1.7503088935114712,20-50cm
13.97911833,2.7066571198816627,0-20cm
8.236658933,2.223180232927466,20-50cm
2.958236659,1.3757986379648754,50-100cm
15.83526682,2.8234759016112907,0-20cm
6.032482599,1.9505397870098125,20-50cm
4.176334107,1.6440971043812276,50-100cm
3.07424594,1.404685684171041,50-100cm
17.63341067,2.924956241931558,0-20cm
4.466357309,1.6986124547437058,50-100cm
2.784222738,1.3308405125650895,>100cm
7.88863109,2.1847730545420854,0-20cm
1.740139211,1.0080087260436568,20-50cm
1.682134571,0.9866129592159453,50-100cm
1.856148492,1.0494740361229478,>100cm
37.52900232,3.6514112647134107,0-20cm
19.02552204,2.997007562027855,0-20cm
14.44315545,2.7371658922395445,20-50cm
10.84686775,2.4720635077466433,50-100cm
15.0812065,2.7776512920306557,0-20cm
9.628770302,2.363564503818358,20-50cm
14.32714617,2.7296255157364815,0-20cm
7.946635731,2.191277565642508,0-20cm
27.49419954,3.3497005416483185,0-20cm
29.11832947,3.4051339389101924,20-50cm
24.01392111,3.2194325142878886,50-100cm
29.98839907,3.433612910897653,0-20cm
24.47795824,3.237813695625101,0-20cm
8.468677494,2.2479892452809844,0-20cm
1.62412993,0.9647493858620633,20-50cm
1.392111369,0.8721763939510395,50-100cm
11.774942,2.547485595962045,0-20cm
4.69837587,1.7401811991510703,20-50cm
6.032482599,1.9505397870098125,0-20cm
3.480278422,1.4996851922636585,20-50cm
3.538283063,1.5125487605692358,50-100cm
26.97215777,3.331209650108854,0-20cm
32.77262181,3.5196504686358594,0-20cm
42.57540603,3.7744929093202173,50-100cm
29.98839907,3.433612910897653,0-20cm
26.91415313,3.3291338408491518,20-50cm
16.58932715,2.8672923061702056,0-20cm
1.798143852,1.0289562873591707,20-50cm
7.83062645,2.17822595773921,0-20cm
2.610208817,1.2837656147162086,20-50cm
4.466357309,1.6986124547437058,50-100cm
30.56844548,3.4521580609394324,0-20cm
19.2575406,3.0085270995467117,0-20cm
3.016241299,1.3903464649967827,0-20cm
2.146171694,1.1461863784806638,0-20cm
1.740139211,1.0080087260436568,20-50cm
11.60092807,2.533770467594143,50-100cm
23.37587007,3.1935937114263404,0-20cm
13.57308585,2.6791763925655667,0-20cm
46.17169374,3.8537940037958958,0-20cm
21.51972158,3.114391439962382,0-20cm
12.00696056,2.565484641863583,0-20cm
25.05800464,3.260325000845042,0-20cm
5.684454756,1.899784644923856,0-20cm
26.27610209,3.30601093750226,0-20cm
18.03944316,2.946512783137233,0-20cm
7.7,2.1633230256605382,0-20cm
4.3,1.667706820558076,20-50cm
4.3,1.667706820558076,50-100cm
3.9,1.589235205116581,50-100cm
12.3,2.5877640352277083,0-20cm
6.9,2.066862759472976,20-50cm
5.7,1.9021075263969205,50-100cm
3.3,1.4586150226995167,50-100cm
5.2,1.824549292051046,0-20cm
5.7,1.9021075263969205,20-50cm
8.7,2.272125885509337,50-100cm
9.6,2.3608540011180215,0-20cm
6.0,1.9459101490553132,50-100cm
4.8,1.7578579175523736,50-100cm
4.3,1.667706820558076,>100cm
8.7,2.272125885509337,0-20cm
4.0,1.6094379124341003,20-50cm
3.9,1.589235205116581,20-50cm
2.3,1.1939224684724346,50-100cm
1.8,1.0296194171811583,50-100cm
13.9,2.7013612129514133,0-20cm
5.7,1.9021075263969205,50-100cm
2.8,1.33500106673234,>100cm
13.7,2.6878474937846906,0-20cm
12.4,2.5952547069568657,20-50cm
5.9,1.9315214116032138,50-100cm
26.2,3.3032169733019514,0-20cm
29.3,3.4111477125153233,20-50cm
4.8,1.7578579175523736,50-100cm
2.7,1.308332819650179,>100cm
6.9,2.066862759472976,>100cm
15.9,2.827313621929028,0-20cm
7.8,2.174751721484161,0-20cm
11.0,2.4849066497880004,0-20cm
4.4,1.6863989535702288,0-20cm
3.6,1.5260563034950494,20-50cm
3.8,1.5686159179138452,50-100cm
6.7,2.0412203288596382,0-20cm
5.0,1.791759469228055,0-20cm
6.5,2.0149030205422647,20-50cm
4.1,1.62924053973028,50-100cm
4.5,1.7047480922384253,0-20cm
2.6,1.2809338454620642,20-50cm
1.8,1.0296194171811583,50-100cm
12.3,2.5877640352277083,0-20cm
3.5,1.5040773967762742,20-50cm
3.3,1.4586150226995167,50-100cm
2.5,1.252762968495368,50-100cm
23.4,3.1945831322991562,0-20cm
10.2,2.4159137783010487,20-50cm
6.9,2.066862759472976,50-100cm
6.8,2.0541237336955462,50-100cm
28.7,3.391147045808654,0-20cm
25.1,3.261935314328648,0-20cm
11.7,2.5416019934645457,0-20cm
3.54,1.5129270120532565,20-50cm
17.7,2.928523523860541,0-20cm
3.4,1.4816045409242156,0-20cm
10.5,2.4423470353692043,0-20cm
4.01,1.6114359150967734,0-20cm
3.31,1.4609379041156565,20-50cm
4.17,1.6428726885203377,50-100cm
8.0,2.1972245773362196,0-20cm
7.1,2.0918640616783932,20-50cm
10.8,2.468099531471619,50-100cm
15.2,2.785011242238338,0-20cm
7.8,2.174751721484161,0-20cm
6.7,2.0412203288596382,20-50cm
7.1,2.0918640616783932,50-100cm
5.5,1.8718021769015913,0-20cm
3.5,1.5040773967762742,0-20cm
3.0,1.3862943611198906,20-50cm
3.7,1.547562508716013,50-100cm
6.7,2.0412203288596382,0-20cm
3.6,1.5260563034950494,20-50cm
5.1,1.8082887711792655,20-50cm
15.8,2.8213788864092133,0-20cm
3.2,1.4350845252893227,20-50cm
0.6,0.4700036292457355,20-50cm
2.6,1.2809338454620642,0-20cm
4.2,1.6486586255873816,20-50cm
2.9,1.3609765531356006,20-50cm
1.2,0.7884573603642702,50-100cm
14.1,2.714694743820879,0-20cm
6.1,1.9600947840472698,20-50cm
9.0,2.302585092994046,20-50cm
4.1,1.62924053973028,0-20cm
5.5,1.8718021769015913,20-50cm
4.5,1.7047480922384253,20-50cm
2.2,1.1631508098056809,50-100cm
2.5,1.252762968495368,>100cm
24.8,3.250374491927572,0-20cm
10.6,2.451005098112319,0-20cm
3.0,1.3862943611198906,20-50cm
2.0,1.0986122886681098,50-100cm
5.8,1.916922612182061,0-20cm
12.7,2.617395832834079,20-50cm
16.4,2.856470206220483,50-100cm
1.9,1.0647107369924282,>100cm
32.1,3.4995332823830174,0-20cm
4.7,1.7404661748405046,20-50cm
10.2,2.4159137783010487,0-20cm
4.9,1.7749523509116738,0-20cm
9.5,2.3513752571634776,20-50cm
5.9,1.9315214116032138,20-50cm
18.3,2.9601050959108397,0-20cm
7.0,2.0794415416798357,0-20cm
9.2,2.322387720290225,0-20cm
5.5,1.8718021769015913,20-50cm
2.2,1.1631508098056809,20-50cm
4.9,1.7749523509116738,0-20cm
3.2,1.4350845252893227,20-50cm
2.4,1.2237754316221157,50-100cm
2.8,1.33500106673234,0-20cm
1.5,0.9162907318741551,20-50cm
5.7,1.9021075263969205,0-20cm
3.7,1.547562508716013,20-50cm
2.4,1.2237754316221157,50-100cm
1.9,1.0647107369924282,50-100cm
9.9,2.388762789235098,0-20cm
3.7,1.547562508716013,0-20cm
2.4,1.2237754316221157,20-50cm
2.6,1.2809338454620642,50-100cm
6.4,2.0014800002101243,0-20cm
3.3,1.4586150226995167,20-50cm
2.1,1.1314021114911006,20-50cm
6.2,1.9740810260220096,0-20cm
3.2,1.4350845252893227,0-20cm
3.3,1.4586150226995167,50-100cm
1.1,0.7419373447293773,50-100cm
4.8,1.7578579175523736,0-20cm
1.9,1.0647107369924282,20-50cm
1.6,0.9555114450274363,50-100cm
3.0,1.3862943611198906,50-100cm
1.3,0.832909122935104,50-100cm
4.5,1.7047480922384253,0-20cm
1.2,0.7884573603642702,20-50cm
4.7,1.7404661748405046,50-100cm
7.2,2.1041341542702074,0-20cm
2.4,1.2237754316221157,20-50cm
1.6,0.9555114450274363,50-100cm
8.9,2.2925347571405443,0-20cm
16.2,2.8449093838194073,0-20cm
8.49,2.2502386126218363,0-20cm
21.6,3.1179499062782403,0-20cm
16.7,2.8735646395797834,0-20cm
28.7,3.391147045808654,0-20cm
15.5,2.803360380906535,0-20cm
4.16,1.6409365794934714,20-50cm
33.3,3.535145354171894,0-20cm
12.5,2.6026896854443837,0-20cm
4.5,1.7047480922384253,20-50cm
13.6,2.681021528714291,0-20cm
13.8,2.6946271807700692,0-20cm
12.2,2.580216829592325,0-20cm
45.1,3.8308129500026027,0-20cm
23.7,3.2068032436339315,0-20cm
24.7,3.246490991901174,20-50cm
16.0,2.833213344056216,50-100cm
10.8,2.468099531471619,50-100cm
2.6,1.2809338454620642,>100cm
1.7,0.9932517730102833,>100cm
13.7,2.6878474937846906,0-20cm
26.0,3.295836866004329,20-50cm
22.2,3.1441522786722644,20-50cm
5.1,1.8082887711792655,50-100cm
4.8,1.7578579175523736,50-100cm
4.3,1.667706820558076,>100cm
7.6,2.151762203259462,0-20cm
3.9,1.589235205116581,20-50cm
4.2,1.6486586255873816,20-50cm
1.8,1.0296194171811583,50-100cm
10.2,2.4159137783010487,0-20cm
9.1,2.312535423847214,20-50cm
4.9,1.7749523509116738,50-100cm
2.1,1.1314021114911006,50-100cm
2.6,1.2809338454620642,>100cm
12.0,2.5649493574615367,0-20cm
10.7,2.4595888418037104,0-20cm
7.8,2.174751721484161,20-50cm
4.5,1.7047480922384253,20-50cm
3.2,1.4350845252893227,50-100cm
2.9,1.3609765531356006,50-100cm
12.8,2.624668592163159,0-20cm
6.4,2.0014800002101243,0-20cm
5.3,1.840549633397487,20-50cm
5.1,1.8082887711792655,20-50cm
3.7,1.547562508716013,50-100cm
16.7,2.8735646395797834,0-20cm
13.1,2.6461747973841225,20-50cm
6.4,2.0014800002101243,20-50cm
1.2,0.7884573603642702,50-100cm
11.4,2.517696472610991,0-20cm
4.2,1.6486586255873816,0-20cm
2.1,1.1314021114911006,50-100cm
0.3,0.26236426446749106,>100cm
11.9,2.5572273113676265,0-20cm
10.7,2.4595888418037104,0-20cm
9.8,2.379546134130174,20-50cm
6.9,2.066862759472976,50-100cm
15.7,2.8154087194227095,0-20cm
6.7,2.0412203288596382,20-50cm
6.9,2.066862759472976,20-50cm
7.2,2.1041341542702074,0-20cm
2.7,1.308332819650179,0-20cm
2.1,1.1314021114911006,20-50cm
0.7,0.5306282510621704,50-100cm
12.2,2.580216829592325,0-20cm
7.2,2.1041341542702074,0-20cm
10.1,2.4069451083182885,20-50cm
7.8,2.174751721484161,50-100cm
10.1,2.4069451083182885,0-20cm
8.9,2.2925347571405443,20-50cm
7.8,2.174751721484161,50-100cm
7.5,2.1400661634962708,>100cm
6.3,1.9878743481543455,0-20cm
2.3,1.1939224684724346,20-50cm
4.9,1.7749523509116738,0-20cm
2.9,1.3609765531356006,20-50cm
15.4,2.797281334830153,0-20cm
17.3,2.9069010598473755,0-20cm
16.8,2.8791984572980396,20-50cm
15.0,2.772588722239781,50-100cm
17.9,2.9391619220655967,>100cm
9.64,2.3646204839134985,0-20cm
7.31,2.1174596088673567,20-50cm
2.79,1.332366019094335,50-100cm
2.79,1.332366019094335,>100cm
26.9,3.32862668882732,0-20cm
5.21,1.8261608959453874,0-20cm
2.13,1.1410330045520618,20-50cm
2.76,1.324418957401803,50-100cm
0.26,0.23111172096338664,>100cm
0.62,0.4824261492442927,>100cm
20.9,3.086486636822455,0-20cm
1.17,0.7747271675523681,20-50cm
0.72,0.5423242908253617,50-100cm
0.7,0.5306282510621704,50-100cm
4.63,1.728109442151599,0-20cm
3.94,1.597365331199831,0-20cm
2.07,1.1216775615991057,0-20cm
3.14,1.420695787837223,20-50cm
3.38,1.4770487243883548,50-100cm
2.24,1.1755733298042381,50-100cm
2.41,1.2267122912954254,>100cm
10.62,2.4527277514237653,0-20cm
4.13,1.6351056591826783,20-50cm
1.26,0.8153648132841945,50-100cm
8.13,2.211565694606877,0-20cm
6.28,1.9851308622085946,0-20cm
2.52,1.2584609896100056,0-20cm
1.46,0.9001613499442714,50-100cm
1.48,0.9082585601768908,>100cm
7.45,2.1341664413690826,0-20cm
1.0,0.6931471805599453,0-20cm
0.21,0.1906203596086497,50-100cm
1.29,0.8285518175661483,>100cm
13.11,2.6468837658647226,0-20cm
6.83,2.057962510002712,0-20cm
5.09,1.8066480817218056,20-50cm
2.96,1.3762440252663892,50-100cm
2.32,1.199964782928397,>100cm
6.35,1.9947003132247452,0-20cm
5.37,1.851599469584072,20-50cm
2.26,1.1817271953786161,20-50cm
2.56,1.269760544863939,50-100cm
1.89,1.0612565021243408,>100cm
46.96,3.8703673301593136,0-20cm
26.64,3.319263998899469,0-20cm
7.51,2.1412419425852827,20-50cm
7.98,2.194999882314108,0-20cm
1.77,1.0188473201992472,0-20cm
1.47,0.9042181506398859,20-50cm
2.09,1.128171090909654,50-100cm
3.54,1.5129270120532565,0-20cm
1.39,0.8712933659434192,0-20cm
1.56,0.9400072584914712,20-50cm
1.24,0.8064758658669485,>100cm
27.46,3.3484995926617063,0-20cm
1.14,0.76080582903376,0-20cm
0.49,0.3987761199573678,50-100cm
0.34,0.29266961396282004,50-100cm
10.44,2.437115985951652,0-20cm
7.61,2.1529243184396396,0-20cm
2.75,1.3217558399823195,20-50cm
2.25,1.1786549963416462,50-100cm
3.93,1.5953389880545987,0-20cm
3.34,1.4678743481123135,0-20cm
3.12,1.415853163361435,20-50cm
2.29,1.1908875647772805,50-100cm
2.14,1.144222799920162,>100cm
12.14,2.5756610130564646,0-20cm
3.95,1.599387576580599,0-20cm
3.71,1.5496879080283263,20-50cm
3.51,1.506297153514587,50-100cm
9.79,2.378619779270043,0-20cm
2.92,1.366091653802371,0-20cm
1.1,0.7419373447293773,50-100cm
0.47,0.3852624007906449,>100cm
6.41,2.0028304393079956,0-20cm
6.28,1.9851308622085946,20-50cm
10.72,2.4612967841488667,50-100cm
5.24,1.8309801823813363,50-100cm
54.79,4.021594641857437,0-20cm
37.13,3.6410013738694724,0-20cm
18.48,2.969388298214389,0-20cm
38.39,3.6735119769828146,0-20cm
38.33,3.671987586443718,0-20cm
42.82,3.7800903341673204,20-50cm
47.21,3.875566468417531,20-50cm
14.69,2.753023566744941,20-50cm
65.24,4.193284510077004,0-20cm
46.59,3.862622655133019,0-20cm
24.37,3.2335673736111907,20-50cm
7.54,2.1447610078004784,50-100cm
24.07,3.221671912170202,0-20cm
12.24,2.5832425505088623,0-20cm
20.87,3.0851158346886765,0-20cm
31.66,3.486151087542319,20-50cm
25.72,3.285412348668445,>100cm
6.24,1.979621206397625,>100cm
35.13,3.587123545159549,0-20cm
37.73,3.6566144935266607,0-20cm
29.35,3.4127965175055075,20-50cm
14.11,2.715356776284648,50-100cm
10.65,2.4553061800117097,50-100cm
7.08,2.089391872533004,0-20cm
2.73,1.3164082336557241,20-50cm
3.54,1.5129270120532565,50-100cm
1.91,1.068153081183401,>100cm
2.09,1.128171090909654,>100cm
1.45,0.8960880245566356,>100cm
13.43,2.6693093727857793,0-20cm
8.75,2.277267285009756,0-20cm
8.6,2.2617630984737906,20-50cm
1.97,1.0885619528146082,0-20cm
1.55,0.9360933591703348,0-20cm
1.44,0.8919980393051105,20-50cm
1.1,0.7419373447293773,50-100cm
6.74,2.046401687601636,0-20cm
7.31,2.1174596088673567,0-20cm
4.23,1.6544112780768316,20-50cm
4.46,1.6974487897568136,50-100cm
3.02,1.3912819026309298,50-100cm
3.19,1.4327007339340463,>100cm
12.27,2.5855058483441162,0-20cm
4.66,1.7334238922150915,20-50cm
2.49,1.2499017362143359,20-50cm
3.0,1.3862943611198906,20-50cm
4.67,1.7351891177396608,50-100cm
2.18,1.1568811967920856,>100cm
4.21,1.6505798557652755,0-20cm
2.07,1.1216775615991057,20-50cm
2.77,1.3270750014599193,50-100cm
2.16,1.1505720275988207,50-100cm
1.51,0.9202827531436926,>100cm
4.36,1.6789639750827108,0-20cm
3.09,1.4085449700547104,0-20cm
2.24,1.1755733298042381,20-50cm
1.94,1.0784095813505903,>100cm
4.01,1.6114359150967734,0-20cm
1.6,0.9555114450274363,20-50cm
1.09,0.7371640659767197,0-20cm
0.26,0.23111172096338664,20-50cm
0.66,0.5068176023684519,20-50cm
0.89,0.636576829071551,50-100cm
1.93,1.0750024230289759,>100cm
9.44,2.3456445824544927,0-20cm
1.85,1.0473189942805592,20-50cm
0.46,0.3784364357202451,50-100cm
1.79,1.0260415958332743,>100cm
27.21,3.339676525013905,0-20cm
10.43,2.4362414778067194,0-20cm
9.48,2.349468678892896,20-50cm
4.4,1.6863989535702288,0-20cm
3.21,1.43746264769429,20-50cm
1.49,0.9122827104766162,50-100cm
0.66,0.5068176023684519,>100cm
6.02,1.9487632180377197,0-20cm
4.23,1.6544112780768316,0-20cm
2.51,1.2556160374777743,20-50cm
1.97,1.0885619528146082,50-100cm
0.72,0.5423242908253617,>100cm
2.4,1.2237754316221157,>100cm
8.92,2.2945529212967815,0-20cm
8.05,2.2027647577118348,0-20cm
9.41,2.3427668826268775,20-50cm
4.52,1.7083778602890038,50-100cm
10.13,2.4096441652874536,0-20cm
7.47,2.136530508663963,0-20cm
3.16,1.425515074273172,20-50cm
1.5,0.9162907318741551,50-100cm
1.61,0.9593502213346021,50-100cm
15.59,2.808800104202353,0-20cm
9.82,2.3813962734183356,0-20cm
5.04,1.7984040119467235,50-100cm
5.07,1.803358605071407,50-100cm
16.91,2.8853592160726205,0-20cm
10.88,2.474856313934499,0-20cm
5.8,1.916922612182061,20-50cm
7.14,2.096790180014449,50-100cm
12.92,2.6333266549062735,0-20cm
7.4,2.128231705849268,0-20cm
2.85,1.3480731482996928,50-100cm
46.65,3.863882630100211,0-20cm
38.94,3.6873783279876693,0-20cm
3.88,1.5851452198650557,0-20cm
4.7,1.7404661748405046,0-20cm
2.11,1.1346227261911428,20-50cm
10.43,2.4362414778067194,0-20cm
5.22,1.827769906751088,20-50cm
4.87,1.7698546338400052,50-100cm
7.97,2.1938856760707046,50-100cm
10.41,2.4344901638739844,0-20cm
7.15,2.0980179272527715,20-50cm
3.93,1.5953389880545987,20-50cm
4.1,1.62924053973028,>100cm
14.12,2.716018370751387,0-20cm
7.43,2.131796772013764,20-50cm
4.61,1.724550719534605,20-50cm
8.05,2.2027647577118348,0-20cm
2.8,1.33500106673234,0-20cm
2.3,1.1939224684724346,20-50cm
5.43,1.860974538249528,50-100cm
21.2,3.100092288878234,0-20cm
7.6,2.151762203259462,0-20cm
6.98,2.0769384114617173,50-100cm
3.88,1.5851452198650557,50-100cm
11.68,2.5400259490090797,0-20cm
5.19,1.8229350866965048,0-20cm
10.8,2.468099531471619,0-20cm
4.8,1.7578579175523736,0-20cm
1.14,0.76080582903376,20-50cm
0.8,0.5877866649021191,50-100cm
8.77,2.2793164660546914,0-20cm
4.8,1.7578579175523736,0-20cm
2.58,1.275362800412609,50-100cm
1.99,1.095273387402595,>100cm
9.4,2.341805806147327,0-20cm
9.59,2.359910159613315,0-20cm
43.14,3.7873664008285903,0-20cm
29.17,3.40684805317097,0-20cm
7.8,2.174751721484161,20-50cm
54.23,4.011506283913096,0-20cm
45.39,3.8370839187636525,0-20cm
33.46,3.5397992310997837,20-50cm
10.99,2.4840729690394228,20-50cm
35.63,3.6008675767907232,0-20cm
13.73,2.689886230474539,0-20cm
7.9,2.186051276738094,20-50cm
4.44,1.6937790608678513,0-20cm
2.58,1.275362800412609,0-20cm
2.77,1.3270750014599193,20-50cm
2.44,1.235471471385307,50-100cm
1.36,0.8586616190375187,>100cm
6.14,1.965712776351493,0-20cm
2.81,1.3376291891386096,0-20cm
3.02,1.3912819026309298,50-100cm
2.06,1.1184149159642893,50-100cm
2.13,1.1410330045520618,>100cm
28.58,3.3870984572826535,0-20cm
1.84,1.0438040521731147,20-50cm
1.0,0.6931471805599453,50-100cm
1.5,0.9162907318741551,>100cm
1.84,1.0438040521731147,0-20cm
46.08,3.851848282392076,50-100cm
0.72,0.5423242908253617,50-100cm
1.96,1.085189268335969,50-100cm
1.91,1.068153081183401,50-100cm
3.58,1.5216989981260935,0-20cm
1.05,0.7178397931503169,0-20cm
0.72,0.5423242908253617,20-50cm
0.81,0.5933268452777344,>100cm
5.75,1.9095425048844386,0-20cm
2.21,1.1662709371419244,0-20cm
4.06,1.6213664832993742,20-50cm
4.26,1.6601310267496185,0-20cm
2.38,1.2178757094949273,0-20cm
3.43,1.4883995840570443,20-50cm
1.52,0.9242589015233319,50-100cm
7.71,2.1644717908644115,0-20cm
5.66,1.8961194845522977,0-20cm
5.84,1.922787731634459,50-100cm
1.26,0.8153648132841945,0-20cm
1.68,0.9858167945227653,0-20cm
1.92,1.0715836162801904,0-20cm
0.47,0.3852624007906449,0-20cm
1.57,0.9439058989071285,50-100cm
1.1,0.7419373447293773,>100cm
22.69,3.165053018170694,0-20cm
19.94,3.041661205442391,0-20cm
21.04,3.092858984284714,0-20cm
17.48,2.916689066213538,0-20cm
10.68,2.457877977400081,0-20cm
24.99,3.2577118486533987,0-20cm
13.04,2.641910398597665,0-20cm
9.14,2.316487998163037,20-50cm
7.076566125,2.088966797671782,0-20cm
2.842227378,1.3460522447919403,0-20cm
2.146171694,1.1461863784806638,20-50cm
2.030162413,1.1086162197349259,50-100cm
2.494199536,1.2511043182667152,0-20cm
1.276102088,0.8224643693882208,20-50cm
1.392111369,0.8721763939510395,50-100cm
9.164733179,2.318924197744161,0-20cm
2.900232019,1.361036043417301,20-50cm
1.856148492,1.0494740361229478,20-50cm
1.798143852,1.0289562873591707,50-100cm
4.75638051,1.7503088935114712,0-20cm
2.552204176,1.2675683054598799,20-50cm
1.682134571,0.9866129592159453,20-50cm
1.50812065,0.9195337276742209,50-100cm
3.13225058,1.4188221931746843,0-20cm
1.972157773,1.0892882119202307,20-50cm
2.320185615,1.200020689498126,50-100cm
11.31090487,2.5104854443998175,0-20cm
2.668213457,1.2997047470848513,20-50cm
1.972157773,1.0892882119202307,20-50cm
1.56612529,0.9423970919694907,50-100cm
1.972157773,1.0892882119202307,50-100cm
3.13225058,1.4188221931746843,0-20cm
1.856148492,1.0494740361229478,20-50cm
2.030162413,1.1086162197349259,>100cm
7.192575406,2.1032283058206738,0-20cm
8.294663573,2.2294404261127796,0-20cm
4.060324826,1.6214306761006323,20-50cm
1.334106729,0.8476292607537498,20-50cm
6.20649652,1.9749829136435195,50-100cm
1.740139211,1.0080087260436568,50-100cm
5.626450116,1.8910692333543266,0-20cm
1.972157773,1.0892882119202307,20-50cm
2.262180974,1.1823959821203476,50-100cm
2.146171694,1.1461863784806638,0-20cm
1.276102088,0.8224643693882208,0-20cm
0.638051044,0.4935071473385028,20-50cm
0.522041763,0.42005269861625594,50-100cm
0.406032483,0.3407718962510452,50-100cm
8.120649652,2.210541035321165,0-20cm
5.336426914,1.8463150313457901,0-20cm
2.726218097,1.3153938042827849,20-50cm
6.090487239,1.9587540601856084,0-20cm
7.540603248,2.1448316432448467,0-20cm
5.278422274,1.8371187186617233,20-50cm
3.886310905,1.586437602616289,50-100cm
3.944315545,1.5982385419455967,>100cm
6.496519722,2.01443887577708,>100cm
9.454756381,2.3470570309352685,0-20cm
6.438515081,2.00667124303799,20-50cm
4.060324826,1.6214306761006323,>100cm
11.65893271,2.538363109054814,0-20cm
7.192575406,2.1032283058206738,0-20cm
5.858468677,1.9254841918922878,20-50cm
7.076566125,2.088966797671782,0-20cm
7.366589327,2.1242463136420437,0-20cm
4.75638051,1.7503088935114712,20-50cm
2.610208817,1.2837656147162086,20-50cm
0.464037123,0.3811977724580676,50-100cm
2.610208817,1.2837656147162086,0-20cm
3.886310905,1.586437602616289,20-50cm
4.118329466,1.6328281096398902,50-100cm
4.64037123,1.7299498842658516,50-100cm
1.160092807,0.7701511869767564,50-100cm
4.176334107,1.6440971043812276,0-20cm
3.596287703,1.5252489565912695,20-50cm
6.032482599,1.9505397870098125,20-50cm
2.146171694,1.1461863784806638,50-100cm
1.914153132,1.069579256838409,50-100cm
2.146171694,1.1461863784806638,50-100cm
7.598607889,2.1516003167844606,0-20cm
7.134570766,2.096122975419075,20-50cm
8.178654292,2.216880602601443,50-100cm
7.714617169,2.165001750181541,50-100cm
4.466357309,1.6986124547437058,0-20cm
4.930394432,1.780090725468795,0-20cm
2.320185615,1.200020689498126,20-50cm
4.64037123,1.7299498842658516,>100cm
9.570765661,2.3580922344394004,0-20cm
5.162412993,1.818468420486176,20-50cm
6.786542923,2.052396977427628,50-100cm
1.682134571,0.9866129592159453,0-20cm
1.62412993,0.9647493858620633,20-50cm
7.482598608,2.138016842483422,50-100cm
5.684454756,1.899784644923856,>100cm
11.60092807,2.533770467594143,0-20cm
11.65893271,2.538363109054814,0-20cm
19.14153132,3.0027839181636504,20-50cm
10.32482599,2.4269973061296404,20-50cm
33.7587007,3.548429920527111,0-20cm
14.84918794,2.763118264941379,0-20cm
8.062645012,2.2041610213769114,20-50cm
27.66821346,3.3557889640366994,0-20cm
7.018561485,2.0817590398303256,0-20cm
9.164733179,2.318924197744161,20-50cm
8.120649652,2.210541035321165,0-20cm
5.974477958,1.94225748017524,20-50cm
19.02552204,2.997007562027855,0-20cm
9.744779582,2.3744200163428864,0-20cm
8.236658933,2.223180232927466,20-50cm
5.336426914,1.8463150313457901,50-100cm
14.67517401,2.7520781875737947,0-20cm
6.728538283,2.044919748081826,20-50cm
7.946635731,2.191277565642508,>100cm
18.32946636,2.9616306860104005,0-20cm
18.03944316,2.946512783137233,20-50cm
11.36890951,2.5151860264957904,0-20cm
8.526682135,2.254096507520187,0-20cm
6.380510441,1.9988428016677164,20-50cm
6.148491879,1.96690140844391,50-100cm
6.496519722,2.01443887577708,50-100cm
16.00928074,2.8337591209752473,0-20cm
8.294663573,2.2294404261127796,0-20cm
9.860788863,2.3851589511862823,20-50cm
8.700696056,2.2721976412853455,50-100cm
5.568445476,1.882277195063256,>100cm
8.294663573,2.2294404261127796,0-20cm
5.394431555,1.8554275421041846,20-50cm
4.872389791,1.7702616704101632,50-100cm
10.09280742,2.4062969181082163,0-20cm
7.424593968,2.1311552813678727,0-20cm
6.438515081,2.00667124303799,20-50cm
6.380510441,1.9988428016677164,0-20cm
4.234338747,1.6552405224951414,20-50cm
3.248259861,1.4465094546204627,50-100cm
10.84686775,2.4720635077466433,0-20cm
5.626450116,1.8910692333543266,0-20cm
6.438515081,2.00667124303799,20-50cm
4.582366589,1.7196128063722729,50-100cm
13.05104408,2.642696704762546,0-20cm
6.148491879,1.96690140844391,20-50cm
3.13225058,1.4188221931746843,50-100cm
0.928074246,0.656521704782988,>100cm
4.75638051,1.7503088935114712,0-20cm
2.842227378,1.3460522447919403,20-50cm
3.016241299,1.3903464649967827,50-100cm
3.19025522,1.4327616437735151,50-100cm
22.91183295,3.1743734389251164,0-20cm
10.67285383,2.457265960532671,20-50cm
12.12296984,2.5743641176565366,50-100cm
7.250580046,2.110283506481116,0-20cm
2.842227378,1.3460522447919403,0-20cm
21.92575406,3.132260910077046,0-20cm
3.07424594,1.404685684171041,20-50cm
1.62412993,0.9647493858620633,50-100cm
1.276102088,0.8224643693882208,>100cm
10.96287703,2.4818082739417537,0-20cm
6.728538283,2.044919748081826,20-50cm
2.030162413,1.1086162197349259,50-100cm
7.076566125,2.088966797671782,0-20cm
13.74709977,2.6910464376897374,20-50cm
6.3225058,1.9909525917986457,20-50cm
18.44547564,2.967614428095385,0-20cm
7.250580046,2.110283506481116,0-20cm
6.728538283,2.044919748081826,50-100cm
11.89095128,2.5565256140728625,0-20cm
7.540603248,2.1448316432448467,20-50cm
4.75638051,1.7503088935114712,50-100cm
9.686774942,2.3690069902773168,0-20cm
5.742459397,1.9084247540633008,20-50cm
3.422273782,1.4866539941324353,50-100cm
3.19025522,1.4327616437735151,50-100cm
7.598607889,2.1516003167844606,0-20cm
3.886310905,1.586437602616289,0-20cm
8.004640371,2.1977400412396495,20-50cm
1.856148492,1.0494740361229478,50-100cm
5.626450116,1.8910692333543266,50-100cm
2.378190255,1.2173401385876361,>100cm
5.626450116,1.8910692333543266,0-20cm
8.004640371,2.1977400412396495,0-20cm
10.61484919,2.4522843820657583,50-100cm
6.032482599,1.9505397870098125,0-20cm
6.786542923,2.052396977427628,20-50cm
3.828306265,1.5744957363932024,20-50cm
9.570765661,2.3580922344394004,0-20cm
5.336426914,1.8463150313457901,20-50cm
2.784222738,1.3308405125650895,50-100cm
3.016241299,1.3903464649967827,50-100cm
9.048723898,2.307445651119653,0-20cm
5.626450116,1.8910692333543266,20-50cm
4.75638051,1.7503088935114712,20-50cm
3.596287703,1.5252489565912695,50-100cm
6.612529002,2.0297954428152933,0-20cm
4.930394432,1.780090725468795,20-50cm
3.364269142,1.4734507393046723,20-50cm
3.19025522,1.4327616437735151,50-100cm
19.60556845,3.0255613523743263,0-20cm
21.51972158,3.114391439962382,0-20cm
11.19489559,2.501017469925615,20-50cm
13.63109049,2.6831487501899676,20-50cm
11.25290023,2.505762662438444,50-100cm
20.18561485,3.0533224065509232,50-100cm
14.96519722,2.7704111793632284,0-20cm
9.106728538,2.313201393921096,20-50cm
29.69837587,3.424209749936396,0-20cm
13.28306265,2.659074405204275,0-20cm
10.84686775,2.4720635077466433,20-50cm
11.19489559,2.501017469925615,50-100cm
11.48491879,2.5245214191050547,50-100cm
10.49883991,2.442246152889434,0-20cm
4.292343387,1.666261132091644,20-50cm
2.668213457,1.2997047470848513,50-100cm
2.552204176,1.2675683054598799,50-100cm
6.554524362,2.0221466370254397,50-100cm
2.436194896,1.2343647242828897,>100cm
7.656612529,2.158323483117142,0-20cm
8.120649652,2.210541035321165,20-50cm
3.19025522,1.4327616437735151,50-100cm
3.306264501,1.4600708232052213,0-20cm
4.060324826,1.6214306761006323,20-50cm
1.392111369,0.8721763939510395,50-100cm
2.494199536,1.2511043182667152,50-100cm
5.046403712,1.7994636675319253,0-20cm
2.378190255,1.2173401385876361,0-20cm
3.016241299,1.3903464649967827,20-50cm
3.13225058,1.4188221931746843,50-100cm
3.422273782,1.4866539941324353,>100cm
6.26450116,1.9829996312098825,0-20cm
5.858468677,1.9254841918922878,20-50cm
2.378190255,1.2173401385876361,50-100cm
2.610208817,1.2837656147162086,0-20cm
3.13225058,1.4188221931746843,20-50cm
4.75638051,1.7503088935114712,20-50cm
3.248259861,1.4465094546204627,50-100cm
7.424593968,2.1311552813678727,0-20cm
3.828306265,1.5744957363932024,20-50cm
3.480278422,1.4996851922636585,50-100cm
1.856148492,1.0494740361229478,50-100cm
11.54292343,2.5291566364237292,0-20cm
6.960556845,2.0744989528115365,20-50cm
5.452436195,1.8644577641463982,20-50cm
5.336426914,1.8463150313457901,50-100cm
9.570765661,2.3580922344394004,0-20cm
6.380510441,1.9988428016677164,0-20cm
6.20649652,1.9749829136435195,20-50cm
5.742459397,1.9084247540633008,50-100cm
4.350348028,1.677161610754745,50-100cm
6.090487239,1.9587540601856084,0-20cm
3.654292343,1.5377898783348827,20-50cm
5.394431555,1.8554275421041846,20-50cm
9.918793503,2.3904854791395738,0-20cm
11.02088167,2.4866452766666476,20-50cm
8.468677494,2.2479892452809844,20-50cm
11.19489559,2.501017469925615,50-100cm
5.974477958,1.94225748017524,50-100cm
10.61484919,2.4522843820657583,0-20cm
6.26450116,1.9829996312098825,0-20cm
5.974477958,1.94225748017524,50-100cm
3.712296984,1.5501754715278433,50-100cm
3.538283063,1.5125487605692358,50-100cm
11.02088167,2.4866452766666476,0-20cm
6.844547564,2.059818712628983,0-20cm
6.20649652,1.9749829136435195,20-50cm
4.118329466,1.6328281096398902,50-100cm
3.654292343,1.5377898783348827,50-100cm
7.77262181,2.171635713816278,0-20cm
2.900232019,1.361036043417301,20-50cm
1.218097448,0.7966498230397037,20-50cm
1.334106729,0.8476292607537498,50-100cm
6.26450116,1.9829996312098825,0-20cm
4.64037123,1.7299498842658516,20-50cm
5.568445476,1.882277195063256,50-100cm
4.872389791,1.7702616704101632,50-100cm
12.99303944,2.6385600231217374,0-20cm
10.44083527,2.4371889963982123,0-20cm
7.482598608,2.138016842483422,20-50cm
7.714617169,2.165001750181541,50-100cm
10.38283063,2.43210613502655,0-20cm
5.626450116,1.8910692333543266,20-50cm
6.844547564,2.059818712628983,20-50cm
6.26450116,1.9829996312098825,50-100cm
2.842227378,1.3460522447919403,50-100cm
5.800464037,1.916990850589062,>100cm
11.71693735,2.5429347545501044,0-20cm
12.58700696,2.609113965496416,0-20cm
8.874709977,2.2899769409381743,20-50cm
3.19025522,1.4327616437735151,50-100cm
2.204176334,1.1644550632722352,50-100cm
6.786542923,2.052396977427628,>100cm
9.106728538,2.313201393921096,0-20cm
6.786542923,2.052396977427628,20-50cm
6.496519722,2.01443887577708,50-100cm
5.336426914,1.8463150313457901,50-100cm
6.090487239,1.9587540601856084,0-20cm
2.842227378,1.3460522447919403,20-50cm
5.220417633,1.8278370480661914,20-50cm
4.234338747,1.6552405224951414,50-100cm
10.49883991,2.442246152889434,0-20cm
8.120649652,2.210541035321165,0-20cm
4.234338747,1.6552405224951414,20-50cm
4.002320186,1.6099018420021345,0-20cm
5.858468677,1.9254841918922878,0-20cm
4.872389791,1.7702616704101632,20-50cm
4.118329466,1.6328281096398902,50-100cm
5.452436195,1.8644577641463982,0-20cm
4.64037123,1.7299498842658516,20-50cm
5.394431555,1.8554275421041846,20-50cm
1.50812065,0.9195337276742209,50-100cm
5.046403712,1.7994636675319253,50-100cm
0.812064965,0.5944670596271033,50-100cm
3.480278422,1.4996851922636585,0-20cm
8.120649652,2.210541035321165,0-20cm
1.392111369,0.8721763939510395,20-50cm
3.770301624,1.5624095364440707,20-50cm
2.726218097,1.3153938042827849,50-100cm
7.250580046,2.110283506481116,>100cm
6.612529002,2.0297954428152933,0-20cm
4.292343387,1.666261132091644,0-20cm
3.480278422,1.4996851922636585,20-50cm
3.480278422,1.4996851922636585,50-100cm
3.364269142,1.4734507393046723,50-100cm
14.09512761,2.7143720169157155,0-20cm
6.670533643,2.0373861883174516,0-20cm
5.220417633,1.8278370480661914,20-50cm
8.584686775,2.2601666972990686,0-20cm
3.364269142,1.4734507393046723,20-50cm
5.684454756,1.899784644923856,20-50cm
10.73085847,2.462222845835683,0-20cm
5.336426914,1.8463150313457901,20-50cm
6.902552204,2.067185771096572,20-50cm
10.96287703,2.4818082739417537,50-100cm
4.524361949,1.709167756391095,50-100cm
7.134570766,2.096122975419075,50-100cm
4.872389791,1.7702616704101632,50-100cm
5.104408353,1.809011190990897,0-20cm
1.334106729,0.8476292607537498,20-50cm
1.62412993,0.9647493858620633,20-50cm
4.64037123,1.7299498842658516,50-100cm
7.88863109,2.1847730545420854,>100cm
12.6450116,2.6133740042881923,0-20cm
7.83062645,2.17822595773921,0-20cm
6.148491879,1.96690140844391,20-50cm
5.510440835,1.873407170517675,50-100cm
2.378190255,1.2173401385876361,50-100cm
3.19025522,1.4327616437735151,0-20cm
3.654292343,1.5377898783348827,20-50cm
2.030162413,1.1086162197349259,20-50cm
8.642691415,2.266200262082887,>100cm
11.42691415,2.5198646164552616,>100cm
15.25522042,2.788414113799274,0-20cm
6.786542923,2.052396977427628,0-20cm
3.538283063,1.5125487605692358,20-50cm
2.262180974,1.1823959821203476,50-100cm
2.088167053,1.1275777281734074,50-100cm
6.438515081,2.00667124303799,0-20cm
4.292343387,1.666261132091644,20-50cm
0.870069606,0.6259756526336497,50-100cm
2.900232019,1.361036043417301,>100cm
7.598607889,2.1516003167844606,0-20cm
4.64037123,1.7299498842658516,20-50cm
3.828306265,1.5744957363932024,20-50cm
8.932714617,2.295833816024146,20-50cm
13.225058,2.6550050573327293,0-20cm
7.88863109,2.1847730545420854,0-20cm
6.090487239,1.9587540601856084,20-50cm
4.350348028,1.677161610754745,50-100cm
4.814385151,1.7603350453845883,50-100cm
21.46171694,3.1118123907340802,0-20cm
14.38515081,2.733402811130902,20-50cm
12.12296984,2.5743641176565366,50-100cm
13.16705336,2.6509190828897324,50-100cm
8.236658933,2.223180232927466,50-100cm
10.03480278,2.4010541673242503,>100cm
8.526682135,2.254096507520187,>100cm
10.09280742,2.4062969181082163,0-20cm
7.424593968,2.1311552813678727,20-50cm
7.308584687,2.1172892799217724,20-50cm
4.292343387,1.666261132091644,50-100cm
10.44083527,2.4371889963982123,0-20cm
6.438515081,2.00667124303799,20-50cm
3.886310905,1.586437602616289,50-100cm
6.670533643,2.0373861883174516,0-20cm
3.886310905,1.586437602616289,20-50cm
3.422273782,1.4866539941324353,20-50cm
6.670533643,2.0373861883174516,50-100cm
13.05104408,2.642696704762546,0-20cm
8.062645012,2.2041610213769114,0-20cm
6.786542923,2.052396977427628,20-50cm
8.932714617,2.295833816024146,50-100cm
6.438515081,2.00667124303799,50-100cm
8.410672854,2.241844455185516,0-20cm
3.770301624,1.5624095364440707,20-50cm
4.292343387,1.666261132091644,20-50cm
8.236658933,2.223180232927466,>100cm
27.55220418,3.3517341373250806,>100cm
5.046403712,1.7994636675319253,0-20cm
2.262180974,1.1823959821203476,20-50cm
4.814385151,1.7603350453845883,20-50cm
0.580046404,0.4574542162278497,50-100cm
9.686774942,2.3690069902773168,0-20cm
4.69837587,1.7401811991510703,0-20cm
4.75638051,1.7503088935114712,50-100cm
4.292343387,1.666261132091644,50-100cm
11.36890951,2.5151860264957904,0-20cm
9.628770302,2.363564503818358,20-50cm
6.496519722,2.01443887577708,20-50cm
5.162412993,1.818468420486176,50-100cm
10.78886311,2.467155281570677,0-20cm
4.930394432,1.780090725468795,20-50cm
3.944315545,1.5982385419455967,50-100cm
5.800464037,1.916990850589062,0-20cm
4.002320186,1.6099018420021345,50-100cm
5.568445476,1.882277195063256,>100cm
3.248259861,1.4465094546204627,0-20cm
2.320185615,1.200020689498126,20-50cm
7.83062645,2.17822595773921,50-100cm
5.046403712,1.7994636675319253,50-100cm
8.410672854,2.241844455185516,50-100cm
5.858468677,1.9254841918922878,0-20cm
4.524361949,1.709167756391095,20-50cm
3.248259861,1.4465094546204627,20-50cm
3.19025522,1.4327616437735151,50-100cm
1.856148492,1.0494740361229478,>100cm
10.49883991,2.442246152889434,0-20cm
6.496519722,2.01443887577708,0-20cm
3.19025522,1.4327616437735151,20-50cm
4.176334107,1.6440971043812276,50-100cm
7.83062645,2.17822595773921,0-20cm
1.798143852,1.0289562873591707,20-50cm
8.468677494,2.2479892452809844,50-100cm
6.496519722,2.01443887577708,0-20cm
4.872389791,1.7702616704101632,20-50cm
4.466357309,1.6986124547437058,20-50cm
5.220417633,1.8278370480661914,50-100cm
11.65893271,2.538363109054814,0-20cm
8.004640371,2.1977400412396495,0-20cm
4.234338747,1.6552405224951414,20-50cm
2.958236659,1.3757986379648754,50-100cm
27.55220418,3.3517341373250806,0-20cm
8.932714617,2.295833816024146,0-20cm
4.930394432,1.780090725468795,50-100cm
6.612529002,2.0297954428152933,0-20cm
4.75638051,1.7503088935114712,0-20cm
9.106728538,2.313201393921096,0-20cm
4.930394432,1.780090725468795,20-50cm
12.81902552,2.6260463035524015,0-20cm
7.018561485,2.0817590398303256,20-50cm
4.582366589,1.7196128063722729,20-50cm
6.438515081,2.00667124303799,0-20cm
3.07424594,1.404685684171041,0-20cm
6.438515081,2.00667124303799,50-100cm
11.60092807,2.533770467594143,0-20cm
8.816705336,2.284085560572831,0-20cm
5.858468677,1.9254841918922878,20-50cm
8.004640371,2.1977400412396495,50-100cm
13.16705336,2.6509190828897324,0-20cm
4.75638051,1.7503088935114712,0-20cm
5.162412993,1.818468420486176,50-100cm
9.918793503,2.3904854791395738,0-20cm
7.656612529,2.158323483117142,0-20cm
5.800464037,1.916990850589062,20-50cm
3.886310905,1.586437602616289,0-20cm
3.248259861,1.4465094546204627,20-50cm
3.13225058,1.4188221931746843,>100cm
4.060324826,1.6214306761006323,0-20cm
3.248259861,1.4465094546204627,20-50cm
3.248259861,1.4465094546204627,20-50cm
3.770301624,1.5624095364440707,50-100cm
11.60092807,2.533770467594143,0-20cm
4.988399072,1.7898241096272645,20-50cm
4.75638051,1.7503088935114712,50-100cm
25.34802784,3.2713934274045773,0-20cm
13.05104408,2.642696704762546,0-20cm
4.814385151,1.7603350453845883,20-50cm
24.01392111,3.2194325142878886,>100cm
14.32714617,2.7296255157364815,>100cm
17.74941995,2.931162815937892,0-20cm
5.916473318,1.9339060035937803,20-50cm
6.380510441,1.9988428016677164,50-100cm
12.99303944,2.6385600231217374,0-20cm
4.292343387,1.666261132091644,0-20cm
1.972157773,1.0892882119202307,0-20cm
0.870069606,0.6259756526336497,20-50cm
0.812064965,0.5944670596271033,50-100cm
2.784222738,1.3308405125650895,50-100cm
2.552204176,1.2675683054598799,>100cm
0.870069606,0.6259756526336497,>100cm
23.66589327,3.2054214501255966,0-20cm
18.21345708,2.955610923108675,20-50cm
19.60556845,3.0255613523743263,50-100cm
15.31322506,2.7919761322177292,0-20cm
4.408352668,1.6879445488925413,0-20cm
16.93735499,2.886885409305978,0-20cm
20.12761021,3.0505807258469866,0-20cm
13.2,2.653241964607215,0-20cm
4.8,1.7578579175523736,20-50cm
5.8,1.916922612182061,20-50cm
1.6,0.9555114450274363,50-100cm
0.9,0.6418538861723948,>100cm
16.4,2.856470206220483,0-20cm
12.4,2.5952547069568657,0-20cm
8.5,2.2512917986064953,20-50cm
6.2,1.9740810260220096,50-100cm
9.4,2.341805806147327,0-20cm
5.3,1.840549633397487,20-50cm
9.6,2.3608540011180215,20-50cm
1.5,0.9162907318741551,50-100cm
1.8,1.0296194171811583,50-100cm
6.9,2.066862759472976,0-20cm
4.2,1.6486586255873816,0-20cm
4.6,1.7227665977411035,20-50cm
11.5,2.5257286443082556,0-20cm
8.5,2.2512917986064953,0-20cm
3.9,1.589235205116581,20-50cm
5.3,1.840549633397487,0-20cm
3.7,1.547562508716013,20-50cm
2.3,1.1939224684724346,20-50cm
2.0,1.0986122886681098,50-100cm
7.5,2.1400661634962708,0-20cm
7.5,2.1400661634962708,0-20cm
10.7,2.4595888418037104,50-100cm
3.1,1.410986973710262,50-100cm
29.5,3.417726683613366,0-20cm
9.9,2.388762789235098,0-20cm
8.8,2.2823823856765264,20-50cm
15.7,2.8154087194227095,0-20cm
9.7,2.3702437414678603,20-50cm
6.2,1.9740810260220096,50-100cm
2.7,1.308332819650179,50-100cm
7.9,2.186051276738094,0-20cm
3.5,1.5040773967762742,20-50cm
2.6,1.2809338454620642,50-100cm
17.5,2.917770732084279,0-20cm
2.8,1.33500106673234,20-50cm
2.9,1.3609765531356006,50-100cm
5.5,1.8718021769015913,0-20cm
2.9,1.3609765531356006,0-20cm
2.4,1.2237754316221157,50-100cm
6.0,1.9459101490553132,50-100cm
5.1,1.8082887711792655,>100cm
5.7,1.9021075263969205,0-20cm
3.4,1.4816045409242156,50-100cm
1.6,0.9555114450274363,50-100cm
1.3,0.832909122935104,>100cm
6.67,2.0373166153791646,0-20cm
3.12,1.415853163361435,20-50cm
2.95,1.3737155789130306,50-100cm
3.32,1.463255402256019,50-100cm
13.0,2.6390573296152584,0-20cm
4.8,1.7578579175523736,0-20cm
3.1,1.410986973710262,20-50cm
3.5,1.5040773967762742,50-100cm
13.4,2.667228206581955,0-20cm
6.5,2.0149030205422647,20-50cm
4.7,1.7404661748405046,20-50cm
6.1,1.9600947840472698,0-20cm
4.8,1.7578579175523736,20-50cm
6.7,2.0412203288596382,50-100cm
9.9,2.388762789235098,0-20cm
7.1,2.0918640616783932,20-50cm
4.5,1.7047480922384253,50-100cm
2.8,1.33500106673234,50-100cm
6.9,2.066862759472976,0-20cm
3.7,1.547562508716013,20-50cm
3.9,1.589235205116581,20-50cm
3.6,1.5260563034950494,50-100cm
2.1,1.1314021114911006,>100cm
14.4,2.7343675094195836,0-20cm
7.1,2.0918640616783932,0-20cm
6.7,2.0412203288596382,20-50cm
10.5,2.4423470353692043,0-20cm
5.6,1.8870696490323797,20-50cm
6.0,1.9459101490553132,50-100cm
9.7,2.3702437414678603,50-100cm
7.3,2.1162555148025524,0-20cm
5.1,1.8082887711792655,20-50cm
2.4,1.2237754316221157,20-50cm
3.5,1.5040773967762742,50-100cm
6.8,2.0541237336955462,0-20cm
4.1,1.62924053973028,20-50cm
6.0,1.9459101490553132,20-50cm
6.5,2.0149030205422647,>100cm
9.9,2.388762789235098,0-20cm
6.1,1.9600947840472698,0-20cm
7.7,2.1633230256605382,20-50cm
5.6,1.8870696490323797,50-100cm
10.0,2.3978952727983707,0-20cm
6.7,2.0412203288596382,0-20cm
6.3,1.9878743481543455,20-50cm
4.2,1.6486586255873816,50-100cm
5.5,1.8718021769015913,0-20cm
4.3,1.667706820558076,0-20cm
2.0,1.0986122886681098,20-50cm
12.4,2.5952547069568657,0-20cm
4.6,1.7227665977411035,0-20cm
4.6,1.7227665977411035,20-50cm
4.1,1.62924053973028,50-100cm
10.5,2.4423470353692043,0-20cm
9.0,2.302585092994046,20-50cm
4.8,1.7578579175523736,50-100cm
15.5,2.803360380906535,0-20cm
31.3,3.475067230228611,0-20cm
12.8,2.624668592163159,20-50cm
10.3,2.424802725718295,0-20cm
5.4,1.8562979903656263,20-50cm
3.3,1.4586150226995167,50-100cm
10.3,2.424802725718295,0-20cm
8.0,2.1972245773362196,20-50cm
3.9,1.589235205116581,20-50cm
7.3,2.1162555148025524,0-20cm
4.4,1.6863989535702288,20-50cm
3.4,1.4816045409242156,50-100cm
4.9,1.7749523509116738,0-20cm
4.7,1.7404661748405046,20-50cm
4.6,1.7227665977411035,20-50cm
5.0,1.791759469228055,50-100cm
10.5,2.4423470353692043,0-20cm
7.7,2.1633230256605382,20-50cm
16.8,2.8791984572980396,0-20cm
6.7,2.0412203288596382,20-50cm
4.6,1.7227665977411035,50-100cm
10.4,2.4336133554004498,0-20cm
6.3,1.9878743481543455,20-50cm
10.7,2.4595888418037104,0-20cm
4.5,1.7047480922384253,0-20cm
3.5,1.5040773967762742,50-100cm
9.5,2.3513752571634776,0-20cm
18.3,2.9601050959108397,0-20cm
6.5,2.0149030205422647,20-50cm
11.1,2.4932054526026954,0-20cm
13.1,2.6461747973841225,20-50cm
16.6,2.8678989020441064,20-50cm
17.7,2.928523523860541,0-20cm
13.1,2.6461747973841225,20-50cm
6.2,1.9740810260220096,20-50cm
3.5,1.5040773967762742,50-100cm
33.3,3.535145354171894,0-20cm
16.9,2.884800712846709,0-20cm
27.8,3.3603753871419,0-20cm
7.3,2.1162555148025524,0-20cm
2.2,1.1631508098056809,0-20cm
30.2,3.4404180948154366,0-20cm
22.5,3.1570004211501135,0-20cm
11.6,2.533696813957432,0-20cm
13.0,2.6390573296152584,0-20cm
17.5,2.917770732084279,0-20cm
17.7,2.928523523860541,0-20cm
34.3,3.563882963939251,0-20cm
7.308584687,2.1172892799217724,0-20cm
6.554524362,2.0221466370254397,0-20cm
2.320185615,1.200020689498126,20-50cm
2.320185615,1.200020689498126,20-50cm
8.584686775,2.2601666972990686,50-100cm
2.030162413,1.1086162197349259,>100cm
8.410672854,2.241844455185516,0-20cm
1.972157773,1.0892882119202307,0-20cm
1.160092807,0.7701511869767564,0-20cm
1.276102088,0.8224643693882208,50-100cm
4.002320186,1.6099018420021345,0-20cm
2.378190255,1.2173401385876361,20-50cm
1.218097448,0.7966498230397037,50-100cm
1.102088167,0.7429312159138453,50-100cm
13.225058,2.6550050573327293,0-20cm
2.088167053,1.1275777281734074,0-20cm
1.334106729,0.8476292607537498,50-100cm
4.988399072,1.7898241096272645,>100cm
5.220417633,1.8278370480661914,0-20cm
0.928074246,0.656521704782988,0-20cm
0.580046404,0.4574542162278497,20-50cm
6.844547564,2.059818712628983,0-20cm
1.50812065,0.9195337276742209,0-20cm
0.870069606,0.6259756526336497,20-50cm
0.696055684,0.5283053693779048,50-100cm
0.928074246,0.656521704782988,>100cm
0.580046404,0.4574542162278497,>100cm
6.20649652,1.9749829136435195,0-20cm
1.160092807,0.7701511869767564,0-20cm
0.870069606,0.6259756526336497,20-50cm
0.870069606,0.6259756526336497,>100cm
4.75638051,1.7503088935114712,0-20cm
1.856148492,1.0494740361229478,0-20cm
1.50812065,0.9195337276742209,50-100cm
1.160092807,0.7701511869767564,50-100cm
0.870069606,0.6259756526336497,>100cm
4.002320186,1.6099018420021345,0-20cm
1.740139211,1.0080087260436568,0-20cm
1.102088167,0.7429312159138453,20-50cm
1.50812065,0.9195337276742209,50-100cm
0.522041763,0.42005269861625594,>100cm
1.334106729,0.8476292607537498,>100cm
10.03480278,2.4010541673242503,0-20cm
2.668213457,1.2997047470848513,0-20cm
1.160092807,0.7701511869767564,20-50cm
0.696055684,0.5283053693779048,50-100cm
64.38515081,4.180295180848121,0-20cm
15.9512761,2.830343117128294,0-20cm
2.262180974,1.1823959821203476,20-50cm
1.334106729,0.8476292607537498,50-100cm
6.786542923,2.052396977427628,0-20cm
2.494199536,1.2511043182667152,0-20cm
2.262180974,1.1823959821203476,50-100cm
1.450116009,0.8961353740478757,50-100cm
1.740139211,1.0080087260436568,>100cm
14.67517401,2.7520781875737947,0-20cm
4.292343387,1.666261132091644,0-20cm
1.044083527,0.7149495359879368,20-50cm
0.870069606,0.6259756526336497,50-100cm
6.438515081,2.00667124303799,0-20cm
5.568445476,1.882277195063256,0-20cm
2.900232019,1.361036043417301,20-50cm
2.552204176,1.2675683054598799,50-100cm
4.466357309,1.6986124547437058,50-100cm
22.91183295,3.1743734389251164,0-20cm
10.03480278,2.4010541673242503,0-20cm
6.090487239,1.9587540601856084,20-50cm
5.104408353,1.809011190990897,20-50cm
32.07656613,3.498825059749239,0-20cm
10.20881671,2.4167006748667217,0-20cm
7.250580046,2.110283506481116,20-50cm
5.916473318,1.9339060035937803,0-20cm
4.69837587,1.7401811991510703,0-20cm
2.378190255,1.2173401385876361,20-50cm
1.450116009,0.8961353740478757,50-100cm
0.870069606,0.6259756526336497,50-100cm
4.988399072,1.7898241096272645,0-20cm
4.060324826,1.6214306761006323,0-20cm
4.060324826,1.6214306761006323,20-50cm
3.07424594,1.404685684171041,50-100cm
1.856148492,1.0494740361229478,>100cm
4.118329466,1.6328281096398902,0-20cm
3.248259861,1.4465094546204627,20-50cm
4.582366589,1.7196128063722729,20-50cm
2.610208817,1.2837656147162086,50-100cm
2.378190255,1.2173401385876361,>100cm
7.366589327,2.1242463136420437,0-20cm
1.56612529,0.9423970919694907,20-50cm
0.580046404,0.4574542162278497,50-100cm
6.20649652,1.9749829136435195,0-20cm
2.726218097,1.3153938042827849,20-50cm
2.494199536,1.2511043182667152,20-50cm
2.900232019,1.361036043417301,50-100cm
1.798143852,1.0289562873591707,>100cm
6.090487239,1.9587540601856084,0-20cm
3.712296984,1.5501754715278433,0-20cm
4.466357309,1.6986124547437058,50-100cm
3.828306265,1.5744957363932024,50-100cm
3.422273782,1.4866539941324353,>100cm
10.20881671,2.4167006748667217,0-20cm
1.798143852,1.0289562873591707,0-20cm
8.584686775,2.2601666972990686,0-20cm
2.610208817,1.2837656147162086,0-20cm
2.204176334,1.1644550632722352,20-50cm
4.3,1.667706820558076,0-20cm
3.7,1.547562508716013,0-20cm
2.9,1.3609765531356006,50-100cm
1.8,1.0296194171811583,50-100cm
4.2,1.6486586255873816,0-20cm
1.1,0.7419373447293773,0-20cm
2.0,1.0986122886681098,50-100cm
3.7,1.547562508716013,50-100cm
7.4,2.128231705849268,0-20cm
6.2,1.9740810260220096,0-20cm
4.6,1.7227665977411035,20-50cm
5.4,1.8562979903656263,50-100cm
3.2,1.4350845252893227,>100cm
6.7,2.0412203288596382,0-20cm
2.6,1.2809338454620642,0-20cm
3.4,1.4816045409242156,50-100cm
3.3,1.4586150226995167,50-100cm
3.1,1.410986973710262,>100cm
7.9,2.186051276738094,0-20cm
4.2,1.6486586255873816,20-50cm
3.8,1.5686159179138452,50-100cm
2.1,1.1314021114911006,50-100cm
9.6,2.3608540011180215,0-20cm
3.9,1.589235205116581,0-20cm
3.8,1.5686159179138452,20-50cm
2.2,1.1631508098056809,50-100cm
9.2,2.322387720290225,0-20cm
5.5,1.8718021769015913,0-20cm
4.6,1.7227665977411035,20-50cm
3.3,1.4586150226995167,50-100cm
2.4,1.2237754316221157,>100cm
8.1,2.2082744135228043,0-20cm
3.9,1.589235205116581,0-20cm
2.3,1.1939224684724346,20-50cm
3.0,1.3862943611198906,50-100cm
3.2,1.4350845252893227,0-20cm
1.6,0.9555114450274363,0-20cm
1.4,0.8754687373538999,20-50cm
9.1,2.312535423847214,0-20cm
5.4,1.8562979903656263,0-20cm
2.4,1.2237754316221157,50-100cm
1.7,0.9932517730102833,>100cm
9.9,2.388762789235098,0-20cm
6.2,1.9740810260220096,0-20cm
3.5,1.5040773967762742,50-100cm
2.7,1.308332819650179,50-100cm
2.3,1.1939224684724346,>100cm
8.5,2.2512917986064953,0-20cm
4.8,1.7578579175523736,0-20cm
2.2,1.1631508098056809,20-50cm
1.2,0.7884573603642702,50-100cm
25.0,3.258096538021482,0-20cm
6.2,1.9740810260220096,0-20cm
4.8,1.7578579175523736,20-50cm
5.0,1.791759469228055,20-50cm
5.9,1.9315214116032138,50-100cm
11.1,2.4932054526026954,0-20cm
7.1,2.0918640616783932,0-20cm
2.8,1.33500106673234,20-50cm
4.2,1.6486586255873816,>100cm
1.2,0.7884573603642702,>100cm
2.6,1.2809338454620642,0-20cm
2.0,1.0986122886681098,0-20cm
1.8,1.0296194171811583,50-100cm
2.5,1.252762968495368,50-100cm
6.4,2.0014800002101243,0-20cm
3.2,1.4350845252893227,0-20cm
2.8,1.33500106673234,20-50cm
3.3,1.4586150226995167,50-100cm
2.4,1.2237754316221157,50-100cm
3.9,1.589235205116581,0-20cm
4.6,1.7227665977411035,0-20cm
5.1,1.8082887711792655,50-100cm
4.0,1.6094379124341003,50-100cm
7.9,2.186051276738094,0-20cm
7.5,2.1400661634962708,20-50cm
3.4,1.4816045409242156,50-100cm
2.2,1.1631508098056809,50-100cm
10.9,2.4765384001174837,0-20cm
4.3,1.667706820558076,0-20cm
3.9,1.589235205116581,20-50cm
5.7,1.9021075263969205,50-100cm
7.0,2.0794415416798357,0-20cm
3.2,1.4350845252893227,0-20cm
3.3,1.4586150226995167,20-50cm
4.8,1.7578579175523736,50-100cm
1.2,0.7884573603642702,>100cm
9.5,2.3513752571634776,0-20cm
3.8,1.5686159179138452,20-50cm
1.3,0.832909122935104,20-50cm
4.0,1.6094379124341003,50-100cm
7.2,2.1041341542702074,0-20cm
2.9,1.3609765531356006,0-20cm
3.6,1.5260563034950494,20-50cm
0.6,0.4700036292457355,50-100cm
3.5,1.5040773967762742,0-20cm
3.1,1.410986973710262,0-20cm
3.0,1.3862943611198906,20-50cm
2.7,1.308332819650179,50-100cm
2.0,1.0986122886681098,50-100cm
8.3,2.2300144001592104,0-20cm
3.6,1.5260563034950494,0-20cm
4.8,1.7578579175523736,50-100cm
1.9,1.0647107369924282,50-100cm
4.0,1.6094379124341003,>100cm
3.1,1.410986973710262,0-20cm
2.8,1.33500106673234,0-20cm
1.7,0.9932517730102833,20-50cm
1.3,0.832909122935104,50-100cm
6.9,2.066862759472976,0-20cm
4.3,1.667706820558076,0-20cm
3.5,1.5040773967762742,20-50cm
1.7,0.9932517730102833,20-50cm
10.6,2.451005098112319,0-20cm
2.7,1.308332819650179,0-20cm
2.0,1.0986122886681098,20-50cm
1.4,0.8754687373538999,>100cm
4.8,1.7578579175523736,0-20cm
2.8,1.33500106673234,0-20cm
1.7,0.9932517730102833,20-50cm
2.1,1.1314021114911006,50-100cm
9.4,2.341805806147327,0-20cm
8.0,2.1972245773362196,0-20cm
3.0,1.3862943611198906,20-50cm
2.3,1.1939224684724346,50-100cm
5.0,1.791759469228055,>100cm
9.1,2.312535423847214,0-20cm
8.7,2.272125885509337,0-20cm
4.3,1.667706820558076,50-100cm
4.9,1.7749523509116738,50-100cm
5.9,1.9315214116032138,0-20cm
3.2,1.4350845252893227,0-20cm
1.4,0.8754687373538999,20-50cm
1.6,0.9555114450274363,50-100cm
3.5,1.5040773967762742,0-20cm
0.9,0.6418538861723948,20-50cm
7.3,2.1162555148025524,50-100cm
0.9,0.6418538861723948,50-100cm
4.8,1.7578579175523736,0-20cm
4.4,1.6863989535702288,0-20cm
3.5,1.5040773967762742,20-50cm
2.7,1.308332819650179,50-100cm
1.1,0.7419373447293773,50-100cm
8.1,2.2082744135228043,0-20cm
3.1,1.410986973710262,0-20cm
1.6,0.9555114450274363,50-100cm
0.4,0.33647223662121295,>100cm
12.1,2.5726122302071057,0-20cm
4.4,1.6863989535702288,0-20cm
2.8,1.33500106673234,20-50cm
2.6,1.2809338454620642,50-100cm
1.8,1.0296194171811583,50-100cm
9.5,2.3513752571634776,0-20cm
3.3,1.4586150226995167,0-20cm
2.3,1.1939224684724346,20-50cm
1.0,0.6931471805599453,50-100cm
5.3,1.840549633397487,0-20cm
3.3,1.4586150226995167,0-20cm
1.2,0.7884573603642702,50-100cm
0.7,0.5306282510621704,>100cm
6.2,1.9740810260220096,0-20cm
3.4,1.4816045409242156,0-20cm
8.1,2.2082744135228043,0-20cm
2.9,1.3609765531356006,0-20cm
4.2,1.6486586255873816,0-20cm
1.8,1.0296194171811583,0-20cm
3.5,1.5040773967762742,0-20cm
2.3,1.1939224684724346,0-20cm
0.5,0.4054651081081644,20-50cm
8.5,2.2512917986064953,0-20cm
3.5,1.5040773967762742,20-50cm
3.0,1.3862943611198906,20-50cm
3.2,1.4350845252893227,50-100cm
7.0,2.0794415416798357,0-20cm
8.1,2.2082744135228043,0-20cm
4.6,1.7227665977411035,20-50cm
3.1,1.410986973710262,0-20cm
1.6,0.9555114450274363,0-20cm
1.7,0.9932517730102833,20-50cm
2.0,1.0986122886681098,50-100cm
1.6,0.9555114450274363,50-100cm
3.2,1.4350845252893227,0-20cm
1.9,1.0647107369924282,0-20cm
2.2,1.1631508098056809,20-50cm
2.0,1.0986122886681098,50-100cm
0.9,0.6418538861723948,50-100cm
3.5,1.5040773967762742,0-20cm
2.3,1.1939224684724346,0-20cm
0.5,0.4054651081081644,20-50cm
6.1,1.9600947840472698,0-20cm
10.7,2.4595888418037104,0-20cm
22.9,3.173878458937465,0-20cm
10.6,2.451005098112319,0-20cm
8.4,2.2407096892759584,20-50cm
10.84686775,2.4720635077466433,0-20cm
6.844547564,2.059818712628983,20-50cm
2.842227378,1.3460522447919403,20-50cm
1.62412993,0.9647493858620633,50-100cm
1.392111369,0.8721763939510395,50-100cm
15.0812065,2.7776512920306557,0-20cm
10.78886311,2.467155281570677,0-20cm
9.280742459,2.33027248105715,20-50cm
3.596287703,1.5252489565912695,20-50cm
1.972157773,1.0892882119202307,50-100cm
2.552204176,1.2675683054598799,50-100cm
103.8283063,4.65232383369941,0-20cm
28.19025522,3.3738349282330757,0-20cm
14.32714617,2.7296255157364815,20-50cm
3.306264501,1.4600708232052213,50-100cm
98.14385151,4.596571841040964,0-20cm
56.43851508,4.0507150727345,0-20cm
8.642691415,2.266200262082887,0-20cm
2.958236659,1.3757986379648754,20-50cm
2.204176334,1.1644550632722352,50-100cm
31.49651972,3.4811329980631647,0-20cm
9.048723898,2.307445651119653,0-20cm
2.262180974,1.1823959821203476,20-50cm
1.450116009,0.8961353740478757,50-100cm
1.740139211,1.0080087260436568,50-100cm
20.99767981,3.0909369846148653,0-20cm
6.380510441,1.9988428016677164,0-20cm
2.436194896,1.2343647242828897,20-50cm
2.146171694,1.1461863784806638,50-100cm
1.914153132,1.069579256838409,50-100cm
39.21113689,3.6941439943219705,0-20cm
2.030162413,1.1086162197349259,0-20cm
2.262180974,1.1823959821203476,20-50cm
15.02320186,2.7740377880865608,0-20cm
8.352668213,2.2356616729645467,0-20cm
2.958236659,1.3757986379648754,20-50cm
3.364269142,1.4734507393046723,50-100cm
27.20417633,3.3394700637873287,0-20cm
1.972157773,1.0892882119202307,0-20cm
0.638051044,0.4935071473385028,20-50cm
15.89327146,2.8269154041893287,0-20cm
3.248259861,1.4465094546204627,0-20cm
2.146171694,1.1461863784806638,20-50cm
1.392111369,0.8721763939510395,50-100cm
10.20881671,2.4167006748667217,0-20cm
1.856148492,1.0494740361229478,0-20cm
1.044083527,0.7149495359879368,50-100cm
1.044083527,0.7149495359879368,50-100cm
0.986078886,0.6861622858814522,>100cm
0.870069606,0.6259756526336497,>100cm
18.9675174,2.9941068232250783,0-20cm
3.07424594,1.404685684171041,0-20cm
1.62412993,0.9647493858620633,20-50cm
1.392111369,0.8721763939510395,20-50cm
1.276102088,0.8224643693882208,50-100cm
12.87703016,2.6302349667669254,0-20cm
2.204176334,1.1644550632722352,0-20cm
1.276102088,0.8224643693882208,50-100cm
1.160092807,0.7701511869767564,>100cm
11.774942,2.547485595962045,0-20cm
4.582366589,1.7196128063722729,20-50cm
2.668213457,1.2997047470848513,20-50cm
3.016241299,1.3903464649967827,50-100cm
9.570765661,2.3580922344394004,0-20cm
2.552204176,1.2675683054598799,0-20cm
1.914153132,1.069579256838409,20-50cm
1.450116009,0.8961353740478757,50-100cm
1.50812065,0.9195337276742209,50-100cm
3.770301624,1.5624095364440707,0-20cm
2.784222738,1.3308405125650895,20-50cm
1.914153132,1.069579256838409,50-100cm
1.740139211,1.0080087260436568,>100cm
10.49883991,2.442246152889434,0-20cm
3.596287703,1.5252489565912695,20-50cm
2.146171694,1.1461863784806638,20-50cm
1.62412993,0.9647493858620633,50-100cm
10.84686775,2.4720635077466433,0-20cm
5.278422274,1.8371187186617233,0-20cm
4.234338747,1.6552405224951414,20-50cm
3.538283063,1.5125487605692358,50-100cm
3.13225058,1.4188221931746843,50-100cm
45.53364269,3.8401755497039667,0-20cm
22.04176334,3.1373083667532913,0-20cm
4.64037123,1.7299498842658516,20-50cm
1.392111369,0.8721763939510395,50-100cm
2.204176334,1.1644550632722352,0-20cm
0.870069606,0.6259756526336497,0-20cm
0.754060325,0.5619332861749915,20-50cm
0.638051044,0.4935071473385028,20-50cm
8.120649652,2.210541035321165,0-20cm
1.102088167,0.7429312159138453,0-20cm
0.464037123,0.3811977724580676,20-50cm
14.50116009,2.740914865640619,0-20cm
12.18097448,2.5787744626082816,0-20cm
9.686774942,2.3690069902773168,20-50cm
4.988399072,1.7898241096272645,50-100cm
2.088167053,1.1275777281734074,>100cm
2.610208817,1.2837656147162086,0-20cm
1.450116009,0.8961353740478757,20-50cm
1.798143852,1.0289562873591707,20-50cm
1.914153132,1.069579256838409,50-100cm
2.958236659,1.3757986379648754,50-100cm
18.61948956,2.976523437488899,0-20cm
6.26450116,1.9829996312098825,0-20cm
2.784222738,1.3308405125650895,0-20cm
1.50812065,0.9195337276742209,50-100cm
5.742459397,1.9084247540633008,0-20cm
1.740139211,1.0080087260436568,20-50cm
0.754060325,0.5619332861749915,20-50cm
0.812064965,0.5944670596271033,50-100cm
5.104408353,1.809011190990897,0-20cm
1.798143852,1.0289562873591707,20-50cm
0.812064965,0.5944670596271033,20-50cm
0.464037123,0.3811977724580676,>100cm
10.55684455,2.4472778631803367,0-20cm
4.582366589,1.7196128063722729,20-50cm
6.438515081,2.00667124303799,50-100cm
6.844547564,2.059818712628983,>100cm
5.626450116,1.8910692333543266,0-20cm
4.234338747,1.6552405224951414,0-20cm
3.712296984,1.5501754715278433,20-50cm
3.422273782,1.4866539941324353,50-100cm
5.0,1.791759469228055,0-20cm
3.2,1.4350845252893227,0-20cm
6.5,2.0149030205422647,0-20cm
5.3,1.840549633397487,0-20cm
20.41763341,3.0642145738549877,0-20cm
17.40139211,2.91242631990518,0-20cm
3.13225058,1.4188221931746843,20-50cm
4.002320186,1.6099018420021345,20-50cm
7.946635731,2.191277565642508,50-100cm
3.306264501,1.4600708232052213,50-100cm
15.02320186,2.7740377880865608,0-20cm
9.106728538,2.313201393921096,0-20cm
16.53132251,2.863989138757197,20-50cm
9.628770302,2.363564503818358,50-100cm
8.584686775,2.2601666972990686,50-100cm
10.90487239,2.4769477608557575,0-20cm
9.976798144,2.395783785540928,0-20cm
8.352668213,2.2356616729645467,20-50cm
10.15081206,2.4115123257473896,50-100cm
5.684454756,1.899784644923856,50-100cm
7.366589327,2.1242463136420437,50-100cm
10.49883991,2.442246152889434,0-20cm
8.294663573,2.2294404261127796,0-20cm
6.728538283,2.044919748081826,20-50cm
3.886310905,1.586437602616289,50-100cm
5.916473318,1.9339060035937803,>100cm
10.15081206,2.4115123257473896,0-20cm
7.714617169,2.165001750181541,0-20cm
13.97911833,2.7066571198816627,20-50cm
9.280742459,2.33027248105715,50-100cm
2.726218097,1.3153938042827849,50-100cm
9.3387471,2.3358986915258138,0-20cm
9.570765661,2.3580922344394004,0-20cm
5.278422274,1.8371187186617233,20-50cm
9.570765661,2.3580922344394004,50-100cm
4.872389791,1.7702616704101632,50-100cm
11.13689095,2.496249653161721,0-20cm
9.280742459,2.33027248105715,0-20cm
7.714617169,2.165001750181541,50-100cm
2.958236659,1.3757986379648754,50-100cm
20.24361949,3.056056590989461,0-20cm
16.87935035,2.8836464351926585,0-20cm
15.0812065,2.7776512920306557,20-50cm
12.23897912,2.5831654417958805,20-50cm
9.280742459,2.33027248105715,>100cm
20.64965197,3.0749893790306064,0-20cm
5.452436195,1.8644577641463982,0-20cm
3.770301624,1.5624095364440707,20-50cm
2.958236659,1.3757986379648754,20-50cm
2.552204176,1.2675683054598799,50-100cm
49.94199536,3.9306876395733195,0-20cm
47.96983759,3.8912045491884077,20-50cm
34.39675174,3.566620057172574,20-50cm
28.48027842,3.383721511645602,50-100cm
19.43155452,3.0170804959984605,50-100cm
32.88863109,3.5230795920619293,0-20cm
30.04640371,3.4354829791272556,20-50cm
18.9675174,2.9941068232250783,20-50cm
13.16705336,2.6509190828897324,50-100cm
9.570765661,2.3580922344394004,50-100cm
6.496519722,2.01443887577708,>100cm
22.91183295,3.1743734389251164,0-20cm
6.496519722,2.01443887577708,0-20cm
129.2343387,4.869335433096929,0-20cm
53.42227378,3.9967735145476713,20-50cm
10.96287703,2.4818082739417537,20-50cm
8.120649652,2.210541035321165,50-100cm
9.512761021,2.352589854574646,50-100cm
34.16473318,3.560043682073012,0-20cm
9.744779582,2.3744200163428864,20-50cm
6.728538283,2.044919748081826,20-50cm
39.03712297,3.689807097969301,0-20cm
22.67981439,3.1646229717249503,0-20cm
9.512761021,2.352589854574646,20-50cm
5.452436195,1.8644577641463982,50-100cm
3.886310905,1.586437602616289,>100cm
10.78886311,2.467155281570677,0-20cm
10.84686775,2.4720635077466433,0-20cm
9.3387471,2.3358986915258138,20-50cm
4.582366589,1.7196128063722729,50-100cm
5.626450116,1.8910692333543266,50-100cm
3.422273782,1.4866539941324353,>100cm
6.032482599,1.9505397870098125,>100cm
9.222737819,2.324614437256044,0-20cm
7.946635731,2.191277565642508,0-20cm
7.482598608,2.138016842483422,20-50cm
12.41299304,2.5962238670202438,20-50cm
12.70301624,2.6176159721053014,50-100cm
6.26450116,1.9829996312098825,50-100cm
10.84686775,2.4720635077466433,0-20cm
12.23897912,2.5831654417958805,0-20cm
3.886310905,1.586437602616289,20-50cm
4.64037123,1.7299498842658516,50-100cm
3.248259861,1.4465094546204627,50-100cm
19.60556845,3.0255613523743263,0-20cm
18.387471,2.964627032692383,0-20cm
14.38515081,2.733402811130902,20-50cm
14.26914153,2.7258338982657584,50-100cm
10.90487239,2.4769477608557575,>100cm
12.9350348,2.634406158239728,0-20cm
15.02320186,2.7740377880865608,20-50cm
12.00696056,2.565484641863583,20-50cm
6.438515081,2.00667124303799,50-100cm
3.480278422,1.4996851922636585,50-100cm
1.856148492,1.0494740361229478,>100cm
6.554524362,2.0221466370254397,0-20cm
7.540603248,2.1448316432448467,0-20cm
2.958236659,1.3757986379648754,20-50cm
9.976798144,2.395783785540928,50-100cm
2.320185615,1.200020689498126,50-100cm
20.01160093,3.0450747104308684,0-20cm
6.844547564,2.059818712628983,0-20cm
5.510440835,1.873407170517675,20-50cm
5.278422274,1.8371187186617233,50-100cm
16.06728538,2.8371634954546128,50-100cm
2.958236659,1.3757986379648754,>100cm
18.9675174,2.9941068232250783,0-20cm
15.89327146,2.8269154041893287,0-20cm
10.38283063,2.43210613502655,20-50cm
11.774942,2.547485595962045,50-100cm
4.69837587,1.7401811991510703,50-100cm
5.336426914,1.8463150313457901,0-20cm
2.494199536,1.2511043182667152,0-20cm
3.306264501,1.4600708232052213,20-50cm
5.046403712,1.7994636675319253,50-100cm
10.96287703,2.4818082739417537,0-20cm
10.38283063,2.43210613502655,0-20cm
7.88863109,2.1847730545420854,20-50cm
9.686774942,2.3690069902773168,50-100cm
11.83294664,2.5520158202236005,0-20cm
10.44083527,2.4371889963982123,20-50cm
6.438515081,2.00667124303799,20-50cm
6.090487239,1.9587540601856084,50-100cm
3.944315545,1.5982385419455967,50-100cm
0.812064965,0.5944670596271033,>100cm
19.14153132,3.0027839181636504,0-20cm
16.47331787,2.8606750242591894,20-50cm
11.89095128,2.5565256140728625,20-50cm
24.82598608,3.251381197432601,50-100cm
14.79118329,2.7594517646617756,50-100cm
12.6450116,2.6133740042881923,>100cm
6.496519722,2.01443887577708,0-20cm
6.960556845,2.0744989528115365,0-20cm
4.002320186,1.6099018420021345,20-50cm
1.56612529,0.9423970919694907,50-100cm
9.454756381,2.3470570309352685,0-20cm
3.422273782,1.4866539941324353,0-20cm
6.380510441,1.9988428016677164,20-50cm
7.714617169,2.165001750181541,20-50cm
3.886310905,1.586437602616289,50-100cm
28.3062645,3.3778012986306423,0-20cm
31.72853828,3.4882474275707995,0-20cm
36.94895592,3.6362419914737174,20-50cm
15.77726218,2.820024528013121,50-100cm
7.88863109,2.1847730545420854,50-100cm
18.79350348,2.9853537767908804,0-20cm
22.33178654,3.1498166600410373,0-20cm
17.05336427,2.893332053560734,20-50cm
10.44083527,2.4371889963982123,20-50cm
6.902552204,2.067185771096572,>100cm
35.38283063,3.594096977374854,0-20cm
38.39907193,3.6737422609503207,0-20cm
9.280742459,2.33027248105715,20-50cm
7.192575406,2.1032283058206738,50-100cm
8.294663573,2.2294404261127796,>100cm
12.41299304,2.5962238670202438,0-20cm
9.744779582,2.3744200163428864,0-20cm
7.540603248,2.1448316432448467,20-50cm
2.842227378,1.3460522447919403,50-100cm
29.23433875,3.408978323137083,0-20cm
20.53364269,3.069616488425919,0-20cm
16.00928074,2.8337591209752473,20-50cm
52.08816705,3.971954060665229,0-20cm
52.95823666,3.988210352154744,0-20cm
44.54756381,3.8187571384117684,20-50cm
17.69141531,2.928064344122108,20-50cm
13.74709977,2.6910464376897374,50-100cm
5.394431555,1.8554275421041846,50-100cm
17.16937355,2.8997374046535747,0-20cm
17.05336427,2.893332053560734,0-20cm
17.92343387,2.9404010413417017,20-50cm
10.03480278,2.4010541673242503,50-100cm
11.25290023,2.505762662438444,50-100cm
21.63573086,3.119529669299714,0-20cm
24.18793503,3.226365111220279,0-20cm
12.41299304,2.5962238670202438,20-50cm
21.9837587,3.1347878230141504,50-100cm
21.4037123,3.109226672808251,50-100cm
12.12296984,2.5743641176565366,0-20cm
8.294663573,2.2294404261127796,20-50cm
7.656612529,2.158323483117142,20-50cm
13.80510441,2.694972013875867,0-20cm
17.28538283,2.9061019882156423,20-50cm
12.41299304,2.5962238670202438,50-100cm
8.468677494,2.2479892452809844,>100cm
38.86310905,3.6854513109902314,0-20cm
38.74709977,3.6825368766774957,0-20cm
1.972157773,1.0892882119202307,20-50cm
41.29930394,3.744770630597693,50-100cm
42.57540603,3.7744929093202173,50-100cm
12.76102088,2.6218400216135826,0-20cm
13.68909513,2.68710539060307,20-50cm
6.26450116,1.9829996312098825,20-50cm
13.92111369,2.7027772360917592,0-20cm
13.16705336,2.6509190828897324,0-20cm
20.47563805,3.0669191787211476,0-20cm
14.84918794,2.763118264941379,0-20cm
11.71693735,2.5429347545501044,20-50cm
15.25522042,2.788414113799274,50-100cm
24.4199536,3.2355344404252597,50-100cm
1.218097448,0.7966498230397037,0-20cm
2.668213457,1.2997047470848513,0-20cm
13.86310905,2.6988822401512125,20-50cm
13.86310905,2.6988822401512125,>100cm
10.20881671,2.4167006748667217,0-20cm
11.02088167,2.4866452766666476,0-20cm
8.874709977,2.2899769409381743,20-50cm
6.844547564,2.059818712628983,50-100cm
3.770301624,1.5624095364440707,50-100cm
9.570765661,2.3580922344394004,0-20cm
9.570765661,2.3580922344394004,20-50cm
13.05104408,2.642696704762546,20-50cm
9.802784223,2.3798038993317956,50-100cm
17.11136891,2.896539857663715,0-20cm
13.34106729,2.66312725987748,0-20cm
12.6450116,2.6133740042881923,20-50cm
16.58932715,2.8672923061702056,50-100cm
3.770301624,1.5624095364440707,>100cm
11.94895592,2.561015160957038,0-20cm
13.51508121,2.6751881923627674,20-50cm
17.92343387,2.9404010413417017,20-50cm
11.71693735,2.5429347545501044,0-20cm
8.816705336,2.284085560572831,20-50cm
8.294663573,2.2294404261127796,20-50cm
2.320185615,1.200020689498126,50-100cm
1.972157773,1.0892882119202307,50-100cm
13.68909513,2.68710539060307,0-20cm
20.88167053,3.085649324273665,20-50cm
12.87703016,2.6302349667669254,20-50cm
10.90487239,2.4769477608557575,50-100cm
7.946635731,2.191277565642508,0-20cm
9.628770302,2.363564503818358,0-20cm
3.596287703,1.5252489565912695,20-50cm
4.002320186,1.6099018420021345,50-100cm
10.67285383,2.457265960532671,0-20cm
9.222737819,2.324614437256044,20-50cm
6.496519722,2.01443887577708,20-50cm
7.482598608,2.138016842483422,50-100cm
6.26450116,1.9829996312098825,0-20cm
5.684454756,1.899784644923856,0-20cm
3.654292343,1.5377898783348827,0-20cm
2.204176334,1.1644550632722352,50-100cm
8.410672854,2.241844455185516,0-20cm
5.974477958,1.94225748017524,0-20cm
5.858468677,1.9254841918922878,20-50cm
13.74709977,2.6910464376897374,20-50cm
4.176334107,1.6440971043812276,20-50cm
11.02088167,2.4866452766666476,50-100cm
13.225058,2.6550050573327293,0-20cm
5.916473318,1.9339060035937803,0-20cm
7.424593968,2.1311552813678727,20-50cm
13.10904872,2.6468163447400914,20-50cm
15.02320186,2.7740377880865608,0-20cm
6.554524362,2.0221466370254397,0-20cm
5.510440835,1.873407170517675,20-50cm
6.148491879,1.96690140844391,20-50cm
6.3225058,1.9909525917986457,20-50cm
3.596287703,1.5252489565912695,>100cm
10.84686775,2.4720635077466433,0-20cm
16.35730858,2.85401366149864,0-20cm
9.628770302,2.363564503818358,0-20cm
3.770301624,1.5624095364440707,0-20cm
2.784222738,1.3308405125650895,>100cm
11.42691415,2.5198646164552616,0-20cm
10.49883991,2.442246152889434,0-20cm
12.52900232,2.6048357011046885,0-20cm
4.234338747,1.6552405224951414,20-50cm
3.944315545,1.5982385419455967,20-50cm
5.278422274,1.8371187186617233,50-100cm
36.89095128,3.6347123310758676,0-20cm
16.29930394,2.8506662660122157,0-20cm
5.220417633,1.8278370480661914,20-50cm
25.40603248,3.2735924870797324,50-100cm
5.046403712,1.7994636675319253,50-100cm
4.69837587,1.7401811991510703,50-100cm
26.10208817,3.299610779160672,0-20cm
7.540603248,2.1448316432448467,0-20cm
4.060324826,1.6214306761006323,20-50cm
4.292343387,1.666261132091644,20-50cm
3.248259861,1.4465094546204627,50-100cm
1.914153132,1.069579256838409,>100cm
21.63573086,3.119529669299714,0-20cm
17.45939675,2.9155735497758464,0-20cm
7.83062645,2.17822595773921,20-50cm
5.394431555,1.8554275421041846,50-100cm
9.454756381,2.3470570309352685,0-20cm
3.016241299,1.3903464649967827,20-50cm
11.48491879,2.5245214191050547,50-100cm
5.858468677,1.9254841918922878,50-100cm
2.610208817,1.2837656147162086,50-100cm
14.26914153,2.7258338982657584,0-20cm
11.71693735,2.5429347545501044,0-20cm
7.656612529,2.158323483117142,20-50cm
5.568445476,1.882277195063256,20-50cm
4.408352668,1.6879445488925413,50-100cm
6.090487239,1.9587540601856084,50-100cm
19.2575406,3.0085270995467117,0-20cm
14.73317865,2.755771772307273,0-20cm
11.94895592,2.561015160957038,20-50cm
8.758700696,2.278159266153191,20-50cm
2.378190255,1.2173401385876361,50-100cm
5.394431555,1.8554275421041846,>100cm
15.0812065,2.7776512920306557,0-20cm
11.36890951,2.5151860264957904,20-50cm
11.774942,2.547485595962045,20-50cm
8.178654292,2.216880602601443,50-100cm
7.424593968,2.1311552813678727,50-100cm
10.96287703,2.4818082739417537,50-100cm
7.018561485,2.0817590398303256,>100cm
25.11600928,3.262548508662048,0-20cm
14.96519722,2.7704111793632284,20-50cm
19.08352668,2.99989991087623,20-50cm
16.35730858,2.85401366149864,0-20cm
15.42923434,2.7990623296242867,0-20cm
10.84686775,2.4720635077466433,20-50cm
11.48491879,2.5245214191050547,50-100cm
3.248259861,1.4465094546204627,50-100cm
2.610208817,1.2837656147162086,>100cm
11.89095128,2.5565256140728625,0-20cm
12.00696056,2.565484641863583,0-20cm
9.976798144,2.395783785540928,20-50cm
9.280742459,2.33027248105715,50-100cm
3.654292343,1.5377898783348827,>100cm
9.628770302,2.363564503818358,0-20cm
9.3387471,2.3358986915258138,20-50cm
4.930394432,1.780090725468795,20-50cm
2.204176334,1.1644550632722352,50-100cm
7.88863109,2.1847730545420854,0-20cm
6.670533643,2.0373861883174516,0-20cm
4.524361949,1.709167756391095,20-50cm
3.422273782,1.4866539941324353,50-100cm
2.204176334,1.1644550632722352,50-100cm
32.54060325,3.512756742220198,0-20cm
12.58700696,2.609113965496416,0-20cm
10.20881671,2.4167006748667217,20-50cm
3.596287703,1.5252489565912695,50-100cm
5.104408353,1.809011190990897,50-100cm
9.744779582,2.3744200163428864,0-20cm
8.584686775,2.2601666972990686,0-20cm
5.626450116,1.8910692333543266,20-50cm
7.076566125,2.088966797671782,50-100cm
127.0301624,4.852265879909989,0-20cm
82.48259861,4.424638210258298,0-20cm
37.58700696,3.6529156125519613,20-50cm
35.26682135,3.590903310910078,50-100cm
11.48491879,2.5245214191050547,0-20cm
9.628770302,2.363564503818358,0-20cm
8.236658933,2.223180232927466,20-50cm
9.512761021,2.352589854574646,0-20cm
9.976798144,2.395783785540928,20-50cm
4.69837587,1.7401811991510703,50-100cm
2.958236659,1.3757986379648754,>100cm
20.88167053,3.085649324273665,0-20cm
17.16937355,2.8997374046535747,0-20cm
6.20649652,1.9749829136435195,20-50cm
16.87935035,2.8836464351926585,50-100cm
13.63109049,2.6831487501899676,50-100cm
7.83062645,2.17822595773921,50-100cm
6.960556845,2.0744989528115365,>100cm
3.770301624,1.5624095364440707,0-20cm
2.552204176,1.2675683054598799,0-20cm
5.394431555,1.8554275421041846,20-50cm
2.958236659,1.3757986379648754,50-100cm
3.13225058,1.4188221931746843,50-100cm
1.914153132,1.069579256838409,>100cm
10.26682135,2.4218622430165584,0-20cm
6.612529002,2.0297954428152933,0-20cm
5.394431555,1.8554275421041846,20-50cm
4.176334107,1.6440971043812276,50-100cm
2.146171694,1.1461863784806638,50-100cm
15.02320186,2.7740377880865608,0-20cm
22.62180974,3.16217042680111,0-20cm
17.69141531,2.928064344122108,20-50cm
18.15545244,2.95258739781624,50-100cm
16.58932715,2.8672923061702056,50-100cm
16.29930394,2.8506662660122157,0-20cm
17.98143852,2.9434615816690877,0-20cm
13.225058,2.6550050573327293,50-100cm
10.90487239,2.4769477608557575,50-100cm
11.65893271,2.538363109054814,0-20cm
11.54292343,2.5291566364237292,20-50cm
12.00696056,2.565484641863583,50-100cm
11.36890951,2.5151860264957904,50-100cm
14.38515081,2.733402811130902,0-20cm
26.74013921,3.322880433259097,20-50cm
8.178654292,2.216880602601443,0-20cm
9.512761021,2.352589854574646,0-20cm
11.94895592,2.561015160957038,50-100cm
17.28538283,2.9061019882156423,0-20cm
17.16937355,2.8997374046535747,0-20cm
18.9675174,2.9941068232250783,50-100cm
17.86542923,2.937331105874106,50-100cm
2.378190255,1.2173401385876361,0-20cm
2.262180974,1.1823959821203476,0-20cm
2.842227378,1.3460522447919403,20-50cm
1.392111369,0.8721763939510395,50-100cm
6.728538283,2.044919748081826,>100cm
0.580046404,0.4574542162278497,0-20cm
0.464037123,0.3811977724580676,0-20cm
0.812064965,0.5944670596271033,20-50cm
0.580046404,0.4574542162278497,50-100cm
0.928074246,0.656521704782988,0-20cm
1.044083527,0.7149495359879368,0-20cm
1.160092807,0.7701511869767564,0-20cm
0.522041763,0.42005269861625594,0-20cm
0.464037123,0.3811977724580676,20-50cm
0.638051044,0.4935071473385028,50-100cm
1.102088167,0.7429312159138453,0-20cm
1.450116009,0.8961353740478757,0-20cm
1.160092807,0.7701511869767564,50-100cm
2.552204176,1.2675683054598799,0-20cm
2.668213457,1.2997047470848513,0-20cm
1.392111369,0.8721763939510395,20-50cm
1.50812065,0.9195337276742209,50-100cm
3.596287703,1.5252489565912695,0-20cm
1.044083527,0.7149495359879368,0-20cm
2.436194896,1.2343647242828897,0-20cm
1.276102088,0.8224643693882208,20-50cm
7.424593968,2.1311552813678727,0-20cm
20.12761021,3.0505807258469866,0-20cm
9.744779582,2.3744200163428864,20-50cm
3.886310905,1.586437602616289,50-100cm
3.596287703,1.5252489565912695,50-100cm
3.13225058,1.4188221931746843,0-20cm
24.01392111,3.2194325142878886,0-20cm
8.526682135,2.254096507520187,20-50cm
1.102088167,0.7429312159138453,20-50cm
3.016241299,1.3903464649967827,0-20cm
7.77262181,2.171635713816278,0-20cm
2.842227378,1.3460522447919403,20-50cm
2.494199536,1.2511043182667152,20-50cm
2.610208817,1.2837656147162086,50-100cm
2.842227378,1.3460522447919403,>100cm
11.48491879,2.5245214191050547,0-20cm
6.148491879,1.96690140844391,0-20cm
3.770301624,1.5624095364440707,0-20cm
3.770301624,1.5624095364440707,20-50cm
1.50812065,0.9195337276742209,50-100cm
2.784222738,1.3308405125650895,0-20cm
3.364269142,1.4734507393046723,20-50cm
2.088167053,1.1275777281734074,20-50cm
2.378190255,1.2173401385876361,50-100cm
22.91183295,3.1743734389251164,0-20cm
6.496519722,2.01443887577708,0-20cm
2.784222738,1.3308405125650895,20-50cm
0.696055684,0.5283053693779048,20-50cm
1.56612529,0.9423970919694907,50-100cm
2.842227378,1.3460522447919403,>100cm
11.65893271,2.538363109054814,0-20cm
8.816705336,2.284085560572831,0-20cm
8.236658933,2.223180232927466,20-50cm
2.320185615,1.200020689498126,20-50cm
9.918793503,2.3904854791395738,0-20cm
5.800464037,1.916990850589062,0-20cm
4.060324826,1.6214306761006323,20-50cm
4.524361949,1.709167756391095,20-50cm
4.872389791,1.7702616704101632,50-100cm
0.8,0.5877866649021191,0-20cm
0.6,0.4700036292457355,0-20cm
0.4,0.33647223662121295,20-50cm
0.4,0.33647223662121295,50-100cm
1.5,0.9162907318741551,0-20cm
2.1,1.1314021114911006,0-20cm
1.7,0.9932517730102833,20-50cm
1.1,0.7419373447293773,50-100cm
0.5,0.4054651081081644,50-100cm
1.9,1.0647107369924282,0-20cm
1.6,0.9555114450274363,0-20cm
1.5,0.9162907318741551,20-50cm
1.0,0.6931471805599453,50-100cm
0.5,0.4054651081081644,50-100cm
1.0,0.6931471805599453,0-20cm
0.6,0.4700036292457355,0-20cm
0.5,0.4054651081081644,20-50cm
1.5,0.9162907318741551,0-20cm
1.3,0.832909122935104,0-20cm
1.0,0.6931471805599453,20-50cm
1.0,0.6931471805599453,20-50cm
0.7,0.5306282510621704,50-100cm
1.2,0.7884573603642702,0-20cm
1.4,0.8754687373538999,0-20cm
0.8,0.5877866649021191,20-50cm
0.8,0.5877866649021191,50-100cm
0.8,0.5877866649021191,50-100cm
1.1,0.7419373447293773,0-20cm
1.3,0.832909122935104,0-20cm
1.0,0.6931471805599453,20-50cm
0.9,0.6418538861723948,20-50cm
0.9,0.6418538861723948,50-100cm
1.2,0.7884573603642702,0-20cm
0.7,0.5306282510621704,0-20cm
0.7,0.5306282510621704,20-50cm
1.1,0.7419373447293773,0-20cm
1.0,0.6931471805599453,0-20cm
1.5,0.9162907318741551,20-50cm
3.2,1.4350845252893227,0-20cm
2.1,1.1314021114911006,0-20cm
0.7,0.5306282510621704,50-100cm
2.0,1.0986122886681098,50-100cm
1.1,0.7419373447293773,0-20cm
1.5,0.9162907318741551,0-20cm
0.9,0.6418538861723948,20-50cm
0.6,0.4700036292457355,50-100cm
1.3,0.832909122935104,0-20cm
1.2,0.7884573603642702,0-20cm
0.8,0.5877866649021191,20-50cm
1.0,0.6931471805599453,50-100cm
0.9,0.6418538861723948,50-100cm
6.9,2.066862759472976,0-20cm
8.7,2.272125885509337,0-20cm
2.4,1.2237754316221157,20-50cm
7.1,2.0918640616783932,50-100cm
2.5,1.252762968495368,0-20cm
1.6,0.9555114450274363,0-20cm
1.8,1.0296194171811583,20-50cm
2.1,1.1314021114911006,20-50cm
1.5,0.9162907318741551,>100cm
1.2,0.7884573603642702,0-20cm
1.1,0.7419373447293773,20-50cm
1.4,0.8754687373538999,0-20cm
1.1,0.7419373447293773,0-20cm
0.8,0.5877866649021191,20-50cm
0.9,0.6418538861723948,50-100cm
2.2,1.1631508098056809,0-20cm
1.4,0.8754687373538999,0-20cm
1.0,0.6931471805599453,20-50cm
0.8,0.5877866649021191,50-100cm
1.0,0.6931471805599453,0-20cm
1.2,0.7884573603642702,0-20cm
0.8,0.5877866649021191,20-50cm
1.4,0.8754687373538999,0-20cm
0.8,0.5877866649021191,0-20cm
0.8,0.5877866649021191,50-100cm
0.9,0.6418538861723948,50-100cm
8.1,2.2082744135228043,0-20cm
9.7,2.3702437414678603,0-20cm
1.8,1.0296194171811583,20-50cm
1.2,0.7884573603642702,0-20cm
0.9,0.6418538861723948,0-20cm
2.4,1.2237754316221157,20-50cm
2.1,1.1314021114911006,50-100cm
10.2,2.4159137783010487,0-20cm
9.3,2.33214389523559,0-20cm
3.6,1.5260563034950494,20-50cm
2.6,1.2809338454620642,50-100cm
1.4,0.8754687373538999,50-100cm
0.6,0.4700036292457355,>100cm
6.5,2.0149030205422647,0-20cm
3.3,1.4586150226995167,0-20cm
2.6,1.2809338454620642,20-50cm
2.9,1.3609765531356006,50-100cm
3.8,1.5686159179138452,50-100cm
7.0,2.0794415416798357,0-20cm
6.3,1.9878743481543455,0-20cm
3.0,1.3862943611198906,20-50cm
1.0,0.6931471805599453,20-50cm
1.1,0.7419373447293773,50-100cm
1.8,1.0296194171811583,0-20cm
5.3,1.840549633397487,0-20cm
3.0,1.3862943611198906,0-20cm
1.2,0.7884573603642702,20-50cm
1.9,1.0647107369924282,50-100cm
1.2,0.7884573603642702,0-20cm
3.2,1.4350845252893227,0-20cm
2.7,1.308332819650179,0-20cm
6.8,2.0541237336955462,0-20cm
5.0,1.791759469228055,20-50cm
17.6,2.9231615807191558,20-50cm
5.8,1.916922612182061,0-20cm
0.6,0.4700036292457355,0-20cm
0.6,0.4700036292457355,20-50cm
5.7,1.9021075263969205,>100cm
8.5,2.2512917986064953,0-20cm
4.3,1.667706820558076,0-20cm
3.1,1.410986973710262,50-100cm
1.8,1.0296194171811583,>100cm
5.6,1.8870696490323797,0-20cm
4.6,1.7227665977411035,0-20cm
3.6,1.5260563034950494,20-50cm
1.4,0.8754687373538999,50-100cm
0.8,0.5877866649021191,>100cm
8.3,2.2300144001592104,0-20cm
7.6,2.151762203259462,0-20cm
1.4,0.8754687373538999,20-50cm
3.1,1.410986973710262,0-20cm
3.9,1.589235205116581,20-50cm
4.1,1.62924053973028,50-100cm
4.3,1.667706820558076,50-100cm
1.9,1.0647107369924282,0-20cm
2.0,1.0986122886681098,0-20cm
3.2,1.4350845252893227,20-50cm
1.1,0.7419373447293773,50-100cm
0.8,0.5877866649021191,>100cm
16.9,2.884800712846709,0-20cm
14.3,2.72785282839839,20-50cm
8.4,2.2407096892759584,50-100cm
16.7,2.8735646395797834,0-20cm
2.3,1.1939224684724346,20-50cm
7.1,2.0918640616783932,0-20cm
5.5,1.8718021769015913,0-20cm
16.3,2.8507065015037334,0-20cm
6.4,2.0014800002101243,0-20cm
2.4,1.2237754316221157,20-50cm
1.2,0.7884573603642702,50-100cm
17.9,2.9391619220655967,0-20cm
17.4,2.91235066461494,0-20cm
11.8,2.5494451709255714,20-50cm
9.0,2.302585092994046,50-100cm
15.9,2.827313621929028,0-20cm
18.4,2.9652730660692823,20-50cm
11.8,2.5494451709255714,50-100cm
3.0,1.3862943611198906,>100cm
34.6,3.572345637857985,0-20cm
25.1,3.261935314328648,50-100cm
2.7,1.308332819650179,>100cm
10.4,2.4336133554004498,0-20cm
15.7,2.8154087194227095,0-20cm
6.4,2.0014800002101243,50-100cm
16.2,2.8449093838194073,0-20cm
9.1,2.312535423847214,0-20cm
4.2,1.6486586255873816,20-50cm
27.5,3.349904087274605,0-20cm
16.6,2.8678989020441064,0-20cm
20.5,3.068052935133617,20-50cm
4.4,1.6863989535702288,50-100cm
1.6,0.9555114450274363,50-100cm
13.7,2.6878474937846906,0-20cm
12.5,2.6026896854443837,20-50cm
16.0,2.833213344056216,50-100cm
14.5,2.740840023925201,50-100cm
5.1,1.8082887711792655,0-20cm
4.0,1.6094379124341003,20-50cm
1.2,0.7884573603642702,50-100cm
4.5,1.7047480922384253,0-20cm
3.6,1.5260563034950494,>100cm
12.2,2.580216829592325,0-20cm
11.2,2.501435951739211,20-50cm
4.5,1.7047480922384253,50-100cm
1.7,0.9932517730102833,>100cm
17.9,2.9391619220655967,0-20cm
17.5,2.917770732084279,0-20cm
7.8,2.174751721484161,50-100cm
0.9,0.6418538861723948,50-100cm
18.6,2.975529566236472,0-20cm
4.6,1.7227665977411035,0-20cm
1.1,0.7419373447293773,50-100cm
5.5,1.8718021769015913,0-20cm
5.0,1.791759469228055,20-50cm
5.6,1.8870696490323797,50-100cm
7.6,2.151762203259462,0-20cm
9.3,2.33214389523559,0-20cm
6.7,2.0412203288596382,20-50cm
2.9,1.3609765531356006,20-50cm
1.5,0.9162907318741551,50-100cm
4.5,1.7047480922384253,0-20cm
4.6,1.7227665977411035,0-20cm
3.7,1.547562508716013,50-100cm
1.9,1.0647107369924282,>100cm
10.7,2.4595888418037104,0-20cm
7.6,2.151762203259462,20-50cm
8.8,2.2823823856765264,20-50cm
3.2,1.4350845252893227,50-100cm
5.3,1.840549633397487,0-20cm
7.9,2.186051276738094,0-20cm
3.7,1.547562508716013,20-50cm
1.0,0.6931471805599453,50-100cm
17.6,2.9231615807191558,0-20cm
7.7,2.1633230256605382,20-50cm
2.3,1.1939224684724346,20-50cm
1.2,0.7884573603642702,50-100cm
2.8,1.33500106673234,50-100cm
16.8,2.8791984572980396,0-20cm
9.5,2.3513752571634776,0-20cm
9.1,2.312535423847214,20-50cm
8.1,2.2082744135228043,20-50cm
5.6,1.8870696490323797,50-100cm
9.0,2.302585092994046,0-20cm
14.7,2.7536607123542622,20-50cm
7.7,2.1633230256605382,20-50cm
4.6,1.7227665977411035,50-100cm
11.6,2.533696813957432,0-20cm
4.6,1.7227665977411035,20-50cm
3.6,1.5260563034950494,50-100cm
22.0,3.1354942159291497,0-20cm
24.1,3.2228678461377385,0-20cm
27.0,3.332204510175204,0-20cm
20.8,3.0819099697950434,20-50cm
8.4,2.2407096892759584,50-100cm
4.5,1.7047480922384253,50-100cm
5.99,1.944480556245719,0-20cm
23.06,3.180550710546533,20-50cm
13.42,2.668616131856803,20-50cm
12.06,2.569554123848285,50-100cm
10.21,2.4168062370840686,50-100cm
11.4,2.517696472610991,0-20cm
6.6,2.028148247292285,0-20cm
2.4,1.2237754316221157,20-50cm
1.5,0.9162907318741551,50-100cm
11.1,2.4932054526026954,0-20cm
8.8,2.2823823856765264,0-20cm
6.1,1.9600947840472698,50-100cm
14.6,2.747270914255491,0-20cm
15.3,2.791165107812717,0-20cm
6.0,1.9459101490553132,20-50cm
6.2,1.9740810260220096,50-100cm
22.4,3.152736022363656,0-20cm
17.2,2.9014215940827497,20-50cm
8.1,2.2082744135228043,50-100cm
3.3,1.4586150226995167,0-20cm
4.5,1.7047480922384253,0-20cm
3.1,1.410986973710262,20-50cm
3.0,1.3862943611198906,50-100cm
1.6,0.9555114450274363,>100cm
13.5,2.6741486494265287,0-20cm
13.4,2.667228206581955,20-50cm
17.0,2.8903717578961645,50-100cm
9.5,2.3513752571634776,50-100cm
1.4,0.8754687373538999,0-20cm
1.3,0.832909122935104,0-20cm
9.6,2.3608540011180215,0-20cm
8.9,2.2925347571405443,0-20cm
55.9,4.041295341132285,20-50cm
139.1,4.942356453342962,50-100cm
72.0,4.290459441148391,0-20cm
31.0,3.4657359027997265,20-50cm
14.9,2.766319109226186,20-50cm
60.8,4.123903364463645,0-20cm
19.4,3.0155349008501706,20-50cm
62.2,4.146304301152812,0-20cm
19.0,2.995732273553991,0-20cm
22.1,3.139832617527748,20-50cm
41.5,3.7495040759303713,0-20cm
46.1,3.8522730010223722,20-50cm
39.8,3.708682081410116,20-50cm
53.4,3.996364153861897,0-20cm
47.3,3.877431560658527,0-20cm
39.5,3.7013019741124933,50-100cm
36.7,3.629660094453965,50-100cm
42.4,3.770459441106359,0-20cm
40.3,3.720862499966987,0-20cm
33.9,3.5524868292083815,20-50cm
20.0,3.044522437723423,0-20cm
19.0,2.995732273553991,20-50cm
17.8,2.9338568698359038,0-20cm
29.1,3.40452517175483,0-20cm
28.2,3.374168709274236,20-50cm
28.7,3.391147045808654,50-100cm
19.9,3.039749158970765,50-100cm
33.9,3.5524868292083815,0-20cm
28.9,3.3978584803966405,20-50cm
20.5,3.068052935133617,20-50cm
19.0,2.995732273553991,50-100cm
40.6,3.728100167267218,0-20cm
35.7,3.6027767550605247,0-20cm
23.8,3.2108436531709366,50-100cm
8.9,2.2925347571405443,>100cm
35.4,3.594568774642695,0-20cm
32.0,3.4965075614664802,0-20cm
26.1,3.299533727885655,20-50cm
26.3,3.3068867021909143,50-100cm
20.0,3.044522437723423,>100cm
47.9,3.8897773964808264,0-20cm
36.4,3.6216707044204863,0-20cm
28.1,3.370738174177447,50-100cm
36.1,3.6136169696133895,0-20cm
26.5,3.3141860046725258,0-20cm
20.4,3.0633909220278057,20-50cm
41.7,3.754198920234579,0-20cm
32.4,3.5085558999826545,0-20cm
33.3,3.535145354171894,20-50cm
7.0,2.0794415416798357,>100cm
7.2,2.1041341542702074,0-20cm
8.2,2.2192034840549946,0-20cm
2.6,1.2809338454620642,50-100cm
1.8,1.0296194171811583,50-100cm
12.2,2.580216829592325,0-20cm
5.2,1.824549292051046,20-50cm
5.1,1.8082887711792655,20-50cm
13.1,2.6461747973841225,0-20cm
7.1,2.0918640616783932,0-20cm
13.3,2.6602595372658615,20-50cm
13.9,2.7013612129514133,50-100cm
2.7,1.308332819650179,>100cm
25.6,3.2809112157876537,0-20cm
33.5,3.5409593240373143,0-20cm
13.4,2.667228206581955,20-50cm
7.1,2.0918640616783932,50-100cm
2.8,1.33500106673234,0-20cm
1.5,0.9162907318741551,20-50cm
2.0,1.0986122886681098,20-50cm
2.9,1.3609765531356006,50-100cm
4.5,1.7047480922384253,50-100cm
31.8,3.4904285153900982,0-20cm
21.1,3.095577608523707,20-50cm
27.5,3.349904087274605,0-20cm
5.5,1.8718021769015913,20-50cm
42.1,3.763522997109702,0-20cm
36.2,3.616308761279101,0-20cm
25.2,3.265759410767051,20-50cm
10.8,2.468099531471619,0-20cm
4.9,1.7749523509116738,20-50cm
1.9,1.0647107369924282,50-100cm
4.7,1.7404661748405046,0-20cm
2.3,1.1939224684724346,20-50cm
2.2,1.1631508098056809,50-100cm
8.5,2.2512917986064953,0-20cm
2.8,1.33500106673234,0-20cm
2.0,1.0986122886681098,20-50cm
1.3,0.832909122935104,50-100cm
4.3,1.667706820558076,0-20cm
4.7,1.7404661748405046,20-50cm
7.2,2.1041341542702074,50-100cm
26.9,3.32862668882732,0-20cm
15.6,2.8094026953624973,20-50cm
8.9,2.2925347571405443,20-50cm
2.7,1.308332819650179,50-100cm
23.7,3.2068032436339315,0-20cm
9.5,2.3513752571634776,20-50cm
5.1,1.8082887711792655,20-50cm
2.2,1.1631508098056809,50-100cm
2.6,1.2809338454620642,>100cm
23.2,3.186352633162641,0-20cm
4.4,1.6863989535702288,20-50cm
17.1,2.89591193827178,0-20cm
19.3,3.0106208860477417,0-20cm
14.0,2.70805020110221,20-50cm
1.6,0.9555114450274363,20-50cm
9.6,2.3608540011180215,0-20cm
10.1,2.4069451083182885,0-20cm
6.3,1.9878743481543455,0-20cm
2.9,1.3609765531356006,20-50cm
32.9,3.5234150143864045,0-20cm
38.6,3.6788291182604347,20-50cm
35.2,3.5890591188317256,0-20cm
20.5,3.068052935133617,0-20cm
17.7,2.928523523860541,20-50cm
14.5,2.740840023925201,0-20cm
3.4,1.4816045409242156,0-20cm
44.4,3.8155121050473024,0-20cm
11.3,2.509599262378372,0-20cm
30.3,3.4436180975461075,0-20cm
4.9,1.7749523509116738,20-50cm
8.236658933,2.223180232927466,0-20cm
7.134570766,2.096122975419075,20-50cm
1.972157773,1.0892882119202307,20-50cm
1.392111369,0.8721763939510395,50-100cm
0.812064965,0.5944670596271033,>100cm
4.582366589,1.7196128063722729,0-20cm
1.856148492,1.0494740361229478,0-20cm
2.494199536,1.2511043182667152,20-50cm
1.276102088,0.8224643693882208,50-100cm
1.160092807,0.7701511869767564,50-100cm
0.870069606,0.6259756526336497,>100cm
9.39675174,2.341493424669005,0-20cm
2.262180974,1.1823959821203476,20-50cm
2.030162413,1.1086162197349259,20-50cm
1.102088167,0.7429312159138453,50-100cm
1.102088167,0.7429312159138453,50-100cm
7.366589327,2.1242463136420437,0-20cm
7.482598608,2.138016842483422,0-20cm
8.526682135,2.254096507520187,20-50cm
1.50812065,0.9195337276742209,20-50cm
0.870069606,0.6259756526336497,>100cm
12.29698376,2.587537224545704,0-20cm
1.334106729,0.8476292607537498,0-20cm
1.044083527,0.7149495359879368,50-100cm
10.73085847,2.462222845835683,0-20cm
3.248259861,1.4465094546204627,0-20cm
1.682134571,0.9866129592159453,20-50cm
1.50812065,0.9195337276742209,50-100cm
1.044083527,0.7149495359879368,50-100cm
6.786542923,2.052396977427628,>100cm
6.844547564,2.059818712628983,0-20cm
2.900232019,1.361036043417301,0-20cm
3.596287703,1.5252489565912695,20-50cm
1.276102088,0.8224643693882208,50-100cm
2.088167053,1.1275777281734074,50-100cm
1.218097448,0.7966498230397037,>100cm
1.62412993,0.9647493858620633,0-20cm
1.102088167,0.7429312159138453,20-50cm
0.812064965,0.5944670596271033,20-50cm
0.928074246,0.656521704782988,50-100cm
0.986078886,0.6861622858814522,>100cm
8.294663573,2.2294404261127796,0-20cm
12.52900232,2.6048357011046885,20-50cm
9.048723898,2.307445651119653,50-100cm
5.162412993,1.818468420486176,>100cm
3.306264501,1.4600708232052213,0-20cm
8.178654292,2.216880602601443,0-20cm
2.146171694,1.1461863784806638,20-50cm
1.044083527,0.7149495359879368,50-100cm
0.754060325,0.5619332861749915,>100cm
6.438515081,2.00667124303799,0-20cm
7.192575406,2.1032283058206738,0-20cm
12.6450116,2.6133740042881923,20-50cm
12.12296984,2.5743641176565366,50-100cm
7.656612529,2.158323483117142,>100cm
3.654292343,1.5377898783348827,0-20cm
2.842227378,1.3460522447919403,0-20cm
1.392111369,0.8721763939510395,20-50cm
0.928074246,0.656521704782988,50-100cm
0.464037123,0.3811977724580676,50-100cm
5.742459397,1.9084247540633008,0-20cm
1.50812065,0.9195337276742209,20-50cm
1.334106729,0.8476292607537498,20-50cm
4.408352668,1.6879445488925413,0-20cm
5.684454756,1.899784644923856,0-20cm
6.20649652,1.9749829136435195,20-50cm
10.38283063,2.43210613502655,50-100cm
11.19489559,2.501017469925615,50-100cm
23.20185615,3.1864293306345375,0-20cm
20.35962877,3.061502634259318,0-20cm
13.86310905,2.6988822401512125,20-50cm
15.13921114,2.7812517855630654,50-100cm
14.26914153,2.7258338982657584,0-20cm
12.52900232,2.6048357011046885,20-50cm
11.42691415,2.5198646164552616,20-50cm
9.222737819,2.324614437256044,50-100cm
10.61484919,2.4522843820657583,0-20cm
9.918793503,2.3904854791395738,0-20cm
8.990719258,2.301656587866543,20-50cm
8.584686775,2.2601666972990686,50-100cm
6.844547564,2.059818712628983,50-100cm
3.886310905,1.586437602616289,0-20cm
2.842227378,1.3460522447919403,0-20cm
0.812064965,0.5944670596271033,20-50cm
8.352668213,2.2356616729645467,0-20cm
3.828306265,1.5744957363932024,0-20cm
14.44315545,2.7371658922395445,20-50cm
28.13225058,3.3718458278565033,50-100cm
2.436194896,1.2343647242828897,0-20cm
0.522041763,0.42005269861625594,20-50cm
16.9,2.884800712846709,0-20cm
5.3,1.840549633397487,0-20cm
3.7,1.547562508716013,20-50cm
1.6,0.9555114450274363,50-100cm
5.9,1.9315214116032138,50-100cm
0.3,0.26236426446749106,>100cm
17.0,2.8903717578961645,0-20cm
16.0,2.833213344056216,0-20cm
7.1,2.0918640616783932,50-100cm
4.9,1.7749523509116738,50-100cm
11.8,2.5494451709255714,0-20cm
11.2,2.501435951739211,0-20cm
0.5,0.4054651081081644,50-100cm
25.0,3.258096538021482,0-20cm
2.8,1.33500106673234,50-100cm
0.2,0.18232155679395465,50-100cm
36.7,3.629660094453965,0-20cm
24.5,3.2386784521643803,20-50cm
25.5,3.2771447329921766,20-50cm
11.6,2.533696813957432,>100cm
23.9,3.214867803470662,0-20cm
7.6,2.151762203259462,50-100cm
0.1,0.09531017980432487,50-100cm
10.4,2.4336133554004498,0-20cm
9.8,2.379546134130174,20-50cm
7.9,2.186051276738094,20-50cm
3.6,1.5260563034950494,50-100cm
2.7,1.308332819650179,50-100cm
3.0,1.3862943611198906,>100cm
2.6,1.2809338454620642,>100cm
34.0,3.5553480614894135,0-20cm
22.6,3.1612467120315646,20-50cm
12.7,2.617395832834079,50-100cm
4.7,1.7404661748405046,>100cm
14.7,2.7536607123542622,0-20cm
9.2,2.322387720290225,20-50cm
7.4,2.128231705849268,>100cm
7.3,2.1162555148025524,>100cm
37.0,3.6375861597263857,0-20cm
29.1,3.40452517175483,20-50cm
9.2,2.322387720290225,20-50cm
6.8,2.0541237336955462,50-100cm
18.3,2.9601050959108397,0-20cm
16.4,2.856470206220483,0-20cm
2.7,1.308332819650179,50-100cm
2.5,1.252762968495368,50-100cm
11.1,2.4932054526026954,0-20cm
10.1,2.4069451083182885,0-20cm
7.4,2.128231705849268,20-50cm
7.9,2.186051276738094,50-100cm
1.3,0.832909122935104,50-100cm
7.7,2.1633230256605382,0-20cm
6.2,1.9740810260220096,0-20cm
3.3,1.4586150226995167,20-50cm
6.5,2.0149030205422647,50-100cm
5.4,1.8562979903656263,0-20cm
4.1,1.62924053973028,20-50cm
4.0,1.6094379124341003,20-50cm
5.3,1.840549633397487,50-100cm
3.8,1.5686159179138452,50-100cm
3.1,1.410986973710262,>100cm
3.2,1.4350845252893227,0-20cm
2.5,1.252762968495368,0-20cm
2.1,1.1314021114911006,20-50cm
3.8,1.5686159179138452,50-100cm
1.6,0.9555114450274363,50-100cm
16.7,2.8735646395797834,0-20cm
14.5,2.740840023925201,20-50cm
8.8,2.2823823856765264,20-50cm
7.2,2.1041341542702074,50-100cm
6.9,2.066862759472976,>100cm
5.1,1.8082887711792655,0-20cm
3.2,1.4350845252893227,0-20cm
2.8,1.33500106673234,20-50cm
2.6,1.2809338454620642,50-100cm
14.7,2.7536607123542622,0-20cm
9.0,2.302585092994046,20-50cm
4.2,1.6486586255873816,20-50cm
6.9,2.066862759472976,50-100cm
7.7,2.1633230256605382,>100cm
4.4,1.6863989535702288,>100cm
11.3,2.509599262378372,0-20cm
5.2,1.824549292051046,0-20cm
5.0,1.791759469228055,20-50cm
7.8,2.174751721484161,50-100cm
0.8,0.5877866649021191,>100cm
16.0,2.833213344056216,0-20cm
18.1,2.9496883350525844,0-20cm
3.3,1.4586150226995167,20-50cm
13.8,2.6946271807700692,0-20cm
9.1,2.312535423847214,0-20cm
0.8,0.5877866649021191,20-50cm
0.6,0.4700036292457355,50-100cm
16.0,2.833213344056216,0-20cm
10.6,2.451005098112319,20-50cm
4.5,1.7047480922384253,50-100cm
7.2,2.1041341542702074,0-20cm
6.4,2.0014800002101243,0-20cm
1.9,1.0647107369924282,20-50cm
2.6,1.2809338454620642,20-50cm
0.2,0.18232155679395465,50-100cm
7.1,2.0918640616783932,0-20cm
9.7,2.3702437414678603,0-20cm
7.3,2.1162555148025524,20-50cm
8.4,2.2407096892759584,50-100cm
5.3,1.840549633397487,50-100cm
13.4,2.667228206581955,0-20cm
9.4,2.341805806147327,0-20cm
8.6,2.2617630984737906,50-100cm
6.4,2.0014800002101243,50-100cm
6.7,2.0412203288596382,0-20cm
12.0,2.5649493574615367,0-20cm
6.6,2.028148247292285,20-50cm
4.0,1.6094379124341003,20-50cm
3.9,1.589235205116581,50-100cm
0.3,0.26236426446749106,>100cm
15.1,2.7788192719904172,0-20cm
9.7,2.3702437414678603,0-20cm
5.5,1.8718021769015913,20-50cm
0.6,0.4700036292457355,50-100cm
0.4,0.33647223662121295,>100cm
5.0,1.791759469228055,0-20cm
5.0,1.791759469228055,20-50cm
4.4,1.6863989535702288,20-50cm
9.3,2.33214389523559,0-20cm
8.5,2.2512917986064953,20-50cm
4.3,1.667706820558076,50-100cm
1.0,0.6931471805599453,>100cm
6.1,1.9600947840472698,0-20cm
4.2,1.6486586255873816,0-20cm
3.1,1.410986973710262,20-50cm
2.1,1.1314021114911006,50-100cm
7.7,2.1633230256605382,0-20cm
6.6,2.028148247292285,20-50cm
3.5,1.5040773967762742,50-100cm
2.2,1.1631508098056809,>100cm
3.5,1.5040773967762742,0-20cm
2.8,1.33500106673234,20-50cm
2.6,1.2809338454620642,50-100cm
5.4,1.8562979903656263,>100cm
5.6,1.8870696490323797,>100cm
5.5,1.8718021769015913,0-20cm
6.1,1.9600947840472698,0-20cm
5.0,1.791759469228055,20-50cm
1.8,1.0296194171811583,50-100cm
1.7,0.9932517730102833,>100cm
8.4,2.2407096892759584,0-20cm
4.4,1.6863989535702288,0-20cm
4.5,1.7047480922384253,50-100cm
1.6,0.9555114450274363,>100cm
8.0,2.1972245773362196,0-20cm
5.0,1.791759469228055,0-20cm
5.2,1.824549292051046,20-50cm
9.6,2.3608540011180215,0-20cm
5.9,1.9315214116032138,20-50cm
4.9,1.7749523509116738,20-50cm
4.4,1.6863989535702288,50-100cm
24.2,3.2268439945173775,0-20cm
17.4,2.91235066461494,0-20cm
10.1,2.4069451083182885,20-50cm
3.5,1.5040773967762742,>100cm
11.4,2.517696472610991,0-20cm
7.6,2.151762203259462,0-20cm
11.5,2.5257286443082556,50-100cm
1.9,1.0647107369924282,>100cm
11.1,2.4932054526026954,0-20cm
3.4,1.4816045409242156,20-50cm
3.3,1.4586150226995167,50-100cm
2.8,1.33500106673234,50-100cm
7.2,2.1041341542702074,0-20cm
5.3,1.840549633397487,20-50cm
4.6,1.7227665977411035,50-100cm
2.7,1.308332819650179,>100cm
7.8,2.174751721484161,0-20cm
6.8,2.0541237336955462,0-20cm
6.2,1.9740810260220096,20-50cm
8.1,2.2082744135228043,50-100cm
9.5,2.3513752571634776,>100cm
18.9,2.990719731730447,0-20cm
2.6,1.2809338454620642,20-50cm
3.3,1.4586150226995167,20-50cm
1.2,0.7884573603642702,50-100cm
7.3,2.1162555148025524,0-20cm
1.9,1.0647107369924282,0-20cm
2.1,1.1314021114911006,20-50cm
2.9,1.3609765531356006,50-100cm
2.9,1.3609765531356006,50-100cm
0.7,0.5306282510621704,50-100cm
4.0,1.6094379124341003,>100cm
16.0,2.833213344056216,0-20cm
12.3,2.5877640352277083,20-50cm
1.3,0.832909122935104,20-50cm
3.7,1.547562508716013,50-100cm
20.7,3.077312260546414,0-20cm
5.4,1.8562979903656263,20-50cm
2.4,1.2237754316221157,50-100cm
14.2,2.7212954278522306,0-20cm
8.8,2.2823823856765264,0-20cm
6.8,2.0541237336955462,0-20cm
2.9,1.3609765531356006,20-50cm
6.2,1.9740810260220096,0-20cm
4.5,1.7047480922384253,20-50cm
4.1,1.62924053973028,>100cm
23.4,3.1945831322991562,0-20cm
14.8,2.760009940032921,20-50cm
6.1,1.9600947840472698,20-50cm
74.1,4.318820558770089,0-20cm
23.4,3.1945831322991562,20-50cm
2.5,1.252762968495368,50-100cm
3.7,1.547562508716013,50-100cm
4.1,1.62924053973028,>100cm
17.4,2.91235066461494,0-20cm
7.4,2.128231705849268,0-20cm
15.1,2.7788192719904172,0-20cm
10.3,2.424802725718295,20-50cm
26.3,3.3068867021909143,0-20cm
33.6,3.543853682063679,0-20cm
16.3,2.8507065015037334,20-50cm
6.1,1.9600947840472698,50-100cm
9.4,2.341805806147327,0-20cm
10.2,2.4159137783010487,0-20cm
2.0,1.0986122886681098,20-50cm
1.4,0.8754687373538999,20-50cm
0.8,0.5877866649021191,0-20cm
2.2,1.1631508098056809,0-20cm
2.0,1.0986122886681098,20-50cm
1.7,0.9932517730102833,50-100cm
4.0,1.6094379124341003,0-20cm
2.0,1.0986122886681098,0-20cm
1.6,0.9555114450274363,0-20cm
1.5,0.9162907318741551,50-100cm
6.6,2.028148247292285,0-20cm
7.2,2.1041341542702074,0-20cm
8.7,2.272125885509337,20-50cm
11.9,2.5572273113676265,50-100cm
12.6,2.6100697927420065,>100cm
10.4,2.4336133554004498,0-20cm
5.2,1.824549292051046,0-20cm
5.6,1.8870696490323797,20-50cm
1.3,0.832909122935104,50-100cm
11.2,2.501435951739211,0-20cm
7.2,2.1041341542702074,0-20cm
6.2,1.9740810260220096,50-100cm
3.7,1.547562508716013,>100cm
20.1,3.0492730404820207,0-20cm
11.9,2.5572273113676265,20-50cm
7.4,2.128231705849268,>100cm
4.7,1.7404661748405046,>100cm
6.9,2.066862759472976,0-20cm
6.9,2.066862759472976,20-50cm
4.8,1.7578579175523736,50-100cm
3.1,1.410986973710262,50-100cm
1.8,1.0296194171811583,>100cm
18.1,2.9496883350525844,0-20cm
17.4,2.91235066461494,0-20cm
14.1,2.714694743820879,20-50cm
6.5,2.0149030205422647,50-100cm
3.8,1.5686159179138452,50-100cm
15.9,2.827313621929028,0-20cm
7.4,2.128231705849268,20-50cm
3.0,1.3862943611198906,20-50cm
2.6,1.2809338454620642,50-100cm
2.1,1.1314021114911006,>100cm
18.8,2.9856819377004897,0-20cm
15.0,2.772588722239781,20-50cm
5.5,1.8718021769015913,50-100cm
4.6,1.7227665977411035,>100cm
12.3,2.5877640352277083,0-20cm
11.3,2.509599262378372,20-50cm
3.7,1.547562508716013,50-100cm
2.9,1.3609765531356006,50-100cm
17.4,2.91235066461494,0-20cm
16.1,2.8390784635086144,0-20cm
5.8,1.916922612182061,20-50cm
2.9,1.3609765531356006,20-50cm
1.7,0.9932517730102833,50-100cm
14.6,2.747270914255491,0-20cm
10.0,2.3978952727983707,0-20cm
7.2,2.1041341542702074,20-50cm
2.8,1.33500106673234,50-100cm
9.4,2.341805806147327,0-20cm
6.3,1.9878743481543455,20-50cm
4.6,1.7227665977411035,50-100cm
12.0,2.5649493574615367,0-20cm
10.7,2.4595888418037104,20-50cm
7.3,2.1162555148025524,50-100cm
2.4,1.2237754316221157,50-100cm
14.9,2.766319109226186,0-20cm
11.7,2.5416019934645457,0-20cm
5.2,1.824549292051046,20-50cm
4.3,1.667706820558076,50-100cm
23.2,3.186352633162641,0-20cm
21.9,3.131136910560194,20-50cm
29.7,3.4242626545931514,0-20cm
17.9,2.9391619220655967,20-50cm
12.7,2.617395832834079,20-50cm
9.8,2.379546134130174,50-100cm
17.7,2.928523523860541,0-20cm
11.8,2.5494451709255714,20-50cm
9.1,2.312535423847214,50-100cm
3.2,1.4350845252893227,>100cm
2.6,1.2809338454620642,>100cm
27.6,3.353406717825807,0-20cm
15.4,2.797281334830153,0-20cm
13.6,2.681021528714291,20-50cm
2.7,1.308332819650179,50-100cm
37.6,3.653252276470785,0-20cm
36.7,3.629660094453965,0-20cm
33.9,3.5524868292083815,50-100cm
2.7,1.308332819650179,50-100cm
23.4,3.1945831322991562,0-20cm
21.6,3.1179499062782403,0-20cm
14.4,2.7343675094195836,20-50cm
6.9,2.066862759472976,50-100cm
3.7,1.547562508716013,50-100cm
13.5,2.6741486494265287,0-20cm
9.7,2.3702437414678603,0-20cm
4.8,1.7578579175523736,50-100cm
4.3,1.667706820558076,>100cm
23.7,3.2068032436339315,0-20cm
21.5,3.1135153092103742,20-50cm
7.8,2.174751721484161,20-50cm
4.2,1.6486586255873816,50-100cm
3.8,1.5686159179138452,>100cm
16.4,2.856470206220483,0-20cm
14.7,2.7536607123542622,0-20cm
10.3,2.424802725718295,20-50cm
3.5,1.5040773967762742,50-100cm
2.3,1.1939224684724346,>100cm
18.3,2.9601050959108397,0-20cm
17.5,2.917770732084279,0-20cm
17.5,2.917770732084279,20-50cm
9.4,2.341805806147327,50-100cm
3.7,1.547562508716013,>100cm
9.3,2.33214389523559,0-20cm
3.3,1.4586150226995167,20-50cm
3.1,1.410986973710262,50-100cm
2.9,1.3609765531356006,50-100cm
20.9,3.086486636822455,0-20cm
15.6,2.8094026953624973,20-50cm
7.0,2.0794415416798357,50-100cm
4.8,1.7578579175523736,>100cm
16.3,2.8507065015037334,0-20cm
10.9,2.4765384001174837,20-50cm
5.4,1.8562979903656263,50-100cm
3.9,1.589235205116581,50-100cm
18.0,2.9444389791664403,0-20cm
11.4,2.517696472610991,20-50cm
4.0,1.6094379124341003,50-100cm
3.3,1.4586150226995167,>100cm
12.4,2.5952547069568657,0-20cm
11.0,2.4849066497880004,0-20cm
3.6,1.5260563034950494,50-100cm
1.5,0.9162907318741551,50-100cm
14.9,2.766319109226186,0-20cm
14.2,2.7212954278522306,0-20cm
14.2,2.7212954278522306,20-50cm
126.4,4.847331743138063,0-20cm
122.4,4.8154311114712876,20-50cm
14.6,2.747270914255491,20-50cm
18.3,2.9601050959108397,0-20cm
17.4,2.91235066461494,0-20cm
8.8,2.2823823856765264,20-50cm
6.7,2.0412203288596382,50-100cm
3.5,1.5040773967762742,>100cm
22.8,3.169685580677429,0-20cm
14.1,2.714694743820879,0-20cm
13.2,2.653241964607215,20-50cm
8.7,2.272125885509337,50-100cm
5.2,1.824549292051046,>100cm
15.4,2.797281334830153,0-20cm
4.8,1.7578579175523736,0-20cm
3.3,1.4586150226995167,20-50cm
3.0,1.3862943611198906,50-100cm
2.7,1.308332819650179,50-100cm
2.8,1.33500106673234,>100cm
16.7,2.8735646395797834,0-20cm
3.1,1.410986973710262,20-50cm
3.3,1.4586150226995167,20-50cm
2.7,1.308332819650179,>100cm
18.0,2.9444389791664403,0-20cm
4.1,1.62924053973028,0-20cm
6.2,1.9740810260220096,20-50cm
4.9,1.7749523509116738,50-100cm
4.4,1.6863989535702288,>100cm
88.9,4.498697941477575,0-20cm
4.3,1.667706820558076,0-20cm
2.2,1.1631508098056809,20-50cm
3.5,1.5040773967762742,50-100cm
45.5,3.8394523125933104,0-20cm
17.9,2.9391619220655967,0-20cm
6.0,1.9459101490553132,20-50cm
3.4,1.4816045409242156,50-100cm
2.2,1.1631508098056809,50-100cm
16.1,2.8390784635086144,0-20cm
7.6,2.151762203259462,0-20cm
3.9,1.589235205116581,20-50cm
2.3,1.1939224684724346,50-100cm
1.9,1.0647107369924282,50-100cm
1.8,1.0296194171811583,>100cm
7.7,2.1633230256605382,0-20cm
5.8,1.916922612182061,0-20cm
2.5,1.252762968495368,20-50cm
2.0,1.0986122886681098,50-100cm
14.2,2.7212954278522306,0-20cm
12.6,2.6100697927420065,0-20cm
6.2,1.9740810260220096,20-50cm
3.9,1.589235205116581,50-100cm
6.3,1.9878743481543455,0-20cm
3.5,1.5040773967762742,0-20cm
2.7,1.308332819650179,20-50cm
2.8,1.33500106673234,50-100cm
22.5,3.1570004211501135,0-20cm
19.4,3.0155349008501706,20-50cm
21.2,3.100092288878234,50-100cm
49.5,3.9219733362813143,50-100cm
52.8,3.9852734671677386,50-100cm
55.5,4.034240638152395,>100cm
14.7,2.7536607123542622,0-20cm
23.7,3.2068032436339315,20-50cm
3.9,1.589235205116581,50-100cm
2.6,1.2809338454620642,50-100cm
20.8,3.0819099697950434,0-20cm
20.8,3.0819099697950434,0-20cm
24.7,3.246490991901174,20-50cm
22.7,3.1654750481410856,20-50cm
5.1,1.8082887711792655,50-100cm
20.9,3.086486636822455,0-20cm
70.8,4.273884476054178,20-50cm
9.0,2.302585092994046,50-100cm
22.2,3.1441522786722644,0-20cm
19.7,3.0301337002713233,0-20cm
6.1,1.9600947840472698,20-50cm
7.1,2.0918640616783932,20-50cm
17.4,2.91235066461494,0-20cm
5.4,1.8562979903656263,20-50cm
3.7,1.547562508716013,20-50cm
18.7,2.9806186357439426,0-20cm
10.0,2.3978952727983707,0-20cm
10.4,2.4336133554004498,20-50cm
2.8,1.33500106673234,50-100cm
4.5,1.7047480922384253,50-100cm
8.9,2.2925347571405443,0-20cm
6.3,1.9878743481543455,0-20cm
3.0,1.3862943611198906,0-20cm
2.8,1.33500106673234,50-100cm
2.3,1.1939224684724346,50-100cm
1.8,1.0296194171811583,>100cm
8.6,2.2617630984737906,0-20cm
17.4,2.91235066461494,0-20cm
7.9,2.186051276738094,20-50cm
3.4,1.4816045409242156,50-100cm
3.5,1.5040773967762742,50-100cm
37.3,3.6454498961866,0-20cm
4.5,1.7047480922384253,0-20cm
3.7,1.547562508716013,20-50cm
5.2,1.824549292051046,0-20cm
3.1,1.410986973710262,20-50cm
2.5,1.252762968495368,50-100cm
1.8,1.0296194171811583,>100cm
11.1,2.4932054526026954,0-20cm
8.1,2.2082744135228043,0-20cm
5.7,1.9021075263969205,20-50cm
3.0,1.3862943611198906,50-100cm
13.9,2.7013612129514133,0-20cm
15.6,2.8094026953624973,20-50cm
5.0,1.791759469228055,50-100cm
0.8,0.5877866649021191,>100cm
7.4,2.128231705849268,0-20cm
6.5,2.0149030205422647,20-50cm
6.4,2.0014800002101243,50-100cm
3.7,1.547562508716013,50-100cm
5.7,1.9021075263969205,0-20cm
5.4,1.8562979903656263,0-20cm
3.4,1.4816045409242156,20-50cm
2.2,1.1631508098056809,20-50cm
2.0,1.0986122886681098,50-100cm
1.5,0.9162907318741551,50-100cm
10.8,2.468099531471619,0-20cm
6.2,1.9740810260220096,20-50cm
3.1,1.410986973710262,50-100cm
11.8,2.5494451709255714,0-20cm
12.0,2.5649493574615367,0-20cm
9.2,2.322387720290225,20-50cm
8.9,2.2925347571405443,>100cm
11.0,2.4849066497880004,0-20cm
9.7,2.3702437414678603,0-20cm
6.1,1.9600947840472698,20-50cm
3.9,1.589235205116581,>100cm
14.2,2.7212954278522306,0-20cm
7.9,2.186051276738094,20-50cm
3.6,1.5260563034950494,20-50cm
2.5,1.252762968495368,50-100cm
22.6,3.1612467120315646,0-20cm
24.0,3.2188758248682006,0-20cm
22.1,3.139832617527748,20-50cm
20.5,3.068052935133617,50-100cm
38.6,3.6788291182604347,0-20cm
21.9,3.131136910560194,0-20cm
5.4,1.8562979903656263,20-50cm
17.5,2.917770732084279,0-20cm
12.9,2.631888840136646,0-20cm
2.8,1.33500106673234,20-50cm
20.6,3.0726933146901194,0-20cm
21.7,3.122364924487357,0-20cm
22.2,3.1441522786722644,20-50cm
9.2,2.322387720290225,50-100cm
3.7,1.547562508716013,50-100cm
44.9,3.8264651170664994,0-20cm
20.4,3.0633909220278057,0-20cm
10.4,2.4336133554004498,20-50cm
7.1,2.0918640616783932,20-50cm
20.7,3.077312260546414,0-20cm
5.2,1.824549292051046,20-50cm
15.2,2.785011242238338,20-50cm
4.2,1.6486586255873816,50-100cm
4.9,1.7749523509116738,0-20cm
4.6,1.7227665977411035,20-50cm
4.5,1.7047480922384253,>100cm
16.1,2.8390784635086144,0-20cm
28.3,3.3775875160230218,20-50cm
7.8,2.174751721484161,50-100cm
4.1,1.62924053973028,50-100cm
10.6,2.451005098112319,0-20cm
5.4,1.8562979903656263,0-20cm
2.2,1.1631508098056809,50-100cm
1.5,0.9162907318741551,50-100cm
68.0,4.23410650459726,0-20cm
15.9,2.827313621929028,0-20cm
7.9,2.186051276738094,20-50cm
5.7,1.9021075263969205,20-50cm
20.5,3.068052935133617,0-20cm
6.5,2.0149030205422647,0-20cm
6.0,1.9459101490553132,20-50cm
5.0,1.791759469228055,50-100cm
1.3,0.832909122935104,0-20cm
2.2,1.1631508098056809,0-20cm
1.2,0.7884573603642702,50-100cm
0.7,0.5306282510621704,50-100cm
4.8,1.7578579175523736,0-20cm
7.1,2.0918640616783932,20-50cm
4.1,1.62924053973028,50-100cm
18.2,2.954910279033736,0-20cm
8.5,2.2512917986064953,0-20cm
1.0,0.6931471805599453,20-50cm
2.8,1.33500106673234,50-100cm
5.8,1.916922612182061,50-100cm
2.8,1.33500106673234,50-100cm
33.1,3.529297384289471,0-20cm
7.7,2.1633230256605382,0-20cm
3.6,1.5260563034950494,20-50cm
0.7,0.5306282510621704,50-100cm
29.8,3.427514689979529,0-20cm
34.1,3.55820113047182,20-50cm
36.3,3.6189933266497696,50-100cm
33.4,3.5380565643793527,50-100cm
38.2,3.6686767467964168,0-20cm
36.3,3.6189933266497696,0-20cm
26.7,3.3214324131932926,20-50cm
97.5,4.590056548178043,>100cm
154.5243619,5.046802387515315,0-20cm
90.71925754,4.518732363103037,50-100cm
3.596287703,1.5252489565912695,>100cm
78.77030162,4.3791512750366115,0-20cm
143.0974478,4.97048979153704,20-50cm
116.12529,4.763244216542714,50-100cm
9.39675174,2.341493424669005,>100cm
85.15081206,4.45609938904675,0-20cm
126.5081206,4.8481800535506885,0-20cm
183.7006961,5.218736656012386,20-50cm
125.5220418,4.840416536467204,50-100cm
5.916473318,1.9339060035937803,50-100cm
62.70301624,4.154231912163545,0-20cm
42.05336427,3.7624403757878264,0-20cm
172.6218097,5.156879426247665,>100cm
11.89095128,2.5565256140728625,0-20cm
9.860788863,2.3851589511862823,0-20cm
5.684454756,1.899784644923856,20-50cm
2.320185615,1.200020689498126,50-100cm
1.50812065,0.9195337276742209,50-100cm
11.71693735,2.5429347545501044,0-20cm
8.642691415,2.266200262082887,0-20cm
14.26914153,2.7258338982657584,20-50cm
9.164733179,2.318924197744161,20-50cm
5.568445476,1.882277195063256,50-100cm
12.87703016,2.6302349667669254,0-20cm
8.178654292,2.216880602601443,20-50cm
3.538283063,1.5125487605692358,20-50cm
1.218097448,0.7966498230397037,50-100cm
1.102088167,0.7429312159138453,>100cm
13.68909513,2.68710539060307,0-20cm
11.36890951,2.5151860264957904,0-20cm
11.07888631,2.4914589953758495,20-50cm
11.36890951,2.5151860264957904,50-100cm
18.56148492,2.973562577880605,>100cm
22.33178654,3.1498166600410373,0-20cm
15.77726218,2.820024528013121,20-50cm
13.34106729,2.66312725987748,50-100cm
39.79118329,3.708465962224714,0-20cm
4.408352668,1.6879445488925413,0-20cm
3.770301624,1.5624095364440707,0-20cm
1.856148492,1.0494740361229478,20-50cm
2.494199536,1.2511043182667152,50-100cm
1.56612529,0.9423970919694907,50-100cm
1.682134571,0.9866129592159453,50-100cm
10.03480278,2.4010541673242503,0-20cm
8.874709977,2.2899769409381743,0-20cm
9.106728538,2.313201393921096,20-50cm
12.52900232,2.6048357011046885,50-100cm
6.090487239,1.9587540601856084,50-100cm
2.262180974,1.1823959821203476,50-100cm
16.53132251,2.863989138757197,0-20cm
8.584686775,2.2601666972990686,20-50cm
7.076566125,2.088966797671782,20-50cm
13.92111369,2.7027772360917592,0-20cm
2.088167053,1.1275777281734074,0-20cm
1.450116009,0.8961353740478757,20-50cm
1.102088167,0.7429312159138453,50-100cm
1.334106729,0.8476292607537498,50-100cm
1.218097448,0.7966498230397037,>100cm
10.03480278,2.4010541673242503,0-20cm
4.988399072,1.7898241096272645,20-50cm
2.146171694,1.1461863784806638,50-100cm
1.334106729,0.8476292607537498,50-100cm
1.334106729,0.8476292607537498,>100cm
30.45243619,3.4484764424675434,0-20cm
7.250580046,2.110283506481116,0-20cm
4.350348028,1.677161610754745,20-50cm
2.436194896,1.2343647242828897,50-100cm
1.914153132,1.069579256838409,>100cm
9.744779582,2.3744200163428864,0-20cm
7.598607889,2.1516003167844606,0-20cm
5.452436195,1.8644577641463982,20-50cm
2.378190255,1.2173401385876361,20-50cm
1.102088167,0.7429312159138453,50-100cm
0.696055684,0.5283053693779048,50-100cm
7.018561485,2.0817590398303256,0-20cm
3.07424594,1.404685684171041,0-20cm
1.50812065,0.9195337276742209,20-50cm
1.276102088,0.8224643693882208,50-100cm
1.334106729,0.8476292607537498,50-100cm
7.946635731,2.191277565642508,0-20cm
4.002320186,1.6099018420021345,0-20cm
2.610208817,1.2837656147162086,20-50cm
1.972157773,1.0892882119202307,50-100cm
1.50812065,0.9195337276742209,50-100cm
6.148491879,1.96690140844391,0-20cm
5.394431555,1.8554275421041846,0-20cm
1.62412993,0.9647493858620633,20-50cm
0.986078886,0.6861622858814522,50-100cm
1.160092807,0.7701511869767564,50-100cm
8.410672854,2.241844455185516,0-20cm
4.814385151,1.7603350453845883,20-50cm
6.496519722,2.01443887577708,20-50cm
8.990719258,2.301656587866543,50-100cm
12.81902552,2.6260463035524015,0-20cm
2.378190255,1.2173401385876361,0-20cm
2.146171694,1.1461863784806638,20-50cm
1.50812065,0.9195337276742209,50-100cm
2.262180974,1.1823959821203476,>100cm
10.55684455,2.4472778631803367,0-20cm
3.538283063,1.5125487605692358,20-50cm
2.030162413,1.1086162197349259,20-50cm
1.740139211,1.0080087260436568,50-100cm
1.218097448,0.7966498230397037,>100cm
7.714617169,2.165001750181541,0-20cm
4.060324826,1.6214306761006323,0-20cm
2.088167053,1.1275777281734074,20-50cm
1.392111369,0.8721763939510395,50-100cm
1.798143852,1.0289562873591707,50-100cm
1.914153132,1.069579256838409,>100cm
9.860788863,2.3851589511862823,0-20cm
4.64037123,1.7299498842658516,0-20cm
1.798143852,1.0289562873591707,20-50cm
1.392111369,0.8721763939510395,50-100cm
0.986078886,0.6861622858814522,>100cm
1.218097448,0.7966498230397037,>100cm
19.77958237,3.0339708877790335,0-20cm
4.350348028,1.677161610754745,20-50cm
1.50812065,0.9195337276742209,20-50cm
2.204176334,1.1644550632722352,50-100cm
1.218097448,0.7966498230397037,50-100cm
20.93967517,3.088296649359179,0-20cm
3.364269142,1.4734507393046723,0-20cm
1.856148492,1.0494740361229478,20-50cm
18.0974478,2.9495547030875815,0-20cm
2.784222738,1.3308405125650895,20-50cm
1.798143852,1.0289562873591707,20-50cm
0.870069606,0.6259756526336497,50-100cm
0.580046404,0.4574542162278497,>100cm
8.990719258,2.301656587866543,0-20cm
2.494199536,1.2511043182667152,20-50cm
1.450116009,0.8961353740478757,50-100cm
1.276102088,0.8224643693882208,50-100cm
1.102088167,0.7429312159138453,>100cm
9.686774942,2.3690069902773168,0-20cm
3.770301624,1.5624095364440707,0-20cm
3.654292343,1.5377898783348827,20-50cm
3.828306265,1.5744957363932024,50-100cm
5.046403712,1.7994636675319253,50-100cm
3.016241299,1.3903464649967827,>100cm
1.334106729,0.8476292607537498,0-20cm
1.682134571,0.9866129592159453,0-20cm
1.160092807,0.7701511869767564,20-50cm
0.522041763,0.42005269861625594,20-50cm
12.47099768,2.600539054494606,0-20cm
3.07424594,1.404685684171041,0-20cm
5.394431555,1.8554275421041846,20-50cm
5.220417633,1.8278370480661914,50-100cm
5.162412993,1.818468420486176,50-100cm
5.684454756,1.899784644923856,50-100cm
12.81902552,2.6260463035524015,0-20cm
4.582366589,1.7196128063722729,0-20cm
2.784222738,1.3308405125650895,50-100cm
4.002320186,1.6099018420021345,>100cm
4.408352668,1.6879445488925413,>100cm
3.596287703,1.5252489565912695,>100cm
8.816705336,2.284085560572831,0-20cm
7.540603248,2.1448316432448467,0-20cm
4.75638051,1.7503088935114712,20-50cm
1.218097448,0.7966498230397037,50-100cm
1.276102088,0.8224643693882208,50-100cm
10.55684455,2.4472778631803367,0-20cm
17.05336427,2.893332053560734,0-20cm
25.40603248,3.2735924870797324,20-50cm
19.48955916,3.01991544713405,20-50cm
6.3225058,1.9909525917986457,50-100cm
0.522041763,0.42005269861625594,50-100cm
11.25290023,2.505762662438444,0-20cm
19.19953596,3.0056596318660644,0-20cm
17.40139211,2.91242631990518,20-50cm
13.51508121,2.6751881923627674,50-100cm
1.218097448,0.7966498230397037,50-100cm
5.916473318,1.9339060035937803,0-20cm
1.798143852,1.0289562873591707,0-20cm
0.580046404,0.4574542162278497,20-50cm
0.348027842,0.29864266657948874,50-100cm
0.464037123,0.3811977724580676,>100cm
23.20185615,3.1864293306345375,0-20cm
20.35962877,3.061502634259318,20-50cm
13.86310905,2.6988822401512125,20-50cm
15.13921114,2.7812517855630654,50-100cm
7.77262181,2.171635713816278,50-100cm
11.71693735,2.5429347545501044,>100cm
9.860788863,2.3851589511862823,0-20cm
4.350348028,1.677161610754745,20-50cm
3.886310905,1.586437602616289,20-50cm
4.872389791,1.7702616704101632,50-100cm
6.380510441,1.9988428016677164,0-20cm
4.408352668,1.6879445488925413,0-20cm
4.002320186,1.6099018420021345,20-50cm
2.958236659,1.3757986379648754,50-100cm
3.13225058,1.4188221931746843,50-100cm
8.932714617,2.295833816024146,0-20cm
7.076566125,2.088966797671782,0-20cm
8.120649652,2.210541035321165,20-50cm
9.280742459,2.33027248105715,50-100cm
8.410672854,2.241844455185516,50-100cm
3.306264501,1.4600708232052213,>100cm
10.55684455,2.4472778631803367,0-20cm
6.032482599,1.9505397870098125,0-20cm
4.872389791,1.7702616704101632,20-50cm
1.392111369,0.8721763939510395,0-20cm
3.770301624,1.5624095364440707,0-20cm
4.060324826,1.6214306761006323,20-50cm
3.19025522,1.4327616437735151,50-100cm
1.50812065,0.9195337276742209,50-100cm
0.812064965,0.5944670596271033,>100cm
2.958236659,1.3757986379648754,0-20cm
2.726218097,1.3153938042827849,0-20cm
3.306264501,1.4600708232052213,50-100cm
1.450116009,0.8961353740478757,50-100cm
0.928074246,0.656521704782988,>100cm
7.88863109,2.1847730545420854,0-20cm
1.682134571,0.9866129592159453,0-20cm
1.276102088,0.8224643693882208,20-50cm
0.986078886,0.6861622858814522,50-100cm
6.844547564,2.059818712628983,0-20cm
2.958236659,1.3757986379648754,20-50cm
4.292343387,1.666261132091644,50-100cm
1.044083527,0.7149495359879368,50-100cm
0.928074246,0.656521704782988,>100cm
17.05336427,2.893332053560734,0-20cm
8.990719258,2.301656587866543,0-20cm
2.030162413,1.1086162197349259,20-50cm
1.50812065,0.9195337276742209,20-50cm
19.66357309,3.028372395978888,0-20cm
19.08352668,2.99989991087623,0-20cm
30.04640371,3.4354829791272556,20-50cm
14.26914153,2.7258338982657584,50-100cm
2.204176334,1.1644550632722352,50-100cm
1.56612529,0.9423970919694907,>100cm
20.70765661,3.0776650374838193,0-20cm
16.64733179,2.870584598580355,0-20cm
131.7285383,4.888305976995539,20-50cm
98.83990719,4.603567975033346,50-100cm
29.52436195,3.4185251172394047,>100cm
6.090487239,1.9587540601856084,>100cm
25.40603248,3.2735924870797324,0-20cm
17.74941995,2.931162815937892,0-20cm
21.80974478,3.127187847281486,20-50cm
20.99767981,3.0909369846148653,50-100cm
40.6612529,3.729571509792506,0-20cm
16.82134571,2.880396936026427,0-20cm
7.134570766,2.096122975419075,20-50cm
78.0162413,4.3696534174130495,0-20cm
21.9837587,3.1347878230141504,0-20cm
8.642691415,2.266200262082887,20-50cm
58.12064965,4.0795802652466895,0-20cm
76.27610209,4.347384749838188,0-20cm
61.774942,4.1395559811085345,20-50cm
24.36194896,3.2332499783510977,0-20cm
19.14153132,3.0027839181636504,0-20cm
15.6612529,2.8130858379926442,20-50cm
12.9350348,2.634406158239728,50-100cm
11.65893271,2.538363109054814,50-100cm
8.990719258,2.301656587866543,0-20cm
5.974477958,1.94225748017524,0-20cm
3.944315545,1.5982385419455967,20-50cm
2.030162413,1.1086162197349259,50-100cm
1.62412993,0.9647493858620633,50-100cm
9.570765661,2.3580922344394004,0-20cm
10.55684455,2.4472778631803367,0-20cm
10.49883991,2.442246152889434,20-50cm
8.584686775,2.2601666972990686,20-50cm
5.568445476,1.882277195063256,50-100cm
9.454756381,2.3470570309352685,50-100cm
10.49883991,2.442246152889434,0-20cm
8.584686775,2.2601666972990686,0-20cm
2.262180974,1.1823959821203476,20-50cm
1.160092807,0.7701511869767564,50-100cm
0.928074246,0.656521704782988,50-100cm
0.928074246,0.656521704782988,50-100cm
15.71925754,2.8165612011682097,0-20cm
3.480278422,1.4996851922636585,0-20cm
2.204176334,1.1644550632722352,20-50cm
1.856148492,1.0494740361229478,50-100cm
31.96055684,3.4953115993160377,0-20cm
4.408352668,1.6879445488925413,0-20cm
1.740139211,1.0080087260436568,20-50cm
1.856148492,1.0494740361229478,50-100cm
1.798143852,1.0289562873591707,50-100cm
11.48491879,2.5245214191050547,0-20cm
5.278422274,1.8371187186617233,0-20cm
2.030162413,1.1086162197349259,20-50cm
25.40603248,3.2735924870797324,0-20cm
3.480278422,1.4996851922636585,0-20cm
1.914153132,1.069579256838409,20-50cm
1.102088167,0.7429312159138453,50-100cm
2.262180974,1.1823959821203476,0-20cm
0.928074246,0.656521704782988,0-20cm
45.35962877,3.8364290108898786,0-20cm
9.39675174,2.341493424669005,0-20cm
7.77262181,2.171635713816278,20-50cm
4.582366589,1.7196128063722729,50-100cm
8.352668213,2.2356616729645467,0-20cm
5.626450116,1.8910692333543266,0-20cm
10.84686775,2.4720635077466433,0-20cm
8.352668213,2.2356616729645467,0-20cm
10.15081206,2.4115123257473896,0-20cm
8.004640371,2.1977400412396495,20-50cm
11.89095128,2.5565256140728625,0-20cm
3.654292343,1.5377898783348827,0-20cm
4.234338747,1.6552405224951414,20-50cm
8.526682135,2.254096507520187,50-100cm
23.08584687,3.1816244011829378,>100cm
13.45707657,2.671184022708489,0-20cm
5.452436195,1.8644577641463982,20-50cm
2.610208817,1.2837656147162086,20-50cm
1.914153132,1.069579256838409,50-100cm
7.77262181,2.171635713816278,0-20cm
5.800464037,1.916990850589062,0-20cm
6.728538283,2.044919748081826,20-50cm
2.668213457,1.2997047470848513,50-100cm
1.218097448,0.7966498230397037,50-100cm
16.64733179,2.870584598580355,0-20cm
13.45707657,2.671184022708489,0-20cm
29.23433875,3.408978323137083,0-20cm
13.74709977,2.6910464376897374,20-50cm
10.20881671,2.4167006748667217,0-20cm
13.05104408,2.642696704762546,20-50cm
11.83294664,2.5520158202236005,20-50cm
4.75638051,1.7503088935114712,50-100cm
4.408352668,1.6879445488925413,50-100cm
6.786542923,2.052396977427628,>100cm
15.71925754,2.8165612011682097,0-20cm
4.176334107,1.6440971043812276,20-50cm
2.784222738,1.3308405125650895,50-100cm
2.900232019,1.361036043417301,50-100cm
22.73781903,3.1670695159638345,0-20cm
10.15081206,2.4115123257473896,0-20cm
4.930394432,1.780090725468795,20-50cm
3.248259861,1.4465094546204627,50-100cm
6.26450116,1.9829996312098825,0-20cm
1.160092807,0.7701511869767564,0-20cm
0.638051044,0.4935071473385028,20-50cm
1.798143852,1.0289562873591707,50-100cm
3.886310905,1.586437602616289,>100cm
7.77262181,2.171635713816278,0-20cm
2.900232019,1.361036043417301,0-20cm
0.870069606,0.6259756526336497,0-20cm
0.754060325,0.5619332861749915,50-100cm
5.916473318,1.9339060035937803,50-100cm
0.580046404,0.4574542162278497,0-20cm
0.174013921,0.1604285790868798,20-50cm
0.522041763,0.42005269861625594,50-100cm
10.78886311,2.467155281570677,0-20cm
7.77262181,2.171635713816278,0-20cm
0.812064965,0.5944670596271033,0-20cm
4.988399072,1.7898241096272645,20-50cm
5.278422274,1.8371187186617233,50-100cm
3.07424594,1.404685684171041,50-100cm
7.482598608,2.138016842483422,0-20cm
2.610208817,1.2837656147162086,0-20cm
24.4199536,3.2355344404252597,0-20cm
5.104408353,1.809011190990897,20-50cm
25.17401392,3.264767083458623,0-20cm
24.01392111,3.2194325142878886,0-20cm
31.96055684,3.4953115993160377,20-50cm
17.5,2.917770732084279,0-20cm
10.0,2.3978952727983707,0-20cm
5.9,1.9315214116032138,20-50cm
8.3,2.2300144001592104,20-50cm
2.5,1.252762968495368,50-100cm
4.6,1.7227665977411035,0-20cm
22.1,3.139832617527748,20-50cm
2.7,1.308332819650179,20-50cm
1.5,0.9162907318741551,50-100cm
4.6,1.7227665977411035,0-20cm
2.5,1.252762968495368,0-20cm
9.1,2.312535423847214,20-50cm
6.5,2.0149030205422647,50-100cm
3.9,1.589235205116581,>100cm
14.2,2.7212954278522306,0-20cm
10.9,2.4765384001174837,0-20cm
4.9,1.7749523509116738,20-50cm
7.0,2.0794415416798357,50-100cm
10.1,2.4069451083182885,>100cm
4.2,1.6486586255873816,>100cm
5.9,1.9315214116032138,0-20cm
9.6,2.3608540011180215,20-50cm
10.5,2.4423470353692043,50-100cm
8.0,2.1972245773362196,50-100cm
6.0,1.9459101490553132,50-100cm
5.5,1.8718021769015913,50-100cm
12.9,2.631888840136646,0-20cm
11.5,2.5257286443082556,20-50cm
12.9,2.631888840136646,20-50cm
4.7,1.7404661748405046,50-100cm
18.1,2.9496883350525844,0-20cm
15.9,2.827313621929028,0-20cm
21.9,3.131136910560194,20-50cm
16.6,2.8678989020441064,50-100cm
14.6,2.747270914255491,>100cm
8.9,2.2925347571405443,0-20cm
12.6,2.6100697927420065,0-20cm
9.0,2.302585092994046,20-50cm
6.2,1.9740810260220096,50-100cm
1.4,0.8754687373538999,50-100cm
11.7,2.5416019934645457,0-20cm
10.6,2.451005098112319,0-20cm
11.9,2.5572273113676265,20-50cm
12.3,2.5877640352277083,50-100cm
10.2,2.4159137783010487,>100cm
35.2,3.5890591188317256,0-20cm
29.6,3.4210000089583352,20-50cm
16.8,2.8791984572980396,20-50cm
5.8,1.916922612182061,20-50cm
7.3,2.1162555148025524,>100cm
26.0,3.295836866004329,0-20cm
10.6,2.451005098112319,20-50cm
10.6,2.451005098112319,20-50cm
9.7,2.3702437414678603,20-50cm
6.7,2.0412203288596382,50-100cm
4.0,1.6094379124341003,>100cm
53.1,3.9908341858524357,0-20cm
15.0,2.772588722239781,0-20cm
14.0,2.70805020110221,20-50cm
41.7,3.754198920234579,0-20cm
5.5,1.8718021769015913,0-20cm
71.6,4.28496492183075,20-50cm
10.9,2.4765384001174837,20-50cm
19.3,3.0106208860477417,0-20cm
8.4,2.2407096892759584,20-50cm
6.5,2.0149030205422647,20-50cm
4.3,1.667706820558076,50-100cm
3.0,1.3862943611198906,>100cm
21.6,3.1179499062782403,0-20cm
10.3,2.424802725718295,20-50cm
12.6,2.6100697927420065,20-50cm
3.4,1.4816045409242156,50-100cm
5.5,1.8718021769015913,>100cm
22.1,3.139832617527748,0-20cm
8.6,2.2617630984737906,20-50cm
8.6,2.2617630984737906,50-100cm
7.0,2.0794415416798357,50-100cm
5.8,1.916922612182061,>100cm
22.6,3.1612467120315646,0-20cm
4.0,1.6094379124341003,20-50cm
3.1,1.410986973710262,50-100cm
2.0,1.0986122886681098,>100cm
12.7,2.617395832834079,0-20cm
8.5,2.2512917986064953,20-50cm
6.1,1.9600947840472698,50-100cm
4.0,1.6094379124341003,>100cm
15.6,2.8094026953624973,0-20cm
11.1,2.4932054526026954,20-50cm
9.7,2.3702437414678603,50-100cm
5.0,1.791759469228055,>100cm
14.3,2.72785282839839,0-20cm
9.8,2.379546134130174,20-50cm
6.9,2.066862759472976,20-50cm
6.7,2.0412203288596382,50-100cm
6.5,2.0149030205422647,>100cm
15.8,2.8213788864092133,0-20cm
7.5,2.1400661634962708,0-20cm
5.6,1.8870696490323797,20-50cm
4.4,1.6863989535702288,50-100cm
2.2,1.1631508098056809,50-100cm
2.2,1.1631508098056809,>100cm
14.8,2.760009940032921,0-20cm
4.2,1.6486586255873816,20-50cm
4.4,1.6863989535702288,50-100cm
1.6,0.9555114450274363,50-100cm
1.1,0.7419373447293773,>100cm
14.0,2.70805020110221,0-20cm
5.2,1.824549292051046,20-50cm
2.8,1.33500106673234,20-50cm
1.2,0.7884573603642702,50-100cm
23.1,3.1822118404966093,0-20cm
12.5,2.6026896854443837,20-50cm
7.3,2.1162555148025524,20-50cm
4.2,1.6486586255873816,50-100cm
2.8,1.33500106673234,>100cm
46.0,3.8501476017100584,0-20cm
8.5,2.2512917986064953,0-20cm
3.7,1.547562508716013,20-50cm
2.6,1.2809338454620642,50-100cm
12.5,2.6026896854443837,0-20cm
9.7,2.3702437414678603,20-50cm
9.7,2.3702437414678603,50-100cm
7.6,2.151762203259462,50-100cm
17.3,2.9069010598473755,0-20cm
16.1,2.8390784635086144,0-20cm
6.0,1.9459101490553132,20-50cm
0.6,0.4700036292457355,50-100cm
32.2,3.502549875922443,0-20cm
9.7,2.3702437414678603,0-20cm
3.3,1.4586150226995167,20-50cm
14.1,2.714694743820879,0-20cm
11.1,2.4932054526026954,20-50cm
27.3,3.342861804649192,20-50cm
3.3,1.4586150226995167,20-50cm
43.1,3.7864597824528,0-20cm
5.3,1.840549633397487,0-20cm
3.2,1.4350845252893227,20-50cm
1.5,0.9162907318741551,20-50cm
4.0,1.6094379124341003,0-20cm
1.2,0.7884573603642702,20-50cm
11.0,2.4849066497880004,0-20cm
9.6,2.3608540011180215,0-20cm
11.6,2.533696813957432,50-100cm
3.2,1.4350845252893227,50-100cm
1.4,0.8754687373538999,50-100cm
42.7,3.7773481021015445,0-20cm
12.1,2.5726122302071057,0-20cm
4.0,1.6094379124341003,20-50cm
72.7,4.300002799195291,0-20cm
18.6,2.975529566236472,0-20cm
6.7,2.0412203288596382,20-50cm
4.8,1.7578579175523736,50-100cm
2.7,1.308332819650179,50-100cm
119.8,4.794136285500715,0-20cm
20.4,3.0633909220278057,0-20cm
5.3,1.840549633397487,20-50cm
5.1,1.8082887711792655,50-100cm
22.6,3.1612467120315646,0-20cm
15.5,2.803360380906535,0-20cm
5.7,1.9021075263969205,20-50cm
4.5,1.7047480922384253,50-100cm
4.1,1.62924053973028,50-100cm
66.8,4.216562194946349,0-20cm
39.4,3.698829784967104,50-100cm
15.2,2.785011242238338,50-100cm
60.0,4.110873864173311,0-20cm
34.3,3.563882963939251,0-20cm
16.6,2.8678989020441064,20-50cm
32.1,3.4995332823830174,0-20cm
17.5,2.917770732084279,0-20cm
9.7,2.3702437414678603,20-50cm
25.4,3.2733640101522705,0-20cm
17.7,2.928523523860541,20-50cm
12.9,2.631888840136646,50-100cm
22.8,3.169685580677429,0-20cm
11.7,2.5416019934645457,0-20cm
5.9,1.9315214116032138,20-50cm
26.8,3.3250360206965914,0-20cm
7.5,2.1400661634962708,20-50cm
5.7,1.9021075263969205,20-50cm
45.2,3.832979798087693,0-20cm
5.8,1.916922612182061,0-20cm
3.9,1.589235205116581,20-50cm
3.0,1.3862943611198906,50-100cm
34.3,3.563882963939251,0-20cm
5.4,1.8562979903656263,0-20cm
3.7,1.547562508716013,20-50cm
1.9,1.0647107369924282,50-100cm
26.8,3.3250360206965914,0-20cm
6.2,1.9740810260220096,0-20cm
5.1,1.8082887711792655,20-50cm
4.6,1.7227665977411035,20-50cm
19.8,3.0349529867072724,0-20cm
13.1,2.6461747973841225,0-20cm
9.7,2.3702437414678603,20-50cm
4.8,1.7578579175523736,50-100cm
26.0,3.295836866004329,0-20cm
5.1,1.8082887711792655,0-20cm
16.8,2.8791984572980396,20-50cm
6.3,1.9878743481543455,20-50cm
36.6,3.6270040503958487,0-20cm
8.1,2.2082744135228043,20-50cm
4.7,1.7404661748405046,50-100cm
5.9,1.9315214116032138,50-100cm
4.2,1.6486586255873816,>100cm
70.2,4.26549281841793,0-20cm
28.2,3.374168709274236,0-20cm
22.3,3.1484533605716547,0-20cm
5.1,1.8082887711792655,0-20cm
45.7,3.8437441646748516,0-20cm
104.3,4.6568134191399295,0-20cm
86.8,4.475061500641071,20-50cm
56.8,4.056988775678332,50-100cm
5.1,1.8082887711792655,>100cm
26.2,3.3032169733019514,0-20cm
6.1,1.9600947840472698,0-20cm
2.5,1.252762968495368,20-50cm
2.4,1.2237754316221157,50-100cm
1.4,0.8754687373538999,50-100cm
1.5,0.9162907318741551,50-100cm
66.2,4.207673247529104,0-20cm
16.5,2.8622008809294686,0-20cm
9.4,2.341805806147327,20-50cm
45.8,3.845883202923601,0-20cm
31.3,3.475067230228611,0-20cm
6.0,1.9459101490553132,20-50cm
11.4,2.517696472610991,50-100cm
7.6,2.151762203259462,>100cm
34.6,3.572345637857985,0-20cm
38.1,3.66612246699132,0-20cm
57.1,4.062165663857866,20-50cm
26.1,3.299533727885655,20-50cm
5.3,1.840549633397487,50-100cm
16.2,2.8449093838194073,0-20cm
13.1,2.6461747973841225,0-20cm
13.5,2.6741486494265287,20-50cm
7.7,2.1633230256605382,50-100cm
7.6,2.151762203259462,50-100cm
4.2,1.6486586255873816,0-20cm
4.0,1.6094379124341003,0-20cm
3.7,1.547562508716013,20-50cm
14.4,2.7343675094195836,0-20cm
9.4,2.341805806147327,0-20cm
7.3,2.1162555148025524,20-50cm
17.5,2.917770732084279,0-20cm
1.3,0.832909122935104,20-50cm
3.5,1.5040773967762742,50-100cm
124.0,4.8283137373023015,0-20cm
7.3,2.1162555148025524,0-20cm
2.2,1.1631508098056809,0-20cm
43.3,3.7909846770510898,0-20cm
26.4,3.3105430133940246,0-20cm
11.2,2.501435951739211,0-20cm
13.0,2.6390573296152584,20-50cm
8.874709977,2.2899769409381743,0-20cm
22.91183295,3.1743734389251164,20-50cm
14.09512761,2.7143720169157155,50-100cm
12.29698376,2.587537224545704,50-100cm
9.918793503,2.3904854791395738,50-100cm
16.53132251,2.863989138757197,0-20cm
16.12529002,2.840556319479338,0-20cm
13.97911833,2.7066571198816627,20-50cm
8.526682135,2.254096507520187,50-100cm
9.744779582,2.3744200163428864,50-100cm
17.86542923,2.937331105874106,0-20cm
20.82366589,3.0829949722513414,20-50cm
11.07888631,2.4914589953758495,20-50cm
5.568445476,1.882277195063256,50-100cm
5.626450116,1.8910692333543266,>100cm
9.106728538,2.313201393921096,0-20cm
13.34106729,2.66312725987748,0-20cm
13.34106729,2.66312725987748,20-50cm
5.046403712,1.7994636675319253,20-50cm
4.176334107,1.6440971043812276,50-100cm
14.21113689,2.7220278496974344,0-20cm
15.71925754,2.8165612011682097,0-20cm
3.422273782,1.4866539941324353,50-100cm
2.784222738,1.3308405125650895,>100cm
8.468677494,2.2479892452809844,0-20cm
8.642691415,2.266200262082887,0-20cm
12.87703016,2.6302349667669254,20-50cm
5.684454756,1.899784644923856,50-100cm
3.886310905,1.586437602616289,50-100cm
12.00696056,2.565484641863583,0-20cm
18.9675174,2.9941068232250783,0-20cm
7.656612529,2.158323483117142,20-50cm
6.090487239,1.9587540601856084,50-100cm
3.944315545,1.5982385419455967,>100cm
14.32714617,2.7296255157364815,0-20cm
12.12296984,2.5743641176565366,0-20cm
16.00928074,2.8337591209752473,20-50cm
8.294663573,2.2294404261127796,20-50cm
6.380510441,1.9988428016677164,50-100cm
13.39907193,2.6671637551994536,0-20cm
13.57308585,2.6791763925655667,0-20cm
6.032482599,1.9505397870098125,20-50cm
6.438515081,2.00667124303799,20-50cm
2.900232019,1.361036043417301,50-100cm
16.00928074,2.8337591209752473,0-20cm
22.21577726,3.144832101850459,0-20cm
17.57540603,2.9218384493151213,20-50cm
6.496519722,2.01443887577708,50-100cm
9.106728538,2.313201393921096,50-100cm
23.72389791,3.207770302602286,0-20cm
9.106728538,2.313201393921096,0-20cm
7.656612529,2.158323483117142,20-50cm
4.69837587,1.7401811991510703,50-100cm
4.930394432,1.780090725468795,50-100cm
4.872389791,1.7702616704101632,0-20cm
5.916473318,1.9339060035937803,0-20cm
3.364269142,1.4734507393046723,20-50cm
13.45707657,2.671184022708489,50-100cm
6.728538283,2.044919748081826,50-100cm
5.104408353,1.809011190990897,>100cm
4.75638051,1.7503088935114712,0-20cm
4.524361949,1.709167756391095,20-50cm
2.436194896,1.2343647242828897,20-50cm
1.740139211,1.0080087260436568,50-100cm
1.740139211,1.0080087260436568,50-100cm
62.81902552,4.156051351538912,0-20cm
7.77262181,2.171635713816278,0-20cm
5.104408353,1.809011190990897,0-20cm
1.972157773,1.0892882119202307,20-50cm
11.02088167,2.4866452766666476,0-20cm
10.44083527,2.4371889963982123,0-20cm
7.366589327,2.1242463136420437,20-50cm
7.482598608,2.138016842483422,20-50cm
4.234338747,1.6552405224951414,50-100cm
35.78886311,3.605195166491879,0-20cm
17.28538283,2.9061019882156423,0-20cm
16.35730858,2.85401366149864,20-50cm
7.656612529,2.158323483117142,20-50cm
11.25290023,2.505762662438444,50-100cm
3.886310905,1.586437602616289,50-100cm
6.380510441,1.9988428016677164,0-20cm
7.714617169,2.165001750181541,0-20cm
8.584686775,2.2601666972990686,20-50cm
11.71693735,2.5429347545501044,20-50cm
9.570765661,2.3580922344394004,0-20cm
9.512761021,2.352589854574646,0-20cm
9.454756381,2.3470570309352685,20-50cm
4.814385151,1.7603350453845883,20-50cm
5.220417633,1.8278370480661914,50-100cm
22.79582367,3.1695100892292856,0-20cm
19.66357309,3.028372395978888,0-20cm
4.060324826,1.6214306761006323,20-50cm
3.248259861,1.4465094546204627,50-100cm
13.86310905,2.6988822401512125,0-20cm
12.0649652,2.5699342353639767,20-50cm
8.468677494,2.2479892452809844,20-50cm
2.668213457,1.2997047470848513,50-100cm
5.394431555,1.8554275421041846,50-100cm
1.914153132,1.069579256838409,>100cm
2.900232019,1.361036043417301,0-20cm
5.278422274,1.8371187186617233,0-20cm
3.248259861,1.4465094546204627,20-50cm
3.07424594,1.404685684171041,50-100cm
1.218097448,0.7966498230397037,50-100cm
7.366589327,2.1242463136420437,0-20cm
7.482598608,2.138016842483422,0-20cm
6.960556845,2.0744989528115365,0-20cm
8.294663573,2.2294404261127796,20-50cm
5.510440835,1.873407170517675,50-100cm
3.19025522,1.4327616437735151,50-100cm
4.118329466,1.6328281096398902,0-20cm
9.802784223,2.3798038993317956,0-20cm
8.874709977,2.2899769409381743,20-50cm
4.350348028,1.677161610754745,20-50cm
1.798143852,1.0289562873591707,50-100cm
2.088167053,1.1275777281734074,50-100cm
44.6,3.8199077165203406,0-20cm
11.2,2.501435951739211,20-50cm
7.4,2.128231705849268,50-100cm
3.3,1.4586150226995167,>100cm
19.7,3.0301337002713233,0-20cm
11.0,2.4849066497880004,0-20cm
7.7,2.1633230256605382,20-50cm
6.4,2.0014800002101243,50-100cm
16.2,2.8449093838194073,0-20cm
13.6,2.681021528714291,20-50cm
11.4,2.517696472610991,50-100cm
7.9,2.186051276738094,50-100cm
5.0,1.791759469228055,>100cm
3.4,1.4816045409242156,>100cm
25.1,3.261935314328648,0-20cm
12.27,2.5855058483441162,20-50cm
6.35,1.9947003132247452,50-100cm
6.22,1.9768549529047348,>100cm
8.8,2.2823823856765264,0-20cm
3.6,1.5260563034950494,20-50cm
2.9,1.3609765531356006,50-100cm
1.5,0.9162907318741551,>100cm
14.7,2.7536607123542622,0-20cm
13.3,2.6602595372658615,20-50cm
4.5,1.7047480922384253,20-50cm
2.2,1.1631508098056809,50-100cm
21.5,3.1135153092103742,0-20cm
16.7,2.8735646395797834,0-20cm
9.0,2.302585092994046,20-50cm
7.2,2.1041341542702074,50-100cm
19.6,3.0252910757955354,0-20cm
14.6,2.747270914255491,0-20cm
10.7,2.4595888418037104,20-50cm
3.8,1.5686159179138452,50-100cm
49.9,3.929862923556477,0-20cm
38.1,3.66612246699132,0-20cm
30.8,3.459466289786131,20-50cm
21.3,3.104586678466073,50-100cm
20.0,3.044522437723423,50-100cm
11.8,2.5494451709255714,>100cm
8.7,2.272125885509337,0-20cm
7.6,2.151762203259462,0-20cm
6.3,1.9878743481543455,50-100cm
1.0,0.6931471805599453,>100cm
14.0,2.70805020110221,0-20cm
13.8,2.6946271807700692,0-20cm
5.5,1.8718021769015913,50-100cm
1.5,0.9162907318741551,50-100cm
0.6,0.4700036292457355,>100cm
26.8,3.3250360206965914,0-20cm
21.6,3.1179499062782403,20-50cm
8.5,2.2512917986064953,20-50cm
18.2,2.954910279033736,0-20cm
11.1,2.4932054526026954,0-20cm
1.2,0.7884573603642702,20-50cm
2.1,1.1314021114911006,50-100cm
0.5,0.4054651081081644,>100cm
0.7,0.5306282510621704,>100cm
9.6,2.3608540011180215,0-20cm
13.0,2.6390573296152584,0-20cm
19.4,3.0155349008501706,20-50cm
8.6,2.2617630984737906,0-20cm
4.9,1.7749523509116738,0-20cm
4.0,1.6094379124341003,20-50cm
3.5,1.5040773967762742,50-100cm
5.9,1.9315214116032138,50-100cm
2.0,1.0986122886681098,>100cm
23.5,3.1986731175506815,0-20cm
6.93,2.0706530356467567,20-50cm
5.26,1.8341801851120072,20-50cm
4.32,1.6714733033535532,>100cm
23.1,3.1822118404966093,0-20cm
15.7,2.8154087194227095,0-20cm
4.3,1.667706820558076,20-50cm
1.7,0.9932517730102833,50-100cm
1.9,1.0647107369924282,50-100cm
1.3,0.832909122935104,50-100cm
14.4,2.7343675094195836,0-20cm
10.6,2.451005098112319,0-20cm
6.6,2.028148247292285,20-50cm
8.1,2.2082744135228043,20-50cm
11.4,2.517696472610991,50-100cm
36.9,3.634951112088381,0-20cm
14.2,2.7212954278522306,0-20cm
2.2,1.1631508098056809,20-50cm
5.8,1.916922612182061,0-20cm
5.2,1.824549292051046,20-50cm
0.6,0.4700036292457355,50-100cm
19.7,3.0301337002713233,0-20cm
1.7,0.9932517730102833,20-50cm
0.4,0.33647223662121295,20-50cm
42.9,3.7819143200811256,0-20cm
14.7,2.7536607123542622,0-20cm
24.1,3.2228678461377385,20-50cm
6.4,2.0014800002101243,50-100cm
4.89,1.7732559976634952,0-20cm
0.95,0.6678293725756554,0-20cm
1.11,0.7466879474879752,20-50cm
1.1,0.7419373447293773,50-100cm
1.1,0.7419373447293773,50-100cm
25.6,3.2809112157876537,0-20cm
21.7,3.122364924487357,0-20cm
9.2,2.322387720290225,20-50cm
3.9,1.589235205116581,50-100cm
2.1,1.1314021114911006,>100cm
25.4,3.2733640101522705,0-20cm
26.4,3.3105430133940246,0-20cm
10.2,2.4159137783010487,20-50cm
13.0,2.6390573296152584,20-50cm
9.6,2.3608540011180215,50-100cm
13.6,2.681021528714291,>100cm
17.7,2.928523523860541,0-20cm
13.6,2.681021528714291,0-20cm
9.9,2.388762789235098,20-50cm
16.6,2.8678989020441064,50-100cm
19.3,3.0106208860477417,0-20cm
9.7,2.3702437414678603,20-50cm
8.1,2.2082744135228043,50-100cm
5.2,1.824549292051046,>100cm
20.7,3.077312260546414,20-50cm
30.6,3.4531571205928664,0-20cm
14.8,2.760009940032921,50-100cm
2.5,1.252762968495368,>100cm
17.3,2.9069010598473755,0-20cm
14.9,2.766319109226186,50-100cm
22.6,3.1612467120315646,0-20cm
16.0,2.833213344056216,20-50cm
5.5,1.8718021769015913,20-50cm
4.4,1.6863989535702288,>100cm
4.0,1.6094379124341003,>100cm
11.6,2.533696813957432,0-20cm
7.8,2.174751721484161,50-100cm
6.8,2.0541237336955462,50-100cm
8.2,2.2192034840549946,>100cm
6.9,2.066862759472976,>100cm
25.3,3.269568939183719,0-20cm
18.0,2.9444389791664403,20-50cm
15.9,2.827313621929028,50-100cm
12.3,2.5877640352277083,>100cm
17.0,2.8903717578961645,>100cm
31.9,3.493472657771326,0-20cm
19.8,3.0349529867072724,20-50cm
14.6,2.747270914255491,50-100cm
12.2,2.580216829592325,50-100cm
8.3,2.2300144001592104,>100cm
19.4,3.0155349008501706,0-20cm
10.8,2.468099531471619,20-50cm
7.6,2.151762203259462,50-100cm
4.2,1.6486586255873816,>100cm
11.5,2.5257286443082556,0-20cm
6.9,2.066862759472976,50-100cm
5.0,1.791759469228055,50-100cm
3.6,1.5260563034950494,>100cm
6.5,2.0149030205422647,0-20cm
3.7,1.547562508716013,50-100cm
1.1,0.7419373447293773,>100cm
1.2,0.7884573603642702,>100cm
16.1,2.8390784635086144,0-20cm
12.2,2.580216829592325,20-50cm
4.0,1.6094379124341003,50-100cm
3.4,1.4816045409242156,>100cm
21.6,3.1179499062782403,0-20cm
9.2,2.322387720290225,0-20cm
4.1,1.62924053973028,50-100cm
3.9,1.589235205116581,50-100cm
4.9,1.7749523509116738,>100cm
13.9,2.7013612129514133,0-20cm
9.3,2.33214389523559,20-50cm
5.4,1.8562979903656263,50-100cm
2.7,1.308332819650179,>100cm
19.2,3.005682604407159,0-20cm
14.4,2.7343675094195836,20-50cm
9.0,2.302585092994046,20-50cm
5.1,1.8082887711792655,50-100cm
2.0,1.0986122886681098,50-100cm
0.9,0.6418538861723948,>100cm
16.5,2.8622008809294686,0-20cm
7.1,2.0918640616783932,0-20cm
3.8,1.5686159179138452,20-50cm
2.4,1.2237754316221157,>100cm
2.2,1.1631508098056809,>100cm
22.5,3.1570004211501135,0-20cm
12.6,2.6100697927420065,20-50cm
10.4,2.4336133554004498,20-50cm
9.7,2.3702437414678603,50-100cm
14.0,2.70805020110221,>100cm
10.7,2.4595888418037104,>100cm
12.3,2.5877640352277083,0-20cm
8.4,2.2407096892759584,0-20cm
6.9,2.066862759472976,20-50cm
3.9,1.589235205116581,50-100cm
2.9,1.3609765531356006,50-100cm
2.1,1.1314021114911006,>100cm
21.1,3.095577608523707,0-20cm
9.7,2.3702437414678603,20-50cm
8.2,2.2192034840549946,20-50cm
8.7,2.272125885509337,>100cm
7.9,2.186051276738094,>100cm
24.9,3.254242968705492,0-20cm
10.8,2.468099531471619,20-50cm
5.4,1.8562979903656263,50-100cm
3.6,1.5260563034950494,50-100cm
43.9,3.8044377947482086,0-20cm
24.5,3.2386784521643803,20-50cm
18.5,2.970414465569701,50-100cm
11.9,2.5572273113676265,>100cm
7.0,2.0794415416798357,>100cm
31.2,3.4719664525503626,0-20cm
24.6,3.242592351485517,20-50cm
12.8,2.624668592163159,50-100cm
10.8,2.468099531471619,>100cm
40.0,3.713572066704308,0-20cm
25.9,3.292126286607793,20-50cm
17.9,2.9391619220655967,20-50cm
11.6,2.533696813957432,>100cm
5.2,1.824549292051046,>100cm
40.7,3.730501128804756,0-20cm
17.8,2.9338568698359038,20-50cm
10.2,2.4159137783010487,50-100cm
5.5,1.8718021769015913,>100cm
1.8,1.0296194171811583,>100cm
30.0,3.4339872044851463,0-20cm
21.4,3.109060958860994,20-50cm
14.5,2.740840023925201,50-100cm
14.6,2.747270914255491,>100cm
16.3,2.8507065015037334,0-20cm
20.1,3.0492730404820207,0-20cm
15.0,2.772588722239781,50-100cm
8.8,2.2823823856765264,50-100cm
8.1,2.2082744135228043,>100cm
33.3,3.535145354171894,0-20cm
17.1,2.89591193827178,0-20cm
17.3,2.9069010598473755,20-50cm
9.4,2.341805806147327,50-100cm
7.4,2.128231705849268,>100cm
24.4,3.2347491740244907,0-20cm
16.7,2.8735646395797834,50-100cm
7.9,2.186051276738094,50-100cm
6.6,2.028148247292285,>100cm
6.6,2.028148247292285,0-20cm
6.9,2.066862759472976,20-50cm
7.1,2.0918640616783932,20-50cm
4.5,1.7047480922384253,50-100cm
2.4,1.2237754316221157,>100cm
30.8,3.459466289786131,0-20cm
35.8,3.6054978451748854,20-50cm
28.3,3.3775875160230218,50-100cm
21.1,3.095577608523707,>100cm
26.3,3.3068867021909143,>100cm
13.3,2.6602595372658615,0-20cm
12.2,2.580216829592325,20-50cm
20.0,3.044522437723423,50-100cm
17.0,2.8903717578961645,>100cm
4.2,1.6486586255873816,>100cm
24.3,3.2308043957334744,0-20cm
17.9,2.9391619220655967,20-50cm
10.0,2.3978952727983707,50-100cm
4.4,1.6863989535702288,50-100cm
2.7,1.308332819650179,>100cm
18.4,2.9652730660692823,0-20cm
10.0,2.3978952727983707,20-50cm
8.4,2.2407096892759584,50-100cm
4.1,1.62924053973028,>100cm
3.8,1.5686159179138452,>100cm
30.6,3.4531571205928664,0-20cm
21.6,3.1179499062782403,20-50cm
18.9,2.990719731730447,50-100cm
15.5,2.803360380906535,>100cm
27.1,3.3357695763397,0-20cm
8.1,2.2082744135228043,50-100cm
8.1,2.2082744135228043,>100cm
9.1,2.312535423847214,>100cm
46.2,3.8543938925915096,0-20cm
20.1,3.0492730404820207,20-50cm
24.0,3.2188758248682006,50-100cm
7.7,2.1633230256605382,>100cm
20.8,3.0819099697950434,>100cm
28.0,3.367295829986474,0-20cm
14.0,2.70805020110221,20-50cm
7.7,2.1633230256605382,20-50cm
7.1,2.0918640616783932,50-100cm
24.2,3.2268439945173775,0-20cm
16.9,2.884800712846709,50-100cm
14.5,2.740840023925201,50-100cm
9.3,2.33214389523559,>100cm
7.3,2.1162555148025524,>100cm
24.1,3.2228678461377385,0-20cm
25.1,3.261935314328648,20-50cm
4.4,1.6863989535702288,20-50cm
3.7,1.547562508716013,>100cm
5.3,1.840549633397487,>100cm
15.7,2.8154087194227095,0-20cm
4.0,1.6094379124341003,20-50cm
2.5,1.252762968495368,20-50cm
1.5,0.9162907318741551,50-100cm
1.7,0.9932517730102833,>100cm
19.0,2.995732273553991,0-20cm
10.2,2.4159137783010487,20-50cm
4.7,1.7404661748405046,20-50cm
10.3,2.424802725718295,0-20cm
6.1,1.9600947840472698,0-20cm
2.7,1.308332819650179,20-50cm
2.4,1.2237754316221157,50-100cm
1.8,1.0296194171811583,>100cm
9.1,2.312535423847214,0-20cm
4.4,1.6863989535702288,0-20cm
0.7,0.5306282510621704,20-50cm
0.3,0.26236426446749106,50-100cm
21.4,3.109060958860994,0-20cm
4.5,1.7047480922384253,20-50cm
2.2,1.1631508098056809,50-100cm
1.6,0.9555114450274363,50-100cm
42.5,3.7727609380946383,0-20cm
9.7,2.3702437414678603,0-20cm
10.2,2.4159137783010487,20-50cm
7.8,2.174751721484161,50-100cm
6.4,2.0014800002101243,50-100cm
17.4,2.91235066461494,0-20cm
4.1,1.62924053973028,20-50cm
1.8,1.0296194171811583,50-100cm
1.5,0.9162907318741551,50-100cm
1.3,0.832909122935104,>100cm
16.1,2.8390784635086144,0-20cm
6.0,1.9459101490553132,20-50cm
2.8,1.33500106673234,20-50cm
2.5,1.252762968495368,50-100cm
2.4,1.2237754316221157,50-100cm
6.6,2.028148247292285,0-20cm
6.8,2.0541237336955462,0-20cm
2.4,1.2237754316221157,20-50cm
0.8,0.5877866649021191,20-50cm
18.0,2.9444389791664403,0-20cm
7.5,2.1400661634962708,0-20cm
1.6,0.9555114450274363,20-50cm
0.4,0.33647223662121295,50-100cm
12.0,2.5649493574615367,0-20cm
5.4,1.8562979903656263,20-50cm
2.3,1.1939224684724346,20-50cm
1.3,0.832909122935104,50-100cm
1.1,0.7419373447293773,>100cm
2.0,1.0986122886681098,>100cm
32.1,3.4995332823830174,0-20cm
5.0,1.791759469228055,20-50cm
3.0,1.3862943611198906,20-50cm
1.9,1.0647107369924282,50-100cm
1.8,1.0296194171811583,>100cm
1.6,0.9555114450274363,>100cm
19.5,3.0204248861443626,0-20cm
5.0,1.791759469228055,20-50cm
2.1,1.1314021114911006,20-50cm
1.0,0.6931471805599453,50-100cm
0.1,0.09531017980432487,50-100cm
0.2,0.18232155679395465,>100cm
14.0,2.70805020110221,0-20cm
5.8,1.916922612182061,20-50cm
6.3,1.9878743481543455,20-50cm
2.4,1.2237754316221157,50-100cm
22.6,3.1612467120315646,0-20cm
4.4,1.6863989535702288,0-20cm
0.5,0.4054651081081644,20-50cm
53.5,3.9982007016691985,0-20cm
23.6,3.202746442938317,20-50cm
64.7,4.185098925490565,0-20cm
24.9,3.254242968705492,20-50cm
22.2,3.1441522786722644,0-20cm
4.9,1.7749523509116738,20-50cm
2.3,1.1939224684724346,50-100cm
1.4,0.8754687373538999,>100cm
15.9,2.827313621929028,0-20cm
10.5,2.4423470353692043,20-50cm
8.2,2.2192034840549946,50-100cm
37.5,3.6506582412937387,0-20cm
4.5,1.7047480922384253,0-20cm
1.2,0.7884573603642702,50-100cm
17.6,2.9231615807191558,0-20cm
35.0,3.58351893845611,20-50cm
46.9,3.8691155044168695,50-100cm
29.4,3.414442608412176,50-100cm
22.2,3.1441522786722644,>100cm
31.6,3.484312288372662,0-20cm
16.8,2.8791984572980396,20-50cm
9.0,2.302585092994046,50-100cm
3.9,1.589235205116581,>100cm
22.9,3.173878458937465,0-20cm
10.3,2.424802725718295,20-50cm
7.1,2.0918640616783932,50-100cm
4.0,1.6094379124341003,>100cm
25.9,3.292126286607793,0-20cm
13.7,2.6878474937846906,20-50cm
11.4,2.517696472610991,50-100cm
10.4,2.4336133554004498,50-100cm
12.2,2.580216829592325,0-20cm
10.7,2.4595888418037104,0-20cm
7.7,2.1633230256605382,20-50cm
3.7,1.547562508716013,50-100cm
45.4,3.8372994592322094,0-20cm
15.3,2.791165107812717,20-50cm
7.8,2.174751721484161,50-100cm
23.0,3.1780538303479458,0-20cm
19.0,2.995732273553991,20-50cm
15.0,2.772588722239781,50-100cm
49.3,3.9180050771056933,0-20cm
32.2,3.502549875922443,0-20cm
21.9,3.131136910560194,20-50cm
10.0,2.3978952727983707,0-20cm
6.7,2.0412203288596382,0-20cm
35.4,3.594568774642695,0-20cm
8.5,2.2512917986064953,20-50cm
2.8,1.33500106673234,50-100cm
25.6,3.2809112157876537,0-20cm
4.7,1.7404661748405046,20-50cm
3.4,1.4816045409242156,50-100cm
4.4,1.6863989535702288,>100cm
25.6,3.2809112157876537,0-20cm
4.4,1.6863989535702288,20-50cm
2.3,1.1939224684724346,50-100cm
1.1,0.7419373447293773,50-100cm
19.3,3.0106208860477417,0-20cm
7.9,2.186051276738094,20-50cm
3.1,1.410986973710262,20-50cm
116.0,4.762173934797756,50-100cm
34.85,3.5793435670456293,>100cm
1.93,1.0750024230289759,>100cm
20.1,3.0492730404820207,0-20cm
11.3,2.509599262378372,20-50cm
9.0,2.302585092994046,50-100cm
6.2,1.9740810260220096,50-100cm
4.8,1.7578579175523736,>100cm
36.1,3.6136169696133895,0-20cm
13.3,2.6602595372658615,20-50cm
13.2,2.653241964607215,50-100cm
12.3,2.5877640352277083,50-100cm
11.7,2.5416019934645457,>100cm
38.6,3.6788291182604347,0-20cm
16.1,2.8390784635086144,20-50cm
15.4,2.797281334830153,20-50cm
14.2,2.7212954278522306,50-100cm
1.9,1.0647107369924282,>100cm
39.5,3.7013019741124933,0-20cm
15.2,2.785011242238338,20-50cm
5.6,1.8870696490323797,20-50cm
3.6,1.5260563034950494,50-100cm
3.6,1.5260563034950494,>100cm
21.1,3.095577608523707,0-20cm
8.9,2.2925347571405443,20-50cm
4.6,1.7227665977411035,50-100cm
3.3,1.4586150226995167,>100cm
22.2,3.1441522786722644,0-20cm
11.4,2.517696472610991,20-50cm
9.5,2.3513752571634776,50-100cm
9.6,2.3608540011180215,>100cm
29.1,3.40452517175483,0-20cm
9.6,2.3608540011180215,20-50cm
10.7,2.4595888418037104,20-50cm
4.6,1.7227665977411035,50-100cm
3.9,1.589235205116581,>100cm
18.0,2.9444389791664403,0-20cm
5.1,1.8082887711792655,20-50cm
2.2,1.1631508098056809,50-100cm
3.2,1.4350845252893227,50-100cm
28.2,3.374168709274236,0-20cm
18.2,2.954910279033736,20-50cm
14.7,2.7536607123542622,50-100cm
12.7,2.617395832834079,50-100cm
23.5,3.1986731175506815,0-20cm
17.2,2.9014215940827497,0-20cm
7.2,2.1041341542702074,20-50cm
42.8,3.7796338173824005,0-20cm
50.3,3.937690752176724,20-50cm
18.4,2.9652730660692823,20-50cm
8.2,2.2192034840549946,50-100cm
30.0,3.4339872044851463,0-20cm
4.9,1.7749523509116738,20-50cm
3.2,1.4350845252893227,50-100cm
5.2,1.824549292051046,>100cm
8.9,2.2925347571405443,>100cm
21.3,3.104586678466073,0-20cm
7.8,2.174751721484161,20-50cm
6.0,1.9459101490553132,20-50cm
6.5,2.0149030205422647,50-100cm
3.7,1.547562508716013,>100cm
66.6,4.213607983048918,0-20cm
4.3,1.667706820558076,0-20cm
2.9,1.3609765531356006,50-100cm
2.5,1.252762968495368,50-100cm
10.8,2.468099531471619,0-20cm
10.9,2.4765384001174837,0-20cm
3.6,1.5260563034950494,20-50cm
2.6,1.2809338454620642,50-100cm
2.7,1.308332819650179,>100cm
26.5,3.3141860046725258,0-20cm
7.5,2.1400661634962708,20-50cm
6.5,2.0149030205422647,50-100cm
6.0,1.9459101490553132,50-100cm
5.4,1.8562979903656263,>100cm
27.0,3.332204510175204,0-20cm
7.1,2.0918640616783932,20-50cm
5.2,1.824549292051046,50-100cm
3.9,1.589235205116581,>100cm
86.0,4.465908118654584,0-20cm
16.5,2.8622008809294686,20-50cm
4.6,1.7227665977411035,50-100cm
1.9,1.0647107369924282,>100cm
34.8,3.5779478934066544,0-20cm
7.5,2.1400661634962708,20-50cm
3.4,1.4816045409242156,20-50cm
2.3,1.1939224684724346,50-100cm
1.8,1.0296194171811583,>100cm
49.1,3.914021008090819,0-20cm
14.7,2.7536607123542622,20-50cm
6.2,1.9740810260220096,20-50cm
2.7,1.308332819650179,50-100cm
39.8,3.708682081410116,0-20cm
14.9,2.766319109226186,0-20cm
7.6,2.151762203259462,20-50cm
1.1,0.7419373447293773,20-50cm
41.8,3.756538102587751,0-20cm
14.9,2.766319109226186,20-50cm
8.6,2.2617630984737906,20-50cm
1.2,0.7884573603642702,50-100cm
44.0,3.8066624897703196,0-20cm
12.5,2.6026896854443837,20-50cm
10.8,2.468099531471619,0-20cm
3.7,1.547562508716013,20-50cm
2.0,1.0986122886681098,50-100cm
0.6,0.4700036292457355,50-100cm
29.9,3.4307561839036995,0-20cm
5.3,1.840549633397487,0-20cm
1.6,0.9555114450274363,20-50cm
33.4,3.5380565643793527,0-20cm
8.6,2.2617630984737906,0-20cm
2.6,1.2809338454620642,50-100cm
39.5,3.7013019741124933,0-20cm
18.0,2.9444389791664403,0-20cm
6.7,2.0412203288596382,50-100cm
12.5,2.6026896854443837,0-20cm
7.0,2.0794415416798357,20-50cm
39.9,3.711130063048756,0-20cm
22.4,3.152736022363656,0-20cm
46.6,3.8628327612373745,0-20cm
5.1,1.8082887711792655,0-20cm
2.1,1.1314021114911006,20-50cm
60.0,4.110873864173311,0-20cm
25.9,3.292126286607793,0-20cm
8.8,2.2823823856765264,20-50cm
4.5,1.7047480922384253,50-100cm
5.7,1.9021075263969205,50-100cm
2.4,1.2237754316221157,>100cm
20.3,3.0587070727153796,0-20cm
4.4,1.6863989535702288,20-50cm
4.9,1.7749523509116738,50-100cm
5.3,1.840549633397487,>100cm
7.6,2.151762203259462,>100cm
27.4,3.3463891451671604,0-20cm
5.9,1.9315214116032138,0-20cm
4.0,1.6094379124341003,20-50cm
1.9,1.0647107369924282,50-100cm
1.9,1.0647107369924282,50-100cm
33.1,3.529297384289471,0-20cm
7.8,2.174751721484161,0-20cm
4.9,1.7749523509116738,20-50cm
4.3,1.667706820558076,20-50cm
2.3,1.1939224684724346,50-100cm
24.7,3.246490991901174,0-20cm
7.9,2.186051276738094,0-20cm
47.1,3.8732821771117156,20-50cm
9.1,2.312535423847214,20-50cm
9.9,2.388762789235098,20-50cm
4.3,1.667706820558076,50-100cm
102.1,4.635699391022914,0-20cm
52.5,3.979681653901961,0-20cm
21.7,3.122364924487357,20-50cm
25.8,3.288401887516811,50-100cm
5.5,1.8718021769015913,50-100cm
136.3,4.922168312773925,0-20cm
6.1,1.9600947840472698,0-20cm
2.5,1.252762968495368,50-100cm
5.94,1.937301774518713,0-20cm
9.57,2.3580197998821464,0-20cm
10.9,2.4765384001174837,0-20cm
10.13,2.4096441652874536,0-20cm
8.63,2.2648832258100344,0-20cm
7.71,2.1644717908644115,0-20cm
7.12,2.0943301541735866,0-20cm
12.41,2.596000697293587,0-20cm
10.86,2.4731713935695794,0-20cm
14.77,2.758109400974947,0-20cm
19.65,3.027715319407042,0-20cm
15.66,2.8130106367386967,0-20cm
20.93,3.0878555624297968,0-20cm
27.74,3.358289880650879,0-20cm
23.87,3.2136622578153133,0-20cm
13.16,2.6504210882655737,0-20cm
6.1,1.9600947840472698,0-20cm
7.09,2.0906287310704004,0-20cm
6.75,2.0476928433652555,0-20cm
6.34,1.9933388426264242,0-20cm
6.56,2.0228711901914416,0-20cm
6.01,1.9473377010464987,0-20cm
6.02,1.9487632180377197,0-20cm
8.54,2.255493485460195,0-20cm
7.3,2.1162555148025524,0-20cm
7.89,2.1849270495258133,0-20cm
6.1,1.9600947840472698,0-20cm
6.09,1.958685340544036,0-20cm
7.32,2.1186622548331173,0-20cm
6.03,1.9501867058225735,0-20cm
5.94,1.937301774518713,0-20cm
6.09,1.958685340544036,0-20cm
8.24,2.2235418856535927,0-20cm
1.97,1.0885619528146082,0-20cm
0.54,0.43178241642553783,0-20cm
0.35,0.30010459245033805,20-50cm
2.21,1.1662709371419244,20-50cm
2.61,1.2837077723447896,0-20cm
3.22,1.4398351280479205,0-20cm
1.37,0.8628899551470398,0-20cm
0.68,0.5187937934151676,20-50cm
0.78,0.5766133643039938,0-20cm
9.82,2.3813962734183356,0-20cm
175.5,5.173320876373351,0-20cm
58.6,4.087655574071304,0-20cm
24.4,3.2347491740244907,0-20cm
191.7,5.2611345754203205,0-20cm
42.1,3.763522997109702,0-20cm
67.2,4.222444564849416,0-20cm
26.79,3.3246762437544124,0-20cm
24.84,3.2519236789144013,0-20cm
21.49,3.1130707659712242,0-20cm
37.93,3.6617651616223643,0-20cm
22.61,3.1616703510974213,0-20cm
20.2,3.054001181677967,0-20cm
26.7,3.3214324131932926,0-20cm
34.85,3.5793435670456293,0-20cm
17.46,2.9156062290747062,0-20cm
2.02,1.1052568313867783,20-50cm
4.2,1.6486586255873816,0-20cm
4.56,1.715598108262491,20-50cm
7.52,2.1424163408412245,0-20cm
3.3,1.4586150226995167,20-50cm
5.04,1.7984040119467235,0-20cm
5.74,1.9080599249242156,20-50cm
8.7,2.272125885509337,0-20cm
4.98,1.7884205679625405,20-50cm
8.43,2.2438960966453663,0-20cm
4.36,1.6789639750827108,20-50cm
6.81,2.0554049638515948,0-20cm
3.84,1.5769147207285403,20-50cm
5.82,1.9198594718553708,0-20cm
4.41,1.6882490928583902,20-50cm
6.09,1.958685340544036,0-20cm
8.35,2.2353763433005955,0-20cm
7.22,2.1065702090680887,20-50cm
6.46,2.0095554142156695,20-50cm
6.61,2.0294631718735947,50-100cm
6.39,2.0001277349601105,50-100cm
5.67,1.8976198599275322,20-50cm
7.22,2.1065702090680887,0-20cm
6.31,1.9892432737616872,0-20cm
10.64,2.454447442303292,0-20cm
6.24,1.979621206397625,20-50cm
5.82,1.9198594718553708,50-100cm
9.21,2.3233676321765744,50-100cm
6.75,2.0476928433652555,50-100cm
6.38,1.998773638612381,50-100cm
7.11,2.093097868127322,20-50cm
8.06,2.203869120054888,20-50cm
10.32,2.4265710727750367,0-20cm
11.71,2.542389085201363,0-20cm
6.34,1.9933388426264242,50-100cm
9.36,2.337952236831337,20-50cm
6.78,2.0515563381903004,20-50cm
7.22,2.1065702090680887,50-100cm
13.97,2.706048198431537,0-20cm
11.72,2.543175557911976,0-20cm
6.41,2.0028304393079956,20-50cm
5.97,1.9416152247724325,0-20cm
6.5,2.0149030205422647,20-50cm
6.52,2.017566137961748,50-100cm
9.29,2.331172549845958,0-20cm
6.52,2.017566137961748,50-100cm
9.0,2.302585092994046,0-20cm
6.93,2.0706530356467567,20-50cm
6.74,2.046401687601636,20-50cm
6.59,2.0268315914075385,50-100cm
6.44,2.0068708488450007,50-100cm
7.04,2.084429083190875,0-20cm
73.97,4.31708803351497,0-20cm
65.05,4.190412030968334,0-20cm
66.19,4.207524426932059,0-20cm
82.59,4.4259238957110645,0-20cm
70.2,4.26549281841793,0-20cm
66.58,4.213312081286144,0-20cm
76.02,4.344065128386763,0-20cm
72.2,4.293195420967266,0-20cm
98.85,4.603669059861824,0-20cm
65.76,4.2011040987936346,0-20cm
66.44,4.2112383136936,0-20cm
19.64,3.027230940613362,0-20cm
12.68,2.615934912194404,0-20cm
14.78,2.7587433154177283,0-20cm
16.1,2.8390784635086144,0-20cm
18.42,2.966303462863179,0-20cm
23.92,3.2156706939192525,0-20cm
19.7,3.0301337002713233,0-20cm
16.18,2.8437459165561094,0-20cm
15.68,2.8142103969306005,0-20cm
27.92,3.3645333972905638,0-20cm
19.72,3.031099417391282,0-20cm
12.18,2.578700529074361,0-20cm
39.16,3.6928714753834737,0-20cm
24.2,3.2268439945173775,0-20cm
21.5,3.1135153092103742,0-20cm
15.28,2.789937360574394,0-20cm
12.98,2.637627736805664,0-20cm
16.56,2.8656235882069705,0-20cm
18.12,2.9507349076232554,0-20cm
22.3,3.1484533605716547,0-20cm
9.338,2.3358264267738473,0-20cm
6.2118,1.9757185733980305,0-20cm
4.5182,1.70805172015457,0-20cm
3.3466,1.4693939302894647,0-20cm
19.7896,3.03445286166559,0-20cm
5.2258,1.8287019481497722,0-20cm
8.526,2.2540249023786685,0-20cm
26.2624,3.3055084634788376,0-20cm
37.3636,3.6471090933698935,0-20cm
6.67,2.0373166153791646,0-20cm
17.1796,2.9003000863070607,0-20cm
7.6966,2.162932144678819,0-20cm
1.218,0.7966058889281753,0-20cm
9.5236,2.3536203540938705,0-20cm
2.2446,1.1769920759941614,0-20cm
10.0572,2.403081799485671,0-20cm
13.1544,2.650025529816656,0-20cm
5.713,1.9040459449566145,0-20cm
2.1924,1.1607729850197168,0-20cm
6.5714,2.024377990904783,0-20cm
1.247,0.8095959932031922,0-20cm
3.1784,1.429928398139952,0-20cm
2.1344,1.1424377682081392,0-20cm
9.773,2.3770430039120556,0-20cm
9.6686,2.3673048477078202,0-20cm
11.02,2.4865719291070616,0-20cm
1.6124,0.960269339046365,0-20cm
13.0442,2.6422094991617766,0-20cm
6.844,2.0597489083341,0-20cm
11.5072,2.526304478483929,0-20cm
3.306,1.4600093989421714,0-20cm
8.2244,2.2218521471609494,0-20cm
5.9798,1.9430202630686386,0-20cm
2.4244,1.2309262738861935,0-20cm
6.4264,2.005041219103586,0-20cm
7.569,2.1481510396869816,0-20cm
3.9,1.589235205116581,20-50cm
4.1,1.62924053973028,20-50cm
23.4,3.1945831322991562,0-20cm
23.9,3.214867803470662,0-20cm
10.0,2.3978952727983707,20-50cm
8.0,2.1972245773362196,20-50cm
8.7,2.272125885509337,20-50cm
17.3,2.9069010598473755,0-20cm
9.2,2.322387720290225,20-50cm
8.6,2.2617630984737906,20-50cm
12.7,2.617395832834079,20-50cm
31.7,3.4873750779032076,0-20cm
7.4,2.128231705849268,20-50cm
13.7,2.6878474937846906,20-50cm
52.6,3.9815490680767565,0-20cm
8.8,2.2823823856765264,20-50cm
7.7,2.1633230256605382,20-50cm
18.7,2.9806186357439426,0-20cm
25.3,3.269568939183719,20-50cm
30.3,3.4436180975461075,20-50cm
46.1,3.8522730010223722,0-20cm
16.9,2.884800712846709,20-50cm
27.1,3.3357695763397,20-50cm
60.0,4.110873864173311,0-20cm
11.9,2.5572273113676265,20-50cm
24.5,3.2386784521643803,0-20cm
13.4,2.667228206581955,20-50cm
12.0,2.5649493574615367,20-50cm
19.4,3.0155349008501706,20-50cm
39.1,3.6913763343125234,0-20cm
35.2,3.5890591188317256,0-20cm
27.5,3.349904087274605,20-50cm
21.7,3.122364924487357,20-50cm
11.9,2.5572273113676265,20-50cm
9.2,2.322387720290225,20-50cm
20.4,3.0633909220278057,0-20cm
30.4,3.4468078929142076,0-20cm
9.5,2.3513752571634776,20-50cm
14.2,2.7212954278522306,20-50cm
8.8,2.2823823856765264,20-50cm
12.8,2.624668592163159,20-50cm
24.4,3.2347491740244907,0-20cm
3.01,1.3887912413184778,0-20cm
9.63,2.363680192353857,0-20cm
4.62,1.7263316639055997,0-20cm
4.73,1.7457155307266483,0-20cm
4.9474,1.7829541492663168,0-20cm
11.136,2.4961762420462312,0-20cm
12.122,2.574290210922686,0-20cm
2.6332,1.2901138026459213,0-20cm
7.134,2.096052807485033,0-20cm
8.062,2.2040898462449463,0-20cm
6.496,2.014369544936121,0-20cm
17.342,2.9091935121367523,0-20cm
7.946,2.191206505010656,0-20cm
7.888,2.184702052337329,0-20cm
8.758,2.2780874613936453,0-20cm
10.324,2.426924367249653,0-20cm
7.888,2.184702052337329,0-20cm
4.0368,1.6167709598008924,0-20cm
4.002,1.6098378324554272,0-20cm
5.4636,1.8661864381159556,0-20cm
5.7304,1.9066345772544668,0-20cm
5.6434,1.8936238806291723,0-20cm
10.556,2.447204782603989,0-20cm
10.15,2.411439497906128,0-20cm
10.324,2.426924367249653,0-20cm
10.44,2.437115985951652,0-20cm
5.858,1.9254158540407285,0-20cm
5.858,1.9254158540407285,0-20cm
9.57,2.3580197998821464,0-20cm
5.3186,1.8434976646324694,0-20cm
7.482,2.137946271052399,0-20cm
4.0542,1.6202195807987771,0-20cm
9.744,2.3743474592209366,0-20cm
11.252,2.505689188970529,0-20cm
7.946,2.191206505010656,0-20cm
6.38,1.998773638612381,0-20cm
9.86,2.3850863145057892,0-20cm
6.728,2.044850096910217,0-20cm
9.6,2.3608540011180215,0-20cm
7.83,2.178155014615869,0-20cm
76.27610209,4.347384749838188,0-20cm
84.10672854,4.443906098728726,0-20cm
118.9095128,4.786737398335802,0-20cm
112.412993,4.731035961449818,0-20cm
100.5220418,4.620275935497027,0-20cm
171.3457077,5.149502388098066,0-20cm
136.8909513,4.926463164807298,0-20cm
64.61716937,4.1838373899064125,0-20cm
70.24361949,4.266105264121284,0-20cm
156.5545244,5.059771585023577,0-20cm
77.90023202,4.368184168531916,0-20cm
116.3573086,4.765223200715595,0-20cm
96.28770302,4.5776725990879035,0-20cm
138.5150812,4.938172704378641,0-20cm
69.72157773,4.258750727611077,0-20cm
20.0,3.044522437723423,50-100cm
23.3,3.190476350346503,20-50cm
45.3,3.835141961092188,0-20cm
75.4,4.335982696172475,0-20cm
35.4,3.594568774642695,20-50cm
20.0,3.044522437723423,20-50cm
45.3,3.835141961092188,0-20cm
35.4,3.594568774642695,20-50cm
23.3,3.190476350346503,20-50cm
75.4,4.335982696172475,0-20cm
65.5,4.197201947661808,0-20cm
39.0,3.6888794541139363,0-20cm
28.2,3.374168709274236,20-50cm
22.1,3.139832617527748,20-50cm
9.4,2.341805806147327,50-100cm
2.57,1.2725655957915476,0-20cm
1.01,0.6981347220709844,0-20cm
0.69,0.5247285289349821,0-20cm
1.33,0.8458682675776092,0-20cm
0.6,0.4700036292457355,0-20cm
0.95,0.6678293725756554,0-20cm
7.11,2.093097868127322,0-20cm
4.57,1.7173950539391927,0-20cm
25.0,3.258096538021482,0-20cm
16.07,2.837322536806349,0-20cm
1.15,0.7654678421395714,0-20cm
12.27,2.5855058483441162,0-20cm
2.63,1.2892326482767593,0-20cm
0.65,0.5007752879124893,0-20cm
1.18,0.7793248768009976,0-20cm
1.1,0.7419373447293773,0-20cm
0.56,0.44468582126144574,0-20cm
23.06,3.180550710546533,0-20cm
15.86,2.8249439525737094,0-20cm
23.99,3.218475744846861,0-20cm
15.37,2.7954503913830435,0-20cm
12.17,2.5779415157551897,0-20cm
9.97,2.395164274287139,0-20cm
7.0,2.0794415416798357,0-20cm
5.57,1.8825138324965192,0-20cm
3.76,1.5602476682433286,0-20cm
4.06,1.6213664832993742,0-20cm
2.19,1.1600209167967532,0-20cm
4.01,1.6114359150967734,0-20cm
4.29,1.665818245870208,0-20cm
2.15,1.1474024528375417,0-20cm
2.06,1.1184149159642893,0-20cm
2.0,1.0986122886681098,0-20cm
2.34,1.205970806988609,0-20cm
2.15,1.1474024528375417,0-20cm
1.34,0.8501509293696101,0-20cm
0.5,0.4054651081081644,0-20cm
0.6,0.4700036292457355,0-20cm
0.58,0.4574248470388754,0-20cm
0.56,0.44468582126144574,0-20cm
2.28,1.1878434223960523,0-20cm
3.33,1.4655675420143985,0-20cm
2.05,1.1151415906193203,0-20cm
5.07,1.803358605071407,0-20cm
3.4,1.4816045409242156,0-20cm
2.91,1.3635373739972745,0-20cm
0.61,0.4762341789963716,0-20cm
0.46,0.3784364357202451,0-20cm
1.98,1.091923300517313,0-20cm
9.38,2.3398808777377424,0-20cm
44.62,3.820346216856242,0-20cm
21.74,3.12412548832239,0-20cm
13.36,2.664446563620078,0-20cm
0.74,0.5538851132264376,0-20cm
12.51,2.6034301519721073,0-20cm
8.29,2.2289385528257473,0-20cm
6.5,2.0149030205422647,0-20cm
8.89,2.2915241456346207,0-20cm
16.52,2.8633430855082453,0-20cm
36.43,3.6224725219163374,0-20cm
35.46,3.596215769250517,0-20cm
1.27,0.8197798314933114,0-20cm
39.0,3.6888794541139363,0-20cm
65.5,4.197201947661808,0-20cm
28.2,3.374168709274236,20-50cm
22.1,3.139832617527748,20-50cm
9.4,2.341805806147327,20-50cm
12.16,2.5771819258971713,0-20cm
14.66,2.751109690562657,0-20cm
20.16,3.052112606990099,0-20cm
13.1,2.6461747973841225,0-20cm
5.06,1.801709800081223,0-20cm
19.59,3.0248055210396982,0-20cm
7.35,2.122261538862764,0-20cm
32.6,3.5145260669691587,0-20cm
50.9,3.949318790171843,0-20cm
75.8,4.341204640153626,0-20cm
29.2,3.407841924380824,0-20cm
53.8,4.00369019395397,0-20cm
69.31,4.25291403621107,0-20cm
17.25,2.9041650800285006,0-20cm
11.08,2.4915511925066687,0-20cm
6.03,1.9501867058225735,0-20cm
12.53,2.604909442182697,0-20cm
7.05,2.085672091430472,0-20cm
17.86,2.937043277205311,0-20cm
16.06,2.836736542063533,0-20cm
8.5,2.2512917986064953,0-20cm
9.17,2.3194422100604686,0-20cm
15.08,2.77757626375082,0-20cm
8.49,2.2502386126218363,0-20cm
5.45,1.864080130807681,0-20cm
12.528,2.6047616115962793,20-50cm
21.7442,3.1243101678379994,0-20cm
14.0592,2.7119891001108516,0-20cm
22.9796,3.1772034688931066,20-50cm
24.1164,3.2235210192279267,0-20cm
31.581,3.4837292963799604,0-20cm
15.5614,2.8070746864465215,0-20cm
17.1448,2.898384018284089,0-20cm
12.7774,2.6230295685380614,20-50cm
21.3846,3.108373222424496,0-20cm
20.3406,3.060611361692037,0-20cm
16.5184,2.8632517571370233,20-50cm
12.9398,2.63474805802716,20-50cm
15.1322,2.7808172746530904,0-20cm
23.2754,3.1894634918995086,0-20cm
20.3522,3.0611547788624014,20-50cm
21.837,3.128382027649455,0-20cm
26.129,3.3006032664264526,0-20cm
12.6092,2.610746034627148,0-20cm
3.7932,1.5671982468262244,0-20cm
3.3176,1.462699692322296,0-20cm
1.9952,1.0970110073011359,0-20cm
20.7756,3.0807900768939644,0-20cm
19.3488,3.0130219420909516,0-20cm
5.4114,1.8580776558212124,0-20cm
5.1156,1.8108428837043216,0-20cm
3.886,1.5863739728355488,0-20cm
16.6924,2.8731351688393523,0-20cm
12.6266,2.6120237648474656,0-20cm
10.2892,2.4238465164835366,0-20cm
10.1094,2.4077915967926544,0-20cm
9.5236,2.3536203540938705,0-20cm
10.0398,2.4015069247428245,0-20cm
7.9634,2.1931496192941897,0-20cm
5.6492,1.8944965466791672,0-20cm
13.5314,2.6763118253149973,0-20cm
9.9934,2.397295092726338,0-20cm
14.1984,2.721190159153781,0-20cm
2.8246,1.341453886646737,0-20cm
36.52,3.624874124138024,0-20cm
8.4158,2.242389129290593,0-20cm
5.887,1.9296355765625612,0-20cm
3.3118,1.4613554503417696,0-20cm
44.9326,3.8271751046170954,0-20cm
12.0582,2.5694162889283554,0-20cm
20.71,3.0777729838902004,0-20cm
12.08,2.5710843460290524,0-20cm
13.63,2.683074215032033,0-20cm
12.75,2.6210388241125804,0-20cm
6.77,2.050270164379556,0-20cm
33.52,3.541538866215227,0-20cm
17.47,2.9161477942111484,0-20cm
20.24,3.055886196373738,0-20cm
18.77,2.9841656371825254,0-20cm
23.17,3.1851121947153915,0-20cm
14.69,2.753023566744941,0-20cm
11.1,2.4932054526026954,0-20cm
19.63,3.0267463270831603,0-20cm
17.44,2.914522218128448,0-20cm
13.3,2.6602595372658615,0-20cm
16.82,2.8803214220426634,0-20cm
19.95,3.0421386463681466,0-20cm
15.05,2.775708849576025,0-20cm
13.27,2.658159431488745,0-20cm
22.29,3.1480240838962494,0-20cm
21.84,3.1285133847878095,0-20cm
18.66,2.9785861147190205,0-20cm
11.84,2.552565298261815,0-20cm
18.07,2.9481164196123277,0-20cm
22.53,3.158276202739271,0-20cm
11.15,2.4973291697865574,0-20cm
11.55,2.529720665577793,0-20cm
23.42,3.1954024686825586,0-20cm
17.41,2.9128939952449864,0-20cm
23.04,3.179719109667007,0-20cm
14.7,2.7536607123542622,0-20cm
17.9,2.9391619220655967,0-20cm
20.18,3.0530573401732606,0-20cm
5.56,1.8809906029559975,0-20cm
14.04,2.7107133185216936,0-20cm
13.3,2.6602595372658615,0-20cm
11.5,2.5257286443082556,0-20cm
23.6,3.202746442938317,0-20cm
20.62,3.073618812211062,0-20cm
9.45,2.34660197841082,0-20cm
7.76,2.1701959049483,0-20cm
8.73,2.2752138961979136,0-20cm
14.79,2.7593768282675506,0-20cm
24.63,3.24376354037598,0-20cm
9.4,2.341805806147327,0-20cm
23.58,3.201933104137889,0-20cm
19.37,3.0140632302387145,0-20cm
32.45,3.5100517865742376,0-20cm
11.1,2.4932054526026954,0-20cm
11.42,2.519308076505333,0-20cm
16.11,2.839663087904102,0-20cm
20.1,3.0492730404820207,0-20cm
15.34,2.7936160894318567,0-20cm
17.14,2.8981194446869907,0-20cm
17.49,2.9172300453990334,0-20cm
14.53,2.7427736371605955,0-20cm
22.89,3.173459961337718,0-20cm
16.61,2.8684669225081145,0-20cm
9.16,2.318458442150336,0-20cm
11.46,2.522523513359307,0-20cm
16.55,2.865053949911875,0-20cm
16.59,2.8673305587494666,0-20cm
17.11,2.896464271895322,0-20cm
11.27,2.50715725872282,0-20cm
8.31,2.231089091288976,0-20cm
18.52,2.9714395809849465,0-20cm
15.75,2.8183982582710754,0-20cm
23.74,3.208421366964342,0-20cm
8.38,2.238579763018133,0-20cm
19.51,3.0209125720842893,0-20cm
18.42,2.966303462863179,0-20cm
15.86,2.8249439525737094,0-20cm
21.79,3.126321843257593,0-20cm
24.82,3.2511493854184965,0-20cm
15.42,2.7985001040242823,0-20cm
18.85,2.9882040071331994,0-20cm
16.96,2.8881470628740535,0-20cm
14.64,2.7498317351171653,0-20cm
9.18,2.3204250111223765,0-20cm
5.45,1.864080130807681,0-20cm
12.36,2.5922651681085,0-20cm
18.16,2.9528247725427144,0-20cm
14.13,2.7166795278002644,0-20cm
20.12,3.050220458838061,0-20cm
10.93,2.4790562361098245,0-20cm
12.24,2.5832425505088623,0-20cm
21.62,3.1188344706879745,0-20cm
32.91,3.523709956137547,0-20cm
14.42,2.7356653681351832,0-20cm
20.77,3.080532875246456,0-20cm
8.9,2.2925347571405443,0-20cm
13.63,2.683074215032033,0-20cm
19.26,3.0086484988205373,0-20cm
16.81,2.87976009730157,0-20cm
21.28,3.1036894150590832,0-20cm
13.24,2.65605490598383,0-20cm
15.44,2.7997173896280336,0-20cm
19.31,3.011113375592293,0-20cm
15.92,2.8284963541780774,0-20cm
12.14,2.5756610130564646,0-20cm
14.0,2.70805020110221,0-20cm
16.47,2.8604851241459652,0-20cm
12.31,2.58851563240702,0-20cm
23.73,3.208017081533325,0-20cm
15.7,2.8154087194227095,0-20cm
18.79,2.9851767596144745,0-20cm
18.56,2.9734866646066713,0-20cm
19.11,3.001217203784561,0-20cm
32.06,3.498324092392878,0-20cm
11.25,2.505525936990736,0-20cm
14.33,2.7298116928837226,0-20cm
22.44,3.154443964708812,0-20cm
17.25,2.9041650800285006,0-20cm
15.22,2.7862450486872667,0-20cm
16.29,2.850128299695199,0-20cm
19.56,3.0233474405869645,0-20cm
12.46,2.599722324216582,0-20cm
17.24,2.9036169846461855,0-20cm
12.8,2.624668592163159,0-20cm
10.67,2.4570214462984645,0-20cm
7.5,2.1400661634962708,0-20cm
8.93,2.295560478057081,0-20cm
20.93,3.0878555624297968,0-20cm
13.68,2.6864860231863696,0-20cm
16.66,2.8713021951758138,0-20cm
20.84,3.083743150876704,0-20cm
10.46,2.4388627112865935,0-20cm
10.62,2.4527277514237653,0-20cm
14.89,2.7656899805486246,0-20cm
15.84,2.8237570088141806,0-20cm
9.34,2.336019869080283,0-20cm
12.52,2.604170070614818,0-20cm
11.19,2.5006159434931803,0-20cm
10.86,2.4731713935695794,0-20cm
11.5,2.5257286443082556,0-20cm
10.78,2.4664031782234406,0-20cm
19.37,3.0140632302387145,0-20cm
16.98,2.8892600290434745,0-20cm
14.07,2.712706012638404,0-20cm
16.88,2.883682769745368,0-20cm
13.76,2.6919208191723265,0-20cm
17.59,2.922623801733353,0-20cm
15.35,2.794227897343262,0-20cm
19.68,3.0291670496402285,0-20cm
14.57,2.745345985845907,0-20cm
22.64,3.1629401925378975,0-20cm
13.52,2.67552700939665,0-20cm
19.0,2.995732273553991,0-20cm
10.4,2.4336133554004498,0-20cm
5.43,1.860974538249528,0-20cm
17.0,2.8903717578961645,0-20cm
14.13,2.7166795278002644,0-20cm
12.24,2.5832425505088623,0-20cm
15.85,2.8243506567983707,0-20cm
14.27,2.725890119230541,0-20cm
15.32,2.792391349535961,0-20cm
13.8,2.6946271807700692,0-20cm
18.13,2.9512577834521614,0-20cm
16.76,2.876948737564024,0-20cm
19.69,3.029650491757452,0-20cm
16.01,2.8338014064077703,0-20cm
12.5,2.6026896854443837,0-20cm
13.95,2.7047112998366956,0-20cm
12.61,2.6108048166633746,0-20cm
11.83,2.551786178627545,0-20cm
20.24,3.055886196373738,0-20cm
21.43,3.110399348532117,0-20cm
17.11,2.896464271895322,0-20cm
22.01,3.1359289040472746,0-20cm
12.22,2.5817308344235403,0-20cm
18.59,2.9750192319564492,0-20cm
15.77,2.8195915758351173,0-20cm
22.99,3.177637076851603,0-20cm
22.82,3.170525563927154,0-20cm
15.41,2.7978909051019993,0-20cm
21.33,3.1059310658520665,0-20cm
18.62,2.976549454137217,0-20cm
13.94,2.7040421797046714,0-20cm
14.64,2.7498317351171653,0-20cm
21.07,3.094219220268645,0-20cm
17.3,2.9069010598473755,0-20cm
11.34,2.5128460184772416,0-20cm
15.23,2.7868613815264998,0-20cm
12.32,2.589266665112243,0-20cm
15.55,2.806386101823072,0-20cm
22.65,3.1633631149379418,0-20cm
18.57,2.9739977814079848,0-20cm
13.88,2.700018029404946,0-20cm
17.16,2.8992213731731473,0-20cm
25.04,3.2596338173403683,0-20cm
23.27,3.18924101973851,0-20cm
14.91,2.7669478423496954,0-20cm
20.51,3.068517943279639,0-20cm
14.79,2.7593768282675506,0-20cm
26.82,3.325755186495297,0-20cm
12.9,2.631888840136646,0-20cm
9.56,2.3570732782781154,0-20cm
15.19,2.7843937676895436,0-20cm
14.36,2.731766727719526,0-20cm
12.0,2.5649493574615367,0-20cm
11.37,2.5152741864043966,0-20cm
10.52,2.444084655267745,0-20cm
21.36,3.1072736482868986,0-20cm
7.38,2.1258479144939915,0-20cm
12.53,2.604909442182697,0-20cm
9.02,2.3045830956567186,0-20cm
11.49,2.5249283241374862,0-20cm
17.7,2.928523523860541,0-20cm
17.77,2.9322598505984176,0-20cm
8.22,2.2213750375685026,0-20cm
16.26,2.848391685655282,0-20cm
32.99,3.5260663637080247,0-20cm
20.59,3.072230244526716,0-20cm
18.31,2.960623096440423,0-20cm
19.91,3.0402275134405423,0-20cm
19.43,3.0170044088295307,0-20cm
13.71,2.688527534613346,0-20cm
14.37,2.7324175575505043,0-20cm
21.97,3.134189016701007,0-20cm
16.4,2.856470206220483,0-20cm
9.21,2.3233676321765744,0-20cm
32.05,3.498021566297695,0-20cm
16.82,2.8803214220426634,0-20cm
28.5,3.3843902633457743,0-20cm
11.63,2.5360749363624,0-20cm
26.64,3.319263998899469,0-20cm
21.64,3.119718253334982,0-20cm
15.49,2.8027541365715076,0-20cm
9.76,2.3758355547336385,0-20cm
14.04,2.7107133185216936,0-20cm
18.34,2.9621754900251482,0-20cm
15.79,2.8207834710894493,0-20cm
9.68,2.3683728335320486,0-20cm
9.63,2.363680192353857,0-20cm
17.58,2.922085733385692,0-20cm
17.74,2.930660276810276,0-20cm
13.21,2.6539459421090092,0-20cm
22.94,3.1755507001298273,0-20cm
11.1,2.4932054526026954,0-20cm
13.29,2.659559991941776,0-20cm
22.01,3.1359289040472746,0-20cm
18.25,2.9575110607337933,0-20cm
22.62,3.1620938107692163,0-20cm
12.9,2.631888840136646,0-20cm
16.08,2.837908188360424,0-20cm
20.86,3.0846584827483925,0-20cm
25.27,3.2684276036974484,0-20cm
19.09,3.000222178826843,0-20cm
11.02,2.4865719291070616,0-20cm
10.51,2.4432162227337915,0-20cm
26.71,3.321793358874887,0-20cm
13.49,2.673458756332591,0-20cm
18.27,2.958549482426275,0-20cm
11.14,2.4965057856313524,0-20cm
8.01,2.1983350716202463,0-20cm
7.86,2.1815467646169897,0-20cm
26.92,3.329343277894172,0-20cm
22.18,3.1432898379116057,0-20cm
15.14,2.7813006628418027,0-20cm
13.32,2.6616571615324998,0-20cm
17.32,2.9079933592459843,0-20cm
12.86,2.6290069937617573,0-20cm
17.21,2.9019708937395166,0-20cm
13.48,2.6727683869575705,0-20cm
21.54,3.11529150861163,0-20cm
12.63,2.612273245708441,0-20cm
16.46,2.859912550411456,0-20cm
15.27,2.7893229212309465,0-20cm
17.02,2.8914822521801917,0-20cm
18.41,2.9657883971809187,0-20cm
23.04,3.179719109667007,0-20cm
71.35,4.281515453077493,0-20cm
6.85,2.060513531794317,0-20cm
13.56,2.67827804276854,0-20cm
20.86,3.0846584827483925,0-20cm
23.06,3.180550710546533,0-20cm
20.5,3.068052935133617,0-20cm
13.29,2.659559991941776,0-20cm
14.12,2.716018370751387,0-20cm
24.7,3.246490991901174,0-20cm
24.4,3.2347491740244907,0-20cm
11.69,2.540814281726296,0-20cm
19.99,3.0440461338325417,0-20cm
35.32,3.5923685537330927,0-20cm
15.38,2.7960610784249234,0-20cm
21.9,3.131136910560194,0-20cm
8.77,2.2793164660546914,0-20cm
12.82,2.626116818339524,0-20cm
15.79,2.8207834710894493,0-20cm
18.1,2.9496883350525844,0-20cm
19.65,3.027715319407042,0-20cm
9.97,2.395164274287139,0-20cm
10.25,2.4203681286504293,0-20cm
11.85,2.553343811341229,0-20cm
13.4,2.667228206581955,0-20cm
14.43,2.7363136663750693,0-20cm
21.98,3.1346242724206097,0-20cm
14.38,2.733067964077498,0-20cm
11.3,2.509599262378372,0-20cm
29.68,3.4236109764990554,0-20cm
18.83,2.9871959425317045,0-20cm
20.29,3.058237478905388,0-20cm
18.96,2.993730270883318,0-20cm
11.06,2.4898941912990393,0-20cm
13.26,2.65745841498615,0-20cm
13.32,2.6616571615324998,0-20cm
7.65,2.157559320943788,0-20cm
20.73,3.078693794268338,0-20cm
12.41,2.596000697293587,0-20cm
12.44,2.5982353350950036,0-20cm
24.28,3.2300135692786567,0-20cm
16.24,2.847232265235547,0-20cm
10.88,2.474856313934499,0-20cm
15.08,2.77757626375082,0-20cm
28.64,3.389124800427886,0-20cm
35.0,3.58351893845611,0-20cm
12.23,2.5824869781268642,0-20cm
9.6,2.3608540011180215,0-20cm
16.64,2.8701690505786455,0-20cm
15.48,2.8021475244813256,0-20cm
16.9,2.884800712846709,0-20cm
21.51,3.113959654918641,0-20cm
14.58,2.7459880404426023,0-20cm
13.52,2.67552700939665,0-20cm
25.34,3.271088696315135,0-20cm
38.47,3.675540889674756,0-20cm
18.16,2.9528247725427144,0-20cm
30.81,3.4597807057610526,0-20cm
29.8,3.427514689979529,0-20cm
11.7,2.5416019934645457,0-20cm
21.37,3.107720775502038,0-20cm
23.56,3.2011191032789417,0-20cm
13.22,2.6546494243750947,0-20cm
13.31,2.6609585935683597,0-20cm
13.43,2.6693093727857793,0-20cm
14.84,2.7625383863862796,0-20cm
10.65,2.4553061800117097,0-20cm
6.97,2.075684492802124,0-20cm
2.99,1.3837912309017721,0-20cm
17.68,2.9274534328006965,0-20cm
14.1,2.714694743820879,0-20cm
9.26,2.3282528397426234,0-20cm
17.97,2.9428587839469227,0-20cm
8.54,2.255493485460195,0-20cm
11.82,2.551006451492524,0-20cm
11.97,2.5626389983283526,0-20cm
9.54,2.355177543113216,0-20cm
12.16,2.5771819258971713,0-20cm
17.03,2.8920370372152258,0-20cm
9.49,2.3504224224082058,0-20cm
22.01,3.1359289040472746,0-20cm
19.76,3.033028058297688,0-20cm
10.72,2.4612967841488667,0-20cm
23.9,3.214867803470662,0-20cm
21.68,3.121483478859551,0-20cm
25.2,3.265759410767051,0-20cm
11.4,2.517696472610991,0-20cm
11.4,2.517696472610991,0-20cm
10.34,2.428336298299606,0-20cm
13.33,2.6623552418400807,0-20cm
37.23,3.6436205477083212,0-20cm
21.66,3.12060125559986,0-20cm
16.19,2.844327819394758,0-20cm
11.46,2.522523513359307,0-20cm
17.19,2.900871992530031,0-20cm
11.01,2.485739636091892,0-20cm
15.93,2.829087196145044,0-20cm
22.9,3.173878458937465,0-20cm
15.0,2.772588722239781,0-20cm
8.77,2.2793164660546914,0-20cm
11.37,2.5152741864043966,0-20cm
19.25,3.0081547935525483,0-20cm
12.36,2.5922651681085,0-20cm
13.51,2.6748380668960965,0-20cm
9.62,2.362739015813793,0-20cm
11.42,2.519308076505333,0-20cm
6.65,2.0347056478384444,0-20cm
20.4,3.0633909220278057,0-20cm
8.74,2.2762411176544437,0-20cm
21.58,3.1170645587215158,0-20cm
12.67,2.6152036507358583,0-20cm
11.66,2.5384474167160302,0-20cm
16.35,2.8535925063928684,0-20cm
8.63,2.2648832258100344,0-20cm
12.12,2.574137783515943,0-20cm
21.05,3.093312601892855,0-20cm
8.65,2.2669579153508947,0-20cm
19.01,2.996232148595642,0-20cm
18.43,2.9668182633893485,0-20cm
12.26,2.5847519847577165,0-20cm
16.04,2.8355635214011694,0-20cm
10.21,2.4168062370840686,0-20cm
8.07,2.2049722641270453,0-20cm
24.71,3.246880021277798,0-20cm
17.61,2.9236990706541595,0-20cm
11.73,2.543961412569315,0-20cm
10.75,2.463853240590168,0-20cm
9.69,2.3693087250369538,0-20cm
19.05,2.998229153752578,0-20cm
23.85,3.2128577525426376,0-20cm
13.94,2.7040421797046714,0-20cm
17.91,2.9396908826703663,0-20cm
18.2,2.954910279033736,0-20cm
21.16,3.098288861879083,0-20cm
23.78,3.2100368762009963,0-20cm
27.78,3.359680701459222,0-20cm
15.03,2.7744619666214616,0-20cm
13.59,2.6803363625346943,0-20cm
37.98,3.6630486940794147,0-20cm
14.66,2.751109690562657,0-20cm
16.84,2.8814431271518632,0-20cm
18.68,2.9796028916241073,0-20cm
17.01,2.8909271591878647,0-20cm
9.45,2.34660197841082,0-20cm
14.14,2.717340248009303,0-20cm
5.42,1.8594181177018698,0-20cm
8.04,2.201659174404085,0-20cm
31.17,3.471034341250935,0-20cm
17.45,2.915064370486536,0-20cm
19.86,3.0378334495726262,0-20cm
21.42,3.109953417644014,0-20cm
13.93,2.703372611551099,0-20cm
22.67,3.1642084235258925,0-20cm
15.6,2.8094026953624973,0-20cm
14.14,2.717340248009303,0-20cm
12.57,2.6078614738467776,0-20cm
11.27,2.50715725872282,0-20cm
9.32,2.334083760053417,0-20cm
15.54,2.805781689595545,0-20cm
14.36,2.731766727719526,0-20cm
18.77,2.9841656371825254,0-20cm
18.29,2.9595868269176377,0-20cm
6.95,2.0731719286662407,0-20cm
19.97,3.0430928449138284,0-20cm
30.66,3.4550540544528663,0-20cm
13.08,2.644755350729896,0-20cm
13.83,2.696652156149841,0-20cm
7.56,2.1471001901536506,0-20cm
9.7,2.3702437414678603,0-20cm
13.76,2.6919208191723265,0-20cm
28.17,3.37314078387963,0-20cm
23.94,3.2164729402518906,0-20cm
15.87,2.825536896557877,0-20cm
18.48,2.969388298214389,0-20cm
24.96,3.2565568918358894,0-20cm
24.97,3.256942025674657,0-20cm
27.77,3.3593331775634567,0-20cm
7.61,2.1529243184396396,0-20cm
18.06,2.947591898226056,0-20cm
38.99,3.688629422858727,0-20cm
21.29,3.1041381473977774,0-20cm
16.05,2.8361502037295256,0-20cm
26.97,3.3311325072138684,0-20cm
28.55,3.386083743852107,0-20cm
23.29,3.190064743014081,0-20cm
13.79,2.6939512767227085,0-20cm
18.23,2.9564715596006885,0-20cm
37.26,3.644404964012107,0-20cm
19.22,3.006672213592325,0-20cm
11.22,2.503073953743449,0-20cm
9.94,2.392425796993835,0-20cm
18.24,2.9569914452375605,0-20cm
18.76,2.983659692319722,0-20cm
15.29,2.790551422613954,0-20cm
22.02,3.1363634032937364,0-20cm
23.41,3.1949928844048685,0-20cm
18.63,2.9770590082883697,0-20cm
9.88,2.3869262414277967,0-20cm
17.4,2.91235066461494,0-20cm
32.0,3.4965075614664802,0-20cm
16.86,2.882563575448353,0-20cm
18.99,2.995232148512309,0-20cm
17.9,2.9391619220655967,0-20cm
28.98,3.4005304926744517,0-20cm
32.72,3.518091133133655,0-20cm
16.7,2.8735646395797834,0-20cm
17.37,2.9107188992270343,0-20cm
21.96,3.133753571451366,0-20cm
18.42,2.966303462863179,0-20cm
20.59,3.072230244526716,0-20cm
13.22,2.6546494243750947,0-20cm
16.06,2.836736542063533,0-20cm
18.84,2.987700101856727,0-20cm
26.52,3.314913013065143,0-20cm
7.93,2.189416394888408,0-20cm
9.01,2.303584593327129,0-20cm
9.46,2.347558458636777,0-20cm
7.83,2.178155014615869,0-20cm
14.66,2.751109690562657,0-20cm
25.97,3.2947251371516386,0-20cm
8.55,2.256541154492639,0-20cm
17.18,2.900322088749333,0-20cm
11.82,2.551006451492524,0-20cm
10.91,2.477378383367209,0-20cm
21.25,3.1023420086122493,0-20cm
21.83,3.1280754605417043,0-20cm
16.99,2.8898160479624417,0-20cm
25.82,3.2891478778535324,0-20cm
17.55,2.920469789053444,0-20cm
17.94,2.9412760877579323,0-20cm
19.41,3.0160249768217535,0-20cm
17.2,2.9014215940827497,0-20cm
20.51,3.068517943279639,0-20cm
16.78,2.8780742300857587,0-20cm
23.1,3.1822118404966093,0-20cm
22.54,3.1587011018321305,0-20cm
19.45,3.017982882488811,0-20cm
12.5,2.6026896854443837,0-20cm
12.15,2.5764217586237734,0-20cm
9.87,2.386006701133118,0-20cm
16.66,2.8713021951758138,0-20cm
16.86,2.882563575448353,0-20cm
15.7,2.8154087194227095,0-20cm
31.16,3.4707234443107655,0-20cm
21.63,3.119276459645446,0-20cm
17.14,2.8981194446869907,0-20cm
20.22,3.054944133185837,0-20cm
12.32,2.589266665112243,0-20cm
8.18,2.217027204632399,20-50cm
46.13,3.8529097409356394,0-20cm
5.48,1.8687205103641833,20-50cm
19.63,3.0267463270831603,0-20cm
112.28,4.729862629945409,0-20cm
8.45,2.2460147415056513,20-50cm
7.38,2.1258479144939915,20-50cm
136.84,4.926093592219674,0-20cm
5.67,1.8976198599275322,20-50cm
50.4,3.9396381724611196,0-20cm
5.82,1.9198594718553708,20-50cm
72.53,4.297693486208131,0-20cm
6.2,1.9740810260220096,0-20cm
8.9,2.2925347571405443,0-20cm
8.3,2.2300144001592104,0-20cm
15.8,2.8213788864092133,0-20cm
5.4,1.8562979903656263,0-20cm
4.5,1.7047480922384253,0-20cm
4.2,1.6486586255873816,0-20cm
6.2,1.9740810260220096,0-20cm
2.0,1.0986122886681098,0-20cm
6.2,1.9740810260220096,0-20cm
7.8,2.174751721484161,0-20cm
6.8,2.0541237336955462,0-20cm
5.6,1.8870696490323797,0-20cm
11.7,2.5416019934645457,0-20cm
33.3,3.535145354171894,0-20cm
10.8,2.468099531471619,0-20cm
13.07,2.644044871126298,0-20cm
30.2,3.4404180948154366,0-20cm
10.2,2.4159137783010487,0-20cm
8.5,2.2512917986064953,0-20cm
10.2,2.4159137783010487,0-20cm
8.4,2.2407096892759584,0-20cm
4.0,1.6094379124341003,0-20cm
3.5,1.5040773967762742,0-20cm
41.9,3.758871825933971,0-20cm
5.8,1.916922612182061,0-20cm
39.2,3.6938669956249757,0-20cm
17.4,2.91235066461494,0-20cm
6.4,2.0014800002101243,0-20cm
10.2,2.4159137783010487,0-20cm
8.4,2.2407096892759584,0-20cm
15.8,2.8213788864092133,0-20cm
5.6,1.8870696490323797,0-20cm
6.4,2.0014800002101243,0-20cm
17.4,2.91235066461494,0-20cm
5.4,1.8562979903656263,0-20cm
7.8,2.174751721484161,0-20cm
8.5,2.2512917986064953,0-20cm
6.2,1.9740810260220096,0-20cm
10.2,2.4159137783010487,0-20cm
30.2,3.4404180948154366,0-20cm
6.8,2.0541237336955462,0-20cm
6.2,1.9740810260220096,0-20cm
130.7,4.880526608749236,0-20cm
8.3,2.2300144001592104,0-20cm
8.9,2.2925347571405443,0-20cm
39.2,3.6938669956249757,0-20cm
4.5,1.7047480922384253,0-20cm
11.7,2.5416019934645457,0-20cm
33.3,3.535145354171894,0-20cm
10.8,2.468099531471619,0-20cm
6.2,1.9740810260220096,0-20cm
41.9,3.758871825933971,0-20cm
5.8,1.916922612182061,0-20cm
3.5,1.5040773967762742,0-20cm
4.0,1.6094379124341003,0-20cm
2.0,1.0986122886681098,0-20cm
4.2,1.6486586255873816,0-20cm
4.31,1.6695918352538475,0-20cm
5.35,1.8484548129046001,0-20cm
4.11,1.631199404215613,0-20cm
12.5,2.6026896854443837,0-20cm
12.03,2.567254391136754,0-20cm
7.29,2.115049969147204,0-20cm
6.07,1.9558604799084813,0-20cm
11.13,2.495681722955959,0-20cm
9.2,2.322387720290225,0-20cm
4.89,1.7732559976634952,0-20cm
9.0,2.302585092994046,0-20cm
6.46,2.0095554142156695,0-20cm
5.64,1.8931119634883424,0-20cm
3.95,1.599387576580599,0-20cm
2.88,1.355835153635182,0-20cm
2.62,1.2864740258376797,0-20cm
6.69,2.0399207835175526,0-20cm
5.17,1.8196988379172965,0-20cm
2.98,1.3812818192963463,0-20cm
3.91,1.5912739418064292,0-20cm
25.3576,3.271756658448302,0-20cm
25.5548,3.2792105223076837,0-20cm
24.0584,3.221209100661873,0-20cm
28.6172,3.3883552736488576,0-20cm
20.4624,3.066302566923281,0-20cm
25.5722,3.2798655564945247,0-20cm
43.2158,3.7890821912712296,0-20cm
26.5466,3.3158791160048176,0-20cm
40.4492,3.7244685810331677,0-20cm
25.4272,3.274393782784689,0-20cm
45.3154,3.835474519179546,0-20cm
37.9494,3.662263367833539,0-20cm
40.2868,3.7205428362891984,0-20cm
34.1388,3.5593059330580425,0-20cm
33.118,3.529825104258328,0-20cm
36.2094,3.616561417530865,0-20cm
29.6844,3.4237543821221053,0-20cm
46.1738,3.853838653729175,0-20cm
45.6982,3.8437056200348003,0-20cm
53.8008,4.003704792387558,0-20cm
59.3804,4.100664548966918,0-20cm
45.3966,3.8372261806853336,0-20cm
52.2812,3.975583548501028,0-20cm
55.8772,4.040894557841693,0-20cm
55.9294,4.041811903648713,0-20cm
38.4076,3.6739586911033633,0-20cm
55.8714,4.040792578564497,0-20cm
45.0776,3.8303269316979187,0-20cm
62.6806,4.153879963602293,0-20cm
55.8656,4.040690588886467,0-20cm
56.1382,4.045472894731363,0-20cm
61.0856,4.128514077992197,0-20cm
46.7944,3.866908477822534,0-20cm
51.968,3.9696879576225452,0-20cm
19.6968,3.029979098949174,0-20cm
13.19,2.6525374911719513,0-20cm
19.08,2.9997242948235283,0-20cm
25.37,3.2722270003651954,0-20cm
19.48,3.019448800171307,0-20cm
21.78,3.125882958019036,0-20cm
36.36,3.620600613360642,0-20cm
42.05,3.7623622308737397,0-20cm
19.78,3.0339909856710814,0-20cm
18.28,2.9590682891823996,0-20cm
42.05,3.7623622308737397,0-20cm
36.86,3.633895145781177,0-20cm
31.93,3.494384096388273,0-20cm
27.97,3.366260811781259,0-20cm
16.08,2.837908188360424,0-20cm
17.08,2.89480635496403,0-20cm
17.18,2.900322088749333,0-20cm
25.97,3.2947251371516386,0-20cm
17.68,2.9274534328006965,0-20cm
16.18,2.8437459165561094,0-20cm
14.08,2.71336936257981,0-20cm
10.89,2.4756977107026903,0-20cm
13.88,2.700018029404946,0-20cm
11.49,2.5249283241374862,0-20cm
19.78,3.0339909856710814,0-20cm
13.95300628,2.7049123685842305,0-20cm
15.04172198,2.77519295203779,0-20cm
26.10776377,3.2998201728342433,0-20cm
39.57431604,3.7031352565734283,0-20cm
16.64592328,2.870504781062931,0-20cm
14.10447182,2.7149908469978734,0-20cm
16.39707148,2.8563018863083554,0-20cm
18.79780012,2.9855708264773613,0-20cm
19.72946951,3.031556335671622,0-20cm
19.71535183,3.0308750596960192,0-20cm
19.61010973,3.025781719002702,0-20cm
22.13028448,3.1411427753462697,0-20cm
17.43626464,2.9143196292789946,0-20cm
55.60030295,4.036014337668311,0-20cm
12.04248589,2.56821217406602,0-20cm
13.46708068,2.67187577046193,0-20cm
25.83725629,3.289791082213504,0-20cm
18.07266243,2.9482560233963695,0-20cm
30.33715501,3.4448044545686085,0-20cm
165.5352846,5.115207206488249,0-20cm
20.52305712,3.069124784683645,0-20cm
12.85817151,2.6288750593733727,0-20cm
13.29273009,2.659751022679547,0-20cm
27.89802342,3.3637731990077997,0-20cm
28.61215444,3.388184900020446,0-20cm
46.75437008,3.8660705827390394,0-20cm
25.48007458,3.276392547530098,0-20cm
11.69448394,2.5411675636805193,0-20cm
31.79838508,3.490379278812144,0-20cm
42.71125538,3.777605629121681,0-20cm
28.21237372,3.3745923770486153,0-20cm
20.20653455,3.0543093676743496,0-20cm
46.45393277,3.8597594040239094,0-20cm
28.82934412,3.395492611023787,0-20cm
44.71723376,3.822475333159165,0-20cm
15.79551477,2.8211118727880584,0-20cm
28.60502813,3.387944216160623,0-20cm
21.35140136,3.106889019765114,0-20cm
51.09217027,3.953014654740213,0-20cm
26.79797096,3.3249630309825475,0-20cm
16.9302,2.8864864420445127,0-20cm
9.1408,2.3165668905144647,0-20cm
7.1978,2.10386582559036,0-20cm
12.731,2.6196560503396147,0-20cm
1.8,1.0296194171811583,50-100cm
4.68,1.7369512327330598,20-50cm
4.24,1.6563214983329508,20-50cm
1.98,1.091923300517313,50-100cm
8.02,2.199444334074532,0-20cm
6.4,2.0014800002101243,0-20cm
1.65,0.9745596399981308,0-20cm
0.53,0.4252677354043441,50-100cm
1.8,1.0296194171811583,50-100cm
0.72,0.5423242908253617,20-50cm
2.21,1.1662709371419244,20-50cm
1.36,0.8586616190375187,0-20cm
0.95,0.6678293725756554,0-20cm
0.61,0.4762341789963716,0-20cm
0.07,0.06765864847381481,20-50cm
0.74,0.5538851132264376,50-100cm
6.74,2.046401687601636,50-100cm
0.01,0.009950330853168083,20-50cm
7.76,2.1701959049483,50-100cm
7.47,2.136530508663963,50-100cm
6.12,1.9629077254238845,20-50cm
0.78,0.5766133643039938,20-50cm
0.08,0.07696104113612832,0-20cm
0.41,0.3435897043900769,0-20cm
9.11,2.3135250330323798,50-100cm
7.58,2.149433913499871,50-100cm
7.55,2.145931282948669,20-50cm
9.56,2.3570732782781154,20-50cm
20.71,3.0777729838902004,0-20cm
37.43,3.6488384045767526,0-20cm
4.24,1.6563214983329508,50-100cm
3.94,1.597365331199831,50-100cm
5.18,1.8213182714695995,20-50cm
6.58,2.0255131996542803,0-20cm
9.97,2.395164274287139,0-20cm
4.39,1.6845453849209058,20-50cm
7.2,2.1041341542702074,50-100cm
4.63,1.728109442151599,50-100cm
6.47,2.010894999144726,20-50cm
7.21,2.105352923464337,20-50cm
7.55,2.145931282948669,0-20cm
6.74,2.046401687601636,0-20cm
0.13,0.12221763272424921,50-100cm
5.01,1.7934247485471162,50-100cm
5.06,1.801709800081223,20-50cm
6.0,1.9459101490553132,20-50cm
6.25,1.9810014688665833,0-20cm
13.72,2.6892071133007303,0-20cm
23.88,3.2140642678709788,50-100cm
58.72,4.089666972670989,50-100cm
58.17,4.080414656688602,20-50cm
60.04,4.111529386976201,20-50cm
61.39,4.133405006122695,0-20cm
68.9,4.247065649239764,0-20cm
26.42,3.3112726741341683,0-20cm
40.87,3.734569580031052,0-20cm
32.38,3.507956918233689,20-50cm
27.92,3.3645333972905638,20-50cm
32.78,3.519868911379654,50-100cm
43.83,3.802877558167348,50-100cm
36.94,3.636005964506868,50-100cm
38.25,3.6699514442284173,50-100cm
47.23,3.8759812340808804,20-50cm
57.1,4.062165663857866,20-50cm
69.96,4.262116338001324,0-20cm
97.76,4.592692664476979,0-20cm
5.14,1.814824742159051,20-50cm
18.38,2.96424160646262,20-50cm
27.55,3.351656936102019,0-20cm
36.16,3.6152329139456376,0-20cm
5.66,1.8961194845522977,50-100cm
5.95,1.9387416595767009,50-100cm
54.5,4.0163830207523885,20-50cm
85.73,4.462799844696365,20-50cm
77.25,4.359908829420263,0-20cm
91.85,4.530985287798715,0-20cm
4.58,1.7191887763932197,50-100cm
5.99,1.944480556245719,50-100cm
15.47,2.801540544189549,20-50cm
37.68,3.6553226705850936,20-50cm
53.47,3.9976500913955832,0-20cm
78.97,4.381651564343798,0-20cm
2.46,1.2412685890696329,50-100cm
4.62,1.7263316639055997,50-100cm
3.42,1.4861396960896067,20-50cm
4.86,1.7681496035889213,20-50cm
6.61,2.0294631718735947,0-20cm
9.17,2.3194422100604686,0-20cm
19.17,3.0041963519661206,50-100cm
23.64,3.204371138665319,50-100cm
21.65,3.120159851929043,20-50cm
19.68,3.0291670496402285,20-50cm
17.83,2.935451342669061,0-20cm
15.34,2.7936160894318567,0-20cm
46.87,3.8684890034044175,50-100cm
54.19,4.01078177745141,20-50cm
52.4,3.977810745966149,20-50cm
53.73,4.0024120051558265,0-20cm
91.57,4.52796511507912,0-20cm
0.61,0.4762341789963716,50-100cm
1.43,0.8878912573524571,50-100cm
1.29,0.8285518175661483,20-50cm
7.08,2.089391872533004,20-50cm
2.27,1.184789984909162,0-20cm
1.55,0.9360933591703348,0-20cm
117.76,4.777104649895559,0-20cm
26.97,3.3311325072138684,0-20cm
102.31,4.637734176861354,20-50cm
90.25,4.513602992462601,20-50cm
77.41,4.361951470242831,50-100cm
80.67,4.402686737370185,50-100cm
57.75,4.073291153024268,50-100cm
59.2,4.097672352314776,50-100cm
57.56,4.0700518696530565,20-50cm
65.84,4.202301703727193,20-50cm
74.46,4.323602714536165,0-20cm
83.71,4.4392336584434595,0-20cm
43.12,3.786913194385302,50-100cm
55.17,4.028382806544341,20-50cm
64.02,4.174694914875759,20-50cm
71.74,4.286891439558843,0-20cm
79.53,4.388629785807454,0-20cm
51.47,3.9602415776986204,50-100cm
33.32,3.5357282746197614,50-100cm
33.54,3.5421180727185324,50-100cm
33.11,3.5295905964305545,20-50cm
43.16,3.78781940196884,20-50cm
63.45,4.165889729385197,0-20cm
70.34,4.267457179930745,0-20cm
59.21,4.097838451476356,0-20cm
48.21,3.8960968548778867,0-20cm
35.16,3.5879535355239756,20-50cm
23.27,3.18924101973851,20-50cm
6.0,1.9459101490553132,50-100cm
4.54,1.7119945007591924,50-100cm
8.22,2.2213750375685026,50-100cm
34.66,3.574029612434994,50-100cm
42.85,3.780774718818192,20-50cm
43.48,3.7950396499423267,20-50cm
44.8,3.824284091120139,0-20cm
46.76,3.8661884690843467,0-20cm
10.24,2.419478844465545,50-100cm
8.97,2.299580583973747,50-100cm
10.6,2.451005098112319,20-50cm
60.17,4.113656873254474,20-50cm
81.8,4.416428061391214,0-20cm
91.45,4.5266679578331335,0-20cm
45.51,3.839667343236006,50-100cm
44.79,3.824065726669004,50-100cm
44.91,3.826682958261131,20-50cm
49.46,3.921180943212912,20-50cm
46.28,3.856087373097843,0-20cm
62.3,4.147885329150131,0-20cm
44.6,3.8199077165203406,50-100cm
50.42,3.9400272018377436,20-50cm
44.35,3.814410176561146,20-50cm
54.49,4.01620282433781,0-20cm
66.85,4.217299386280878,0-20cm
119.2,4.789157022101107,50-100cm
21.61,3.1183922862898785,20-50cm
29.51,3.418054498728578,20-50cm
89.38,4.504023003983134,0-20cm
120.32,4.798431682820381,0-20cm
8.5,2.2512917986064953,50-100cm
7.15,2.0980179272527715,50-100cm
4.04,1.6174060820832772,50-100cm
6.44,2.0068708488450007,50-100cm
18.81,2.9861868607104594,20-50cm
37.95,3.6622787723167574,20-50cm
42.57,3.774368840129351,0-20cm
60.09,4.112348186661675,0-20cm
86.44,4.470952843868283,50-100cm
87.71,4.485372622532496,50-100cm
85.17,4.4563220892516755,20-50cm
91.73,4.529692044812134,20-50cm
90.77,4.519285446830922,0-20cm
91.25,4.524502282920636,0-20cm
68.8,4.2456340097683265,0-20cm
62.23,4.146778872070522,0-20cm
42.66,3.7764323511217976,20-50cm
24.82,3.2511493854184965,50-100cm
33.3,3.535145354171894,50-100cm
38.91,3.686626919060642,20-50cm
2.25,1.1786549963416462,50-100cm
8.93,2.295560478057081,50-100cm
31.88,3.492864570187979,20-50cm
58.18,4.080583646972063,20-50cm
60.45,4.118223836012044,0-20cm
68.48,4.241038941372905,0-20cm
2.54,1.264126727145683,50-100cm
24.19,3.226447090364519,50-100cm
38.16,3.6676558176623097,20-50cm
58.64,4.088326489896538,20-50cm
70.2,4.26549281841793,0-20cm
97.85,4.593603549616626,0-20cm
0.73,0.5481214085096876,0-20cm
1.2,0.7884573603642702,0-20cm
1.53,0.9282193027394289,20-50cm
14.13,2.7166795278002644,0-20cm
4.5,1.7047480922384253,20-50cm
4.5,1.7047480922384253,20-50cm
3.25,1.4469189829363254,50-100cm
2.1,1.1314021114911006,50-100cm
4.08,1.6253112615903906,0-20cm
10.26,2.421256622711544,0-20cm
11.3,2.509599262378372,0-20cm
4.61,1.724550719534605,20-50cm
1.63,0.9669838461896731,0-20cm
2.98,1.3812818192963463,0-20cm
3.62,1.5303947050936475,20-50cm
6.02,1.9487632180377197,20-50cm
4.65,1.7316555451583497,50-100cm
3.64,1.534714366238164,50-100cm
2.09,1.128171090909654,0-20cm
2.69,1.3056264580524357,0-20cm
7.26,2.1114245875328868,20-50cm
3.45,1.4929040961781488,20-50cm
2.06,1.1184149159642893,50-100cm
2.51,1.2556160374777743,50-100cm
0.77,0.5709795465857378,0-20cm
1.8,1.0296194171811583,0-20cm
0.77,0.5709795465857378,20-50cm
0.92,0.6523251860396903,20-50cm
0.15,0.13976194237515868,50-100cm
0.68,0.5187937934151676,50-100cm
16.28,2.8495497633759097,0-20cm
9.01,2.303584593327129,0-20cm
4.18,1.6448050562713916,20-50cm
4.02,1.6134299337036377,20-50cm
2.68,1.3029127521808397,50-100cm
3.03,1.3937663759585917,50-100cm
25.77,3.2872818575322613,50-100cm
26.97,3.3311325072138684,50-100cm
28.29,3.377246160839642,20-50cm
32.73,3.5183876490735586,20-50cm
66.97,4.219066431358547,0-20cm
83.13,4.432363221562722,0-20cm
4.34,1.6752256529721035,50-100cm
7.05,2.085672091430472,50-100cm
2.9,1.3609765531356006,20-50cm
4.55,1.713797927758343,20-50cm
3.69,1.545432582458188,0-20cm
3.5,1.5040773967762742,0-20cm
3.37,1.4747630091074988,50-100cm
10.91,2.477378383367209,50-100cm
43.41,3.7934646693040106,20-50cm
69.48,4.255328981627924,20-50cm
137.93,4.93397020916077,0-20cm
102.34,4.638024522859038,0-20cm
120.06,4.7962862904635415,0-20cm
110.13,4.710700687197555,0-20cm
14.71,2.75429745226753,50-100cm
5.19,1.8229350866965048,50-100cm
54.75,4.020877410340228,20-50cm
91.09,4.522766359733276,20-50cm
3.54,1.5129270120532565,0-20cm
5.24,1.8309801823813363,0-20cm
4.62,1.7263316639055997,20-50cm
3.02,1.3912819026309298,20-50cm
3.81,1.5706970841176697,50-100cm
4.05,1.6193882432872684,50-100cm
0.97,0.6780335427498971,0-20cm
1.4,0.8754687373538999,0-20cm
0.45,0.37156355643248307,20-50cm
1.57,0.9439058989071285,20-50cm
1.29,0.8285518175661483,50-100cm
4.05,1.6193882432872684,50-100cm
109.41,4.704200709451046,0-20cm
2.97,1.3787660946990992,50-100cm
1.03,0.708035793053696,50-100cm
37.66,3.654805473780185,0-20cm
4.64,1.7298840655099674,20-50cm
2.24,1.1755733298042381,20-50cm
56.62,4.053869729656382,20-50cm
17.1,2.89591193827178,20-50cm
17.26,2.9047128751668225,50-100cm
24.45,3.2367157429965316,50-100cm
61.77,4.13947725232944,0-20cm
94.2,4.55597994179732,0-20cm
7.86,2.1815467646169897,50-100cm
15.99,2.8326249356838407,50-100cm
33.58,3.5432754802551445,20-50cm
85.41,4.4591034098533076,20-50cm
80.24,4.397407736712184,0-20cm
99.8,4.613138355637268,0-20cm
77.49,4.362971228138722,0-20cm
25.69,3.284288963416433,20-50cm
8.04,2.201659174404085,20-50cm
3.46,1.4951487660319727,50-100cm
3.12,1.415853163361435,50-100cm
47.02,3.8716175907931074,0-20cm
6.88,2.064327903869788,0-20cm
3.99,1.6074359097634274,0-20cm
4.13,1.6351056591826783,20-50cm
4.06,1.6213664832993742,20-50cm
98.59,4.601061757943548,0-20cm
66.27,4.208714372037514,20-50cm
91.86,4.531092982591776,0-20cm
10.35,2.4292177439274116,50-100cm
37.06,3.6391638618680036,50-100cm
30.48,3.4493524235492026,20-50cm
72.2,4.293195420967266,0-20cm
61.9,4.141546163706395,0-20cm
47.44,3.8803259186848913,20-50cm
48.25,3.8969093676180977,20-50cm
34.18,3.560477739309412,50-100cm
29.53,3.4187098067467865,50-100cm
0.39,0.3293037471426004,20-50cm
2.36,1.2119409739751128,0-20cm
2.65,1.2947271675944,0-20cm
7.24,2.1090003439213802,50-100cm
2.01,1.1019400787607843,50-100cm
5.46,1.8656293177945105,20-50cm
4.86,1.7681496035889213,20-50cm
22.59,3.1608228934195837,0-20cm
37.24,3.643882088183201,0-20cm
35.49,3.5970382504483562,0-20cm
49.77,3.927305628959303,50-100cm
50.62,3.943909194290468,0-20cm
66.75,4.21582445975981,20-50cm
55.25,4.029806041084529,20-50cm
40.73,3.731220294603461,50-100cm
126.12,4.845131522228461,0-20cm
82.74,4.4277167605909975,0-20cm
81.01,4.40684119104832,20-50cm
80.31,4.398269010219746,20-50cm
11.33,2.512035317176253,50-100cm
6.1,1.9600947840472698,50-100cm
99.47,4.609859175474223,0-20cm
102.88,4.643236386794547,0-20cm
104.79,4.661455996998683,20-50cm
99.93,4.614427207250769,20-50cm
80.6,4.401829261970061,50-100cm
18.74,2.9826470340053355,50-100cm
49.36,3.9191972091761462,50-100cm
34.92,3.581294243433999,20-50cm
63.9,4.1728476237100445,0-20cm
93.33,4.546799272661762,0-20cm
5.97,1.9416152247724325,50-100cm
10.9,2.4765384001174837,20-50cm
5.08,1.8050046959780757,0-20cm
5.8,1.916922612182061,0-20cm
6.74,2.046401687601636,0-20cm
6.6,2.028148247292285,0-20cm
3.56,1.5173226235262947,0-20cm
7.98,2.194999882314108,0-20cm
6.21,1.9754689512968577,0-20cm
7.78,2.172476407647025,0-20cm
5.47,1.8671761085128091,0-20cm
4.16,1.6409365794934714,0-20cm
6.49,2.0135687975291283,0-20cm
5.41,1.8578592709325787,0-20cm
7.83,2.178155014615869,0-20cm
7.43,2.131796772013764,0-20cm
9.3,2.33214389523559,0-20cm
5.64,1.8931119634883424,0-20cm
4.04,1.6174060820832772,0-20cm
9.45,2.34660197841082,0-20cm
17.15,2.8986705607108596,0-20cm
11.98,2.563409711275944,0-20cm
8.65,2.2669579153508947,0-20cm
10.29,2.4239173781615704,0-20cm
12.01,2.565718292524414,0-20cm
10.27,2.422144328051685,0-20cm
18.65,2.9780773383152703,0-20cm
11.87,2.554899021608035,0-20cm
5.76,1.9110228900548727,0-20cm
18.43,2.9668182633893485,0-20cm
10.38,2.431857428698185,20-50cm
17.13,2.8975680247667595,20-50cm
35.12,3.5868467285487844,0-20cm
5.56,1.8809906029559975,20-50cm
11.54,2.5289235352047745,0-20cm
13.89,2.7006898466959175,0-20cm
6.14,1.965712776351493,20-50cm
12.87,2.6297282343267403,20-50cm
42.45,3.7716108517114013,0-20cm
55.61,4.036185648048568,20-50cm
88.31,4.4921134636957945,0-20cm
28.65,3.3894621254437345,0-20cm
8.2,2.2192034840549946,20-50cm
70.7,4.272490747605575,0-20cm
33.82,3.550191934340043,0-20cm
7.09,2.0906287310704004,0-20cm
6.92,2.0693912058263346,0-20cm
55.72,4.038126882223872,0-20cm
29.47,3.416742592997618,0-20cm
91.24,4.524393875960803,0-20cm
75.08,4.331785418237135,0-20cm
89.18,4.501807672992938,0-20cm
65.33,4.194642283537465,0-20cm
2.2,1.1631508098056809,0-20cm
1.7,0.9932517730102833,0-20cm
1.6,0.9555114450274363,20-50cm
1.6,0.9555114450274363,20-50cm
0.68,0.5187937934151676,0-20cm
0.53,0.4252677354043441,0-20cm
0.62,0.4824261492442927,0-20cm
0.65,0.5007752879124893,0-20cm
6.62,2.030776369698555,0-20cm
2.95,1.3737155789130306,0-20cm
2.55,1.2669476034873244,20-50cm
2.18,1.1568811967920856,0-20cm
1.26,0.8153648132841945,0-20cm
0.84,0.6097655716208943,0-20cm
0.79,0.5822156198526637,20-50cm
4.6,1.7227665977411035,20-50cm
6.1,1.9600947840472698,0-20cm
5.6,1.8870696490323797,0-20cm
13.6,2.681021528714291,20-50cm
17.5,2.917770732084279,0-20cm
44.7,3.822098297900159,0-20cm
38.0,3.6635616461296463,0-20cm
25.0,3.258096538021482,0-20cm
0.7,0.5306282510621704,0-20cm
0.8,0.5877866649021191,0-20cm
6.1,1.9600947840472698,20-50cm
6.3,1.9878743481543455,20-50cm
10.2,2.4159137783010487,0-20cm
9.8,2.379546134130174,0-20cm
4.5,1.7047480922384253,0-20cm
5.2,1.824549292051046,0-20cm
4.5,1.7047480922384253,20-50cm
11.7,2.5416019934645457,0-20cm
10.6,2.451005098112319,0-20cm
6.7,2.0412203288596382,20-50cm
3.85,1.5789787049493917,0-20cm
2.52,1.2584609896100056,0-20cm
2.8,1.33500106673234,0-20cm
2.84,1.3454723665996355,20-50cm
1.84,1.0438040521731147,20-50cm
1.64,0.9707789171582247,20-50cm
1.27,0.8197798314933114,20-50cm
2.8,1.33500106673234,0-20cm
39.5,3.7013019741124933,20-50cm
46.3,3.856510295497887,0-20cm
30.0,3.4339872044851463,20-50cm
6.2,1.9740810260220096,0-20cm
6.4,2.0014800002101243,0-20cm
11.46,2.522523513359307,0-20cm
9.42,2.343727036325221,20-50cm
10.61,2.4518667957098,0-20cm
27.0,3.332204510175204,0-20cm
23.4,3.1945831322991562,0-20cm
18.8,2.9856819377004897,20-50cm
6.9,2.066862759472976,0-20cm
2.2,1.1631508098056809,0-20cm
3.1,1.410986973710262,20-50cm
26.3,3.3068867021909143,0-20cm
15.4,2.797281334830153,0-20cm
5.8,1.916922612182061,20-50cm
7.4,2.128231705849268,0-20cm
7.8,2.174751721484161,0-20cm
7.0,2.0794415416798357,20-50cm
28.9,3.3978584803966405,0-20cm
26.2,3.3032169733019514,0-20cm
14.6,2.747270914255491,20-50cm
0.7,0.5306282510621704,0-20cm
0.6,0.4700036292457355,0-20cm
3.19,1.4327007339340463,0-20cm
2.71,1.3110318766193438,20-50cm
7.06,2.086913556518537,0-20cm
24.6,3.242592351485517,0-20cm
7.2,2.1041341542702074,20-50cm
41.1,3.7400477406883357,0-20cm
12.1,2.5726122302071057,0-20cm
3.1,1.410986973710262,0-20cm
1.4,0.8754687373538999,20-50cm
4.4,1.6863989535702288,0-20cm
4.6,1.7227665977411035,0-20cm
1.7,0.9932517730102833,20-50cm
1.9,1.0647107369924282,0-20cm
1.7,0.9932517730102833,0-20cm
0.8,0.5877866649021191,0-20cm
1.0,0.6931471805599453,0-20cm
1.82,1.0367368849500223,0-20cm
8.8,2.2823823856765264,0-20cm
3.6,1.5260563034950494,20-50cm
8.4,2.2407096892759584,0-20cm
50.1,3.933784497209659,0-20cm
37.1,3.6402142821326553,0-20cm
32.9,3.5234150143864045,0-20cm
26.6,3.3178157727231046,0-20cm
27.6,3.353406717825807,0-20cm
26.7,3.3214324131932926,0-20cm
10.2,2.4159137783010487,0-20cm
7.3,2.1162555148025524,20-50cm
2.6,1.2809338454620642,20-50cm
2.7,1.308332819650179,0-20cm
3.5,1.5040773967762742,0-20cm
2.5,1.252762968495368,0-20cm
1.9,1.0647107369924282,0-20cm
18.6,2.975529566236472,0-20cm
25.4,3.2733640101522705,0-20cm
2.07,1.1216775615991057,0-20cm
5.41,1.8578592709325787,0-20cm
26.12,3.3002714630721948,0-20cm
1.2,0.7884573603642702,0-20cm
1.1,0.7419373447293773,20-50cm
1.5,0.9162907318741551,0-20cm
1.0,0.6931471805599453,20-50cm
1.3,0.832909122935104,0-20cm
1.2,0.7884573603642702,0-20cm
1.2,0.7884573603642702,0-20cm
24.96,3.2565568918358894,0-20cm
12.8,2.624668592163159,0-20cm
7.5,2.1400661634962708,0-20cm
8.0,2.1972245773362196,0-20cm
6.6,2.028148247292285,0-20cm
3.5,1.5040773967762742,0-20cm
3.4,1.4816045409242156,0-20cm
1.08,0.7323678937132266,0-20cm
0.65,0.5007752879124893,0-20cm
0.4,0.33647223662121295,20-50cm
0.8,0.5877866649021191,0-20cm
0.6,0.4700036292457355,0-20cm
2.4,1.2237754316221157,20-50cm
0.9,0.6418538861723948,0-20cm
1.2,0.7884573603642702,0-20cm
2.1,1.1314021114911006,0-20cm
3.2,1.4350845252893227,0-20cm
1.0,0.6931471805599453,20-50cm
1.4,0.8754687373538999,0-20cm
2.2,1.1631508098056809,0-20cm
2.4,1.2237754316221157,20-50cm
8.7,2.272125885509337,0-20cm
6.9,2.066862759472976,0-20cm
14.8,2.760009940032921,0-20cm
13.3,2.6602595372658615,0-20cm
9.4,2.341805806147327,20-50cm
1.1,0.7419373447293773,20-50cm
2.1,1.1314021114911006,0-20cm
1.3,0.832909122935104,0-20cm
1.5,0.9162907318741551,20-50cm
1.6,0.9555114450274363,0-20cm
1.9,1.0647107369924282,0-20cm
0.9,0.6418538861723948,20-50cm
1.5,0.9162907318741551,20-50cm
1.4,0.8754687373538999,0-20cm
4.2,1.6486586255873816,0-20cm
6.12,1.9629077254238845,20-50cm
6.81,2.0554049638515948,20-50cm
7.47,2.136530508663963,20-50cm
9.51,2.3523271848888596,20-50cm
11.55,2.529720665577793,0-20cm
14.02,2.7093826463359885,0-20cm
17.51,2.9183111265854063,0-20cm
21.31,3.105035008444441,0-20cm
6.9,2.066862759472976,20-50cm
8.2,2.2192034840549946,0-20cm
3.3,1.4586150226995167,0-20cm
2.7,1.308332819650179,20-50cm
15.4,2.797281334830153,0-20cm
30.0,3.4339872044851463,0-20cm
9.7,2.3702437414678603,20-50cm
26.2,3.3032169733019514,0-20cm
17.5,2.917770732084279,20-50cm
45.9,3.8480176754522337,0-20cm
93.4,4.547541073151455,20-50cm
115.4,4.757032535297338,20-50cm
115.9,4.761318868478023,0-20cm
118.1,4.779963476361254,0-20cm
4.2,1.6486586255873816,0-20cm
3.9,1.589235205116581,20-50cm
11.7,2.5416019934645457,0-20cm
9.8,2.379546134130174,0-20cm
10.92,2.4782176616372036,0-20cm
22.18,3.1432898379116057,0-20cm
3.4,1.4816045409242156,20-50cm
5.0,1.791759469228055,0-20cm
7.1,2.0918640616783932,0-20cm
7.4,2.128231705849268,0-20cm
7.5,2.1400661634962708,0-20cm
20.35,3.0610517396746335,0-20cm
13.73,2.689886230474539,0-20cm
14.47,2.738902664584975,20-50cm
19.2,3.005682604407159,0-20cm
13.5,2.6741486494265287,0-20cm
7.8,2.174751721484161,20-50cm
2.2,1.1631508098056809,0-20cm
1.1,0.7419373447293773,0-20cm
0.9,0.6418538861723948,20-50cm
6.1,1.9600947840472698,0-20cm
7.4,2.128231705849268,20-50cm
8.4,2.2407096892759584,0-20cm
8.63,2.2648832258100344,0-20cm
7.34,2.1210632163706555,20-50cm
3.8,1.5686159179138452,0-20cm
15.2,2.785011242238338,0-20cm
10.4,2.4336133554004498,0-20cm
2.0,1.0986122886681098,0-20cm
1.9,1.0647107369924282,0-20cm
4.8,1.7578579175523736,0-20cm
4.7,1.7404661748405046,0-20cm
37.0,3.6375861597263857,20-50cm
56.8,4.056988775678332,0-20cm
65.0,4.189654742026425,0-20cm
1.0,0.6931471805599453,0-20cm
0.9,0.6418538861723948,0-20cm
0.9,0.6418538861723948,20-50cm
28.7,3.391147045808654,0-20cm
18.5,2.970414465569701,0-20cm
9.5,2.3513752571634776,20-50cm
5.8,1.916922612182061,0-20cm
4.9,1.7749523509116738,20-50cm
4.8,1.7578579175523736,20-50cm
5.5,1.8718021769015913,0-20cm
6.8,2.0541237336955462,0-20cm
1.2,0.7884573603642702,20-50cm
3.59,1.5238800240724537,0-20cm
2.09,1.128171090909654,0-20cm
28.7,3.391147045808654,0-20cm
14.9,2.766319109226186,0-20cm
8.3,2.2300144001592104,20-50cm
9.9,2.388762789235098,0-20cm
13.7,2.6878474937846906,0-20cm
1.0,0.6931471805599453,20-50cm
1.0,0.6931471805599453,0-20cm
1.4,0.8754687373538999,0-20cm
0.9,0.6418538861723948,0-20cm
2.5,1.252762968495368,0-20cm
7.2,2.1041341542702074,0-20cm
14.5,2.740840023925201,0-20cm
15.0,2.772588722239781,20-50cm
21.2,3.100092288878234,20-50cm
11.6,2.533696813957432,0-20cm
6.9,2.066862759472976,0-20cm
5.9,1.9315214116032138,20-50cm
3.8,1.5686159179138452,0-20cm
10.6,2.451005098112319,0-20cm
1.4,0.8754687373538999,0-20cm
1.8,1.0296194171811583,20-50cm
6.2,1.9740810260220096,0-20cm
4.1,1.62924053973028,0-20cm
1.1,0.7419373447293773,0-20cm
1.4,0.8754687373538999,0-20cm
0.9,0.6418538861723948,20-50cm
0.9,0.6418538861723948,20-50cm
0.9,0.6418538861723948,0-20cm
1.6,0.9555114450274363,0-20cm
9.4,2.341805806147327,0-20cm
2.0,1.0986122886681098,0-20cm
1.5,0.9162907318741551,20-50cm
70.8,4.273884476054178,0-20cm
70.4,4.268297869345539,0-20cm
33.4,3.5380565643793527,20-50cm
1.6,0.9555114450274363,0-20cm
2.2,1.1631508098056809,0-20cm
4.5,1.7047480922384253,0-20cm
4.7,1.7404661748405046,0-20cm
4.6,1.7227665977411035,0-20cm
7.8,2.174751721484161,0-20cm
70.86,4.274719781685373,0-20cm
35.55,3.5986811861957873,0-20cm
45.9,3.8480176754522337,0-20cm
23.0,3.1780538303479458,20-50cm
30.9,3.462606009790799,0-20cm
9.89,2.387844936944869,0-20cm
10.15,2.411439497906128,0-20cm
13.17,2.6511270537025893,0-20cm
13.96,2.7053799725463312,0-20cm
14.3,2.72785282839839,0-20cm
27.82392333,3.36120571350609,0-20cm
28.4827287,3.38380462409597,0-20cm
31.707808,3.4876138261589844,0-20cm
33.59616267,3.5437427704218805,0-20cm
23.33479368,3.191907164926074,0-20cm
24.55974105,3.241018498393852,0-20cm
11.52124571,2.527426858326228,0-20cm
11.65670286,2.538186945197533,0-20cm
14.732,2.755696854569563,0-20cm
12.6034,2.610319761497214,0-20cm
6.409,2.00269547743452,0-20cm
8.387,2.239325753354855,0-20cm
3.863,1.5816555314216487,0-20cm
5.105,1.809108107562668,0-20cm
4.429,1.6917549549233142,0-20cm
4.137,1.6364692514851307,0-20cm
5.359,1.8498711322852708,0-20cm
4.727,1.7451918334117202,0-20cm
3.717,1.5511730043021246,0-20cm
4.112,1.6315907170752337,0-20cm
4.783,1.7549225791760812,0-20cm
4.577,1.7186509974074167,0-20cm
4.663,1.733953787131668,0-20cm
4.693,1.7392373499689449,0-20cm
3.844,1.5777408256908458,0-20cm
7.412,2.129659257840453,0-20cm
4.198,1.6482739362192986,0-20cm
4.715,1.743094297246774,0-20cm
2.04,1.1118575154181303,0-20cm
3.854,1.5798031073044096,0-20cm
4.805,1.7587196151498548,0-20cm
5.747,1.9090979616452883,0-20cm
4.202,1.6490431670264598,0-20cm
3.881,1.5853501169050104,0-20cm
5.004,1.7924259137712155,0-20cm
4.677,1.7364229241885891,0-20cm
4.745,1.7483299113007191,0-20cm
9.034,2.305979326062061,0-20cm
6.046,1.952460079919046,0-20cm
18.542,2.9725659955221517,0-20cm
6.301,1.9880113250739486,0-20cm
24.582,3.2418889791772014,0-20cm
4.097,1.6286521313579048,0-20cm
8.889,2.291423028287854,0-20cm
5.473,1.8676396795633732,0-20cm
7.992,2.196335293151335,0-20cm
5.476,1.8681030358153887,0-20cm
3.713,1.5503246479415937,0-20cm
3.697,1.546924007044858,0-20cm
3.99,1.6074359097634274,0-20cm
5.049,1.7998929691247771,0-20cm
4.73,1.7457155307266483,0-20cm
4.066,1.6225515515794835,0-20cm
12.555,2.606755482950629,0-20cm
5.66,1.8961194845522977,0-20cm
9.371,2.3390134496075974,0-20cm
5.24,1.8309801823813363,0-20cm
12.808,2.625248134341072,0-20cm
6.725,2.044461822783809,0-20cm
5.645,1.8938646921652087,0-20cm
6.885,2.0649622204150018,0-20cm
6.495,2.014236131554561,0-20cm
7.027,2.08281085914944,0-20cm
4.976,1.787751447830516,0-20cm
4.729,1.7455409954264407,0-20cm
4.603,1.7233021685831473,0-20cm
5.125,1.8123787564307907,0-20cm
4.988,1.789757466557382,0-20cm
3.776,1.563603376090301,0-20cm
8.66,2.2679936482244267,0-20cm
4.814,1.7602688021366841,0-20cm
3.73,1.5539252025038417,0-20cm
3.537,1.512266000681827,0-20cm
4.227,1.6538374997307848,0-20cm
4.263,1.660701206371642,0-20cm
10.735,2.462575829302987,0-20cm
5.747,1.9090979616452883,0-20cm
2.237,1.1746469749441073,0-20cm
4.809,1.7594084390103955,0-20cm
4.644,1.7305930339905675,0-20cm
4.684,1.7376552102348541,0-20cm
5.675,1.8983692042863132,0-20cm
5.679,1.898968275743499,0-20cm
5.183,1.8218035905764316,0-20cm
8.874,2.2899050398366714,0-20cm
4.831,1.763188512240019,0-20cm
7.106,2.0926045282061168,0-20cm
4.884,1.772236802739191,0-20cm
5.317,1.8432444119165634,0-20cm
6.786,2.052327249188264,0-20cm
3.85,1.5789787049493917,0-20cm
8.61,2.262804222982201,0-20cm
7.798,2.174524422926528,0-20cm
4.096,1.6284559182698621,0-20cm
5.717,1.9046416262847274,0-20cm
4.376,1.6819446032208485,0-20cm
4.387,1.6839886436983966,0-20cm
3.103,1.4117184134600491,0-20cm
4.145,1.638025369286013,0-20cm
4.375,1.6817585740137264,0-20cm
3.392,1.4797847042072294,0-20cm
16.266,2.8487392498133306,0-20cm
6.298,1.987600338014256,0-20cm
8.015,2.198889856655281,0-20cm
4.694,1.7394129888558458,0-20cm
4.762,1.7512846366623367,0-20cm
7.288,2.114808685517127,0-20cm
4.995,1.7909257884794776,0-20cm
8.555,2.2570645776922365,0-20cm
8.669,2.2689248915014106,0-20cm
19.325,3.0118516554338743,0-20cm
34.794,3.5777802815952167,0-20cm
8.776,2.2799304024292395,0-20cm
3.844,1.5777408256908458,0-20cm
5.966,1.9410411719438094,0-20cm
7.312,2.1177002537969263,0-20cm
7.201,2.104256098054274,0-20cm
4.72,1.7439688053917064,0-20cm
5.514,1.8739537068540417,0-20cm
7.5,2.1400661634962708,0-20cm
6.498,2.01463631831372,0-20cm
20.556,3.0706542000712505,0-20cm
6.437,2.0064675417211633,0-20cm
7.095,2.091246587129598,0-20cm
19.244,3.0078584533518313,0-20cm
5.872,1.9274551846819543,0-20cm
8.167,2.2156100789796387,0-20cm
10.557,2.447291313993304,0-20cm
14.745,2.756522854552988,0-20cm
9.701,2.3703371950448644,0-20cm
10.882,2.4750246499335495,0-20cm
11.163,2.498398556636299,0-20cm
15.731,2.8172632860755265,0-20cm
22.924,3.1748821391823108,0-20cm
8.022,2.199666038986204,0-20cm
3.291,1.4565198060093876,0-20cm
5.884,1.929199878349293,0-20cm
6.61,2.0294631718735947,0-20cm
45.36,3.836437018471551,0-20cm
64.22,4.177766170361173,0-20cm
34.83,3.5787855313168624,0-20cm
28.52,3.385067999732272,0-20cm
6.225,1.9775472339984959,20-50cm
9.36667,2.3385958520604353,0-20cm
3.98,1.6054298910365616,20-50cm
3.14167,1.4210990881432326,50-100cm
3.43,1.4883995840570443,50-100cm
2.55833,1.26929133367799,20-50cm
2.22,1.169381359556317,50-100cm
3.875,1.5841201044498106,20-50cm
1.91667,1.0704425545579033,50-100cm
6.50833,2.016013070875028,0-20cm
9.015,2.3040839691177815,20-50cm
14.02,2.7093826463359885,0-20cm
11.275,2.507564673680584,20-50cm
7.115,2.0937142009665544,50-100cm
6.5,2.0149030205422647,50-100cm
7.50833,2.141045683609771,20-50cm
11.20833,2.502118505631542,0-20cm
6.05,1.9530276168241774,20-50cm
4.81667,1.7607279330460648,50-100cm
4.975,1.7875840978175743,50-100cm
8.45,2.2460147415056513,50-100cm
11.05,2.489064659936664,20-50cm
15.01,2.773213527008623,0-20cm
11.12,2.4948569806411682,20-50cm
9.49,2.3504224224082058,50-100cm
13.11,2.6468837658647226,0-20cm
10.91,2.477378383367209,20-50cm
9.98,2.3960754360813845,20-50cm
9.29,2.331172549845958,50-100cm
8.22,2.2213750375685026,50-100cm
7.33,2.1198634561787513,0-20cm
4.52,1.7083778602890038,20-50cm
2.98,1.3812818192963463,20-50cm
2.52,1.2584609896100056,50-100cm
2.26,1.1817271953786161,50-100cm
11.34,2.5128460184772416,0-20cm
8.6,2.2617630984737906,20-50cm
5.44,1.8625285401162623,20-50cm
4.43,1.691939133945844,50-100cm
4.14,1.6370530794670737,50-100cm
3.81,1.5706970841176697,20-50cm
4.07,1.623340817603092,50-100cm
3.96,1.601405740736836,0-20cm
6.57,2.0241930674493576,0-20cm
3.92,1.5933085305042167,20-50cm
3.17,1.4279160358107101,50-100cm
6.45,2.0082140323914683,0-20cm
5.99,1.944480556245719,20-50cm
12.08,2.5710843460290524,20-50cm
6.29,1.986503546020567,50-100cm
5.98,1.9430489167742813,50-100cm
5.0,1.791759469228055,0-20cm
0.53,0.4252677354043441,50-100cm
0.64,0.49469624183610705,20-50cm
0.87,0.6259384308664953,20-50cm
1.09,0.7371640659767197,0-20cm
0.76,0.5653138090500605,0-20cm
0.29,0.25464221837358075,50-100cm
1.33,0.8458682675776092,0-20cm
0.79,0.5822156198526637,0-20cm
0.78,0.5766133643039938,20-50cm
0.68,0.5187937934151676,20-50cm
0.74,0.5538851132264376,50-100cm
0.82,0.598836501088704,50-100cm
1.61182,0.9600472963290281,0-20cm
1.96098,1.085520294621803,0-20cm
2.12222,1.1385442872594551,0-20cm
3.33094,1.4657846085230433,0-20cm
4.7821,1.7547669384982112,0-20cm
14.65,2.750470916986162,0-20cm
15.61,2.8100049236252036,0-20cm
19.09,3.000222178826843,0-20cm
14.71,2.75429745226753,0-20cm
15.15,2.7819200496686656,0-20cm
18.0,2.9444389791664403,0-20cm
15.76,2.818995095053937,0-20cm
15.82,2.822568654544802,0-20cm
18.53,2.9719517448885875,0-20cm
15.09,2.7781979610042917,0-20cm
14.51,2.7414849771884473,0-20cm
17.26,2.9047128751668225,0-20cm
16.49,2.8616292890305104,0-20cm
8.35,2.2353763433005955,0-20cm
10.6,2.451005098112319,0-20cm
12.35,2.5915163848462583,0-20cm
8.99,2.301584592660462,0-20cm
9.54,2.355177543113216,0-20cm
12.15,2.5764217586237734,0-20cm
10.76,2.464703942470481,0-20cm
8.89,2.2915241456346207,0-20cm
11.89,2.556451816951096,0-20cm
10.55,2.446685436967803,0-20cm
11.72,2.543175557911976,0-20cm
10.58,2.449279472144849,0-20cm
9.43,2.344686269012681,0-20cm
26.09,3.2991646560970036,0-20cm
6.43,2.005525858729668,0-20cm
7.94,2.190535589185423,0-20cm
4.16,1.6409365794934714,0-20cm
5.02,1.7950872593207297,0-20cm
7.68,2.1610215286722587,0-20cm
6.48,2.012232791986386,0-20cm
5.43,1.860974538249528,0-20cm
7.5,2.1400661634962708,0-20cm
5.29,1.8389610707123492,0-20cm
6.14,1.965712776351493,0-20cm
7.47,2.136530508663963,0-20cm
6.19,1.9726911717329554,0-20cm
5.73,1.9065751436566365,0-20cm
26.78,3.3243163373261977,0-20cm
28.77,3.393501175027685,0-20cm
44.18,3.810654511039857,0-20cm
22.62,3.1620938107692163,0-20cm
33.14,3.5304697173662944,0-20cm
2.5114,1.2560148183529711,0-20cm
6.583,2.0259088997187984,0-20cm
8.8218,2.2846044049580962,0-20cm
7.0528,2.0860198570399584,0-20cm
3.3756,1.4760436532634986,0-20cm
8.5318,2.254633577060853,0-20cm
3.886,1.5863739728355488,0-20cm
2.0706,1.1218729822426616,0-20cm
22.3242,3.1494914481816605,0-20cm
19.024,2.996931554129473,0-20cm
23.6988,3.206754659457788,0-20cm
22.0516,3.137735181350298,0-20cm
8.2012,2.2193339103317267,0-20cm
12.4758,2.600895484235006,0-20cm
14.268,2.7257591348829835,0-20cm
2.3548,1.2103921561281195,0-20cm
5.7884,1.9152152731549732,0-20cm
8.5318,2.254633577060853,0-20cm
14.3202,2.729172219057519,0-20cm
10.7126,2.460665185414966,0-20cm
7.5864,2.1501795561851775,0-20cm
6.2756,1.9845262838835482,0-20cm
3.19,1.4327007339340463,0-20cm
2.3374,1.2051920607306654,0-20cm
16.0486,2.8360680889212473,0-20cm
19.0994,3.000689963873219,0-20cm
20.49913333,3.06801262408858,0-20cm
39.49413333,3.70115710757046,0-20cm
3.099133333,1.410775569170775,0-20cm
33.698,3.5466820484041364,0-20cm
11.1998,2.501419558162214,0-20cm
24.79886667,3.25033056344335,0-20cm
27.0976,3.335684163439453,0-20cm
23.548,3.2006303845268507,0-20cm
1.6994,0.9930295260930445,0-20cm
4.000066667,1.6094512457452113,0-20cm
1.8502,1.0473891672569748,0-20cm
3.000533333,1.386427685481803,0-20cm
12.59953333,2.6100354781826804,0-20cm
36.6966,3.6295699047106,0-20cm
2.2504,1.17877806569138,0-20cm
2.9,1.3609765531356006,0-20cm
11.1998,2.501419558162214,0-20cm
8.3984,2.240539462022164,0-20cm
10.29886667,2.4247024259981806,0-20cm
12.14906667,2.5763507804394825,0-20cm
16.89926667,2.884759743851067,0-20cm
7.549666667,2.145892295872893,0-20cm
32.19773333,3.5024816003989514,0-20cm
30.49833333,3.4499346342730655,0-20cm
19.198,3.005583589604365,0-20cm
22.14826667,3.1419199038629646,0-20cm
6.2988,1.9877099510802432,0-20cm
4.649666667,1.7315965464268082,0-20cm
0.599333333,0.469586875540973,0-20cm
1.45,0.8960880245566356,0-20cm
10.59853333,2.4508786530495135,0-20cm
3.799,1.5684075628761085,0-20cm
11.6986,2.5414917511676145,0-20cm
11.14953333,2.497290759995413,0-20cm
3.799,1.5684075628761085,0-20cm
5.850266667,1.924287581005452,0-20cm
11.6986,2.5414917511676145,0-20cm
11.99826667,2.564816015494969,0-20cm
36.89766667,3.634889544757795,0-20cm
27.99853333,3.367245253879938,0-20cm
6.799533333,2.0540639028031498,0-20cm
7.549666667,2.145892295872893,0-20cm
14.39946667,2.7343328770017066,0-20cm
11.09926667,2.4931448449809666,0-20cm
4.1992,1.648504767598002,0-20cm
3.000533333,1.386427685481803,0-20cm
24.5978,3.242506410292678,0-20cm
19.39906667,3.0154891483329522,0-20cm
10.92,2.4782176616372036,0-20cm
9.2,2.322387720290225,0-20cm
14.42,2.7356653681351832,0-20cm
4.81,1.7595805708638197,0-20cm
9.58,2.3589654264301534,0-20cm
12.92,2.6333266549062735,0-20cm
3.83,1.5748464676644813,0-20cm
13.33,2.6623552418400807,0-20cm
11.67,2.5392369943330477,0-20cm
6.89,2.065596134857783,0-20cm
36.78,3.6317798620733637,0-20cm
5.83,1.9213246735826988,0-20cm
13.0094,2.6397285328793703,0-20cm
7.0934,2.091048914721552,20-50cm
5.626,1.8910013038777043,0-20cm
3.0972,1.4103038135802424,20-50cm
11.9886,2.5640720496626415,0-20cm
4.0542,1.6202195807987771,20-50cm
6.0784,1.9570478934657694,20-50cm
10.6836,2.45818614908839,0-20cm
9.7904,2.37865684994529,0-20cm
1.8386,1.0433109728830203,20-50cm
16.6286,2.8695225831602036,20-50cm
14.2854,2.7268981244475543,0-20cm
1.537,0.9309822806171448,20-50cm
4.9358,1.7810018125750948,0-20cm
1.537,0.9309822806171448,20-50cm
4.9358,1.7810018125750948,0-20cm
7.0934,2.091048914721552,20-50cm
13.0094,2.6397285328793703,0-20cm
11.9886,2.5640720496626415,0-20cm
4.0542,1.6202195807987771,20-50cm
6.0784,1.9570478934657694,20-50cm
10.6836,2.45818614908839,0-20cm
10.68,2.457877977400081,0-20cm
8.51,2.252343876557299,0-20cm
8.17,2.2159372862683733,0-20cm
9.83,2.382320061012899,0-20cm
32.59,3.5142284036242013,50-100cm
18.84,2.987700101856727,50-100cm
21.7,3.122364924487357,20-50cm
21.68,3.121483478859551,20-50cm
17.7,2.928523523860541,0-20cm
20.08,3.0483247236731614,20-50cm
5.46,1.8656293177945105,50-100cm
11.81,2.550226115908643,20-50cm
11.38,2.5160822672564502,0-20cm
9.28,2.330200260027019,0-20cm
8.76,2.278292400425001,20-50cm
10.15,2.411439497906128,20-50cm
3.42,1.4861396960896067,50-100cm
3.62,1.5303947050936475,>100cm
17.05,2.89314568477889,50-100cm
2.73,1.3164082336557241,>100cm
2.29,1.1908875647772805,>100cm
3.68,1.5432981099295553,>100cm
1.21,0.7929925155296614,>100cm
1.16,0.7701082216960736,>100cm
1.42,0.883767540168595,>100cm
1.19,0.7839015438284094,>100cm
1.33,0.8458682675776092,>100cm
1.31,0.8372475245337022,50-100cm
1.61,0.9593502213346021,50-100cm
2.43,1.2325602611778486,20-50cm
3.31,1.4609379041156565,20-50cm
19.3,3.0106208860477417,0-20cm
1.15,0.7654678421395714,>100cm
0.62,0.4824261492442927,>100cm
1.97,1.0885619528146082,50-100cm
2.87,1.3532545070416904,50-100cm
2.4,1.2237754316221157,20-50cm
0.66,0.5068176023684519,>100cm
9.34,2.336019869080283,0-20cm
4.65,1.7316555451583497,20-50cm
1.0,0.6931471805599453,>100cm
0.8,0.5877866649021191,>100cm
8.33,2.2332350148592526,>100cm
8.66,2.2679936482244267,>100cm
13.13,2.6483001966964363,>100cm
12.54,2.605648267484129,>100cm
7.57,2.1482677326096886,50-100cm
10.04,2.401525040848949,50-100cm
8.27,2.2267833795777636,20-50cm
55.71,4.037950562025936,20-50cm
46.68,3.8645120227570944,0-20cm
15.15,2.7819200496686656,>100cm
6.12,1.9629077254238845,>100cm
4.29,1.665818245870208,>100cm
18.07,2.9481164196123277,0-20cm
21.0,3.091042453358316,20-50cm
17.18,2.900322088749333,20-50cm
15.15,2.7819200496686656,50-100cm
16.88,2.883682769745368,50-100cm
8.47,2.248128907197987,>100cm
15.14,2.7813006628418027,0-20cm
10.28,2.423031246069913,20-50cm
17.31,2.907447358686419,20-50cm
28.13,3.3717685709713434,50-100cm
6.51,2.0162354657760435,>100cm
14.0,2.70805020110221,50-100cm
6.8,2.0541237336955462,0-20cm
4.71,1.742219023667919,20-50cm
6.5,2.0149030205422647,0-20cm
3.71,1.5496879080283263,20-50cm
6.8,2.0541237336955462,0-20cm
3.77,1.56234630490025,20-50cm
5.44,1.8625285401162623,20-50cm
8.02,2.199444334074532,0-20cm
16.5,2.8622008809294686,0-20cm
17.4,2.91235066461494,20-50cm
17.8,2.9338568698359038,20-50cm
20.7,3.077312260546414,0-20cm
51.4,3.9589065913269965,0-20cm
38.0,3.6635616461296463,20-50cm
39.3,3.696351468952637,20-50cm
38.9,3.686376323895818,0-20cm
32.8,3.520460802488973,0-20cm
23.9,3.214867803470662,20-50cm
0.827466667,0.6029306728037691,0-20cm
1.770666667,1.0190879652491245,0-20cm
6.701733333,2.0414454117084113,0-20cm
5.462966667,1.866088448755467,0-20cm
1.994266667,1.0966993491654635,0-20cm
101.5,4.629862798578463,0-20cm
141.3,4.957937505095806,0-20cm
160.3,5.083265985131163,0-20cm
94.6,4.560172820057356,0-20cm
117.8,4.777441406928545,0-20cm
113.8,4.743191483885466,0-20cm
178.0,5.187385805840755,0-20cm
147.3,4.999237249143887,0-20cm
147.5,5.000584958242754,0-20cm
123.7,4.825910852685991,0-20cm
83.8,4.440295542797857,0-20cm
118.9,4.786658062033468,0-20cm
17.9,2.9391619220655967,0-20cm
15.1,2.7788192719904172,20-50cm
12.1,2.5726122302071057,20-50cm
23.5,3.1986731175506815,0-20cm
17.4,2.91235066461494,20-50cm
43.4,3.7932394694381792,0-20cm
27.1,3.3357695763397,0-20cm
19.0,2.995732273553991,20-50cm
22.2,3.1441522786722644,20-50cm
19.1,3.0007198150650303,20-50cm
12.5,2.6026896854443837,0-20cm
5.2,1.824549292051046,20-50cm
8.6,2.2617630984737906,20-50cm
11.1,2.4932054526026954,20-50cm
13.4,2.667228206581955,0-20cm
15.6,2.8094026953624973,20-50cm
15.8,2.8213788864092133,20-50cm
15.8,2.8213788864092133,0-20cm
20.1,3.0492730404820207,0-20cm
13.4,2.667228206581955,20-50cm
1.808,1.0324724861635648,0-20cm
1.621,0.9635559243412692,0-20cm
1.637,0.9696419073711496,0-20cm
1.619,0.9627925655255748,20-50cm
1.825,1.0385083645984043,0-20cm
1.607,0.9582001349513647,0-20cm
1.21,0.7929925155296614,20-50cm
1.338,0.8492958630498767,0-20cm
33.48,3.5403794457954922,0-20cm
26.43,3.311637304949512,0-20cm
31.94,3.4946877247494945,0-20cm
28.48,3.383712067321136,0-20cm
17.16,2.8992213731731473,0-20cm
1.672,0.9828272556743992,20-50cm
1.706,0.9954715297485963,0-20cm
1.514,0.9218751101680557,0-20cm
1.669,0.981703870422387,0-20cm
1.68,0.9858167945227653,0-20cm
2.751,1.3220224710997504,0-20cm
1.943,1.0794294692513358,0-20cm
1.611,0.9597332897169918,20-50cm
1.93,1.0750024230289759,0-20cm
1.255,0.8131499729546416,0-20cm
1.172,0.775648402071689,20-50cm
1.536,0.9305880365749795,0-20cm
2.303,1.1948311464086525,0-20cm
1.859,1.0504719133401748,0-20cm
1.826,1.0388622842623356,20-50cm
3.724,1.552655898335116,0-20cm
1.636,0.9692626166402607,0-20cm
1.392,0.8721298360883852,0-20cm
1.374,0.8645762961874763,0-20cm
1.257,0.8140364978353986,20-50cm
3.9,1.589235205116581,>100cm
11.2,2.501435951739211,0-20cm
7.2,2.1041341542702074,20-50cm
5.6,1.8870696490323797,20-50cm
5.7,1.9021075263969205,50-100cm
5.1,1.8082887711792655,>100cm
8.2,2.2192034840549946,20-50cm
7.2,2.1041341542702074,20-50cm
4.4,1.6863989535702288,50-100cm
9.5,2.3513752571634776,0-20cm
6.7,2.0412203288596382,0-20cm
5.6,1.8870696490323797,20-50cm
3.2,1.4350845252893227,20-50cm
2.7,1.308332819650179,50-100cm
2.5,1.252762968495368,>100cm
7.7,2.1633230256605382,0-20cm
5.9,1.9315214116032138,20-50cm
5.5,1.8718021769015913,20-50cm
5.4,1.8562979903656263,50-100cm
4.4,1.6863989535702288,>100cm
2.8,1.33500106673234,>100cm
2.6,1.2809338454620642,50-100cm
3.3,1.4586150226995167,20-50cm
2.7,1.308332819650179,20-50cm
5.7,1.9021075263969205,0-20cm
3.2,1.4350845252893227,20-50cm
2.4,1.2237754316221157,20-50cm
2.0,1.0986122886681098,50-100cm
5.7,1.9021075263969205,0-20cm
2.7,1.308332819650179,>100cm
3.3,1.4586150226995167,0-20cm
2.0,1.0986122886681098,20-50cm
2.0,1.0986122886681098,20-50cm
2.0,1.0986122886681098,50-100cm
1.9,1.0647107369924282,>100cm
9.2,2.322387720290225,0-20cm
5.1,1.8082887711792655,20-50cm
3.1,1.410986973710262,20-50cm
2.8,1.33500106673234,50-100cm
3.4,1.4816045409242156,20-50cm
2.6,1.2809338454620642,>100cm
8.4,2.2407096892759584,0-20cm
2.6,1.2809338454620642,>100cm
2.6,1.2809338454620642,50-100cm
4.4,1.6863989535702288,20-50cm
4.0,1.6094379124341003,0-20cm
2.9,1.3609765531356006,20-50cm
2.4,1.2237754316221157,20-50cm
2.0,1.0986122886681098,>100cm
2.0,1.0986122886681098,50-100cm
3.5,1.5040773967762742,0-20cm
3.3,1.4586150226995167,20-50cm
2.3,1.1939224684724346,20-50cm
2.4,1.2237754316221157,50-100cm
2.4,1.2237754316221157,>100cm
1.4,0.8754687373538999,0-20cm
1.6,0.9555114450274363,20-50cm
1.3,0.832909122935104,20-50cm
1.7,0.9932517730102833,50-100cm
2.0,1.0986122886681098,>100cm
1.7,0.9932517730102833,0-20cm
2.2,1.1631508098056809,20-50cm
1.6,0.9555114450274363,20-50cm
1.3,0.832909122935104,50-100cm
1.2,0.7884573603642702,>100cm
3.8,1.5686159179138452,>100cm
3.5,1.5040773967762742,50-100cm
4.9,1.7749523509116738,20-50cm
10.7,2.4595888418037104,20-50cm
16.2,2.8449093838194073,0-20cm
1.6,0.9555114450274363,>100cm
1.7,0.9932517730102833,50-100cm
1.5,0.9162907318741551,20-50cm
1.9,1.0647107369924282,20-50cm
3.4,1.4816045409242156,0-20cm
7.2,2.1041341542702074,0-20cm
9.9,2.388762789235098,0-20cm
21.3,3.104586678466073,0-20cm
3.9,1.589235205116581,0-20cm
43.2,3.7887247890836524,0-20cm
54.1,4.009149716158869,0-20cm
11.3,2.509599262378372,0-20cm
22.7,3.1654750481410856,0-20cm
43.0,3.784189633918261,0-20cm
12.5,2.6026896854443837,0-20cm
8.91,2.2935443483418965,20-50cm
11.97,2.5626389983283526,0-20cm
7.99,2.196112848483529,0-20cm
4.46,1.6974487897568136,0-20cm
2.39,1.220829921392359,20-50cm
13.03,2.6411978941143697,20-50cm
9.98,2.3960754360813845,0-20cm
14.5,2.740840023925201,0-20cm
12.37,2.5930133911138515,0-20cm
7.71,2.1644717908644115,0-20cm
6.92,2.0693912058263346,20-50cm
8.51,2.252343876557299,0-20cm
5.72,1.9050881545350582,0-20cm
3.99,1.6074359097634274,20-50cm
4.92,1.7783364488959144,0-20cm
4.26,1.6601310267496185,20-50cm
7.57,2.1482677326096886,0-20cm
1.73,1.0043016091968684,20-50cm
3.72,1.551808799597464,0-20cm
2.39,1.220829921392359,0-20cm
33.96,3.5542045507873348,0-20cm
23.13,3.1834558796369405,0-20cm
13.87,2.6993457604720636,20-50cm
24.2,3.2268439945173775,0-20cm
33.83,3.5504790843779097,0-20cm
14.62,2.7485521444115397,20-50cm
31.25,3.4735180432417816,0-20cm
13.92,2.702702594775615,20-50cm
22.81,3.170105660498771,0-20cm
9.0,2.302585092994046,20-50cm
10.96,2.481567748522486,0-20cm
14.19,2.7206373166076814,0-20cm
13.26,2.65745841498615,20-50cm
16.17,2.843163674909384,0-20cm
17.9,2.9391619220655967,0-20cm
6.67,2.0373166153791646,20-50cm
10.24,2.419478844465545,0-20cm
13.43,2.6693093727857793,0-20cm
6.07,1.9558604799084813,20-50cm
11.53,2.528125768907977,0-20cm
16.08,2.837908188360424,0-20cm
14.09,2.7140322727797574,20-50cm
18.91,2.991222118076105,0-20cm
20.01,3.044998514856909,0-20cm
6.34,1.9933388426264242,20-50cm
12.81,2.6253929674212007,0-20cm
14.64,2.7498317351171653,0-20cm
12.29,2.587011872725154,20-50cm
18.33,2.9616582932202395,0-20cm
20.08,3.0483247236731614,0-20cm
9.79,2.378619779270043,0-20cm
18.64,2.97756830292632,0-20cm
5.7,1.9021075263969205,20-50cm
25.57,3.279782759771722,0-20cm
26.76,3.3235961356386037,0-20cm
15.16,2.7825390530929495,20-50cm
28.36,3.3796332037463146,0-20cm
22.24,3.1458749319837103,0-20cm
12.27,2.5855058483441162,20-50cm
34.98,3.582963228522387,0-20cm
15.56,2.8069901489571136,20-50cm
29.99,3.433664571799657,0-20cm
29.63,3.421979920844684,0-20cm
23.77,3.209633243501268,0-20cm
12.9,2.631888840136646,20-50cm
26.14,3.301008654406723,0-20cm
23.06,3.180550710546533,0-20cm
12.08,2.5710843460290524,20-50cm
63.09,4.160288345516135,20-50cm
73.4,4.309455941839047,20-50cm
73.14,4.305955197722586,0-20cm
81.81,4.416548827045609,0-20cm
60.93,4.1260047149499695,20-50cm
60.01,4.111037785163761,50-100cm
93.96,4.553455750301413,0-20cm
85.29,4.4577137165202165,0-20cm
6.44,2.0068708488450007,0-20cm
5.49,1.8702625307159986,0-20cm
22.75,3.1675825304806504,0-20cm
56.44,4.050740924739968,20-50cm
67.31,4.224056168743758,20-50cm
74.26,4.3209487851652915,20-50cm
7.63,2.1552445050953364,0-20cm
9.39,2.340843805111136,0-20cm
29.17,3.40684805317097,50-100cm
35.8,3.6054978451748854,50-100cm
46.99,3.8709926558701544,50-100cm
15.801,2.8214384084472655,20-50cm
14.12,2.716018370751387,0-20cm
25.935,3.293426556132497,0-20cm
6.984,2.0774395390091627,20-50cm
10.441,2.4372033947188068,20-50cm
24.627,3.2436464831934124,0-20cm
41.093,3.7398814560799685,0-20cm
4.673,1.7357180783444301,20-50cm
27.656,3.3553628453183557,20-50cm
22.802,3.169769610760248,0-20cm
21.966,3.1340148613539975,0-20cm
2.511,1.2559008971862953,20-50cm
2.846,1.347033647166588,50-100cm
4.51,1.706564623164823,50-100cm
3.811,1.5709049627173166,20-50cm
5.542,1.8782429291161922,0-20cm
5.344,1.8475094843325468,0-20cm
4.532,1.7105494138025117,20-50cm
9.034,2.305979326062061,0-20cm
11.719,2.5430969384693474,0-20cm
3.097,1.410254998564734,50-100cm
3.373,1.4754492724307835,20-50cm
7.099,2.091740597266853,50-100cm
7.474,2.1370026522043677,20-50cm
10.492,2.441651141117043,20-50cm
11.035,2.487819071235035,0-20cm
11.253,2.5057708049673093,0-20cm
7.746,2.168596452990729,50-100cm
11.439,2.5208366982278276,50-100cm
8.213,2.220615530126795,0-20cm
8.727,2.2749055238873033,0-20cm
9.831,2.3824123928536,20-50cm
10.23,2.418588768750352,20-50cm
10.803,2.468353736446932,0-20cm
29.004,3.40133070610739,0-20cm
17.963,2.9424897121582716,20-50cm
10.511,2.443303099932925,20-50cm
8.339,2.2341991801275807,50-100cm
6.523,2.0179649945780844,50-100cm
20.371,3.062034862808054,0-20cm
10.902,2.4767064532226604,20-50cm
6.857,2.0614048541936847,20-50cm
20.334,3.060302044203291,0-20cm
13.99845321,2.707947076451713,0-20cm
4.178267593,1.6444705588275674,0-20cm
5.032869298,1.7972227347120941,0-20cm
10.78886311,2.467155281570677,0-20cm
7.753286932,2.169429279202391,0-20cm
3.480278422,1.4996851922636585,0-20cm
5.427300853,1.860554676091753,0-20cm
8.712296984,2.273392812927042,0-20cm
7.849961328,2.180413089292777,0-20cm
7.849961328,2.180413089292777,0-20cm
7.898298532,2.1858600822818235,0-20cm
4.814385151,1.7603350453845883,0-20cm
13.30239752,2.660427181953964,0-20cm
3.944315545,1.5982385419455967,0-20cm
3.306264501,1.4600708232052213,0-20cm
11.36890951,2.5151860264957904,0-20cm
5.742459397,1.9084247540633008,0-20cm
13.45707657,2.671184022708489,0-20cm
11.94895592,2.561015160957038,0-20cm
8.584686775,2.2601666972990686,0-20cm
13.28306265,2.659074405204275,0-20cm
28.3062645,3.3778012986306423,0-20cm
15.54524362,2.8060986659554072,0-20cm
14.26914153,2.7258338982657584,0-20cm
13.84377417,2.697580529528326,0-20cm
3.19025522,1.4327616437735151,0-20cm
6.902552204,2.067185771096572,0-20cm
28.13225058,3.3718458278565033,0-20cm
5.110208817,1.8099609488679211,0-20cm
5.684454756,1.899784644923856,0-20cm
7.134570766,2.096122975419075,0-20cm
8.700696056,2.2721976412853455,0-20cm
6.380510441,1.9988428016677164,0-20cm
4.1453983,1.6381027812556155,0-20cm
8.294663573,2.2294404261127796,0-20cm
15.77726218,2.820024528013121,0-20cm
6.380510441,1.9988428016677164,0-20cm
3.248259861,1.4465094546204627,0-20cm
12.47099768,2.600539054494606,0-20cm
14.21113689,2.7220278496974344,0-20cm
6.960556845,2.0744989528115365,0-20cm
15.0812065,2.7776512920306557,0-20cm
15.83526682,2.8234759016112907,0-20cm
18.32946636,2.9616306860104005,0-20cm
36.31090487,3.6192856396862263,0-20cm
50.0,3.9318256327243257,0-20cm
7.308584687,2.1172892799217724,0-20cm
12.41299304,2.5962238670202438,0-20cm
12.23897912,2.5831654417958805,0-20cm
14.73317865,2.755771772307273,0-20cm
18.50348028,2.970592925542209,0-20cm
9.106728538,2.313201393921096,0-20cm
7.88863109,2.1847730545420854,0-20cm
17.57540603,2.9218384493151213,0-20cm
8.352668213,2.2356616729645467,0-20cm
6.438515081,2.00667124303799,0-20cm
20.70765661,3.0776650374838193,0-20cm
18.03944316,2.946512783137233,0-20cm
25.63805104,3.2823406838367672,0-20cm
29.35034803,3.4128079846555748,0-20cm
18.73549884,2.9824189857145336,0-20cm
21.34570766,3.1066342516087104,0-20cm
6.090487239,1.9587540601856084,0-20cm
4.292343387,1.666261132091644,0-20cm
5.568445476,1.882277195063256,0-20cm
4.118329466,1.6328281096398902,0-20cm
3.944315545,1.5982385419455967,0-20cm
5.742459397,1.9084247540633008,0-20cm
5.742459397,1.9084247540633008,0-20cm
12.6450116,2.6133740042881923,0-20cm
18.44547564,2.967614428095385,0-20cm
12.29698376,2.587537224545704,0-20cm
5.800464037,1.916990850589062,0-20cm
9.686774942,2.3690069902773168,0-20cm
5.727958237,1.906271715308932,0-20cm
12.85769528,2.6288406942204694,0-20cm
16.29930394,2.8506662660122157,0-20cm
19.33488012,3.0123376440873235,0-20cm
13.75676721,2.691701771470393,0-20cm
1.84648105,1.046083512088403,0-20cm
20.06960557,3.0478315076598608,0-20cm
15.54524362,2.8060986659554072,0-20cm
17.63341067,2.924956241931558,0-20cm
28.48027842,3.383721511645602,0-20cm
2.47873163,1.2466677532116097,0-20cm
11.42691415,2.5198646164552616,0-20cm
10.32482599,2.4269973061296404,0-20cm
9.686774942,2.3690069902773168,0-20cm
5.427300853,1.860554676091753,0-20cm
5.833333335,1.9218125977201552,0-20cm
6.488785771,2.0134066710362037,0-20cm
17.05336427,2.893332053560734,0-20cm
13.74709977,2.6910464376897374,0-20cm
12.0649652,2.5699342353639767,0-20cm
20.59164733,3.072306542218104,0-20cm
11.65893271,2.538363109054814,0-20cm
14.50116009,2.740914865640619,0-20cm
4.624903324,1.727203761098344,0-20cm
8.584686775,2.2601666972990686,0-20cm
27.9195669,3.3645184213831283,0-20cm
11.25290023,2.505762662438444,0-20cm
9.860788863,2.3851589511862823,0-20cm
13.86310905,2.6988822401512125,0-20cm
11.25290023,2.505762662438444,0-20cm
6.032482599,1.9505397870098125,0-20cm
15.13921114,2.7812517855630654,0-20cm
10.09280742,2.4062969181082163,0-20cm
14.67517401,2.7520781875737947,0-20cm
6.357308585,1.995694184477173,0-20cm
4.6616396,1.733713532244167,0-20cm
11.17556071,2.4994307221176366,0-20cm
22.96983759,3.1767962728705648,0-20cm
7.424593968,2.1311552813678727,0-20cm
16.00928074,2.8337591209752473,0-20cm
33.52668213,3.541732420193919,0-20cm
41.29930394,3.744770630597693,0-20cm
21.6937355,3.1220889172378645,0-20cm
19.08352668,2.99989991087623,0-20cm
24.18793503,3.226365111220279,0-20cm
12.70301624,2.6176159721053014,0-20cm
17.92343387,2.9404010413417017,0-20cm
17.51740139,2.9187109056582403,0-20cm
13.10904872,2.6468163447400914,0-20cm
13.05104408,2.642696704762546,0-20cm
9.512761021,2.352589854574646,0-20cm
12.76102088,2.6218400216135826,0-20cm
14.44315545,2.7371658922395445,0-20cm
23.66589327,3.2054214501255966,0-20cm
25.46403712,3.2757867215005145,0-20cm
30.27842227,3.4429284754664056,0-20cm
26.74013921,3.322880433259097,0-20cm
32.42459397,3.509291975419835,0-20cm
13.39907193,2.6671637551994536,0-20cm
27.08816705,3.3353483862281093,0-20cm
10.03480278,2.4010541673242503,0-20cm
10.63418407,2.4539476670928213,0-20cm
4.528228927,1.7098674978727382,0-20cm
14.79118329,2.7594517646617756,0-20cm
29.58236659,3.420423587630719,0-20cm
30.74,3.457577715098263,0-20cm
38.59,3.678576561118039,0-20cm
27.57,3.3523572162426816,0-20cm
87.08,4.478245492414424,0-20cm
13.24,2.65605490598383,0-20cm
22.14,3.1415627217655304,0-20cm
20.28,3.0577676644734435,0-20cm
20.16,3.052112606990099,0-20cm
28.4,3.380994674344636,0-20cm
21.13,3.0969341540629585,0-20cm
39.03,3.6896291730044823,0-20cm
18.55,2.972975286431375,0-20cm
28.45,3.3826939100975957,0-20cm
3.5,1.5040773967762742,50-100cm
4.38,1.682688374173693,50-100cm
4.55,1.713797927758343,20-50cm
4.6,1.7227665977411035,20-50cm
5.56,1.8809906029559975,20-50cm
8.01,2.1983350716202463,0-20cm
11.25,2.505525936990736,0-20cm
3.85,1.5789787049493917,50-100cm
4.12,1.6331544390514163,50-100cm
4.07,1.623340817603092,50-100cm
7.06,2.086913556518537,50-100cm
6.84,2.0592388343623163,20-50cm
6.84,2.0592388343623163,50-100cm
7.17,2.1004689088719113,20-50cm
6.18,1.9712993830601329,50-100cm
7.5,2.1400661634962708,20-50cm
6.62,2.030776369698555,50-100cm
12.57,2.6078614738467776,0-20cm
9.93,2.391511302188447,0-20cm
4.52,1.7083778602890038,50-100cm
10.33,2.427454075039915,0-20cm
7.7,2.1633230256605382,0-20cm
5.72,1.9050881545350582,20-50cm
3.08,1.4060969884160703,20-50cm
4.58,1.7191887763932197,20-50cm
2.03,1.1085626195212777,50-100cm
2.29,1.1908875647772805,50-100cm
1.74,1.007957920399979,50-100cm
2.98,1.3812818192963463,50-100cm
2.38,1.2178757094949273,50-100cm
4.39,1.6845453849209058,50-100cm
5.06,1.801709800081223,50-100cm
5.33,1.8453002361560848,50-100cm
5.64,1.8931119634883424,50-100cm
5.78,1.9139771019523042,50-100cm
5.78,1.9139771019523042,20-50cm
6.76,2.048982334195127,20-50cm
6.38,1.998773638612381,20-50cm
7.33,2.1198634561787513,0-20cm
10.81,2.468946630209271,0-20cm
2.58,1.275362800412609,50-100cm
2.93,1.3686394258811698,50-100cm
2.71,1.3110318766193438,50-100cm
2.54,1.264126727145683,50-100cm
3.11,1.4134230285081433,50-100cm
3.41,1.4838746894587547,20-50cm
4.68,1.7369512327330598,20-50cm
8.23,2.222459048514761,0-20cm
6.52,2.017566137961748,0-20cm
5.08,1.8050046959780757,20-50cm
10.9,2.4765384001174837,0-20cm
18.8,2.9856819377004897,0-20cm
18.1,2.9496883350525844,0-20cm
18.6,2.975529566236472,0-20cm
25.1,3.261935314328648,0-20cm
45.2,3.832979798087693,0-20cm
23.1,3.1822118404966093,0-20cm
22.4,3.152736022363656,0-20cm
29.5,3.417726683613366,0-20cm
11.0,2.4849066497880004,0-20cm
